Request ID,Host,Endpoint,Parameter,Value,Source
REQ-0001,in1.clevertap-prod.com,/a1?os=Android&t=70701&z=R5K-RKZ-896Z&ts=1787569797,g,__0856d2d8ec9b4efda8dbf443a0129fc4,JSON_Payload
REQ-0001,in1.clevertap-prod.com,/a1?os=Android&t=70701&z=R5K-RKZ-896Z&ts=1787569797,type,meta,JSON_Payload
REQ-0001,in1.clevertap-prod.com,/a1?os=Android&t=70701&z=R5K-RKZ-896Z&ts=1787569797,af_Build,1521160600,JSON_Payload
REQ-0001,in1.clevertap-prod.com,/a1?os=Android&t=70701&z=R5K-RKZ-896Z&ts=1787569797,af_Version,16.06.00,JSON_Payload
REQ-0001,in1.clevertap-prod.com,/a1?os=Android&t=70701&z=R5K-RKZ-896Z&ts=1787569797,af_OS Version,16,JSON_Payload
REQ-0001,in1.clevertap-prod.com,/a1?os=Android&t=70701&z=R5K-RKZ-896Z&ts=1787569797,af_SDK Version,70701,JSON_Payload
REQ-0001,in1.clevertap-prod.com,/a1?os=Android&t=70701&z=R5K-RKZ-896Z&ts=1787569797,af_Make,Google,JSON_Payload
REQ-0001,in1.clevertap-prod.com,/a1?os=Android&t=70701&z=R5K-RKZ-896Z&ts=1787569797,af_Model,Pixel 6a,JSON_Payload
REQ-0001,in1.clevertap-prod.com,/a1?os=Android&t=70701&z=R5K-RKZ-896Z&ts=1787569797,af_Carrier,,JSON_Payload
REQ-0001,in1.clevertap-prod.com,/a1?os=Android&t=70701&z=R5K-RKZ-896Z&ts=1787569797,af_useIP,True,JSON_Payload
REQ-0001,in1.clevertap-prod.com,/a1?os=Android&t=70701&z=R5K-RKZ-896Z&ts=1787569797,af_OS,Android,JSON_Payload
REQ-0001,in1.clevertap-prod.com,/a1?os=Android&t=70701&z=R5K-RKZ-896Z&ts=1787569797,af_wdt,2.2,JSON_Payload
REQ-0001,in1.clevertap-prod.com,/a1?os=Android&t=70701&z=R5K-RKZ-896Z&ts=1787569797,af_hgt,5.12,JSON_Payload
REQ-0001,in1.clevertap-prod.com,/a1?os=Android&t=70701&z=R5K-RKZ-896Z&ts=1787569797,af_dpi,420,JSON_Payload
REQ-0001,in1.clevertap-prod.com,/a1?os=Android&t=70701&z=R5K-RKZ-896Z&ts=1787569797,af_dt,1,JSON_Payload
REQ-0001,in1.clevertap-prod.com,/a1?os=Android&t=70701&z=R5K-RKZ-896Z&ts=1787569797,af_locale,en_US,JSON_Payload
REQ-0001,in1.clevertap-prod.com,/a1?os=Android&t=70701&z=R5K-RKZ-896Z&ts=1787569797,af_abckt,working_set,JSON_Payload
REQ-0001,in1.clevertap-prod.com,/a1?os=Android&t=70701&z=R5K-RKZ-896Z&ts=1787569797,af_wifi,True,JSON_Payload
REQ-0001,in1.clevertap-prod.com,/a1?os=Android&t=70701&z=R5K-RKZ-896Z&ts=1787569797,af_BluetoothVersion,ble,JSON_Payload
REQ-0001,in1.clevertap-prod.com,/a1?os=Android&t=70701&z=R5K-RKZ-896Z&ts=1787569797,af_Radio,Unknown,JSON_Payload
REQ-0001,in1.clevertap-prod.com,/a1?os=Android&t=70701&z=R5K-RKZ-896Z&ts=1787569797,af_LIAMC,0,JSON_Payload
REQ-0001,in1.clevertap-prod.com,/a1?os=Android&t=70701&z=R5K-RKZ-896Z&ts=1787569797,id,R5K-RKZ-896Z,JSON_Payload
REQ-0001,in1.clevertap-prod.com,/a1?os=Android&t=70701&z=R5K-RKZ-896Z&ts=1787569797,tk,132-352,JSON_Payload
REQ-0001,in1.clevertap-prod.com,/a1?os=Android&t=70701&z=R5K-RKZ-896Z&ts=1787569797,l_ts,1787569745,JSON_Payload
REQ-0001,in1.clevertap-prod.com,/a1?os=Android&t=70701&z=R5K-RKZ-896Z&ts=1787569797,f_ts,1786488847,JSON_Payload
REQ-0001,in1.clevertap-prod.com,/a1?os=Android&t=70701&z=R5K-RKZ-896Z&ts=1787569797,ct_pi,"Email,Identity",JSON_Payload
REQ-0001,in1.clevertap-prod.com,/a1?os=Android&t=70701&z=R5K-RKZ-896Z&ts=1787569797,ddnd,False,JSON_Payload
REQ-0001,in1.clevertap-prod.com,/a1?os=Android&t=70701&z=R5K-RKZ-896Z&ts=1787569797,rtl,[],JSON_Payload
REQ-0001,in1.clevertap-prod.com,/a1?os=Android&t=70701&z=R5K-RKZ-896Z&ts=1787569797,rct,0,JSON_Payload
REQ-0001,in1.clevertap-prod.com,/a1?os=Android&t=70701&z=R5K-RKZ-896Z&ts=1787569797,ait,0,JSON_Payload
REQ-0001,in1.clevertap-prod.com,/a1?os=Android&t=70701&z=R5K-RKZ-896Z&ts=1787569797,frs,False,JSON_Payload
REQ-0001,in1.clevertap-prod.com,/a1?os=Android&t=70701&z=R5K-RKZ-896Z&ts=1787569797,arp_d_ts,1787502944,JSON_Payload
REQ-0001,in1.clevertap-prod.com,/a1?os=Android&t=70701&z=R5K-RKZ-896Z&ts=1787569797,arp_dh,-1674025388,JSON_Payload
REQ-0001,in1.clevertap-prod.com,/a1?os=Android&t=70701&z=R5K-RKZ-896Z&ts=1787569797,arp_hgt,5,JSON_Payload
REQ-0001,in1.clevertap-prod.com,/a1?os=Android&t=70701&z=R5K-RKZ-896Z&ts=1787569797,arp_av,16.06.00,JSON_Payload
REQ-0001,in1.clevertap-prod.com,/a1?os=Android&t=70701&z=R5K-RKZ-896Z&ts=1787569797,arp_v,2,JSON_Payload
REQ-0001,in1.clevertap-prod.com,/a1?os=Android&t=70701&z=R5K-RKZ-896Z&ts=1787569797,arp_wdt,2,JSON_Payload
REQ-0001,in1.clevertap-prod.com,/a1?os=Android&t=70701&z=R5K-RKZ-896Z&ts=1787569797,arp_j_n,Zw==,JSON_Payload
REQ-0001,in1.clevertap-prod.com,/a1?os=Android&t=70701&z=R5K-RKZ-896Z&ts=1787569797,arp_i_n,b2lnegACBwBk,JSON_Payload
REQ-0001,in1.clevertap-prod.com,/a1?os=Android&t=70701&z=R5K-RKZ-896Z&ts=1787569797,arp_r_ts,1787569744,JSON_Payload
REQ-0001,in1.clevertap-prod.com,/a1?os=Android&t=70701&z=R5K-RKZ-896Z&ts=1787569797,arp_id,R5K-RKZ-896Z,JSON_Payload
REQ-0001,in1.clevertap-prod.com,/a1?os=Android&t=70701&z=R5K-RKZ-896Z&ts=1787569797,arp_j_s,{},JSON_Payload
REQ-0001,in1.clevertap-prod.com,/a1?os=Android&t=70701&z=R5K-RKZ-896Z&ts=1787569797,imp,0,JSON_Payload
REQ-0001,in1.clevertap-prod.com,/a1?os=Android&t=70701&z=R5K-RKZ-896Z&ts=1787569797,tlc,[],JSON_Payload
REQ-0002,in1.clevertap-prod.com,/a1?os=Android&t=70701&z=R5K-RKZ-896Z&ts=1787569797,profile_ct_optout,False,JSON_Payload
REQ-0002,in1.clevertap-prod.com,/a1?os=Android&t=70701&z=R5K-RKZ-896Z&ts=1787569797,profile_ct_allow_sys_events_and_communication,True,JSON_Payload
REQ-0002,in1.clevertap-prod.com,/a1?os=Android&t=70701&z=R5K-RKZ-896Z&ts=1787569797,profile_tz,Asia/Kolkata,JSON_Payload
REQ-0002,in1.clevertap-prod.com,/a1?os=Android&t=70701&z=R5K-RKZ-896Z&ts=1787569797,s,1787564266,JSON_Payload
REQ-0002,in1.clevertap-prod.com,/a1?os=Android&t=70701&z=R5K-RKZ-896Z&ts=1787569797,pg,2,JSON_Payload
REQ-0002,in1.clevertap-prod.com,/a1?os=Android&t=70701&z=R5K-RKZ-896Z&ts=1787569797,type,profile,JSON_Payload
REQ-0002,in1.clevertap-prod.com,/a1?os=Android&t=70701&z=R5K-RKZ-896Z&ts=1787569797,ep,1787569796,JSON_Payload
REQ-0002,in1.clevertap-prod.com,/a1?os=Android&t=70701&z=R5K-RKZ-896Z&ts=1787569797,f,False,JSON_Payload
REQ-0002,in1.clevertap-prod.com,/a1?os=Android&t=70701&z=R5K-RKZ-896Z&ts=1787569797,lsl,-1012676,JSON_Payload
REQ-0002,in1.clevertap-prod.com,/a1?os=Android&t=70701&z=R5K-RKZ-896Z&ts=1787569797,dsync,True,JSON_Payload
REQ-0003,fundingchoicesmessages.google.com,/a/consent,top,0,JSON_Payload
REQ-0003,fundingchoicesmessages.google.com,/a/consent,left,480,JSON_Payload
REQ-0003,fundingchoicesmessages.google.com,/a/consent,right,625,JSON_Payload
REQ-0003,fundingchoicesmessages.google.com,/a/consent,bottom,132,JSON_Payload
REQ-0004,in1.clevertap-prod.com,/a1?os=Android&t=70701&z=R5K-RKZ-896Z&ts=1787569799,g,__0856d2d8ec9b4efda8dbf443a0129fc4,JSON_Payload
REQ-0004,in1.clevertap-prod.com,/a1?os=Android&t=70701&z=R5K-RKZ-896Z&ts=1787569799,type,meta,JSON_Payload
REQ-0004,in1.clevertap-prod.com,/a1?os=Android&t=70701&z=R5K-RKZ-896Z&ts=1787569799,af_Build,1521160600,JSON_Payload
REQ-0004,in1.clevertap-prod.com,/a1?os=Android&t=70701&z=R5K-RKZ-896Z&ts=1787569799,af_Version,16.06.00,JSON_Payload
REQ-0004,in1.clevertap-prod.com,/a1?os=Android&t=70701&z=R5K-RKZ-896Z&ts=1787569799,af_OS Version,16,JSON_Payload
REQ-0004,in1.clevertap-prod.com,/a1?os=Android&t=70701&z=R5K-RKZ-896Z&ts=1787569799,af_SDK Version,70701,JSON_Payload
REQ-0004,in1.clevertap-prod.com,/a1?os=Android&t=70701&z=R5K-RKZ-896Z&ts=1787569799,af_Make,Google,JSON_Payload
REQ-0004,in1.clevertap-prod.com,/a1?os=Android&t=70701&z=R5K-RKZ-896Z&ts=1787569799,af_Model,Pixel 6a,JSON_Payload
REQ-0004,in1.clevertap-prod.com,/a1?os=Android&t=70701&z=R5K-RKZ-896Z&ts=1787569799,af_Carrier,,JSON_Payload
REQ-0004,in1.clevertap-prod.com,/a1?os=Android&t=70701&z=R5K-RKZ-896Z&ts=1787569799,af_useIP,True,JSON_Payload
REQ-0004,in1.clevertap-prod.com,/a1?os=Android&t=70701&z=R5K-RKZ-896Z&ts=1787569799,af_OS,Android,JSON_Payload
REQ-0004,in1.clevertap-prod.com,/a1?os=Android&t=70701&z=R5K-RKZ-896Z&ts=1787569799,af_wdt,2.2,JSON_Payload
REQ-0004,in1.clevertap-prod.com,/a1?os=Android&t=70701&z=R5K-RKZ-896Z&ts=1787569799,af_hgt,5.12,JSON_Payload
REQ-0004,in1.clevertap-prod.com,/a1?os=Android&t=70701&z=R5K-RKZ-896Z&ts=1787569799,af_dpi,420,JSON_Payload
REQ-0004,in1.clevertap-prod.com,/a1?os=Android&t=70701&z=R5K-RKZ-896Z&ts=1787569799,af_dt,1,JSON_Payload
REQ-0004,in1.clevertap-prod.com,/a1?os=Android&t=70701&z=R5K-RKZ-896Z&ts=1787569799,af_locale,en_US,JSON_Payload
REQ-0004,in1.clevertap-prod.com,/a1?os=Android&t=70701&z=R5K-RKZ-896Z&ts=1787569799,af_abckt,working_set,JSON_Payload
REQ-0004,in1.clevertap-prod.com,/a1?os=Android&t=70701&z=R5K-RKZ-896Z&ts=1787569799,af_wifi,True,JSON_Payload
REQ-0004,in1.clevertap-prod.com,/a1?os=Android&t=70701&z=R5K-RKZ-896Z&ts=1787569799,af_BluetoothVersion,ble,JSON_Payload
REQ-0004,in1.clevertap-prod.com,/a1?os=Android&t=70701&z=R5K-RKZ-896Z&ts=1787569799,af_Radio,Unknown,JSON_Payload
REQ-0004,in1.clevertap-prod.com,/a1?os=Android&t=70701&z=R5K-RKZ-896Z&ts=1787569799,af_LIAMC,0,JSON_Payload
REQ-0004,in1.clevertap-prod.com,/a1?os=Android&t=70701&z=R5K-RKZ-896Z&ts=1787569799,id,R5K-RKZ-896Z,JSON_Payload
REQ-0004,in1.clevertap-prod.com,/a1?os=Android&t=70701&z=R5K-RKZ-896Z&ts=1787569799,tk,132-352,JSON_Payload
REQ-0004,in1.clevertap-prod.com,/a1?os=Android&t=70701&z=R5K-RKZ-896Z&ts=1787569799,l_ts,1787569797,JSON_Payload
REQ-0004,in1.clevertap-prod.com,/a1?os=Android&t=70701&z=R5K-RKZ-896Z&ts=1787569799,f_ts,1786488847,JSON_Payload
REQ-0004,in1.clevertap-prod.com,/a1?os=Android&t=70701&z=R5K-RKZ-896Z&ts=1787569799,ct_pi,"Email,Identity",JSON_Payload
REQ-0004,in1.clevertap-prod.com,/a1?os=Android&t=70701&z=R5K-RKZ-896Z&ts=1787569799,ddnd,False,JSON_Payload
REQ-0004,in1.clevertap-prod.com,/a1?os=Android&t=70701&z=R5K-RKZ-896Z&ts=1787569799,rtl,[],JSON_Payload
REQ-0004,in1.clevertap-prod.com,/a1?os=Android&t=70701&z=R5K-RKZ-896Z&ts=1787569799,rct,0,JSON_Payload
REQ-0004,in1.clevertap-prod.com,/a1?os=Android&t=70701&z=R5K-RKZ-896Z&ts=1787569799,ait,0,JSON_Payload
REQ-0004,in1.clevertap-prod.com,/a1?os=Android&t=70701&z=R5K-RKZ-896Z&ts=1787569799,frs,False,JSON_Payload
REQ-0004,in1.clevertap-prod.com,/a1?os=Android&t=70701&z=R5K-RKZ-896Z&ts=1787569799,arp_d_ts,1787502944,JSON_Payload
REQ-0004,in1.clevertap-prod.com,/a1?os=Android&t=70701&z=R5K-RKZ-896Z&ts=1787569799,arp_dh,-1674025388,JSON_Payload
REQ-0004,in1.clevertap-prod.com,/a1?os=Android&t=70701&z=R5K-RKZ-896Z&ts=1787569799,arp_hgt,5,JSON_Payload
REQ-0004,in1.clevertap-prod.com,/a1?os=Android&t=70701&z=R5K-RKZ-896Z&ts=1787569799,arp_av,16.06.00,JSON_Payload
REQ-0004,in1.clevertap-prod.com,/a1?os=Android&t=70701&z=R5K-RKZ-896Z&ts=1787569799,arp_v,2,JSON_Payload
REQ-0004,in1.clevertap-prod.com,/a1?os=Android&t=70701&z=R5K-RKZ-896Z&ts=1787569799,arp_wdt,2,JSON_Payload
REQ-0004,in1.clevertap-prod.com,/a1?os=Android&t=70701&z=R5K-RKZ-896Z&ts=1787569799,arp_j_n,Zw==,JSON_Payload
REQ-0004,in1.clevertap-prod.com,/a1?os=Android&t=70701&z=R5K-RKZ-896Z&ts=1787569799,arp_i_n,b2lnegACBwBk,JSON_Payload
REQ-0004,in1.clevertap-prod.com,/a1?os=Android&t=70701&z=R5K-RKZ-896Z&ts=1787569799,arp_r_ts,1787569796,JSON_Payload
REQ-0004,in1.clevertap-prod.com,/a1?os=Android&t=70701&z=R5K-RKZ-896Z&ts=1787569799,arp_id,R5K-RKZ-896Z,JSON_Payload
REQ-0004,in1.clevertap-prod.com,/a1?os=Android&t=70701&z=R5K-RKZ-896Z&ts=1787569799,arp_j_s,{},JSON_Payload
REQ-0004,in1.clevertap-prod.com,/a1?os=Android&t=70701&z=R5K-RKZ-896Z&ts=1787569799,imp,0,JSON_Payload
REQ-0004,in1.clevertap-prod.com,/a1?os=Android&t=70701&z=R5K-RKZ-896Z&ts=1787569799,tlc,[],JSON_Payload
REQ-0005,in1.clevertap-prod.com,/a1?os=Android&t=70701&z=R5K-RKZ-896Z&ts=1787569799,profile_ct_optout,False,JSON_Payload
REQ-0005,in1.clevertap-prod.com,/a1?os=Android&t=70701&z=R5K-RKZ-896Z&ts=1787569799,profile_ct_allow_sys_events_and_communication,True,JSON_Payload
REQ-0005,in1.clevertap-prod.com,/a1?os=Android&t=70701&z=R5K-RKZ-896Z&ts=1787569799,profile_tz,Asia/Kolkata,JSON_Payload
REQ-0005,in1.clevertap-prod.com,/a1?os=Android&t=70701&z=R5K-RKZ-896Z&ts=1787569799,s,1787564266,JSON_Payload
REQ-0005,in1.clevertap-prod.com,/a1?os=Android&t=70701&z=R5K-RKZ-896Z&ts=1787569799,pg,3,JSON_Payload
REQ-0005,in1.clevertap-prod.com,/a1?os=Android&t=70701&z=R5K-RKZ-896Z&ts=1787569799,type,profile,JSON_Payload
REQ-0005,in1.clevertap-prod.com,/a1?os=Android&t=70701&z=R5K-RKZ-896Z&ts=1787569799,ep,1787569798,JSON_Payload
REQ-0005,in1.clevertap-prod.com,/a1?os=Android&t=70701&z=R5K-RKZ-896Z&ts=1787569799,f,False,JSON_Payload
REQ-0005,in1.clevertap-prod.com,/a1?os=Android&t=70701&z=R5K-RKZ-896Z&ts=1787569799,lsl,-1012676,JSON_Payload
REQ-0005,in1.clevertap-prod.com,/a1?os=Android&t=70701&z=R5K-RKZ-896Z&ts=1787569799,dsync,True,JSON_Payload
REQ-0006,in1.clevertap-prod.com,/a1?os=Android&t=70701&z=R5K-RKZ-896Z&ts=1787569799,evtName,Screen View,JSON_Payload
REQ-0006,in1.clevertap-prod.com,/a1?os=Android&t=70701&z=R5K-RKZ-896Z&ts=1787569799,evtData_Screen Name,match|163017|live|test|in progress|sl v ind|s12687,JSON_Payload
REQ-0006,in1.clevertap-prod.com,/a1?os=Android&t=70701&z=R5K-RKZ-896Z&ts=1787569799,s,1787564266,JSON_Payload
REQ-0006,in1.clevertap-prod.com,/a1?os=Android&t=70701&z=R5K-RKZ-896Z&ts=1787569799,pg,3,JSON_Payload
REQ-0006,in1.clevertap-prod.com,/a1?os=Android&t=70701&z=R5K-RKZ-896Z&ts=1787569799,type,event,JSON_Payload
REQ-0006,in1.clevertap-prod.com,/a1?os=Android&t=70701&z=R5K-RKZ-896Z&ts=1787569799,ep,1787569798,JSON_Payload
REQ-0006,in1.clevertap-prod.com,/a1?os=Android&t=70701&z=R5K-RKZ-896Z&ts=1787569799,f,False,JSON_Payload
REQ-0006,in1.clevertap-prod.com,/a1?os=Android&t=70701&z=R5K-RKZ-896Z&ts=1787569799,lsl,-1012676,JSON_Payload
REQ-0006,in1.clevertap-prod.com,/a1?os=Android&t=70701&z=R5K-RKZ-896Z&ts=1787569799,dsync,False,JSON_Payload
REQ-0007,srv.tmcadptr.com,/bid-request-v3,u,"/23090580402,1024780/tmca-cricbuzz-android-banner-1p-dc-0.1-320X50-24aug26",JSON_Payload
REQ-0007,srv.tmcadptr.com,/bid-request-v3,p,GAM,JSON_Payload
REQ-0007,srv.tmcadptr.com,/bid-request-v3,pr,1,JSON_Payload
REQ-0007,srv.tmcadptr.com,/bid-request-v3,a,84442,JSON_Payload
REQ-0007,srv.tmcadptr.com,/bid-request-v3,s,"[{'i': 98588, 'w': 320, 'h': 50}]",JSON_Payload
REQ-0008,srv.tmcadptr.com,/bid-request-v3,i,98588,JSON_Payload
REQ-0008,srv.tmcadptr.com,/bid-request-v3,w,320,JSON_Payload
REQ-0008,srv.tmcadptr.com,/bid-request-v3,h,50,JSON_Payload
REQ-0009,in1.clevertap-prod.com,/a1?os=Android&t=70701&z=R5K-RKZ-896Z&ts=1787569802,g,__0856d2d8ec9b4efda8dbf443a0129fc4,JSON_Payload
REQ-0009,in1.clevertap-prod.com,/a1?os=Android&t=70701&z=R5K-RKZ-896Z&ts=1787569802,type,meta,JSON_Payload
REQ-0009,in1.clevertap-prod.com,/a1?os=Android&t=70701&z=R5K-RKZ-896Z&ts=1787569802,af_Build,1521160600,JSON_Payload
REQ-0009,in1.clevertap-prod.com,/a1?os=Android&t=70701&z=R5K-RKZ-896Z&ts=1787569802,af_Version,16.06.00,JSON_Payload
REQ-0009,in1.clevertap-prod.com,/a1?os=Android&t=70701&z=R5K-RKZ-896Z&ts=1787569802,af_OS Version,16,JSON_Payload
REQ-0009,in1.clevertap-prod.com,/a1?os=Android&t=70701&z=R5K-RKZ-896Z&ts=1787569802,af_SDK Version,70701,JSON_Payload
REQ-0009,in1.clevertap-prod.com,/a1?os=Android&t=70701&z=R5K-RKZ-896Z&ts=1787569802,af_Make,Google,JSON_Payload
REQ-0009,in1.clevertap-prod.com,/a1?os=Android&t=70701&z=R5K-RKZ-896Z&ts=1787569802,af_Model,Pixel 6a,JSON_Payload
REQ-0009,in1.clevertap-prod.com,/a1?os=Android&t=70701&z=R5K-RKZ-896Z&ts=1787569802,af_Carrier,,JSON_Payload
REQ-0009,in1.clevertap-prod.com,/a1?os=Android&t=70701&z=R5K-RKZ-896Z&ts=1787569802,af_useIP,True,JSON_Payload
REQ-0009,in1.clevertap-prod.com,/a1?os=Android&t=70701&z=R5K-RKZ-896Z&ts=1787569802,af_OS,Android,JSON_Payload
REQ-0009,in1.clevertap-prod.com,/a1?os=Android&t=70701&z=R5K-RKZ-896Z&ts=1787569802,af_wdt,2.2,JSON_Payload
REQ-0009,in1.clevertap-prod.com,/a1?os=Android&t=70701&z=R5K-RKZ-896Z&ts=1787569802,af_hgt,5.12,JSON_Payload
REQ-0009,in1.clevertap-prod.com,/a1?os=Android&t=70701&z=R5K-RKZ-896Z&ts=1787569802,af_dpi,420,JSON_Payload
REQ-0009,in1.clevertap-prod.com,/a1?os=Android&t=70701&z=R5K-RKZ-896Z&ts=1787569802,af_dt,1,JSON_Payload
REQ-0009,in1.clevertap-prod.com,/a1?os=Android&t=70701&z=R5K-RKZ-896Z&ts=1787569802,af_locale,en_US,JSON_Payload
REQ-0009,in1.clevertap-prod.com,/a1?os=Android&t=70701&z=R5K-RKZ-896Z&ts=1787569802,af_abckt,working_set,JSON_Payload
REQ-0009,in1.clevertap-prod.com,/a1?os=Android&t=70701&z=R5K-RKZ-896Z&ts=1787569802,af_wifi,True,JSON_Payload
REQ-0009,in1.clevertap-prod.com,/a1?os=Android&t=70701&z=R5K-RKZ-896Z&ts=1787569802,af_BluetoothVersion,ble,JSON_Payload
REQ-0009,in1.clevertap-prod.com,/a1?os=Android&t=70701&z=R5K-RKZ-896Z&ts=1787569802,af_Radio,Unknown,JSON_Payload
REQ-0009,in1.clevertap-prod.com,/a1?os=Android&t=70701&z=R5K-RKZ-896Z&ts=1787569802,af_LIAMC,0,JSON_Payload
REQ-0009,in1.clevertap-prod.com,/a1?os=Android&t=70701&z=R5K-RKZ-896Z&ts=1787569802,id,R5K-RKZ-896Z,JSON_Payload
REQ-0009,in1.clevertap-prod.com,/a1?os=Android&t=70701&z=R5K-RKZ-896Z&ts=1787569802,tk,132-352,JSON_Payload
REQ-0009,in1.clevertap-prod.com,/a1?os=Android&t=70701&z=R5K-RKZ-896Z&ts=1787569802,l_ts,1787569799,JSON_Payload
REQ-0009,in1.clevertap-prod.com,/a1?os=Android&t=70701&z=R5K-RKZ-896Z&ts=1787569802,f_ts,1786488847,JSON_Payload
REQ-0009,in1.clevertap-prod.com,/a1?os=Android&t=70701&z=R5K-RKZ-896Z&ts=1787569802,ct_pi,"Email,Identity",JSON_Payload
REQ-0009,in1.clevertap-prod.com,/a1?os=Android&t=70701&z=R5K-RKZ-896Z&ts=1787569802,ddnd,False,JSON_Payload
REQ-0009,in1.clevertap-prod.com,/a1?os=Android&t=70701&z=R5K-RKZ-896Z&ts=1787569802,rtl,[],JSON_Payload
REQ-0009,in1.clevertap-prod.com,/a1?os=Android&t=70701&z=R5K-RKZ-896Z&ts=1787569802,rct,0,JSON_Payload
REQ-0009,in1.clevertap-prod.com,/a1?os=Android&t=70701&z=R5K-RKZ-896Z&ts=1787569802,ait,0,JSON_Payload
REQ-0009,in1.clevertap-prod.com,/a1?os=Android&t=70701&z=R5K-RKZ-896Z&ts=1787569802,frs,False,JSON_Payload
REQ-0009,in1.clevertap-prod.com,/a1?os=Android&t=70701&z=R5K-RKZ-896Z&ts=1787569802,arp_d_ts,1787502944,JSON_Payload
REQ-0009,in1.clevertap-prod.com,/a1?os=Android&t=70701&z=R5K-RKZ-896Z&ts=1787569802,arp_dh,-1674025388,JSON_Payload
REQ-0009,in1.clevertap-prod.com,/a1?os=Android&t=70701&z=R5K-RKZ-896Z&ts=1787569802,arp_hgt,5,JSON_Payload
REQ-0009,in1.clevertap-prod.com,/a1?os=Android&t=70701&z=R5K-RKZ-896Z&ts=1787569802,arp_av,16.06.00,JSON_Payload
REQ-0009,in1.clevertap-prod.com,/a1?os=Android&t=70701&z=R5K-RKZ-896Z&ts=1787569802,arp_v,2,JSON_Payload
REQ-0009,in1.clevertap-prod.com,/a1?os=Android&t=70701&z=R5K-RKZ-896Z&ts=1787569802,arp_wdt,2,JSON_Payload
REQ-0009,in1.clevertap-prod.com,/a1?os=Android&t=70701&z=R5K-RKZ-896Z&ts=1787569802,arp_j_n,Zw==,JSON_Payload
REQ-0009,in1.clevertap-prod.com,/a1?os=Android&t=70701&z=R5K-RKZ-896Z&ts=1787569802,arp_i_n,b2lnegACBwBk,JSON_Payload
REQ-0009,in1.clevertap-prod.com,/a1?os=Android&t=70701&z=R5K-RKZ-896Z&ts=1787569802,arp_r_ts,1787569798,JSON_Payload
REQ-0009,in1.clevertap-prod.com,/a1?os=Android&t=70701&z=R5K-RKZ-896Z&ts=1787569802,arp_id,R5K-RKZ-896Z,JSON_Payload
REQ-0009,in1.clevertap-prod.com,/a1?os=Android&t=70701&z=R5K-RKZ-896Z&ts=1787569802,arp_j_s,{},JSON_Payload
REQ-0009,in1.clevertap-prod.com,/a1?os=Android&t=70701&z=R5K-RKZ-896Z&ts=1787569802,imp,0,JSON_Payload
REQ-0009,in1.clevertap-prod.com,/a1?os=Android&t=70701&z=R5K-RKZ-896Z&ts=1787569802,tlc,[],JSON_Payload
REQ-0010,in1.clevertap-prod.com,/a1?os=Android&t=70701&z=R5K-RKZ-896Z&ts=1787569802,profile_ct_optout,False,JSON_Payload
REQ-0010,in1.clevertap-prod.com,/a1?os=Android&t=70701&z=R5K-RKZ-896Z&ts=1787569802,profile_ct_allow_sys_events_and_communication,True,JSON_Payload
REQ-0010,in1.clevertap-prod.com,/a1?os=Android&t=70701&z=R5K-RKZ-896Z&ts=1787569802,profile_tz,Asia/Kolkata,JSON_Payload
REQ-0010,in1.clevertap-prod.com,/a1?os=Android&t=70701&z=R5K-RKZ-896Z&ts=1787569802,s,1787564266,JSON_Payload
REQ-0010,in1.clevertap-prod.com,/a1?os=Android&t=70701&z=R5K-RKZ-896Z&ts=1787569802,pg,4,JSON_Payload
REQ-0010,in1.clevertap-prod.com,/a1?os=Android&t=70701&z=R5K-RKZ-896Z&ts=1787569802,type,profile,JSON_Payload
REQ-0010,in1.clevertap-prod.com,/a1?os=Android&t=70701&z=R5K-RKZ-896Z&ts=1787569802,ep,1787569801,JSON_Payload
REQ-0010,in1.clevertap-prod.com,/a1?os=Android&t=70701&z=R5K-RKZ-896Z&ts=1787569802,f,False,JSON_Payload
REQ-0010,in1.clevertap-prod.com,/a1?os=Android&t=70701&z=R5K-RKZ-896Z&ts=1787569802,lsl,-1012676,JSON_Payload
REQ-0010,in1.clevertap-prod.com,/a1?os=Android&t=70701&z=R5K-RKZ-896Z&ts=1787569802,dsync,True,JSON_Payload
REQ-0011,in1.clevertap-prod.com,/a1?os=Android&t=70701&z=R5K-RKZ-896Z&ts=1787569805,g,__0856d2d8ec9b4efda8dbf443a0129fc4,JSON_Payload
REQ-0011,in1.clevertap-prod.com,/a1?os=Android&t=70701&z=R5K-RKZ-896Z&ts=1787569805,type,meta,JSON_Payload
REQ-0011,in1.clevertap-prod.com,/a1?os=Android&t=70701&z=R5K-RKZ-896Z&ts=1787569805,af_Build,1521160600,JSON_Payload
REQ-0011,in1.clevertap-prod.com,/a1?os=Android&t=70701&z=R5K-RKZ-896Z&ts=1787569805,af_Version,16.06.00,JSON_Payload
REQ-0011,in1.clevertap-prod.com,/a1?os=Android&t=70701&z=R5K-RKZ-896Z&ts=1787569805,af_OS Version,16,JSON_Payload
REQ-0011,in1.clevertap-prod.com,/a1?os=Android&t=70701&z=R5K-RKZ-896Z&ts=1787569805,af_SDK Version,70701,JSON_Payload
REQ-0011,in1.clevertap-prod.com,/a1?os=Android&t=70701&z=R5K-RKZ-896Z&ts=1787569805,af_Make,Google,JSON_Payload
REQ-0011,in1.clevertap-prod.com,/a1?os=Android&t=70701&z=R5K-RKZ-896Z&ts=1787569805,af_Model,Pixel 6a,JSON_Payload
REQ-0011,in1.clevertap-prod.com,/a1?os=Android&t=70701&z=R5K-RKZ-896Z&ts=1787569805,af_Carrier,,JSON_Payload
REQ-0011,in1.clevertap-prod.com,/a1?os=Android&t=70701&z=R5K-RKZ-896Z&ts=1787569805,af_useIP,True,JSON_Payload
REQ-0011,in1.clevertap-prod.com,/a1?os=Android&t=70701&z=R5K-RKZ-896Z&ts=1787569805,af_OS,Android,JSON_Payload
REQ-0011,in1.clevertap-prod.com,/a1?os=Android&t=70701&z=R5K-RKZ-896Z&ts=1787569805,af_wdt,2.2,JSON_Payload
REQ-0011,in1.clevertap-prod.com,/a1?os=Android&t=70701&z=R5K-RKZ-896Z&ts=1787569805,af_hgt,5.12,JSON_Payload
REQ-0011,in1.clevertap-prod.com,/a1?os=Android&t=70701&z=R5K-RKZ-896Z&ts=1787569805,af_dpi,420,JSON_Payload
REQ-0011,in1.clevertap-prod.com,/a1?os=Android&t=70701&z=R5K-RKZ-896Z&ts=1787569805,af_dt,1,JSON_Payload
REQ-0011,in1.clevertap-prod.com,/a1?os=Android&t=70701&z=R5K-RKZ-896Z&ts=1787569805,af_locale,en_US,JSON_Payload
REQ-0011,in1.clevertap-prod.com,/a1?os=Android&t=70701&z=R5K-RKZ-896Z&ts=1787569805,af_abckt,working_set,JSON_Payload
REQ-0011,in1.clevertap-prod.com,/a1?os=Android&t=70701&z=R5K-RKZ-896Z&ts=1787569805,af_wifi,True,JSON_Payload
REQ-0011,in1.clevertap-prod.com,/a1?os=Android&t=70701&z=R5K-RKZ-896Z&ts=1787569805,af_BluetoothVersion,ble,JSON_Payload
REQ-0011,in1.clevertap-prod.com,/a1?os=Android&t=70701&z=R5K-RKZ-896Z&ts=1787569805,af_Radio,Unknown,JSON_Payload
REQ-0011,in1.clevertap-prod.com,/a1?os=Android&t=70701&z=R5K-RKZ-896Z&ts=1787569805,af_LIAMC,0,JSON_Payload
REQ-0011,in1.clevertap-prod.com,/a1?os=Android&t=70701&z=R5K-RKZ-896Z&ts=1787569805,id,R5K-RKZ-896Z,JSON_Payload
REQ-0011,in1.clevertap-prod.com,/a1?os=Android&t=70701&z=R5K-RKZ-896Z&ts=1787569805,tk,132-352,JSON_Payload
REQ-0011,in1.clevertap-prod.com,/a1?os=Android&t=70701&z=R5K-RKZ-896Z&ts=1787569805,l_ts,1787569802,JSON_Payload
REQ-0011,in1.clevertap-prod.com,/a1?os=Android&t=70701&z=R5K-RKZ-896Z&ts=1787569805,f_ts,1786488847,JSON_Payload
REQ-0011,in1.clevertap-prod.com,/a1?os=Android&t=70701&z=R5K-RKZ-896Z&ts=1787569805,ct_pi,"Email,Identity",JSON_Payload
REQ-0011,in1.clevertap-prod.com,/a1?os=Android&t=70701&z=R5K-RKZ-896Z&ts=1787569805,ddnd,False,JSON_Payload
REQ-0011,in1.clevertap-prod.com,/a1?os=Android&t=70701&z=R5K-RKZ-896Z&ts=1787569805,rtl,[],JSON_Payload
REQ-0011,in1.clevertap-prod.com,/a1?os=Android&t=70701&z=R5K-RKZ-896Z&ts=1787569805,rct,0,JSON_Payload
REQ-0011,in1.clevertap-prod.com,/a1?os=Android&t=70701&z=R5K-RKZ-896Z&ts=1787569805,ait,0,JSON_Payload
REQ-0011,in1.clevertap-prod.com,/a1?os=Android&t=70701&z=R5K-RKZ-896Z&ts=1787569805,frs,False,JSON_Payload
REQ-0011,in1.clevertap-prod.com,/a1?os=Android&t=70701&z=R5K-RKZ-896Z&ts=1787569805,arp_d_ts,1787502944,JSON_Payload
REQ-0011,in1.clevertap-prod.com,/a1?os=Android&t=70701&z=R5K-RKZ-896Z&ts=1787569805,arp_dh,-1674025388,JSON_Payload
REQ-0011,in1.clevertap-prod.com,/a1?os=Android&t=70701&z=R5K-RKZ-896Z&ts=1787569805,arp_hgt,5,JSON_Payload
REQ-0011,in1.clevertap-prod.com,/a1?os=Android&t=70701&z=R5K-RKZ-896Z&ts=1787569805,arp_av,16.06.00,JSON_Payload
REQ-0011,in1.clevertap-prod.com,/a1?os=Android&t=70701&z=R5K-RKZ-896Z&ts=1787569805,arp_v,2,JSON_Payload
REQ-0011,in1.clevertap-prod.com,/a1?os=Android&t=70701&z=R5K-RKZ-896Z&ts=1787569805,arp_wdt,2,JSON_Payload
REQ-0011,in1.clevertap-prod.com,/a1?os=Android&t=70701&z=R5K-RKZ-896Z&ts=1787569805,arp_j_n,Zw==,JSON_Payload
REQ-0011,in1.clevertap-prod.com,/a1?os=Android&t=70701&z=R5K-RKZ-896Z&ts=1787569805,arp_i_n,b2lnegACBwBk,JSON_Payload
REQ-0011,in1.clevertap-prod.com,/a1?os=Android&t=70701&z=R5K-RKZ-896Z&ts=1787569805,arp_r_ts,1787569801,JSON_Payload
REQ-0011,in1.clevertap-prod.com,/a1?os=Android&t=70701&z=R5K-RKZ-896Z&ts=1787569805,arp_id,R5K-RKZ-896Z,JSON_Payload
REQ-0011,in1.clevertap-prod.com,/a1?os=Android&t=70701&z=R5K-RKZ-896Z&ts=1787569805,arp_j_s,{},JSON_Payload
REQ-0011,in1.clevertap-prod.com,/a1?os=Android&t=70701&z=R5K-RKZ-896Z&ts=1787569805,imp,0,JSON_Payload
REQ-0011,in1.clevertap-prod.com,/a1?os=Android&t=70701&z=R5K-RKZ-896Z&ts=1787569805,tlc,[],JSON_Payload
REQ-0012,in1.clevertap-prod.com,/a1?os=Android&t=70701&z=R5K-RKZ-896Z&ts=1787569805,profile_ct_optout,False,JSON_Payload
REQ-0012,in1.clevertap-prod.com,/a1?os=Android&t=70701&z=R5K-RKZ-896Z&ts=1787569805,profile_ct_allow_sys_events_and_communication,True,JSON_Payload
REQ-0012,in1.clevertap-prod.com,/a1?os=Android&t=70701&z=R5K-RKZ-896Z&ts=1787569805,profile_tz,Asia/Kolkata,JSON_Payload
REQ-0012,in1.clevertap-prod.com,/a1?os=Android&t=70701&z=R5K-RKZ-896Z&ts=1787569805,s,1787564266,JSON_Payload
REQ-0012,in1.clevertap-prod.com,/a1?os=Android&t=70701&z=R5K-RKZ-896Z&ts=1787569805,pg,4,JSON_Payload
REQ-0012,in1.clevertap-prod.com,/a1?os=Android&t=70701&z=R5K-RKZ-896Z&ts=1787569805,type,profile,JSON_Payload
REQ-0012,in1.clevertap-prod.com,/a1?os=Android&t=70701&z=R5K-RKZ-896Z&ts=1787569805,ep,1787569804,JSON_Payload
REQ-0012,in1.clevertap-prod.com,/a1?os=Android&t=70701&z=R5K-RKZ-896Z&ts=1787569805,f,False,JSON_Payload
REQ-0012,in1.clevertap-prod.com,/a1?os=Android&t=70701&z=R5K-RKZ-896Z&ts=1787569805,lsl,-1012676,JSON_Payload
REQ-0012,in1.clevertap-prod.com,/a1?os=Android&t=70701&z=R5K-RKZ-896Z&ts=1787569805,dsync,True,JSON_Payload
REQ-0013,in1.clevertap-prod.com,/a1?os=Android&t=70701&z=R5K-RKZ-896Z&ts=1787569805,profile_ct_optout,False,JSON_Payload
REQ-0013,in1.clevertap-prod.com,/a1?os=Android&t=70701&z=R5K-RKZ-896Z&ts=1787569805,profile_ct_allow_sys_events_and_communication,True,JSON_Payload
REQ-0013,in1.clevertap-prod.com,/a1?os=Android&t=70701&z=R5K-RKZ-896Z&ts=1787569805,profile_tz,Asia/Kolkata,JSON_Payload
REQ-0013,in1.clevertap-prod.com,/a1?os=Android&t=70701&z=R5K-RKZ-896Z&ts=1787569805,s,1787564266,JSON_Payload
REQ-0013,in1.clevertap-prod.com,/a1?os=Android&t=70701&z=R5K-RKZ-896Z&ts=1787569805,pg,4,JSON_Payload
REQ-0013,in1.clevertap-prod.com,/a1?os=Android&t=70701&z=R5K-RKZ-896Z&ts=1787569805,type,profile,JSON_Payload
REQ-0013,in1.clevertap-prod.com,/a1?os=Android&t=70701&z=R5K-RKZ-896Z&ts=1787569805,ep,1787569804,JSON_Payload
REQ-0013,in1.clevertap-prod.com,/a1?os=Android&t=70701&z=R5K-RKZ-896Z&ts=1787569805,f,False,JSON_Payload
REQ-0013,in1.clevertap-prod.com,/a1?os=Android&t=70701&z=R5K-RKZ-896Z&ts=1787569805,lsl,-1012676,JSON_Payload
REQ-0013,in1.clevertap-prod.com,/a1?os=Android&t=70701&z=R5K-RKZ-896Z&ts=1787569805,dsync,True,JSON_Payload
REQ-0014,in1.clevertap-prod.com,/a1?os=Android&t=70701&z=R5K-RKZ-896Z&ts=1787569805,profile_ct_optout,False,JSON_Payload
REQ-0014,in1.clevertap-prod.com,/a1?os=Android&t=70701&z=R5K-RKZ-896Z&ts=1787569805,profile_ct_allow_sys_events_and_communication,True,JSON_Payload
REQ-0014,in1.clevertap-prod.com,/a1?os=Android&t=70701&z=R5K-RKZ-896Z&ts=1787569805,profile_tz,Asia/Kolkata,JSON_Payload
REQ-0014,in1.clevertap-prod.com,/a1?os=Android&t=70701&z=R5K-RKZ-896Z&ts=1787569805,s,1787564266,JSON_Payload
REQ-0014,in1.clevertap-prod.com,/a1?os=Android&t=70701&z=R5K-RKZ-896Z&ts=1787569805,pg,4,JSON_Payload
REQ-0014,in1.clevertap-prod.com,/a1?os=Android&t=70701&z=R5K-RKZ-896Z&ts=1787569805,type,profile,JSON_Payload
REQ-0014,in1.clevertap-prod.com,/a1?os=Android&t=70701&z=R5K-RKZ-896Z&ts=1787569805,ep,1787569804,JSON_Payload
REQ-0014,in1.clevertap-prod.com,/a1?os=Android&t=70701&z=R5K-RKZ-896Z&ts=1787569805,f,False,JSON_Payload
REQ-0014,in1.clevertap-prod.com,/a1?os=Android&t=70701&z=R5K-RKZ-896Z&ts=1787569805,lsl,-1012676,JSON_Payload
REQ-0014,in1.clevertap-prod.com,/a1?os=Android&t=70701&z=R5K-RKZ-896Z&ts=1787569805,dsync,True,JSON_Payload
REQ-0015,fundingchoicesmessages.google.com,/a/consent,top,0,JSON_Payload
REQ-0015,fundingchoicesmessages.google.com,/a/consent,left,480,JSON_Payload
REQ-0015,fundingchoicesmessages.google.com,/a/consent,right,625,JSON_Payload
REQ-0015,fundingchoicesmessages.google.com,/a/consent,bottom,132,JSON_Payload
REQ-0016,mdtb-cf-1.ads.aps.amazon-adsystem.com,/e/msdk/ads,sz,300x250,JSON_Payload
REQ-0016,mdtb-cf-1.ads.aps.amazon-adsystem.com,/e/msdk/ads,slot,d70b4f1b-478d-4623-ba4c-793cc08facb4,JSON_Payload
REQ-0016,mdtb-cf-1.ads.aps.amazon-adsystem.com,/e/msdk/ads,slotId,1,JSON_Payload
REQ-0016,mdtb-cf-1.ads.aps.amazon-adsystem.com,/e/msdk/ads,supportedMediaTypes,['DISPLAY'],JSON_Payload
REQ-0017,mdtb-cf-1.ads.aps.amazon-adsystem.com,/e/msdk/ads,sz,300x250,JSON_Payload
REQ-0017,mdtb-cf-1.ads.aps.amazon-adsystem.com,/e/msdk/ads,slot,d70b4f1b-478d-4623-ba4c-793cc08facb4,JSON_Payload
REQ-0017,mdtb-cf-1.ads.aps.amazon-adsystem.com,/e/msdk/ads,slotId,1,JSON_Payload
REQ-0017,mdtb-cf-1.ads.aps.amazon-adsystem.com,/e/msdk/ads,supportedMediaTypes,['DISPLAY'],JSON_Payload
REQ-0018,in1.clevertap-prod.com,/a1?os=Android&t=70701&z=R5K-RKZ-896Z&ts=1787569808,g,__0856d2d8ec9b4efda8dbf443a0129fc4,JSON_Payload
REQ-0018,in1.clevertap-prod.com,/a1?os=Android&t=70701&z=R5K-RKZ-896Z&ts=1787569808,type,meta,JSON_Payload
REQ-0018,in1.clevertap-prod.com,/a1?os=Android&t=70701&z=R5K-RKZ-896Z&ts=1787569808,af_Build,1521160600,JSON_Payload
REQ-0018,in1.clevertap-prod.com,/a1?os=Android&t=70701&z=R5K-RKZ-896Z&ts=1787569808,af_Version,16.06.00,JSON_Payload
REQ-0018,in1.clevertap-prod.com,/a1?os=Android&t=70701&z=R5K-RKZ-896Z&ts=1787569808,af_OS Version,16,JSON_Payload
REQ-0018,in1.clevertap-prod.com,/a1?os=Android&t=70701&z=R5K-RKZ-896Z&ts=1787569808,af_SDK Version,70701,JSON_Payload
REQ-0018,in1.clevertap-prod.com,/a1?os=Android&t=70701&z=R5K-RKZ-896Z&ts=1787569808,af_Make,Google,JSON_Payload
REQ-0018,in1.clevertap-prod.com,/a1?os=Android&t=70701&z=R5K-RKZ-896Z&ts=1787569808,af_Model,Pixel 6a,JSON_Payload
REQ-0018,in1.clevertap-prod.com,/a1?os=Android&t=70701&z=R5K-RKZ-896Z&ts=1787569808,af_Carrier,,JSON_Payload
REQ-0018,in1.clevertap-prod.com,/a1?os=Android&t=70701&z=R5K-RKZ-896Z&ts=1787569808,af_useIP,True,JSON_Payload
REQ-0018,in1.clevertap-prod.com,/a1?os=Android&t=70701&z=R5K-RKZ-896Z&ts=1787569808,af_OS,Android,JSON_Payload
REQ-0018,in1.clevertap-prod.com,/a1?os=Android&t=70701&z=R5K-RKZ-896Z&ts=1787569808,af_wdt,2.2,JSON_Payload
REQ-0018,in1.clevertap-prod.com,/a1?os=Android&t=70701&z=R5K-RKZ-896Z&ts=1787569808,af_hgt,5.12,JSON_Payload
REQ-0018,in1.clevertap-prod.com,/a1?os=Android&t=70701&z=R5K-RKZ-896Z&ts=1787569808,af_dpi,420,JSON_Payload
REQ-0018,in1.clevertap-prod.com,/a1?os=Android&t=70701&z=R5K-RKZ-896Z&ts=1787569808,af_dt,1,JSON_Payload
REQ-0018,in1.clevertap-prod.com,/a1?os=Android&t=70701&z=R5K-RKZ-896Z&ts=1787569808,af_locale,en_US,JSON_Payload
REQ-0018,in1.clevertap-prod.com,/a1?os=Android&t=70701&z=R5K-RKZ-896Z&ts=1787569808,af_abckt,working_set,JSON_Payload
REQ-0018,in1.clevertap-prod.com,/a1?os=Android&t=70701&z=R5K-RKZ-896Z&ts=1787569808,af_wifi,True,JSON_Payload
REQ-0018,in1.clevertap-prod.com,/a1?os=Android&t=70701&z=R5K-RKZ-896Z&ts=1787569808,af_BluetoothVersion,ble,JSON_Payload
REQ-0018,in1.clevertap-prod.com,/a1?os=Android&t=70701&z=R5K-RKZ-896Z&ts=1787569808,af_Radio,Unknown,JSON_Payload
REQ-0018,in1.clevertap-prod.com,/a1?os=Android&t=70701&z=R5K-RKZ-896Z&ts=1787569808,af_LIAMC,0,JSON_Payload
REQ-0018,in1.clevertap-prod.com,/a1?os=Android&t=70701&z=R5K-RKZ-896Z&ts=1787569808,id,R5K-RKZ-896Z,JSON_Payload
REQ-0018,in1.clevertap-prod.com,/a1?os=Android&t=70701&z=R5K-RKZ-896Z&ts=1787569808,tk,132-352,JSON_Payload
REQ-0018,in1.clevertap-prod.com,/a1?os=Android&t=70701&z=R5K-RKZ-896Z&ts=1787569808,l_ts,1787569805,JSON_Payload
REQ-0018,in1.clevertap-prod.com,/a1?os=Android&t=70701&z=R5K-RKZ-896Z&ts=1787569808,f_ts,1786488847,JSON_Payload
REQ-0018,in1.clevertap-prod.com,/a1?os=Android&t=70701&z=R5K-RKZ-896Z&ts=1787569808,ct_pi,"Email,Identity",JSON_Payload
REQ-0018,in1.clevertap-prod.com,/a1?os=Android&t=70701&z=R5K-RKZ-896Z&ts=1787569808,ddnd,False,JSON_Payload
REQ-0018,in1.clevertap-prod.com,/a1?os=Android&t=70701&z=R5K-RKZ-896Z&ts=1787569808,rtl,[],JSON_Payload
REQ-0018,in1.clevertap-prod.com,/a1?os=Android&t=70701&z=R5K-RKZ-896Z&ts=1787569808,rct,0,JSON_Payload
REQ-0018,in1.clevertap-prod.com,/a1?os=Android&t=70701&z=R5K-RKZ-896Z&ts=1787569808,ait,0,JSON_Payload
REQ-0018,in1.clevertap-prod.com,/a1?os=Android&t=70701&z=R5K-RKZ-896Z&ts=1787569808,frs,False,JSON_Payload
REQ-0018,in1.clevertap-prod.com,/a1?os=Android&t=70701&z=R5K-RKZ-896Z&ts=1787569808,arp_d_ts,1787502944,JSON_Payload
REQ-0018,in1.clevertap-prod.com,/a1?os=Android&t=70701&z=R5K-RKZ-896Z&ts=1787569808,arp_dh,-1674025388,JSON_Payload
REQ-0018,in1.clevertap-prod.com,/a1?os=Android&t=70701&z=R5K-RKZ-896Z&ts=1787569808,arp_hgt,5,JSON_Payload
REQ-0018,in1.clevertap-prod.com,/a1?os=Android&t=70701&z=R5K-RKZ-896Z&ts=1787569808,arp_av,16.06.00,JSON_Payload
REQ-0018,in1.clevertap-prod.com,/a1?os=Android&t=70701&z=R5K-RKZ-896Z&ts=1787569808,arp_v,2,JSON_Payload
REQ-0018,in1.clevertap-prod.com,/a1?os=Android&t=70701&z=R5K-RKZ-896Z&ts=1787569808,arp_wdt,2,JSON_Payload
REQ-0018,in1.clevertap-prod.com,/a1?os=Android&t=70701&z=R5K-RKZ-896Z&ts=1787569808,arp_j_n,Zw==,JSON_Payload
REQ-0018,in1.clevertap-prod.com,/a1?os=Android&t=70701&z=R5K-RKZ-896Z&ts=1787569808,arp_i_n,b2lnegACBwBk,JSON_Payload
REQ-0018,in1.clevertap-prod.com,/a1?os=Android&t=70701&z=R5K-RKZ-896Z&ts=1787569808,arp_r_ts,1787569804,JSON_Payload
REQ-0018,in1.clevertap-prod.com,/a1?os=Android&t=70701&z=R5K-RKZ-896Z&ts=1787569808,arp_id,R5K-RKZ-896Z,JSON_Payload
REQ-0018,in1.clevertap-prod.com,/a1?os=Android&t=70701&z=R5K-RKZ-896Z&ts=1787569808,arp_j_s,{},JSON_Payload
REQ-0018,in1.clevertap-prod.com,/a1?os=Android&t=70701&z=R5K-RKZ-896Z&ts=1787569808,imp,0,JSON_Payload
REQ-0018,in1.clevertap-prod.com,/a1?os=Android&t=70701&z=R5K-RKZ-896Z&ts=1787569808,tlc,[],JSON_Payload
REQ-0019,in1.clevertap-prod.com,/a1?os=Android&t=70701&z=R5K-RKZ-896Z&ts=1787569808,profile_ct_optout,False,JSON_Payload
REQ-0019,in1.clevertap-prod.com,/a1?os=Android&t=70701&z=R5K-RKZ-896Z&ts=1787569808,profile_ct_allow_sys_events_and_communication,True,JSON_Payload
REQ-0019,in1.clevertap-prod.com,/a1?os=Android&t=70701&z=R5K-RKZ-896Z&ts=1787569808,profile_tz,Asia/Kolkata,JSON_Payload
REQ-0019,in1.clevertap-prod.com,/a1?os=Android&t=70701&z=R5K-RKZ-896Z&ts=1787569808,s,1787564266,JSON_Payload
REQ-0019,in1.clevertap-prod.com,/a1?os=Android&t=70701&z=R5K-RKZ-896Z&ts=1787569808,pg,5,JSON_Payload
REQ-0019,in1.clevertap-prod.com,/a1?os=Android&t=70701&z=R5K-RKZ-896Z&ts=1787569808,type,profile,JSON_Payload
REQ-0019,in1.clevertap-prod.com,/a1?os=Android&t=70701&z=R5K-RKZ-896Z&ts=1787569808,ep,1787569807,JSON_Payload
REQ-0019,in1.clevertap-prod.com,/a1?os=Android&t=70701&z=R5K-RKZ-896Z&ts=1787569808,f,False,JSON_Payload
REQ-0019,in1.clevertap-prod.com,/a1?os=Android&t=70701&z=R5K-RKZ-896Z&ts=1787569808,lsl,-1012676,JSON_Payload
REQ-0019,in1.clevertap-prod.com,/a1?os=Android&t=70701&z=R5K-RKZ-896Z&ts=1787569808,dsync,True,JSON_Payload
REQ-0020,mdtb-cf-1.ads.aps.amazon-adsystem.com,/e/msdk/ads,sz,300x250,JSON_Payload
REQ-0020,mdtb-cf-1.ads.aps.amazon-adsystem.com,/e/msdk/ads,slot,d70b4f1b-478d-4623-ba4c-793cc08facb4,JSON_Payload
REQ-0020,mdtb-cf-1.ads.aps.amazon-adsystem.com,/e/msdk/ads,slotId,1,JSON_Payload
REQ-0020,mdtb-cf-1.ads.aps.amazon-adsystem.com,/e/msdk/ads,supportedMediaTypes,['DISPLAY'],JSON_Payload
REQ-0021,mdtb-cf-1.ads.aps.amazon-adsystem.com,/e/msdk/ads,sz,300x250,JSON_Payload
REQ-0021,mdtb-cf-1.ads.aps.amazon-adsystem.com,/e/msdk/ads,slot,d70b4f1b-478d-4623-ba4c-793cc08facb4,JSON_Payload
REQ-0021,mdtb-cf-1.ads.aps.amazon-adsystem.com,/e/msdk/ads,slotId,1,JSON_Payload
REQ-0021,mdtb-cf-1.ads.aps.amazon-adsystem.com,/e/msdk/ads,supportedMediaTypes,['DISPLAY'],JSON_Payload
REQ-0022,mdtb-cf-1.ads.aps.amazon-adsystem.com,/e/msdk/ads,sz,300x250,JSON_Payload
REQ-0022,mdtb-cf-1.ads.aps.amazon-adsystem.com,/e/msdk/ads,slot,d70b4f1b-478d-4623-ba4c-793cc08facb4,JSON_Payload
REQ-0022,mdtb-cf-1.ads.aps.amazon-adsystem.com,/e/msdk/ads,slotId,1,JSON_Payload
REQ-0022,mdtb-cf-1.ads.aps.amazon-adsystem.com,/e/msdk/ads,supportedMediaTypes,['DISPLAY'],JSON_Payload
REQ-0023,mdtb-cf-1.ads.aps.amazon-adsystem.com,/e/msdk/ads,sz,300x250,JSON_Payload
REQ-0023,mdtb-cf-1.ads.aps.amazon-adsystem.com,/e/msdk/ads,slot,d70b4f1b-478d-4623-ba4c-793cc08facb4,JSON_Payload
REQ-0023,mdtb-cf-1.ads.aps.amazon-adsystem.com,/e/msdk/ads,slotId,1,JSON_Payload
REQ-0023,mdtb-cf-1.ads.aps.amazon-adsystem.com,/e/msdk/ads,supportedMediaTypes,['DISPLAY'],JSON_Payload
REQ-0024,mdtb-cf-1.ads.aps.amazon-adsystem.com,/e/msdk/ads,sz,300x250,JSON_Payload
REQ-0024,mdtb-cf-1.ads.aps.amazon-adsystem.com,/e/msdk/ads,slot,d70b4f1b-478d-4623-ba4c-793cc08facb4,JSON_Payload
REQ-0024,mdtb-cf-1.ads.aps.amazon-adsystem.com,/e/msdk/ads,slotId,1,JSON_Payload
REQ-0024,mdtb-cf-1.ads.aps.amazon-adsystem.com,/e/msdk/ads,supportedMediaTypes,['DISPLAY'],JSON_Payload
REQ-0025,mdtb-cf-1.ads.aps.amazon-adsystem.com,/e/msdk/ads,sz,300x250,JSON_Payload
REQ-0025,mdtb-cf-1.ads.aps.amazon-adsystem.com,/e/msdk/ads,slot,d70b4f1b-478d-4623-ba4c-793cc08facb4,JSON_Payload
REQ-0025,mdtb-cf-1.ads.aps.amazon-adsystem.com,/e/msdk/ads,slotId,1,JSON_Payload
REQ-0025,mdtb-cf-1.ads.aps.amazon-adsystem.com,/e/msdk/ads,supportedMediaTypes,['DISPLAY'],JSON_Payload
REQ-0026,mdtb-cf-1.ads.aps.amazon-adsystem.com,/e/msdk/ads,sz,300x250,JSON_Payload
REQ-0026,mdtb-cf-1.ads.aps.amazon-adsystem.com,/e/msdk/ads,slot,d70b4f1b-478d-4623-ba4c-793cc08facb4,JSON_Payload
REQ-0026,mdtb-cf-1.ads.aps.amazon-adsystem.com,/e/msdk/ads,slotId,1,JSON_Payload
REQ-0026,mdtb-cf-1.ads.aps.amazon-adsystem.com,/e/msdk/ads,supportedMediaTypes,['DISPLAY'],JSON_Payload
REQ-0027,mdtb-cf-1.ads.aps.amazon-adsystem.com,/e/msdk/ads,sz,300x250,JSON_Payload
REQ-0027,mdtb-cf-1.ads.aps.amazon-adsystem.com,/e/msdk/ads,slot,d70b4f1b-478d-4623-ba4c-793cc08facb4,JSON_Payload
REQ-0027,mdtb-cf-1.ads.aps.amazon-adsystem.com,/e/msdk/ads,slotId,1,JSON_Payload
REQ-0027,mdtb-cf-1.ads.aps.amazon-adsystem.com,/e/msdk/ads,supportedMediaTypes,['DISPLAY'],JSON_Payload
REQ-0028,mdtb-cf-1.ads.aps.amazon-adsystem.com,/e/msdk/ads,sz,300x250,JSON_Payload
REQ-0028,mdtb-cf-1.ads.aps.amazon-adsystem.com,/e/msdk/ads,slot,d70b4f1b-478d-4623-ba4c-793cc08facb4,JSON_Payload
REQ-0028,mdtb-cf-1.ads.aps.amazon-adsystem.com,/e/msdk/ads,slotId,1,JSON_Payload
REQ-0028,mdtb-cf-1.ads.aps.amazon-adsystem.com,/e/msdk/ads,supportedMediaTypes,['DISPLAY'],JSON_Payload
REQ-0029,mdtb-cf-1.ads.aps.amazon-adsystem.com,/e/msdk/ads,sz,300x250,JSON_Payload
REQ-0029,mdtb-cf-1.ads.aps.amazon-adsystem.com,/e/msdk/ads,slot,d70b4f1b-478d-4623-ba4c-793cc08facb4,JSON_Payload
REQ-0029,mdtb-cf-1.ads.aps.amazon-adsystem.com,/e/msdk/ads,slotId,1,JSON_Payload
REQ-0029,mdtb-cf-1.ads.aps.amazon-adsystem.com,/e/msdk/ads,supportedMediaTypes,['DISPLAY'],JSON_Payload
REQ-0030,in1.clevertap-prod.com,/a1?os=Android&t=70701&z=R5K-RKZ-896Z&ts=1787569811,g,__0856d2d8ec9b4efda8dbf443a0129fc4,JSON_Payload
REQ-0030,in1.clevertap-prod.com,/a1?os=Android&t=70701&z=R5K-RKZ-896Z&ts=1787569811,type,meta,JSON_Payload
REQ-0030,in1.clevertap-prod.com,/a1?os=Android&t=70701&z=R5K-RKZ-896Z&ts=1787569811,af_Build,1521160600,JSON_Payload
REQ-0030,in1.clevertap-prod.com,/a1?os=Android&t=70701&z=R5K-RKZ-896Z&ts=1787569811,af_Version,16.06.00,JSON_Payload
REQ-0030,in1.clevertap-prod.com,/a1?os=Android&t=70701&z=R5K-RKZ-896Z&ts=1787569811,af_OS Version,16,JSON_Payload
REQ-0030,in1.clevertap-prod.com,/a1?os=Android&t=70701&z=R5K-RKZ-896Z&ts=1787569811,af_SDK Version,70701,JSON_Payload
REQ-0030,in1.clevertap-prod.com,/a1?os=Android&t=70701&z=R5K-RKZ-896Z&ts=1787569811,af_Make,Google,JSON_Payload
REQ-0030,in1.clevertap-prod.com,/a1?os=Android&t=70701&z=R5K-RKZ-896Z&ts=1787569811,af_Model,Pixel 6a,JSON_Payload
REQ-0030,in1.clevertap-prod.com,/a1?os=Android&t=70701&z=R5K-RKZ-896Z&ts=1787569811,af_Carrier,,JSON_Payload
REQ-0030,in1.clevertap-prod.com,/a1?os=Android&t=70701&z=R5K-RKZ-896Z&ts=1787569811,af_useIP,True,JSON_Payload
REQ-0030,in1.clevertap-prod.com,/a1?os=Android&t=70701&z=R5K-RKZ-896Z&ts=1787569811,af_OS,Android,JSON_Payload
REQ-0030,in1.clevertap-prod.com,/a1?os=Android&t=70701&z=R5K-RKZ-896Z&ts=1787569811,af_wdt,2.2,JSON_Payload
REQ-0030,in1.clevertap-prod.com,/a1?os=Android&t=70701&z=R5K-RKZ-896Z&ts=1787569811,af_hgt,5.12,JSON_Payload
REQ-0030,in1.clevertap-prod.com,/a1?os=Android&t=70701&z=R5K-RKZ-896Z&ts=1787569811,af_dpi,420,JSON_Payload
REQ-0030,in1.clevertap-prod.com,/a1?os=Android&t=70701&z=R5K-RKZ-896Z&ts=1787569811,af_dt,1,JSON_Payload
REQ-0030,in1.clevertap-prod.com,/a1?os=Android&t=70701&z=R5K-RKZ-896Z&ts=1787569811,af_locale,en_US,JSON_Payload
REQ-0030,in1.clevertap-prod.com,/a1?os=Android&t=70701&z=R5K-RKZ-896Z&ts=1787569811,af_abckt,working_set,JSON_Payload
REQ-0030,in1.clevertap-prod.com,/a1?os=Android&t=70701&z=R5K-RKZ-896Z&ts=1787569811,af_wifi,True,JSON_Payload
REQ-0030,in1.clevertap-prod.com,/a1?os=Android&t=70701&z=R5K-RKZ-896Z&ts=1787569811,af_BluetoothVersion,ble,JSON_Payload
REQ-0030,in1.clevertap-prod.com,/a1?os=Android&t=70701&z=R5K-RKZ-896Z&ts=1787569811,af_Radio,Unknown,JSON_Payload
REQ-0030,in1.clevertap-prod.com,/a1?os=Android&t=70701&z=R5K-RKZ-896Z&ts=1787569811,af_LIAMC,0,JSON_Payload
REQ-0030,in1.clevertap-prod.com,/a1?os=Android&t=70701&z=R5K-RKZ-896Z&ts=1787569811,id,R5K-RKZ-896Z,JSON_Payload
REQ-0030,in1.clevertap-prod.com,/a1?os=Android&t=70701&z=R5K-RKZ-896Z&ts=1787569811,tk,132-352,JSON_Payload
REQ-0030,in1.clevertap-prod.com,/a1?os=Android&t=70701&z=R5K-RKZ-896Z&ts=1787569811,l_ts,1787569808,JSON_Payload
REQ-0030,in1.clevertap-prod.com,/a1?os=Android&t=70701&z=R5K-RKZ-896Z&ts=1787569811,f_ts,1786488847,JSON_Payload
REQ-0030,in1.clevertap-prod.com,/a1?os=Android&t=70701&z=R5K-RKZ-896Z&ts=1787569811,ct_pi,"Email,Identity",JSON_Payload
REQ-0030,in1.clevertap-prod.com,/a1?os=Android&t=70701&z=R5K-RKZ-896Z&ts=1787569811,ddnd,False,JSON_Payload
REQ-0030,in1.clevertap-prod.com,/a1?os=Android&t=70701&z=R5K-RKZ-896Z&ts=1787569811,rtl,[],JSON_Payload
REQ-0030,in1.clevertap-prod.com,/a1?os=Android&t=70701&z=R5K-RKZ-896Z&ts=1787569811,rct,0,JSON_Payload
REQ-0030,in1.clevertap-prod.com,/a1?os=Android&t=70701&z=R5K-RKZ-896Z&ts=1787569811,ait,0,JSON_Payload
REQ-0030,in1.clevertap-prod.com,/a1?os=Android&t=70701&z=R5K-RKZ-896Z&ts=1787569811,frs,False,JSON_Payload
REQ-0030,in1.clevertap-prod.com,/a1?os=Android&t=70701&z=R5K-RKZ-896Z&ts=1787569811,arp_d_ts,1787502944,JSON_Payload
REQ-0030,in1.clevertap-prod.com,/a1?os=Android&t=70701&z=R5K-RKZ-896Z&ts=1787569811,arp_dh,-1674025388,JSON_Payload
REQ-0030,in1.clevertap-prod.com,/a1?os=Android&t=70701&z=R5K-RKZ-896Z&ts=1787569811,arp_hgt,5,JSON_Payload
REQ-0030,in1.clevertap-prod.com,/a1?os=Android&t=70701&z=R5K-RKZ-896Z&ts=1787569811,arp_av,16.06.00,JSON_Payload
REQ-0030,in1.clevertap-prod.com,/a1?os=Android&t=70701&z=R5K-RKZ-896Z&ts=1787569811,arp_v,2,JSON_Payload
REQ-0030,in1.clevertap-prod.com,/a1?os=Android&t=70701&z=R5K-RKZ-896Z&ts=1787569811,arp_wdt,2,JSON_Payload
REQ-0030,in1.clevertap-prod.com,/a1?os=Android&t=70701&z=R5K-RKZ-896Z&ts=1787569811,arp_j_n,Zw==,JSON_Payload
REQ-0030,in1.clevertap-prod.com,/a1?os=Android&t=70701&z=R5K-RKZ-896Z&ts=1787569811,arp_i_n,b2lnegACBwBk,JSON_Payload
REQ-0030,in1.clevertap-prod.com,/a1?os=Android&t=70701&z=R5K-RKZ-896Z&ts=1787569811,arp_r_ts,1787569807,JSON_Payload
REQ-0030,in1.clevertap-prod.com,/a1?os=Android&t=70701&z=R5K-RKZ-896Z&ts=1787569811,arp_id,R5K-RKZ-896Z,JSON_Payload
REQ-0030,in1.clevertap-prod.com,/a1?os=Android&t=70701&z=R5K-RKZ-896Z&ts=1787569811,arp_j_s,{},JSON_Payload
REQ-0030,in1.clevertap-prod.com,/a1?os=Android&t=70701&z=R5K-RKZ-896Z&ts=1787569811,imp,0,JSON_Payload
REQ-0030,in1.clevertap-prod.com,/a1?os=Android&t=70701&z=R5K-RKZ-896Z&ts=1787569811,tlc,[],JSON_Payload
REQ-0031,in1.clevertap-prod.com,/a1?os=Android&t=70701&z=R5K-RKZ-896Z&ts=1787569811,profile_ct_optout,False,JSON_Payload
REQ-0031,in1.clevertap-prod.com,/a1?os=Android&t=70701&z=R5K-RKZ-896Z&ts=1787569811,profile_ct_allow_sys_events_and_communication,True,JSON_Payload
REQ-0031,in1.clevertap-prod.com,/a1?os=Android&t=70701&z=R5K-RKZ-896Z&ts=1787569811,profile_tz,Asia/Kolkata,JSON_Payload
REQ-0031,in1.clevertap-prod.com,/a1?os=Android&t=70701&z=R5K-RKZ-896Z&ts=1787569811,s,1787564266,JSON_Payload
REQ-0031,in1.clevertap-prod.com,/a1?os=Android&t=70701&z=R5K-RKZ-896Z&ts=1787569811,pg,5,JSON_Payload
REQ-0031,in1.clevertap-prod.com,/a1?os=Android&t=70701&z=R5K-RKZ-896Z&ts=1787569811,type,profile,JSON_Payload
REQ-0031,in1.clevertap-prod.com,/a1?os=Android&t=70701&z=R5K-RKZ-896Z&ts=1787569811,ep,1787569810,JSON_Payload
REQ-0031,in1.clevertap-prod.com,/a1?os=Android&t=70701&z=R5K-RKZ-896Z&ts=1787569811,f,False,JSON_Payload
REQ-0031,in1.clevertap-prod.com,/a1?os=Android&t=70701&z=R5K-RKZ-896Z&ts=1787569811,lsl,-1012676,JSON_Payload
REQ-0031,in1.clevertap-prod.com,/a1?os=Android&t=70701&z=R5K-RKZ-896Z&ts=1787569811,dsync,True,JSON_Payload
REQ-0032,in1.clevertap-prod.com,/a1?os=Android&t=70701&z=R5K-RKZ-896Z&ts=1787569811,profile_ct_optout,False,JSON_Payload
REQ-0032,in1.clevertap-prod.com,/a1?os=Android&t=70701&z=R5K-RKZ-896Z&ts=1787569811,profile_ct_allow_sys_events_and_communication,True,JSON_Payload
REQ-0032,in1.clevertap-prod.com,/a1?os=Android&t=70701&z=R5K-RKZ-896Z&ts=1787569811,profile_tz,Asia/Kolkata,JSON_Payload
REQ-0032,in1.clevertap-prod.com,/a1?os=Android&t=70701&z=R5K-RKZ-896Z&ts=1787569811,s,1787564266,JSON_Payload
REQ-0032,in1.clevertap-prod.com,/a1?os=Android&t=70701&z=R5K-RKZ-896Z&ts=1787569811,pg,6,JSON_Payload
REQ-0032,in1.clevertap-prod.com,/a1?os=Android&t=70701&z=R5K-RKZ-896Z&ts=1787569811,type,profile,JSON_Payload
REQ-0032,in1.clevertap-prod.com,/a1?os=Android&t=70701&z=R5K-RKZ-896Z&ts=1787569811,ep,1787569810,JSON_Payload
REQ-0032,in1.clevertap-prod.com,/a1?os=Android&t=70701&z=R5K-RKZ-896Z&ts=1787569811,f,False,JSON_Payload
REQ-0032,in1.clevertap-prod.com,/a1?os=Android&t=70701&z=R5K-RKZ-896Z&ts=1787569811,lsl,-1012676,JSON_Payload
REQ-0032,in1.clevertap-prod.com,/a1?os=Android&t=70701&z=R5K-RKZ-896Z&ts=1787569811,dsync,True,JSON_Payload
REQ-0033,in1.clevertap-prod.com,/a1?os=Android&t=70701&z=R5K-RKZ-896Z&ts=1787569811,profile_ct_optout,False,JSON_Payload
REQ-0033,in1.clevertap-prod.com,/a1?os=Android&t=70701&z=R5K-RKZ-896Z&ts=1787569811,profile_ct_allow_sys_events_and_communication,True,JSON_Payload
REQ-0033,in1.clevertap-prod.com,/a1?os=Android&t=70701&z=R5K-RKZ-896Z&ts=1787569811,profile_tz,Asia/Kolkata,JSON_Payload
REQ-0033,in1.clevertap-prod.com,/a1?os=Android&t=70701&z=R5K-RKZ-896Z&ts=1787569811,s,1787564266,JSON_Payload
REQ-0033,in1.clevertap-prod.com,/a1?os=Android&t=70701&z=R5K-RKZ-896Z&ts=1787569811,pg,6,JSON_Payload
REQ-0033,in1.clevertap-prod.com,/a1?os=Android&t=70701&z=R5K-RKZ-896Z&ts=1787569811,type,profile,JSON_Payload
REQ-0033,in1.clevertap-prod.com,/a1?os=Android&t=70701&z=R5K-RKZ-896Z&ts=1787569811,ep,1787569810,JSON_Payload
REQ-0033,in1.clevertap-prod.com,/a1?os=Android&t=70701&z=R5K-RKZ-896Z&ts=1787569811,f,False,JSON_Payload
REQ-0033,in1.clevertap-prod.com,/a1?os=Android&t=70701&z=R5K-RKZ-896Z&ts=1787569811,lsl,-1012676,JSON_Payload
REQ-0033,in1.clevertap-prod.com,/a1?os=Android&t=70701&z=R5K-RKZ-896Z&ts=1787569811,dsync,True,JSON_Payload
REQ-0034,in1.clevertap-prod.com,/a1?os=Android&t=70701&z=R5K-RKZ-896Z&ts=1787569811,profile_ct_optout,False,JSON_Payload
REQ-0034,in1.clevertap-prod.com,/a1?os=Android&t=70701&z=R5K-RKZ-896Z&ts=1787569811,profile_ct_allow_sys_events_and_communication,True,JSON_Payload
REQ-0034,in1.clevertap-prod.com,/a1?os=Android&t=70701&z=R5K-RKZ-896Z&ts=1787569811,profile_tz,Asia/Kolkata,JSON_Payload
REQ-0034,in1.clevertap-prod.com,/a1?os=Android&t=70701&z=R5K-RKZ-896Z&ts=1787569811,s,1787564266,JSON_Payload
REQ-0034,in1.clevertap-prod.com,/a1?os=Android&t=70701&z=R5K-RKZ-896Z&ts=1787569811,pg,6,JSON_Payload
REQ-0034,in1.clevertap-prod.com,/a1?os=Android&t=70701&z=R5K-RKZ-896Z&ts=1787569811,type,profile,JSON_Payload
REQ-0034,in1.clevertap-prod.com,/a1?os=Android&t=70701&z=R5K-RKZ-896Z&ts=1787569811,ep,1787569810,JSON_Payload
REQ-0034,in1.clevertap-prod.com,/a1?os=Android&t=70701&z=R5K-RKZ-896Z&ts=1787569811,f,False,JSON_Payload
REQ-0034,in1.clevertap-prod.com,/a1?os=Android&t=70701&z=R5K-RKZ-896Z&ts=1787569811,lsl,-1012676,JSON_Payload
REQ-0034,in1.clevertap-prod.com,/a1?os=Android&t=70701&z=R5K-RKZ-896Z&ts=1787569811,dsync,True,JSON_Payload
REQ-0035,mdtb-cf-1.ads.aps.amazon-adsystem.com,/e/msdk/ads,sz,300x250,JSON_Payload
REQ-0035,mdtb-cf-1.ads.aps.amazon-adsystem.com,/e/msdk/ads,slot,d70b4f1b-478d-4623-ba4c-793cc08facb4,JSON_Payload
REQ-0035,mdtb-cf-1.ads.aps.amazon-adsystem.com,/e/msdk/ads,slotId,1,JSON_Payload
REQ-0035,mdtb-cf-1.ads.aps.amazon-adsystem.com,/e/msdk/ads,supportedMediaTypes,['DISPLAY'],JSON_Payload
REQ-0036,mdtb-cf-1.ads.aps.amazon-adsystem.com,/e/msdk/ads,sz,300x250,JSON_Payload
REQ-0036,mdtb-cf-1.ads.aps.amazon-adsystem.com,/e/msdk/ads,slot,d70b4f1b-478d-4623-ba4c-793cc08facb4,JSON_Payload
REQ-0036,mdtb-cf-1.ads.aps.amazon-adsystem.com,/e/msdk/ads,slotId,1,JSON_Payload
REQ-0036,mdtb-cf-1.ads.aps.amazon-adsystem.com,/e/msdk/ads,supportedMediaTypes,['DISPLAY'],JSON_Payload
REQ-0037,mdtb-cf-1.ads.aps.amazon-adsystem.com,/e/msdk/ads,sz,300x250,JSON_Payload
REQ-0037,mdtb-cf-1.ads.aps.amazon-adsystem.com,/e/msdk/ads,slot,d70b4f1b-478d-4623-ba4c-793cc08facb4,JSON_Payload
REQ-0037,mdtb-cf-1.ads.aps.amazon-adsystem.com,/e/msdk/ads,slotId,1,JSON_Payload
REQ-0037,mdtb-cf-1.ads.aps.amazon-adsystem.com,/e/msdk/ads,supportedMediaTypes,['DISPLAY'],JSON_Payload
REQ-0038,mdtb-cf-1.ads.aps.amazon-adsystem.com,/e/msdk/ads,sz,300x250,JSON_Payload
REQ-0038,mdtb-cf-1.ads.aps.amazon-adsystem.com,/e/msdk/ads,slot,d70b4f1b-478d-4623-ba4c-793cc08facb4,JSON_Payload
REQ-0038,mdtb-cf-1.ads.aps.amazon-adsystem.com,/e/msdk/ads,slotId,1,JSON_Payload
REQ-0038,mdtb-cf-1.ads.aps.amazon-adsystem.com,/e/msdk/ads,supportedMediaTypes,['DISPLAY'],JSON_Payload
REQ-0039,mdtb-cf-1.ads.aps.amazon-adsystem.com,/e/msdk/ads,sz,300x250,JSON_Payload
REQ-0039,mdtb-cf-1.ads.aps.amazon-adsystem.com,/e/msdk/ads,slot,d70b4f1b-478d-4623-ba4c-793cc08facb4,JSON_Payload
REQ-0039,mdtb-cf-1.ads.aps.amazon-adsystem.com,/e/msdk/ads,slotId,1,JSON_Payload
REQ-0039,mdtb-cf-1.ads.aps.amazon-adsystem.com,/e/msdk/ads,supportedMediaTypes,['DISPLAY'],JSON_Payload
REQ-0040,mdtb-cf-1.ads.aps.amazon-adsystem.com,/e/msdk/ads,sz,300x250,JSON_Payload
REQ-0040,mdtb-cf-1.ads.aps.amazon-adsystem.com,/e/msdk/ads,slot,d70b4f1b-478d-4623-ba4c-793cc08facb4,JSON_Payload
REQ-0040,mdtb-cf-1.ads.aps.amazon-adsystem.com,/e/msdk/ads,slotId,1,JSON_Payload
REQ-0040,mdtb-cf-1.ads.aps.amazon-adsystem.com,/e/msdk/ads,supportedMediaTypes,['DISPLAY'],JSON_Payload
REQ-0041,mdtb-cf-1.ads.aps.amazon-adsystem.com,/e/msdk/ads,sz,300x250,JSON_Payload
REQ-0041,mdtb-cf-1.ads.aps.amazon-adsystem.com,/e/msdk/ads,slot,d70b4f1b-478d-4623-ba4c-793cc08facb4,JSON_Payload
REQ-0041,mdtb-cf-1.ads.aps.amazon-adsystem.com,/e/msdk/ads,slotId,1,JSON_Payload
REQ-0041,mdtb-cf-1.ads.aps.amazon-adsystem.com,/e/msdk/ads,supportedMediaTypes,['DISPLAY'],JSON_Payload
REQ-0042,mdtb-cf-1.ads.aps.amazon-adsystem.com,/e/msdk/ads,sz,300x250,JSON_Payload
REQ-0042,mdtb-cf-1.ads.aps.amazon-adsystem.com,/e/msdk/ads,slot,d70b4f1b-478d-4623-ba4c-793cc08facb4,JSON_Payload
REQ-0042,mdtb-cf-1.ads.aps.amazon-adsystem.com,/e/msdk/ads,slotId,1,JSON_Payload
REQ-0042,mdtb-cf-1.ads.aps.amazon-adsystem.com,/e/msdk/ads,supportedMediaTypes,['DISPLAY'],JSON_Payload
REQ-0043,in1.clevertap-prod.com,/a1?os=Android&t=70701&z=R5K-RKZ-896Z&ts=1787569815,g,__0856d2d8ec9b4efda8dbf443a0129fc4,JSON_Payload
REQ-0043,in1.clevertap-prod.com,/a1?os=Android&t=70701&z=R5K-RKZ-896Z&ts=1787569815,type,meta,JSON_Payload
REQ-0043,in1.clevertap-prod.com,/a1?os=Android&t=70701&z=R5K-RKZ-896Z&ts=1787569815,af_Build,1521160600,JSON_Payload
REQ-0043,in1.clevertap-prod.com,/a1?os=Android&t=70701&z=R5K-RKZ-896Z&ts=1787569815,af_Version,16.06.00,JSON_Payload
REQ-0043,in1.clevertap-prod.com,/a1?os=Android&t=70701&z=R5K-RKZ-896Z&ts=1787569815,af_OS Version,16,JSON_Payload
REQ-0043,in1.clevertap-prod.com,/a1?os=Android&t=70701&z=R5K-RKZ-896Z&ts=1787569815,af_SDK Version,70701,JSON_Payload
REQ-0043,in1.clevertap-prod.com,/a1?os=Android&t=70701&z=R5K-RKZ-896Z&ts=1787569815,af_Make,Google,JSON_Payload
REQ-0043,in1.clevertap-prod.com,/a1?os=Android&t=70701&z=R5K-RKZ-896Z&ts=1787569815,af_Model,Pixel 6a,JSON_Payload
REQ-0043,in1.clevertap-prod.com,/a1?os=Android&t=70701&z=R5K-RKZ-896Z&ts=1787569815,af_Carrier,,JSON_Payload
REQ-0043,in1.clevertap-prod.com,/a1?os=Android&t=70701&z=R5K-RKZ-896Z&ts=1787569815,af_useIP,True,JSON_Payload
REQ-0043,in1.clevertap-prod.com,/a1?os=Android&t=70701&z=R5K-RKZ-896Z&ts=1787569815,af_OS,Android,JSON_Payload
REQ-0043,in1.clevertap-prod.com,/a1?os=Android&t=70701&z=R5K-RKZ-896Z&ts=1787569815,af_wdt,2.2,JSON_Payload
REQ-0043,in1.clevertap-prod.com,/a1?os=Android&t=70701&z=R5K-RKZ-896Z&ts=1787569815,af_hgt,5.12,JSON_Payload
REQ-0043,in1.clevertap-prod.com,/a1?os=Android&t=70701&z=R5K-RKZ-896Z&ts=1787569815,af_dpi,420,JSON_Payload
REQ-0043,in1.clevertap-prod.com,/a1?os=Android&t=70701&z=R5K-RKZ-896Z&ts=1787569815,af_dt,1,JSON_Payload
REQ-0043,in1.clevertap-prod.com,/a1?os=Android&t=70701&z=R5K-RKZ-896Z&ts=1787569815,af_locale,en_US,JSON_Payload
REQ-0043,in1.clevertap-prod.com,/a1?os=Android&t=70701&z=R5K-RKZ-896Z&ts=1787569815,af_abckt,working_set,JSON_Payload
REQ-0043,in1.clevertap-prod.com,/a1?os=Android&t=70701&z=R5K-RKZ-896Z&ts=1787569815,af_wifi,True,JSON_Payload
REQ-0043,in1.clevertap-prod.com,/a1?os=Android&t=70701&z=R5K-RKZ-896Z&ts=1787569815,af_BluetoothVersion,ble,JSON_Payload
REQ-0043,in1.clevertap-prod.com,/a1?os=Android&t=70701&z=R5K-RKZ-896Z&ts=1787569815,af_Radio,Unknown,JSON_Payload
REQ-0043,in1.clevertap-prod.com,/a1?os=Android&t=70701&z=R5K-RKZ-896Z&ts=1787569815,af_LIAMC,0,JSON_Payload
REQ-0043,in1.clevertap-prod.com,/a1?os=Android&t=70701&z=R5K-RKZ-896Z&ts=1787569815,id,R5K-RKZ-896Z,JSON_Payload
REQ-0043,in1.clevertap-prod.com,/a1?os=Android&t=70701&z=R5K-RKZ-896Z&ts=1787569815,tk,132-352,JSON_Payload
REQ-0043,in1.clevertap-prod.com,/a1?os=Android&t=70701&z=R5K-RKZ-896Z&ts=1787569815,l_ts,1787569811,JSON_Payload
REQ-0043,in1.clevertap-prod.com,/a1?os=Android&t=70701&z=R5K-RKZ-896Z&ts=1787569815,f_ts,1786488847,JSON_Payload
REQ-0043,in1.clevertap-prod.com,/a1?os=Android&t=70701&z=R5K-RKZ-896Z&ts=1787569815,ct_pi,"Email,Identity",JSON_Payload
REQ-0043,in1.clevertap-prod.com,/a1?os=Android&t=70701&z=R5K-RKZ-896Z&ts=1787569815,ddnd,False,JSON_Payload
REQ-0043,in1.clevertap-prod.com,/a1?os=Android&t=70701&z=R5K-RKZ-896Z&ts=1787569815,rtl,[],JSON_Payload
REQ-0043,in1.clevertap-prod.com,/a1?os=Android&t=70701&z=R5K-RKZ-896Z&ts=1787569815,rct,0,JSON_Payload
REQ-0043,in1.clevertap-prod.com,/a1?os=Android&t=70701&z=R5K-RKZ-896Z&ts=1787569815,ait,0,JSON_Payload
REQ-0043,in1.clevertap-prod.com,/a1?os=Android&t=70701&z=R5K-RKZ-896Z&ts=1787569815,frs,False,JSON_Payload
REQ-0043,in1.clevertap-prod.com,/a1?os=Android&t=70701&z=R5K-RKZ-896Z&ts=1787569815,arp_d_ts,1787502944,JSON_Payload
REQ-0043,in1.clevertap-prod.com,/a1?os=Android&t=70701&z=R5K-RKZ-896Z&ts=1787569815,arp_dh,-1674025388,JSON_Payload
REQ-0043,in1.clevertap-prod.com,/a1?os=Android&t=70701&z=R5K-RKZ-896Z&ts=1787569815,arp_hgt,5,JSON_Payload
REQ-0043,in1.clevertap-prod.com,/a1?os=Android&t=70701&z=R5K-RKZ-896Z&ts=1787569815,arp_av,16.06.00,JSON_Payload
REQ-0043,in1.clevertap-prod.com,/a1?os=Android&t=70701&z=R5K-RKZ-896Z&ts=1787569815,arp_v,2,JSON_Payload
REQ-0043,in1.clevertap-prod.com,/a1?os=Android&t=70701&z=R5K-RKZ-896Z&ts=1787569815,arp_wdt,2,JSON_Payload
REQ-0043,in1.clevertap-prod.com,/a1?os=Android&t=70701&z=R5K-RKZ-896Z&ts=1787569815,arp_j_n,Zw==,JSON_Payload
REQ-0043,in1.clevertap-prod.com,/a1?os=Android&t=70701&z=R5K-RKZ-896Z&ts=1787569815,arp_i_n,b2lnegACBwBk,JSON_Payload
REQ-0043,in1.clevertap-prod.com,/a1?os=Android&t=70701&z=R5K-RKZ-896Z&ts=1787569815,arp_r_ts,1787569810,JSON_Payload
REQ-0043,in1.clevertap-prod.com,/a1?os=Android&t=70701&z=R5K-RKZ-896Z&ts=1787569815,arp_id,R5K-RKZ-896Z,JSON_Payload
REQ-0043,in1.clevertap-prod.com,/a1?os=Android&t=70701&z=R5K-RKZ-896Z&ts=1787569815,arp_j_s,{},JSON_Payload
REQ-0043,in1.clevertap-prod.com,/a1?os=Android&t=70701&z=R5K-RKZ-896Z&ts=1787569815,imp,0,JSON_Payload
REQ-0043,in1.clevertap-prod.com,/a1?os=Android&t=70701&z=R5K-RKZ-896Z&ts=1787569815,tlc,[],JSON_Payload
REQ-0044,in1.clevertap-prod.com,/a1?os=Android&t=70701&z=R5K-RKZ-896Z&ts=1787569815,profile_ct_optout,False,JSON_Payload
REQ-0044,in1.clevertap-prod.com,/a1?os=Android&t=70701&z=R5K-RKZ-896Z&ts=1787569815,profile_ct_allow_sys_events_and_communication,True,JSON_Payload
REQ-0044,in1.clevertap-prod.com,/a1?os=Android&t=70701&z=R5K-RKZ-896Z&ts=1787569815,profile_tz,Asia/Kolkata,JSON_Payload
REQ-0044,in1.clevertap-prod.com,/a1?os=Android&t=70701&z=R5K-RKZ-896Z&ts=1787569815,s,1787564266,JSON_Payload
REQ-0044,in1.clevertap-prod.com,/a1?os=Android&t=70701&z=R5K-RKZ-896Z&ts=1787569815,pg,6,JSON_Payload
REQ-0044,in1.clevertap-prod.com,/a1?os=Android&t=70701&z=R5K-RKZ-896Z&ts=1787569815,type,profile,JSON_Payload
REQ-0044,in1.clevertap-prod.com,/a1?os=Android&t=70701&z=R5K-RKZ-896Z&ts=1787569815,ep,1787569814,JSON_Payload
REQ-0044,in1.clevertap-prod.com,/a1?os=Android&t=70701&z=R5K-RKZ-896Z&ts=1787569815,f,False,JSON_Payload
REQ-0044,in1.clevertap-prod.com,/a1?os=Android&t=70701&z=R5K-RKZ-896Z&ts=1787569815,lsl,-1012676,JSON_Payload
REQ-0044,in1.clevertap-prod.com,/a1?os=Android&t=70701&z=R5K-RKZ-896Z&ts=1787569815,dsync,True,JSON_Payload
REQ-0045,mdtb-cf-1.ads.aps.amazon-adsystem.com,/e/msdk/ads,sz,300x250,JSON_Payload
REQ-0045,mdtb-cf-1.ads.aps.amazon-adsystem.com,/e/msdk/ads,slot,d70b4f1b-478d-4623-ba4c-793cc08facb4,JSON_Payload
REQ-0045,mdtb-cf-1.ads.aps.amazon-adsystem.com,/e/msdk/ads,slotId,1,JSON_Payload
REQ-0045,mdtb-cf-1.ads.aps.amazon-adsystem.com,/e/msdk/ads,supportedMediaTypes,['DISPLAY'],JSON_Payload
REQ-0046,in1.clevertap-prod.com,/a1?os=Android&t=70701&z=R5K-RKZ-896Z&ts=1787569818,g,__0856d2d8ec9b4efda8dbf443a0129fc4,JSON_Payload
REQ-0046,in1.clevertap-prod.com,/a1?os=Android&t=70701&z=R5K-RKZ-896Z&ts=1787569818,type,meta,JSON_Payload
REQ-0046,in1.clevertap-prod.com,/a1?os=Android&t=70701&z=R5K-RKZ-896Z&ts=1787569818,af_Build,1521160600,JSON_Payload
REQ-0046,in1.clevertap-prod.com,/a1?os=Android&t=70701&z=R5K-RKZ-896Z&ts=1787569818,af_Version,16.06.00,JSON_Payload
REQ-0046,in1.clevertap-prod.com,/a1?os=Android&t=70701&z=R5K-RKZ-896Z&ts=1787569818,af_OS Version,16,JSON_Payload
REQ-0046,in1.clevertap-prod.com,/a1?os=Android&t=70701&z=R5K-RKZ-896Z&ts=1787569818,af_SDK Version,70701,JSON_Payload
REQ-0046,in1.clevertap-prod.com,/a1?os=Android&t=70701&z=R5K-RKZ-896Z&ts=1787569818,af_Make,Google,JSON_Payload
REQ-0046,in1.clevertap-prod.com,/a1?os=Android&t=70701&z=R5K-RKZ-896Z&ts=1787569818,af_Model,Pixel 6a,JSON_Payload
REQ-0046,in1.clevertap-prod.com,/a1?os=Android&t=70701&z=R5K-RKZ-896Z&ts=1787569818,af_Carrier,,JSON_Payload
REQ-0046,in1.clevertap-prod.com,/a1?os=Android&t=70701&z=R5K-RKZ-896Z&ts=1787569818,af_useIP,True,JSON_Payload
REQ-0046,in1.clevertap-prod.com,/a1?os=Android&t=70701&z=R5K-RKZ-896Z&ts=1787569818,af_OS,Android,JSON_Payload
REQ-0046,in1.clevertap-prod.com,/a1?os=Android&t=70701&z=R5K-RKZ-896Z&ts=1787569818,af_wdt,2.2,JSON_Payload
REQ-0046,in1.clevertap-prod.com,/a1?os=Android&t=70701&z=R5K-RKZ-896Z&ts=1787569818,af_hgt,5.12,JSON_Payload
REQ-0046,in1.clevertap-prod.com,/a1?os=Android&t=70701&z=R5K-RKZ-896Z&ts=1787569818,af_dpi,420,JSON_Payload
REQ-0046,in1.clevertap-prod.com,/a1?os=Android&t=70701&z=R5K-RKZ-896Z&ts=1787569818,af_dt,1,JSON_Payload
REQ-0046,in1.clevertap-prod.com,/a1?os=Android&t=70701&z=R5K-RKZ-896Z&ts=1787569818,af_locale,en_US,JSON_Payload
REQ-0046,in1.clevertap-prod.com,/a1?os=Android&t=70701&z=R5K-RKZ-896Z&ts=1787569818,af_abckt,working_set,JSON_Payload
REQ-0046,in1.clevertap-prod.com,/a1?os=Android&t=70701&z=R5K-RKZ-896Z&ts=1787569818,af_wifi,True,JSON_Payload
REQ-0046,in1.clevertap-prod.com,/a1?os=Android&t=70701&z=R5K-RKZ-896Z&ts=1787569818,af_BluetoothVersion,ble,JSON_Payload
REQ-0046,in1.clevertap-prod.com,/a1?os=Android&t=70701&z=R5K-RKZ-896Z&ts=1787569818,af_Radio,Unknown,JSON_Payload
REQ-0046,in1.clevertap-prod.com,/a1?os=Android&t=70701&z=R5K-RKZ-896Z&ts=1787569818,af_LIAMC,0,JSON_Payload
REQ-0046,in1.clevertap-prod.com,/a1?os=Android&t=70701&z=R5K-RKZ-896Z&ts=1787569818,id,R5K-RKZ-896Z,JSON_Payload
REQ-0046,in1.clevertap-prod.com,/a1?os=Android&t=70701&z=R5K-RKZ-896Z&ts=1787569818,tk,132-352,JSON_Payload
REQ-0046,in1.clevertap-prod.com,/a1?os=Android&t=70701&z=R5K-RKZ-896Z&ts=1787569818,l_ts,1787569815,JSON_Payload
REQ-0046,in1.clevertap-prod.com,/a1?os=Android&t=70701&z=R5K-RKZ-896Z&ts=1787569818,f_ts,1786488847,JSON_Payload
REQ-0046,in1.clevertap-prod.com,/a1?os=Android&t=70701&z=R5K-RKZ-896Z&ts=1787569818,ct_pi,"Email,Identity",JSON_Payload
REQ-0046,in1.clevertap-prod.com,/a1?os=Android&t=70701&z=R5K-RKZ-896Z&ts=1787569818,ddnd,False,JSON_Payload
REQ-0046,in1.clevertap-prod.com,/a1?os=Android&t=70701&z=R5K-RKZ-896Z&ts=1787569818,rtl,[],JSON_Payload
REQ-0046,in1.clevertap-prod.com,/a1?os=Android&t=70701&z=R5K-RKZ-896Z&ts=1787569818,rct,0,JSON_Payload
REQ-0046,in1.clevertap-prod.com,/a1?os=Android&t=70701&z=R5K-RKZ-896Z&ts=1787569818,ait,0,JSON_Payload
REQ-0046,in1.clevertap-prod.com,/a1?os=Android&t=70701&z=R5K-RKZ-896Z&ts=1787569818,frs,False,JSON_Payload
REQ-0046,in1.clevertap-prod.com,/a1?os=Android&t=70701&z=R5K-RKZ-896Z&ts=1787569818,arp_d_ts,1787502944,JSON_Payload
REQ-0046,in1.clevertap-prod.com,/a1?os=Android&t=70701&z=R5K-RKZ-896Z&ts=1787569818,arp_dh,-1674025388,JSON_Payload
REQ-0046,in1.clevertap-prod.com,/a1?os=Android&t=70701&z=R5K-RKZ-896Z&ts=1787569818,arp_hgt,5,JSON_Payload
REQ-0046,in1.clevertap-prod.com,/a1?os=Android&t=70701&z=R5K-RKZ-896Z&ts=1787569818,arp_av,16.06.00,JSON_Payload
REQ-0046,in1.clevertap-prod.com,/a1?os=Android&t=70701&z=R5K-RKZ-896Z&ts=1787569818,arp_v,2,JSON_Payload
REQ-0046,in1.clevertap-prod.com,/a1?os=Android&t=70701&z=R5K-RKZ-896Z&ts=1787569818,arp_wdt,2,JSON_Payload
REQ-0046,in1.clevertap-prod.com,/a1?os=Android&t=70701&z=R5K-RKZ-896Z&ts=1787569818,arp_j_n,Zw==,JSON_Payload
REQ-0046,in1.clevertap-prod.com,/a1?os=Android&t=70701&z=R5K-RKZ-896Z&ts=1787569818,arp_i_n,b2lnegACBwBk,JSON_Payload
REQ-0046,in1.clevertap-prod.com,/a1?os=Android&t=70701&z=R5K-RKZ-896Z&ts=1787569818,arp_r_ts,1787569813,JSON_Payload
REQ-0046,in1.clevertap-prod.com,/a1?os=Android&t=70701&z=R5K-RKZ-896Z&ts=1787569818,arp_id,R5K-RKZ-896Z,JSON_Payload
REQ-0046,in1.clevertap-prod.com,/a1?os=Android&t=70701&z=R5K-RKZ-896Z&ts=1787569818,arp_j_s,{},JSON_Payload
REQ-0046,in1.clevertap-prod.com,/a1?os=Android&t=70701&z=R5K-RKZ-896Z&ts=1787569818,imp,0,JSON_Payload
REQ-0046,in1.clevertap-prod.com,/a1?os=Android&t=70701&z=R5K-RKZ-896Z&ts=1787569818,tlc,[],JSON_Payload
REQ-0047,in1.clevertap-prod.com,/a1?os=Android&t=70701&z=R5K-RKZ-896Z&ts=1787569818,profile_ct_optout,False,JSON_Payload
REQ-0047,in1.clevertap-prod.com,/a1?os=Android&t=70701&z=R5K-RKZ-896Z&ts=1787569818,profile_ct_allow_sys_events_and_communication,True,JSON_Payload
REQ-0047,in1.clevertap-prod.com,/a1?os=Android&t=70701&z=R5K-RKZ-896Z&ts=1787569818,profile_tz,Asia/Kolkata,JSON_Payload
REQ-0047,in1.clevertap-prod.com,/a1?os=Android&t=70701&z=R5K-RKZ-896Z&ts=1787569818,s,1787564266,JSON_Payload
REQ-0047,in1.clevertap-prod.com,/a1?os=Android&t=70701&z=R5K-RKZ-896Z&ts=1787569818,pg,7,JSON_Payload
REQ-0047,in1.clevertap-prod.com,/a1?os=Android&t=70701&z=R5K-RKZ-896Z&ts=1787569818,type,profile,JSON_Payload
REQ-0047,in1.clevertap-prod.com,/a1?os=Android&t=70701&z=R5K-RKZ-896Z&ts=1787569818,ep,1787569817,JSON_Payload
REQ-0047,in1.clevertap-prod.com,/a1?os=Android&t=70701&z=R5K-RKZ-896Z&ts=1787569818,f,False,JSON_Payload
REQ-0047,in1.clevertap-prod.com,/a1?os=Android&t=70701&z=R5K-RKZ-896Z&ts=1787569818,lsl,-1012676,JSON_Payload
REQ-0047,in1.clevertap-prod.com,/a1?os=Android&t=70701&z=R5K-RKZ-896Z&ts=1787569818,dsync,True,JSON_Payload
REQ-0048,in1.clevertap-prod.com,/a1?os=Android&t=70701&z=R5K-RKZ-896Z&ts=1787569820,g,__0856d2d8ec9b4efda8dbf443a0129fc4,JSON_Payload
REQ-0048,in1.clevertap-prod.com,/a1?os=Android&t=70701&z=R5K-RKZ-896Z&ts=1787569820,type,meta,JSON_Payload
REQ-0048,in1.clevertap-prod.com,/a1?os=Android&t=70701&z=R5K-RKZ-896Z&ts=1787569820,af_Build,1521160600,JSON_Payload
REQ-0048,in1.clevertap-prod.com,/a1?os=Android&t=70701&z=R5K-RKZ-896Z&ts=1787569820,af_Version,16.06.00,JSON_Payload
REQ-0048,in1.clevertap-prod.com,/a1?os=Android&t=70701&z=R5K-RKZ-896Z&ts=1787569820,af_OS Version,16,JSON_Payload
REQ-0048,in1.clevertap-prod.com,/a1?os=Android&t=70701&z=R5K-RKZ-896Z&ts=1787569820,af_SDK Version,70701,JSON_Payload
REQ-0048,in1.clevertap-prod.com,/a1?os=Android&t=70701&z=R5K-RKZ-896Z&ts=1787569820,af_Make,Google,JSON_Payload
REQ-0048,in1.clevertap-prod.com,/a1?os=Android&t=70701&z=R5K-RKZ-896Z&ts=1787569820,af_Model,Pixel 6a,JSON_Payload
REQ-0048,in1.clevertap-prod.com,/a1?os=Android&t=70701&z=R5K-RKZ-896Z&ts=1787569820,af_Carrier,,JSON_Payload
REQ-0048,in1.clevertap-prod.com,/a1?os=Android&t=70701&z=R5K-RKZ-896Z&ts=1787569820,af_useIP,True,JSON_Payload
REQ-0048,in1.clevertap-prod.com,/a1?os=Android&t=70701&z=R5K-RKZ-896Z&ts=1787569820,af_OS,Android,JSON_Payload
REQ-0048,in1.clevertap-prod.com,/a1?os=Android&t=70701&z=R5K-RKZ-896Z&ts=1787569820,af_wdt,2.2,JSON_Payload
REQ-0048,in1.clevertap-prod.com,/a1?os=Android&t=70701&z=R5K-RKZ-896Z&ts=1787569820,af_hgt,5.12,JSON_Payload
REQ-0048,in1.clevertap-prod.com,/a1?os=Android&t=70701&z=R5K-RKZ-896Z&ts=1787569820,af_dpi,420,JSON_Payload
REQ-0048,in1.clevertap-prod.com,/a1?os=Android&t=70701&z=R5K-RKZ-896Z&ts=1787569820,af_dt,1,JSON_Payload
REQ-0048,in1.clevertap-prod.com,/a1?os=Android&t=70701&z=R5K-RKZ-896Z&ts=1787569820,af_locale,en_US,JSON_Payload
REQ-0048,in1.clevertap-prod.com,/a1?os=Android&t=70701&z=R5K-RKZ-896Z&ts=1787569820,af_abckt,working_set,JSON_Payload
REQ-0048,in1.clevertap-prod.com,/a1?os=Android&t=70701&z=R5K-RKZ-896Z&ts=1787569820,af_wifi,True,JSON_Payload
REQ-0048,in1.clevertap-prod.com,/a1?os=Android&t=70701&z=R5K-RKZ-896Z&ts=1787569820,af_BluetoothVersion,ble,JSON_Payload
REQ-0048,in1.clevertap-prod.com,/a1?os=Android&t=70701&z=R5K-RKZ-896Z&ts=1787569820,af_Radio,Unknown,JSON_Payload
REQ-0048,in1.clevertap-prod.com,/a1?os=Android&t=70701&z=R5K-RKZ-896Z&ts=1787569820,af_LIAMC,0,JSON_Payload
REQ-0048,in1.clevertap-prod.com,/a1?os=Android&t=70701&z=R5K-RKZ-896Z&ts=1787569820,id,R5K-RKZ-896Z,JSON_Payload
REQ-0048,in1.clevertap-prod.com,/a1?os=Android&t=70701&z=R5K-RKZ-896Z&ts=1787569820,tk,132-352,JSON_Payload
REQ-0048,in1.clevertap-prod.com,/a1?os=Android&t=70701&z=R5K-RKZ-896Z&ts=1787569820,l_ts,1787569818,JSON_Payload
REQ-0048,in1.clevertap-prod.com,/a1?os=Android&t=70701&z=R5K-RKZ-896Z&ts=1787569820,f_ts,1786488847,JSON_Payload
REQ-0048,in1.clevertap-prod.com,/a1?os=Android&t=70701&z=R5K-RKZ-896Z&ts=1787569820,ct_pi,"Email,Identity",JSON_Payload
REQ-0048,in1.clevertap-prod.com,/a1?os=Android&t=70701&z=R5K-RKZ-896Z&ts=1787569820,ddnd,False,JSON_Payload
REQ-0048,in1.clevertap-prod.com,/a1?os=Android&t=70701&z=R5K-RKZ-896Z&ts=1787569820,rtl,[],JSON_Payload
REQ-0048,in1.clevertap-prod.com,/a1?os=Android&t=70701&z=R5K-RKZ-896Z&ts=1787569820,rct,0,JSON_Payload
REQ-0048,in1.clevertap-prod.com,/a1?os=Android&t=70701&z=R5K-RKZ-896Z&ts=1787569820,ait,0,JSON_Payload
REQ-0048,in1.clevertap-prod.com,/a1?os=Android&t=70701&z=R5K-RKZ-896Z&ts=1787569820,frs,False,JSON_Payload
REQ-0048,in1.clevertap-prod.com,/a1?os=Android&t=70701&z=R5K-RKZ-896Z&ts=1787569820,arp_d_ts,1787502944,JSON_Payload
REQ-0048,in1.clevertap-prod.com,/a1?os=Android&t=70701&z=R5K-RKZ-896Z&ts=1787569820,arp_dh,-1674025388,JSON_Payload
REQ-0048,in1.clevertap-prod.com,/a1?os=Android&t=70701&z=R5K-RKZ-896Z&ts=1787569820,arp_hgt,5,JSON_Payload
REQ-0048,in1.clevertap-prod.com,/a1?os=Android&t=70701&z=R5K-RKZ-896Z&ts=1787569820,arp_av,16.06.00,JSON_Payload
REQ-0048,in1.clevertap-prod.com,/a1?os=Android&t=70701&z=R5K-RKZ-896Z&ts=1787569820,arp_v,2,JSON_Payload
REQ-0048,in1.clevertap-prod.com,/a1?os=Android&t=70701&z=R5K-RKZ-896Z&ts=1787569820,arp_wdt,2,JSON_Payload
REQ-0048,in1.clevertap-prod.com,/a1?os=Android&t=70701&z=R5K-RKZ-896Z&ts=1787569820,arp_j_n,Zw==,JSON_Payload
REQ-0048,in1.clevertap-prod.com,/a1?os=Android&t=70701&z=R5K-RKZ-896Z&ts=1787569820,arp_i_n,b2lnegACBwBk,JSON_Payload
REQ-0048,in1.clevertap-prod.com,/a1?os=Android&t=70701&z=R5K-RKZ-896Z&ts=1787569820,arp_r_ts,1787569817,JSON_Payload
REQ-0048,in1.clevertap-prod.com,/a1?os=Android&t=70701&z=R5K-RKZ-896Z&ts=1787569820,arp_id,R5K-RKZ-896Z,JSON_Payload
REQ-0048,in1.clevertap-prod.com,/a1?os=Android&t=70701&z=R5K-RKZ-896Z&ts=1787569820,arp_j_s,{},JSON_Payload
REQ-0048,in1.clevertap-prod.com,/a1?os=Android&t=70701&z=R5K-RKZ-896Z&ts=1787569820,imp,0,JSON_Payload
REQ-0048,in1.clevertap-prod.com,/a1?os=Android&t=70701&z=R5K-RKZ-896Z&ts=1787569820,tlc,[],JSON_Payload
REQ-0048,in1.clevertap-prod.com,/a1?os=Android&t=70701&z=R5K-RKZ-896Z&ts=1787569820,inapps_eval,"[1787545449, 1787545478]",JSON_Payload
REQ-0049,in1.clevertap-prod.com,/a1?os=Android&t=70701&z=R5K-RKZ-896Z&ts=1787569820,profile_ct_optout,False,JSON_Payload
REQ-0049,in1.clevertap-prod.com,/a1?os=Android&t=70701&z=R5K-RKZ-896Z&ts=1787569820,profile_ct_allow_sys_events_and_communication,True,JSON_Payload
REQ-0049,in1.clevertap-prod.com,/a1?os=Android&t=70701&z=R5K-RKZ-896Z&ts=1787569820,profile_tz,Asia/Kolkata,JSON_Payload
REQ-0049,in1.clevertap-prod.com,/a1?os=Android&t=70701&z=R5K-RKZ-896Z&ts=1787569820,s,1787564266,JSON_Payload
REQ-0049,in1.clevertap-prod.com,/a1?os=Android&t=70701&z=R5K-RKZ-896Z&ts=1787569820,pg,8,JSON_Payload
REQ-0049,in1.clevertap-prod.com,/a1?os=Android&t=70701&z=R5K-RKZ-896Z&ts=1787569820,type,profile,JSON_Payload
REQ-0049,in1.clevertap-prod.com,/a1?os=Android&t=70701&z=R5K-RKZ-896Z&ts=1787569820,ep,1787569819,JSON_Payload
REQ-0049,in1.clevertap-prod.com,/a1?os=Android&t=70701&z=R5K-RKZ-896Z&ts=1787569820,f,False,JSON_Payload
REQ-0049,in1.clevertap-prod.com,/a1?os=Android&t=70701&z=R5K-RKZ-896Z&ts=1787569820,lsl,-1012676,JSON_Payload
REQ-0049,in1.clevertap-prod.com,/a1?os=Android&t=70701&z=R5K-RKZ-896Z&ts=1787569820,dsync,True,JSON_Payload
REQ-0050,in1.clevertap-prod.com,/a1?os=Android&t=70701&z=R5K-RKZ-896Z&ts=1787569820,evtName,Screen View,JSON_Payload
REQ-0050,in1.clevertap-prod.com,/a1?os=Android&t=70701&z=R5K-RKZ-896Z&ts=1787569820,evtData_Screen Name,home,JSON_Payload
REQ-0050,in1.clevertap-prod.com,/a1?os=Android&t=70701&z=R5K-RKZ-896Z&ts=1787569820,s,1787564266,JSON_Payload
REQ-0050,in1.clevertap-prod.com,/a1?os=Android&t=70701&z=R5K-RKZ-896Z&ts=1787569820,pg,8,JSON_Payload
REQ-0050,in1.clevertap-prod.com,/a1?os=Android&t=70701&z=R5K-RKZ-896Z&ts=1787569820,type,event,JSON_Payload
REQ-0050,in1.clevertap-prod.com,/a1?os=Android&t=70701&z=R5K-RKZ-896Z&ts=1787569820,ep,1787569819,JSON_Payload
REQ-0050,in1.clevertap-prod.com,/a1?os=Android&t=70701&z=R5K-RKZ-896Z&ts=1787569820,f,False,JSON_Payload
REQ-0050,in1.clevertap-prod.com,/a1?os=Android&t=70701&z=R5K-RKZ-896Z&ts=1787569820,lsl,-1012676,JSON_Payload
REQ-0050,in1.clevertap-prod.com,/a1?os=Android&t=70701&z=R5K-RKZ-896Z&ts=1787569820,dsync,False,JSON_Payload
REQ-0051,mdtb-cf-1.ads.aps.amazon-adsystem.com,/e/msdk/ads,sz,320x50,JSON_Payload
REQ-0051,mdtb-cf-1.ads.aps.amazon-adsystem.com,/e/msdk/ads,slot,030ba15f-9ecd-452d-9bb3-9fb466f1a552,JSON_Payload
REQ-0051,mdtb-cf-1.ads.aps.amazon-adsystem.com,/e/msdk/ads,slotId,1,JSON_Payload
REQ-0051,mdtb-cf-1.ads.aps.amazon-adsystem.com,/e/msdk/ads,supportedMediaTypes,['DISPLAY'],JSON_Payload
REQ-0052,fundingchoicesmessages.google.com,/a/consent,top,0,JSON_Payload
REQ-0052,fundingchoicesmessages.google.com,/a/consent,left,480,JSON_Payload
REQ-0052,fundingchoicesmessages.google.com,/a/consent,right,625,JSON_Payload
REQ-0052,fundingchoicesmessages.google.com,/a/consent,bottom,132,JSON_Payload
REQ-0053,in1.clevertap-prod.com,/a1?os=Android&t=70701&z=R5K-RKZ-896Z&ts=1787569823,g,__0856d2d8ec9b4efda8dbf443a0129fc4,JSON_Payload
REQ-0053,in1.clevertap-prod.com,/a1?os=Android&t=70701&z=R5K-RKZ-896Z&ts=1787569823,type,meta,JSON_Payload
REQ-0053,in1.clevertap-prod.com,/a1?os=Android&t=70701&z=R5K-RKZ-896Z&ts=1787569823,af_Build,1521160600,JSON_Payload
REQ-0053,in1.clevertap-prod.com,/a1?os=Android&t=70701&z=R5K-RKZ-896Z&ts=1787569823,af_Version,16.06.00,JSON_Payload
REQ-0053,in1.clevertap-prod.com,/a1?os=Android&t=70701&z=R5K-RKZ-896Z&ts=1787569823,af_OS Version,16,JSON_Payload
REQ-0053,in1.clevertap-prod.com,/a1?os=Android&t=70701&z=R5K-RKZ-896Z&ts=1787569823,af_SDK Version,70701,JSON_Payload
REQ-0053,in1.clevertap-prod.com,/a1?os=Android&t=70701&z=R5K-RKZ-896Z&ts=1787569823,af_Make,Google,JSON_Payload
REQ-0053,in1.clevertap-prod.com,/a1?os=Android&t=70701&z=R5K-RKZ-896Z&ts=1787569823,af_Model,Pixel 6a,JSON_Payload
REQ-0053,in1.clevertap-prod.com,/a1?os=Android&t=70701&z=R5K-RKZ-896Z&ts=1787569823,af_Carrier,,JSON_Payload
REQ-0053,in1.clevertap-prod.com,/a1?os=Android&t=70701&z=R5K-RKZ-896Z&ts=1787569823,af_useIP,True,JSON_Payload
REQ-0053,in1.clevertap-prod.com,/a1?os=Android&t=70701&z=R5K-RKZ-896Z&ts=1787569823,af_OS,Android,JSON_Payload
REQ-0053,in1.clevertap-prod.com,/a1?os=Android&t=70701&z=R5K-RKZ-896Z&ts=1787569823,af_wdt,2.2,JSON_Payload
REQ-0053,in1.clevertap-prod.com,/a1?os=Android&t=70701&z=R5K-RKZ-896Z&ts=1787569823,af_hgt,5.12,JSON_Payload
REQ-0053,in1.clevertap-prod.com,/a1?os=Android&t=70701&z=R5K-RKZ-896Z&ts=1787569823,af_dpi,420,JSON_Payload
REQ-0053,in1.clevertap-prod.com,/a1?os=Android&t=70701&z=R5K-RKZ-896Z&ts=1787569823,af_dt,1,JSON_Payload
REQ-0053,in1.clevertap-prod.com,/a1?os=Android&t=70701&z=R5K-RKZ-896Z&ts=1787569823,af_locale,en_US,JSON_Payload
REQ-0053,in1.clevertap-prod.com,/a1?os=Android&t=70701&z=R5K-RKZ-896Z&ts=1787569823,af_abckt,working_set,JSON_Payload
REQ-0053,in1.clevertap-prod.com,/a1?os=Android&t=70701&z=R5K-RKZ-896Z&ts=1787569823,af_wifi,True,JSON_Payload
REQ-0053,in1.clevertap-prod.com,/a1?os=Android&t=70701&z=R5K-RKZ-896Z&ts=1787569823,af_BluetoothVersion,ble,JSON_Payload
REQ-0053,in1.clevertap-prod.com,/a1?os=Android&t=70701&z=R5K-RKZ-896Z&ts=1787569823,af_Radio,Unknown,JSON_Payload
REQ-0053,in1.clevertap-prod.com,/a1?os=Android&t=70701&z=R5K-RKZ-896Z&ts=1787569823,af_LIAMC,0,JSON_Payload
REQ-0053,in1.clevertap-prod.com,/a1?os=Android&t=70701&z=R5K-RKZ-896Z&ts=1787569823,id,R5K-RKZ-896Z,JSON_Payload
REQ-0053,in1.clevertap-prod.com,/a1?os=Android&t=70701&z=R5K-RKZ-896Z&ts=1787569823,tk,132-352,JSON_Payload
REQ-0053,in1.clevertap-prod.com,/a1?os=Android&t=70701&z=R5K-RKZ-896Z&ts=1787569823,l_ts,1787569820,JSON_Payload
REQ-0053,in1.clevertap-prod.com,/a1?os=Android&t=70701&z=R5K-RKZ-896Z&ts=1787569823,f_ts,1786488847,JSON_Payload
REQ-0053,in1.clevertap-prod.com,/a1?os=Android&t=70701&z=R5K-RKZ-896Z&ts=1787569823,ct_pi,"Email,Identity",JSON_Payload
REQ-0053,in1.clevertap-prod.com,/a1?os=Android&t=70701&z=R5K-RKZ-896Z&ts=1787569823,ddnd,False,JSON_Payload
REQ-0053,in1.clevertap-prod.com,/a1?os=Android&t=70701&z=R5K-RKZ-896Z&ts=1787569823,rtl,[],JSON_Payload
REQ-0053,in1.clevertap-prod.com,/a1?os=Android&t=70701&z=R5K-RKZ-896Z&ts=1787569823,rct,0,JSON_Payload
REQ-0053,in1.clevertap-prod.com,/a1?os=Android&t=70701&z=R5K-RKZ-896Z&ts=1787569823,ait,0,JSON_Payload
REQ-0053,in1.clevertap-prod.com,/a1?os=Android&t=70701&z=R5K-RKZ-896Z&ts=1787569823,frs,False,JSON_Payload
REQ-0053,in1.clevertap-prod.com,/a1?os=Android&t=70701&z=R5K-RKZ-896Z&ts=1787569823,arp_d_ts,1787502944,JSON_Payload
REQ-0053,in1.clevertap-prod.com,/a1?os=Android&t=70701&z=R5K-RKZ-896Z&ts=1787569823,arp_dh,-1674025388,JSON_Payload
REQ-0053,in1.clevertap-prod.com,/a1?os=Android&t=70701&z=R5K-RKZ-896Z&ts=1787569823,arp_hgt,5,JSON_Payload
REQ-0053,in1.clevertap-prod.com,/a1?os=Android&t=70701&z=R5K-RKZ-896Z&ts=1787569823,arp_av,16.06.00,JSON_Payload
REQ-0053,in1.clevertap-prod.com,/a1?os=Android&t=70701&z=R5K-RKZ-896Z&ts=1787569823,arp_v,2,JSON_Payload
REQ-0053,in1.clevertap-prod.com,/a1?os=Android&t=70701&z=R5K-RKZ-896Z&ts=1787569823,arp_wdt,2,JSON_Payload
REQ-0053,in1.clevertap-prod.com,/a1?os=Android&t=70701&z=R5K-RKZ-896Z&ts=1787569823,arp_j_n,Zw==,JSON_Payload
REQ-0053,in1.clevertap-prod.com,/a1?os=Android&t=70701&z=R5K-RKZ-896Z&ts=1787569823,arp_i_n,b2lnegACBwBk,JSON_Payload
REQ-0053,in1.clevertap-prod.com,/a1?os=Android&t=70701&z=R5K-RKZ-896Z&ts=1787569823,arp_r_ts,1787569819,JSON_Payload
REQ-0053,in1.clevertap-prod.com,/a1?os=Android&t=70701&z=R5K-RKZ-896Z&ts=1787569823,arp_id,R5K-RKZ-896Z,JSON_Payload
REQ-0053,in1.clevertap-prod.com,/a1?os=Android&t=70701&z=R5K-RKZ-896Z&ts=1787569823,arp_j_s,{},JSON_Payload
REQ-0053,in1.clevertap-prod.com,/a1?os=Android&t=70701&z=R5K-RKZ-896Z&ts=1787569823,imp,0,JSON_Payload
REQ-0053,in1.clevertap-prod.com,/a1?os=Android&t=70701&z=R5K-RKZ-896Z&ts=1787569823,tlc,[],JSON_Payload
REQ-0054,in1.clevertap-prod.com,/a1?os=Android&t=70701&z=R5K-RKZ-896Z&ts=1787569823,profile_ct_optout,False,JSON_Payload
REQ-0054,in1.clevertap-prod.com,/a1?os=Android&t=70701&z=R5K-RKZ-896Z&ts=1787569823,profile_ct_allow_sys_events_and_communication,True,JSON_Payload
REQ-0054,in1.clevertap-prod.com,/a1?os=Android&t=70701&z=R5K-RKZ-896Z&ts=1787569823,profile_tz,Asia/Kolkata,JSON_Payload
REQ-0054,in1.clevertap-prod.com,/a1?os=Android&t=70701&z=R5K-RKZ-896Z&ts=1787569823,s,1787564266,JSON_Payload
REQ-0054,in1.clevertap-prod.com,/a1?os=Android&t=70701&z=R5K-RKZ-896Z&ts=1787569823,pg,9,JSON_Payload
REQ-0054,in1.clevertap-prod.com,/a1?os=Android&t=70701&z=R5K-RKZ-896Z&ts=1787569823,type,profile,JSON_Payload
REQ-0054,in1.clevertap-prod.com,/a1?os=Android&t=70701&z=R5K-RKZ-896Z&ts=1787569823,ep,1787569822,JSON_Payload
REQ-0054,in1.clevertap-prod.com,/a1?os=Android&t=70701&z=R5K-RKZ-896Z&ts=1787569823,f,False,JSON_Payload
REQ-0054,in1.clevertap-prod.com,/a1?os=Android&t=70701&z=R5K-RKZ-896Z&ts=1787569823,lsl,-1012676,JSON_Payload
REQ-0054,in1.clevertap-prod.com,/a1?os=Android&t=70701&z=R5K-RKZ-896Z&ts=1787569823,dsync,True,JSON_Payload
REQ-0055,in1.clevertap-prod.com,/a1?os=Android&t=70701&z=R5K-RKZ-896Z&ts=1787569823,evtName,Screen View,JSON_Payload
REQ-0055,in1.clevertap-prod.com,/a1?os=Android&t=70701&z=R5K-RKZ-896Z&ts=1787569823,evtData_Screen Name,match|163031|live|test|stumps|nzone v wzone|s12376,JSON_Payload
REQ-0055,in1.clevertap-prod.com,/a1?os=Android&t=70701&z=R5K-RKZ-896Z&ts=1787569823,s,1787564266,JSON_Payload
REQ-0055,in1.clevertap-prod.com,/a1?os=Android&t=70701&z=R5K-RKZ-896Z&ts=1787569823,pg,9,JSON_Payload
REQ-0055,in1.clevertap-prod.com,/a1?os=Android&t=70701&z=R5K-RKZ-896Z&ts=1787569823,type,event,JSON_Payload
REQ-0055,in1.clevertap-prod.com,/a1?os=Android&t=70701&z=R5K-RKZ-896Z&ts=1787569823,ep,1787569822,JSON_Payload
REQ-0055,in1.clevertap-prod.com,/a1?os=Android&t=70701&z=R5K-RKZ-896Z&ts=1787569823,f,False,JSON_Payload
REQ-0055,in1.clevertap-prod.com,/a1?os=Android&t=70701&z=R5K-RKZ-896Z&ts=1787569823,lsl,-1012676,JSON_Payload
REQ-0055,in1.clevertap-prod.com,/a1?os=Android&t=70701&z=R5K-RKZ-896Z&ts=1787569823,dsync,False,JSON_Payload
REQ-0056,srv.tmcadptr.com,/bid-request-v3,u,"/23090580402,1024780/tmca-cricbuzz-android-banner-1p-dc-0.1-320X50-24aug26",JSON_Payload
REQ-0056,srv.tmcadptr.com,/bid-request-v3,p,GAM,JSON_Payload
REQ-0056,srv.tmcadptr.com,/bid-request-v3,pr,1,JSON_Payload
REQ-0056,srv.tmcadptr.com,/bid-request-v3,a,84442,JSON_Payload
REQ-0056,srv.tmcadptr.com,/bid-request-v3,s,"[{'i': 98588, 'w': 320, 'h': 50}]",JSON_Payload
REQ-0057,srv.tmcadptr.com,/bid-request-v3,i,98588,JSON_Payload
REQ-0057,srv.tmcadptr.com,/bid-request-v3,w,320,JSON_Payload
REQ-0057,srv.tmcadptr.com,/bid-request-v3,h,50,JSON_Payload
REQ-0058,mdtb-cf-1.ads.aps.amazon-adsystem.com,/e/msdk/ads,sz,320x50,JSON_Payload
REQ-0058,mdtb-cf-1.ads.aps.amazon-adsystem.com,/e/msdk/ads,slot,030ba15f-9ecd-452d-9bb3-9fb466f1a552,JSON_Payload
REQ-0058,mdtb-cf-1.ads.aps.amazon-adsystem.com,/e/msdk/ads,slotId,1,JSON_Payload
REQ-0058,mdtb-cf-1.ads.aps.amazon-adsystem.com,/e/msdk/ads,supportedMediaTypes,['DISPLAY'],JSON_Payload
REQ-0059,in1.clevertap-prod.com,/a1?os=Android&t=70701&z=R5K-RKZ-896Z&ts=1787569825,g,__0856d2d8ec9b4efda8dbf443a0129fc4,JSON_Payload
REQ-0059,in1.clevertap-prod.com,/a1?os=Android&t=70701&z=R5K-RKZ-896Z&ts=1787569825,type,meta,JSON_Payload
REQ-0059,in1.clevertap-prod.com,/a1?os=Android&t=70701&z=R5K-RKZ-896Z&ts=1787569825,af_Build,1521160600,JSON_Payload
REQ-0059,in1.clevertap-prod.com,/a1?os=Android&t=70701&z=R5K-RKZ-896Z&ts=1787569825,af_Version,16.06.00,JSON_Payload
REQ-0059,in1.clevertap-prod.com,/a1?os=Android&t=70701&z=R5K-RKZ-896Z&ts=1787569825,af_OS Version,16,JSON_Payload
REQ-0059,in1.clevertap-prod.com,/a1?os=Android&t=70701&z=R5K-RKZ-896Z&ts=1787569825,af_SDK Version,70701,JSON_Payload
REQ-0059,in1.clevertap-prod.com,/a1?os=Android&t=70701&z=R5K-RKZ-896Z&ts=1787569825,af_Make,Google,JSON_Payload
REQ-0059,in1.clevertap-prod.com,/a1?os=Android&t=70701&z=R5K-RKZ-896Z&ts=1787569825,af_Model,Pixel 6a,JSON_Payload
REQ-0059,in1.clevertap-prod.com,/a1?os=Android&t=70701&z=R5K-RKZ-896Z&ts=1787569825,af_Carrier,,JSON_Payload
REQ-0059,in1.clevertap-prod.com,/a1?os=Android&t=70701&z=R5K-RKZ-896Z&ts=1787569825,af_useIP,True,JSON_Payload
REQ-0059,in1.clevertap-prod.com,/a1?os=Android&t=70701&z=R5K-RKZ-896Z&ts=1787569825,af_OS,Android,JSON_Payload
REQ-0059,in1.clevertap-prod.com,/a1?os=Android&t=70701&z=R5K-RKZ-896Z&ts=1787569825,af_wdt,2.2,JSON_Payload
REQ-0059,in1.clevertap-prod.com,/a1?os=Android&t=70701&z=R5K-RKZ-896Z&ts=1787569825,af_hgt,5.12,JSON_Payload
REQ-0059,in1.clevertap-prod.com,/a1?os=Android&t=70701&z=R5K-RKZ-896Z&ts=1787569825,af_dpi,420,JSON_Payload
REQ-0059,in1.clevertap-prod.com,/a1?os=Android&t=70701&z=R5K-RKZ-896Z&ts=1787569825,af_dt,1,JSON_Payload
REQ-0059,in1.clevertap-prod.com,/a1?os=Android&t=70701&z=R5K-RKZ-896Z&ts=1787569825,af_locale,en_US,JSON_Payload
REQ-0059,in1.clevertap-prod.com,/a1?os=Android&t=70701&z=R5K-RKZ-896Z&ts=1787569825,af_abckt,working_set,JSON_Payload
REQ-0059,in1.clevertap-prod.com,/a1?os=Android&t=70701&z=R5K-RKZ-896Z&ts=1787569825,af_wifi,True,JSON_Payload
REQ-0059,in1.clevertap-prod.com,/a1?os=Android&t=70701&z=R5K-RKZ-896Z&ts=1787569825,af_BluetoothVersion,ble,JSON_Payload
REQ-0059,in1.clevertap-prod.com,/a1?os=Android&t=70701&z=R5K-RKZ-896Z&ts=1787569825,af_Radio,Unknown,JSON_Payload
REQ-0059,in1.clevertap-prod.com,/a1?os=Android&t=70701&z=R5K-RKZ-896Z&ts=1787569825,af_LIAMC,0,JSON_Payload
REQ-0059,in1.clevertap-prod.com,/a1?os=Android&t=70701&z=R5K-RKZ-896Z&ts=1787569825,id,R5K-RKZ-896Z,JSON_Payload
REQ-0059,in1.clevertap-prod.com,/a1?os=Android&t=70701&z=R5K-RKZ-896Z&ts=1787569825,tk,132-352,JSON_Payload
REQ-0059,in1.clevertap-prod.com,/a1?os=Android&t=70701&z=R5K-RKZ-896Z&ts=1787569825,l_ts,1787569823,JSON_Payload
REQ-0059,in1.clevertap-prod.com,/a1?os=Android&t=70701&z=R5K-RKZ-896Z&ts=1787569825,f_ts,1786488847,JSON_Payload
REQ-0059,in1.clevertap-prod.com,/a1?os=Android&t=70701&z=R5K-RKZ-896Z&ts=1787569825,ct_pi,"Email,Identity",JSON_Payload
REQ-0059,in1.clevertap-prod.com,/a1?os=Android&t=70701&z=R5K-RKZ-896Z&ts=1787569825,ddnd,False,JSON_Payload
REQ-0059,in1.clevertap-prod.com,/a1?os=Android&t=70701&z=R5K-RKZ-896Z&ts=1787569825,rtl,[],JSON_Payload
REQ-0059,in1.clevertap-prod.com,/a1?os=Android&t=70701&z=R5K-RKZ-896Z&ts=1787569825,rct,0,JSON_Payload
REQ-0059,in1.clevertap-prod.com,/a1?os=Android&t=70701&z=R5K-RKZ-896Z&ts=1787569825,ait,0,JSON_Payload
REQ-0059,in1.clevertap-prod.com,/a1?os=Android&t=70701&z=R5K-RKZ-896Z&ts=1787569825,frs,False,JSON_Payload
REQ-0059,in1.clevertap-prod.com,/a1?os=Android&t=70701&z=R5K-RKZ-896Z&ts=1787569825,arp_d_ts,1787502944,JSON_Payload
REQ-0059,in1.clevertap-prod.com,/a1?os=Android&t=70701&z=R5K-RKZ-896Z&ts=1787569825,arp_dh,-1674025388,JSON_Payload
REQ-0059,in1.clevertap-prod.com,/a1?os=Android&t=70701&z=R5K-RKZ-896Z&ts=1787569825,arp_hgt,5,JSON_Payload
REQ-0059,in1.clevertap-prod.com,/a1?os=Android&t=70701&z=R5K-RKZ-896Z&ts=1787569825,arp_av,16.06.00,JSON_Payload
REQ-0059,in1.clevertap-prod.com,/a1?os=Android&t=70701&z=R5K-RKZ-896Z&ts=1787569825,arp_v,2,JSON_Payload
REQ-0059,in1.clevertap-prod.com,/a1?os=Android&t=70701&z=R5K-RKZ-896Z&ts=1787569825,arp_wdt,2,JSON_Payload
REQ-0059,in1.clevertap-prod.com,/a1?os=Android&t=70701&z=R5K-RKZ-896Z&ts=1787569825,arp_j_n,Zw==,JSON_Payload
REQ-0059,in1.clevertap-prod.com,/a1?os=Android&t=70701&z=R5K-RKZ-896Z&ts=1787569825,arp_i_n,b2lnegACBwBk,JSON_Payload
REQ-0059,in1.clevertap-prod.com,/a1?os=Android&t=70701&z=R5K-RKZ-896Z&ts=1787569825,arp_r_ts,1787569822,JSON_Payload
REQ-0059,in1.clevertap-prod.com,/a1?os=Android&t=70701&z=R5K-RKZ-896Z&ts=1787569825,arp_id,R5K-RKZ-896Z,JSON_Payload
REQ-0059,in1.clevertap-prod.com,/a1?os=Android&t=70701&z=R5K-RKZ-896Z&ts=1787569825,arp_j_s,{},JSON_Payload
REQ-0059,in1.clevertap-prod.com,/a1?os=Android&t=70701&z=R5K-RKZ-896Z&ts=1787569825,imp,0,JSON_Payload
REQ-0059,in1.clevertap-prod.com,/a1?os=Android&t=70701&z=R5K-RKZ-896Z&ts=1787569825,tlc,[],JSON_Payload
REQ-0060,in1.clevertap-prod.com,/a1?os=Android&t=70701&z=R5K-RKZ-896Z&ts=1787569825,profile_ct_optout,False,JSON_Payload
REQ-0060,in1.clevertap-prod.com,/a1?os=Android&t=70701&z=R5K-RKZ-896Z&ts=1787569825,profile_ct_allow_sys_events_and_communication,True,JSON_Payload
REQ-0060,in1.clevertap-prod.com,/a1?os=Android&t=70701&z=R5K-RKZ-896Z&ts=1787569825,profile_tz,Asia/Kolkata,JSON_Payload
REQ-0060,in1.clevertap-prod.com,/a1?os=Android&t=70701&z=R5K-RKZ-896Z&ts=1787569825,s,1787564266,JSON_Payload
REQ-0060,in1.clevertap-prod.com,/a1?os=Android&t=70701&z=R5K-RKZ-896Z&ts=1787569825,pg,9,JSON_Payload
REQ-0060,in1.clevertap-prod.com,/a1?os=Android&t=70701&z=R5K-RKZ-896Z&ts=1787569825,type,profile,JSON_Payload
REQ-0060,in1.clevertap-prod.com,/a1?os=Android&t=70701&z=R5K-RKZ-896Z&ts=1787569825,ep,1787569824,JSON_Payload
REQ-0060,in1.clevertap-prod.com,/a1?os=Android&t=70701&z=R5K-RKZ-896Z&ts=1787569825,f,False,JSON_Payload
REQ-0060,in1.clevertap-prod.com,/a1?os=Android&t=70701&z=R5K-RKZ-896Z&ts=1787569825,lsl,-1012676,JSON_Payload
REQ-0060,in1.clevertap-prod.com,/a1?os=Android&t=70701&z=R5K-RKZ-896Z&ts=1787569825,dsync,True,JSON_Payload
REQ-0061,in1.clevertap-prod.com,/a1?os=Android&t=70701&z=R5K-RKZ-896Z&ts=1787569825,evtName,Screen View,JSON_Payload
REQ-0061,in1.clevertap-prod.com,/a1?os=Android&t=70701&z=R5K-RKZ-896Z&ts=1787569825,evtData_Screen Name,match|163031|scorecard|test|stumps|nzone v wzone|s12376,JSON_Payload
REQ-0061,in1.clevertap-prod.com,/a1?os=Android&t=70701&z=R5K-RKZ-896Z&ts=1787569825,s,1787564266,JSON_Payload
REQ-0061,in1.clevertap-prod.com,/a1?os=Android&t=70701&z=R5K-RKZ-896Z&ts=1787569825,pg,9,JSON_Payload
REQ-0061,in1.clevertap-prod.com,/a1?os=Android&t=70701&z=R5K-RKZ-896Z&ts=1787569825,type,event,JSON_Payload
REQ-0061,in1.clevertap-prod.com,/a1?os=Android&t=70701&z=R5K-RKZ-896Z&ts=1787569825,ep,1787569824,JSON_Payload
REQ-0061,in1.clevertap-prod.com,/a1?os=Android&t=70701&z=R5K-RKZ-896Z&ts=1787569825,f,False,JSON_Payload
REQ-0061,in1.clevertap-prod.com,/a1?os=Android&t=70701&z=R5K-RKZ-896Z&ts=1787569825,lsl,-1012676,JSON_Payload
REQ-0061,in1.clevertap-prod.com,/a1?os=Android&t=70701&z=R5K-RKZ-896Z&ts=1787569825,dsync,False,JSON_Payload
REQ-0062,in1.clevertap-prod.com,/a1?os=Android&t=70701&z=R5K-RKZ-896Z&ts=1787569826,g,__0856d2d8ec9b4efda8dbf443a0129fc4,JSON_Payload
REQ-0062,in1.clevertap-prod.com,/a1?os=Android&t=70701&z=R5K-RKZ-896Z&ts=1787569826,type,meta,JSON_Payload
REQ-0062,in1.clevertap-prod.com,/a1?os=Android&t=70701&z=R5K-RKZ-896Z&ts=1787569826,af_Build,1521160600,JSON_Payload
REQ-0062,in1.clevertap-prod.com,/a1?os=Android&t=70701&z=R5K-RKZ-896Z&ts=1787569826,af_Version,16.06.00,JSON_Payload
REQ-0062,in1.clevertap-prod.com,/a1?os=Android&t=70701&z=R5K-RKZ-896Z&ts=1787569826,af_OS Version,16,JSON_Payload
REQ-0062,in1.clevertap-prod.com,/a1?os=Android&t=70701&z=R5K-RKZ-896Z&ts=1787569826,af_SDK Version,70701,JSON_Payload
REQ-0062,in1.clevertap-prod.com,/a1?os=Android&t=70701&z=R5K-RKZ-896Z&ts=1787569826,af_Make,Google,JSON_Payload
REQ-0062,in1.clevertap-prod.com,/a1?os=Android&t=70701&z=R5K-RKZ-896Z&ts=1787569826,af_Model,Pixel 6a,JSON_Payload
REQ-0062,in1.clevertap-prod.com,/a1?os=Android&t=70701&z=R5K-RKZ-896Z&ts=1787569826,af_Carrier,,JSON_Payload
REQ-0062,in1.clevertap-prod.com,/a1?os=Android&t=70701&z=R5K-RKZ-896Z&ts=1787569826,af_useIP,True,JSON_Payload
REQ-0062,in1.clevertap-prod.com,/a1?os=Android&t=70701&z=R5K-RKZ-896Z&ts=1787569826,af_OS,Android,JSON_Payload
REQ-0062,in1.clevertap-prod.com,/a1?os=Android&t=70701&z=R5K-RKZ-896Z&ts=1787569826,af_wdt,2.2,JSON_Payload
REQ-0062,in1.clevertap-prod.com,/a1?os=Android&t=70701&z=R5K-RKZ-896Z&ts=1787569826,af_hgt,5.12,JSON_Payload
REQ-0062,in1.clevertap-prod.com,/a1?os=Android&t=70701&z=R5K-RKZ-896Z&ts=1787569826,af_dpi,420,JSON_Payload
REQ-0062,in1.clevertap-prod.com,/a1?os=Android&t=70701&z=R5K-RKZ-896Z&ts=1787569826,af_dt,1,JSON_Payload
REQ-0062,in1.clevertap-prod.com,/a1?os=Android&t=70701&z=R5K-RKZ-896Z&ts=1787569826,af_locale,en_US,JSON_Payload
REQ-0062,in1.clevertap-prod.com,/a1?os=Android&t=70701&z=R5K-RKZ-896Z&ts=1787569826,af_abckt,working_set,JSON_Payload
REQ-0062,in1.clevertap-prod.com,/a1?os=Android&t=70701&z=R5K-RKZ-896Z&ts=1787569826,af_wifi,True,JSON_Payload
REQ-0062,in1.clevertap-prod.com,/a1?os=Android&t=70701&z=R5K-RKZ-896Z&ts=1787569826,af_BluetoothVersion,ble,JSON_Payload
REQ-0062,in1.clevertap-prod.com,/a1?os=Android&t=70701&z=R5K-RKZ-896Z&ts=1787569826,af_Radio,Unknown,JSON_Payload
REQ-0062,in1.clevertap-prod.com,/a1?os=Android&t=70701&z=R5K-RKZ-896Z&ts=1787569826,af_LIAMC,0,JSON_Payload
REQ-0062,in1.clevertap-prod.com,/a1?os=Android&t=70701&z=R5K-RKZ-896Z&ts=1787569826,id,R5K-RKZ-896Z,JSON_Payload
REQ-0062,in1.clevertap-prod.com,/a1?os=Android&t=70701&z=R5K-RKZ-896Z&ts=1787569826,tk,132-352,JSON_Payload
REQ-0062,in1.clevertap-prod.com,/a1?os=Android&t=70701&z=R5K-RKZ-896Z&ts=1787569826,l_ts,1787569825,JSON_Payload
REQ-0062,in1.clevertap-prod.com,/a1?os=Android&t=70701&z=R5K-RKZ-896Z&ts=1787569826,f_ts,1786488847,JSON_Payload
REQ-0062,in1.clevertap-prod.com,/a1?os=Android&t=70701&z=R5K-RKZ-896Z&ts=1787569826,ct_pi,"Email,Identity",JSON_Payload
REQ-0062,in1.clevertap-prod.com,/a1?os=Android&t=70701&z=R5K-RKZ-896Z&ts=1787569826,ddnd,False,JSON_Payload
REQ-0062,in1.clevertap-prod.com,/a1?os=Android&t=70701&z=R5K-RKZ-896Z&ts=1787569826,rtl,[],JSON_Payload
REQ-0062,in1.clevertap-prod.com,/a1?os=Android&t=70701&z=R5K-RKZ-896Z&ts=1787569826,rct,0,JSON_Payload
REQ-0062,in1.clevertap-prod.com,/a1?os=Android&t=70701&z=R5K-RKZ-896Z&ts=1787569826,ait,0,JSON_Payload
REQ-0062,in1.clevertap-prod.com,/a1?os=Android&t=70701&z=R5K-RKZ-896Z&ts=1787569826,frs,False,JSON_Payload
REQ-0062,in1.clevertap-prod.com,/a1?os=Android&t=70701&z=R5K-RKZ-896Z&ts=1787569826,arp_d_ts,1787502944,JSON_Payload
REQ-0062,in1.clevertap-prod.com,/a1?os=Android&t=70701&z=R5K-RKZ-896Z&ts=1787569826,arp_dh,-1674025388,JSON_Payload
REQ-0062,in1.clevertap-prod.com,/a1?os=Android&t=70701&z=R5K-RKZ-896Z&ts=1787569826,arp_hgt,5,JSON_Payload
REQ-0062,in1.clevertap-prod.com,/a1?os=Android&t=70701&z=R5K-RKZ-896Z&ts=1787569826,arp_av,16.06.00,JSON_Payload
REQ-0062,in1.clevertap-prod.com,/a1?os=Android&t=70701&z=R5K-RKZ-896Z&ts=1787569826,arp_v,2,JSON_Payload
REQ-0062,in1.clevertap-prod.com,/a1?os=Android&t=70701&z=R5K-RKZ-896Z&ts=1787569826,arp_wdt,2,JSON_Payload
REQ-0062,in1.clevertap-prod.com,/a1?os=Android&t=70701&z=R5K-RKZ-896Z&ts=1787569826,arp_j_n,Zw==,JSON_Payload
REQ-0062,in1.clevertap-prod.com,/a1?os=Android&t=70701&z=R5K-RKZ-896Z&ts=1787569826,arp_i_n,b2lnegACBwBk,JSON_Payload
REQ-0062,in1.clevertap-prod.com,/a1?os=Android&t=70701&z=R5K-RKZ-896Z&ts=1787569826,arp_r_ts,1787569824,JSON_Payload
REQ-0062,in1.clevertap-prod.com,/a1?os=Android&t=70701&z=R5K-RKZ-896Z&ts=1787569826,arp_id,R5K-RKZ-896Z,JSON_Payload
REQ-0062,in1.clevertap-prod.com,/a1?os=Android&t=70701&z=R5K-RKZ-896Z&ts=1787569826,arp_j_s,{},JSON_Payload
REQ-0062,in1.clevertap-prod.com,/a1?os=Android&t=70701&z=R5K-RKZ-896Z&ts=1787569826,imp,0,JSON_Payload
REQ-0062,in1.clevertap-prod.com,/a1?os=Android&t=70701&z=R5K-RKZ-896Z&ts=1787569826,tlc,[],JSON_Payload
REQ-0063,in1.clevertap-prod.com,/a1?os=Android&t=70701&z=R5K-RKZ-896Z&ts=1787569826,profile_ct_optout,False,JSON_Payload
REQ-0063,in1.clevertap-prod.com,/a1?os=Android&t=70701&z=R5K-RKZ-896Z&ts=1787569826,profile_ct_allow_sys_events_and_communication,True,JSON_Payload
REQ-0063,in1.clevertap-prod.com,/a1?os=Android&t=70701&z=R5K-RKZ-896Z&ts=1787569826,profile_tz,Asia/Kolkata,JSON_Payload
REQ-0063,in1.clevertap-prod.com,/a1?os=Android&t=70701&z=R5K-RKZ-896Z&ts=1787569826,s,1787564266,JSON_Payload
REQ-0063,in1.clevertap-prod.com,/a1?os=Android&t=70701&z=R5K-RKZ-896Z&ts=1787569826,pg,9,JSON_Payload
REQ-0063,in1.clevertap-prod.com,/a1?os=Android&t=70701&z=R5K-RKZ-896Z&ts=1787569826,type,profile,JSON_Payload
REQ-0063,in1.clevertap-prod.com,/a1?os=Android&t=70701&z=R5K-RKZ-896Z&ts=1787569826,ep,1787569825,JSON_Payload
REQ-0063,in1.clevertap-prod.com,/a1?os=Android&t=70701&z=R5K-RKZ-896Z&ts=1787569826,f,False,JSON_Payload
REQ-0063,in1.clevertap-prod.com,/a1?os=Android&t=70701&z=R5K-RKZ-896Z&ts=1787569826,lsl,-1012676,JSON_Payload
REQ-0063,in1.clevertap-prod.com,/a1?os=Android&t=70701&z=R5K-RKZ-896Z&ts=1787569826,dsync,True,JSON_Payload
REQ-0064,in1.clevertap-prod.com,/a1?os=Android&t=70701&z=R5K-RKZ-896Z&ts=1787569826,evtName,Screen View,JSON_Payload
REQ-0064,in1.clevertap-prod.com,/a1?os=Android&t=70701&z=R5K-RKZ-896Z&ts=1787569826,evtData_Screen Name,home,JSON_Payload
REQ-0064,in1.clevertap-prod.com,/a1?os=Android&t=70701&z=R5K-RKZ-896Z&ts=1787569826,s,1787564266,JSON_Payload
REQ-0064,in1.clevertap-prod.com,/a1?os=Android&t=70701&z=R5K-RKZ-896Z&ts=1787569826,pg,9,JSON_Payload
REQ-0064,in1.clevertap-prod.com,/a1?os=Android&t=70701&z=R5K-RKZ-896Z&ts=1787569826,type,event,JSON_Payload
REQ-0064,in1.clevertap-prod.com,/a1?os=Android&t=70701&z=R5K-RKZ-896Z&ts=1787569826,ep,1787569825,JSON_Payload
REQ-0064,in1.clevertap-prod.com,/a1?os=Android&t=70701&z=R5K-RKZ-896Z&ts=1787569826,f,False,JSON_Payload
REQ-0064,in1.clevertap-prod.com,/a1?os=Android&t=70701&z=R5K-RKZ-896Z&ts=1787569826,lsl,-1012676,JSON_Payload
REQ-0064,in1.clevertap-prod.com,/a1?os=Android&t=70701&z=R5K-RKZ-896Z&ts=1787569826,dsync,False,JSON_Payload
REQ-0065,fundingchoicesmessages.google.com,/a/consent,top,0,JSON_Payload
REQ-0065,fundingchoicesmessages.google.com,/a/consent,left,480,JSON_Payload
REQ-0065,fundingchoicesmessages.google.com,/a/consent,right,625,JSON_Payload
REQ-0065,fundingchoicesmessages.google.com,/a/consent,bottom,132,JSON_Payload
REQ-0066,in1.clevertap-prod.com,/a1?os=Android&t=70701&z=R5K-RKZ-896Z&ts=1787569830,g,__0856d2d8ec9b4efda8dbf443a0129fc4,JSON_Payload
REQ-0066,in1.clevertap-prod.com,/a1?os=Android&t=70701&z=R5K-RKZ-896Z&ts=1787569830,type,meta,JSON_Payload
REQ-0066,in1.clevertap-prod.com,/a1?os=Android&t=70701&z=R5K-RKZ-896Z&ts=1787569830,af_Build,1521160600,JSON_Payload
REQ-0066,in1.clevertap-prod.com,/a1?os=Android&t=70701&z=R5K-RKZ-896Z&ts=1787569830,af_Version,16.06.00,JSON_Payload
REQ-0066,in1.clevertap-prod.com,/a1?os=Android&t=70701&z=R5K-RKZ-896Z&ts=1787569830,af_OS Version,16,JSON_Payload
REQ-0066,in1.clevertap-prod.com,/a1?os=Android&t=70701&z=R5K-RKZ-896Z&ts=1787569830,af_SDK Version,70701,JSON_Payload
REQ-0066,in1.clevertap-prod.com,/a1?os=Android&t=70701&z=R5K-RKZ-896Z&ts=1787569830,af_Make,Google,JSON_Payload
REQ-0066,in1.clevertap-prod.com,/a1?os=Android&t=70701&z=R5K-RKZ-896Z&ts=1787569830,af_Model,Pixel 6a,JSON_Payload
REQ-0066,in1.clevertap-prod.com,/a1?os=Android&t=70701&z=R5K-RKZ-896Z&ts=1787569830,af_Carrier,,JSON_Payload
REQ-0066,in1.clevertap-prod.com,/a1?os=Android&t=70701&z=R5K-RKZ-896Z&ts=1787569830,af_useIP,True,JSON_Payload
REQ-0066,in1.clevertap-prod.com,/a1?os=Android&t=70701&z=R5K-RKZ-896Z&ts=1787569830,af_OS,Android,JSON_Payload
REQ-0066,in1.clevertap-prod.com,/a1?os=Android&t=70701&z=R5K-RKZ-896Z&ts=1787569830,af_wdt,2.2,JSON_Payload
REQ-0066,in1.clevertap-prod.com,/a1?os=Android&t=70701&z=R5K-RKZ-896Z&ts=1787569830,af_hgt,5.12,JSON_Payload
REQ-0066,in1.clevertap-prod.com,/a1?os=Android&t=70701&z=R5K-RKZ-896Z&ts=1787569830,af_dpi,420,JSON_Payload
REQ-0066,in1.clevertap-prod.com,/a1?os=Android&t=70701&z=R5K-RKZ-896Z&ts=1787569830,af_dt,1,JSON_Payload
REQ-0066,in1.clevertap-prod.com,/a1?os=Android&t=70701&z=R5K-RKZ-896Z&ts=1787569830,af_locale,en_US,JSON_Payload
REQ-0066,in1.clevertap-prod.com,/a1?os=Android&t=70701&z=R5K-RKZ-896Z&ts=1787569830,af_abckt,working_set,JSON_Payload
REQ-0066,in1.clevertap-prod.com,/a1?os=Android&t=70701&z=R5K-RKZ-896Z&ts=1787569830,af_wifi,True,JSON_Payload
REQ-0066,in1.clevertap-prod.com,/a1?os=Android&t=70701&z=R5K-RKZ-896Z&ts=1787569830,af_BluetoothVersion,ble,JSON_Payload
REQ-0066,in1.clevertap-prod.com,/a1?os=Android&t=70701&z=R5K-RKZ-896Z&ts=1787569830,af_Radio,Unknown,JSON_Payload
REQ-0066,in1.clevertap-prod.com,/a1?os=Android&t=70701&z=R5K-RKZ-896Z&ts=1787569830,af_LIAMC,0,JSON_Payload
REQ-0066,in1.clevertap-prod.com,/a1?os=Android&t=70701&z=R5K-RKZ-896Z&ts=1787569830,id,R5K-RKZ-896Z,JSON_Payload
REQ-0066,in1.clevertap-prod.com,/a1?os=Android&t=70701&z=R5K-RKZ-896Z&ts=1787569830,tk,132-352,JSON_Payload
REQ-0066,in1.clevertap-prod.com,/a1?os=Android&t=70701&z=R5K-RKZ-896Z&ts=1787569830,l_ts,1787569826,JSON_Payload
REQ-0066,in1.clevertap-prod.com,/a1?os=Android&t=70701&z=R5K-RKZ-896Z&ts=1787569830,f_ts,1786488847,JSON_Payload
REQ-0066,in1.clevertap-prod.com,/a1?os=Android&t=70701&z=R5K-RKZ-896Z&ts=1787569830,ct_pi,"Email,Identity",JSON_Payload
REQ-0066,in1.clevertap-prod.com,/a1?os=Android&t=70701&z=R5K-RKZ-896Z&ts=1787569830,ddnd,False,JSON_Payload
REQ-0066,in1.clevertap-prod.com,/a1?os=Android&t=70701&z=R5K-RKZ-896Z&ts=1787569830,rtl,[],JSON_Payload
REQ-0066,in1.clevertap-prod.com,/a1?os=Android&t=70701&z=R5K-RKZ-896Z&ts=1787569830,rct,0,JSON_Payload
REQ-0066,in1.clevertap-prod.com,/a1?os=Android&t=70701&z=R5K-RKZ-896Z&ts=1787569830,ait,0,JSON_Payload
REQ-0066,in1.clevertap-prod.com,/a1?os=Android&t=70701&z=R5K-RKZ-896Z&ts=1787569830,frs,False,JSON_Payload
REQ-0066,in1.clevertap-prod.com,/a1?os=Android&t=70701&z=R5K-RKZ-896Z&ts=1787569830,arp_d_ts,1787502944,JSON_Payload
REQ-0066,in1.clevertap-prod.com,/a1?os=Android&t=70701&z=R5K-RKZ-896Z&ts=1787569830,arp_dh,-1674025388,JSON_Payload
REQ-0066,in1.clevertap-prod.com,/a1?os=Android&t=70701&z=R5K-RKZ-896Z&ts=1787569830,arp_hgt,5,JSON_Payload
REQ-0066,in1.clevertap-prod.com,/a1?os=Android&t=70701&z=R5K-RKZ-896Z&ts=1787569830,arp_av,16.06.00,JSON_Payload
REQ-0066,in1.clevertap-prod.com,/a1?os=Android&t=70701&z=R5K-RKZ-896Z&ts=1787569830,arp_v,2,JSON_Payload
REQ-0066,in1.clevertap-prod.com,/a1?os=Android&t=70701&z=R5K-RKZ-896Z&ts=1787569830,arp_wdt,2,JSON_Payload
REQ-0066,in1.clevertap-prod.com,/a1?os=Android&t=70701&z=R5K-RKZ-896Z&ts=1787569830,arp_j_n,Zw==,JSON_Payload
REQ-0066,in1.clevertap-prod.com,/a1?os=Android&t=70701&z=R5K-RKZ-896Z&ts=1787569830,arp_i_n,b2lnegACBwBk,JSON_Payload
REQ-0066,in1.clevertap-prod.com,/a1?os=Android&t=70701&z=R5K-RKZ-896Z&ts=1787569830,arp_r_ts,1787569825,JSON_Payload
REQ-0066,in1.clevertap-prod.com,/a1?os=Android&t=70701&z=R5K-RKZ-896Z&ts=1787569830,arp_id,R5K-RKZ-896Z,JSON_Payload
REQ-0066,in1.clevertap-prod.com,/a1?os=Android&t=70701&z=R5K-RKZ-896Z&ts=1787569830,arp_j_s,{},JSON_Payload
REQ-0066,in1.clevertap-prod.com,/a1?os=Android&t=70701&z=R5K-RKZ-896Z&ts=1787569830,imp,0,JSON_Payload
REQ-0066,in1.clevertap-prod.com,/a1?os=Android&t=70701&z=R5K-RKZ-896Z&ts=1787569830,tlc,[],JSON_Payload
REQ-0067,in1.clevertap-prod.com,/a1?os=Android&t=70701&z=R5K-RKZ-896Z&ts=1787569830,profile_ct_optout,False,JSON_Payload
REQ-0067,in1.clevertap-prod.com,/a1?os=Android&t=70701&z=R5K-RKZ-896Z&ts=1787569830,profile_ct_allow_sys_events_and_communication,True,JSON_Payload
REQ-0067,in1.clevertap-prod.com,/a1?os=Android&t=70701&z=R5K-RKZ-896Z&ts=1787569830,profile_tz,Asia/Kolkata,JSON_Payload
REQ-0067,in1.clevertap-prod.com,/a1?os=Android&t=70701&z=R5K-RKZ-896Z&ts=1787569830,s,1787564266,JSON_Payload
REQ-0067,in1.clevertap-prod.com,/a1?os=Android&t=70701&z=R5K-RKZ-896Z&ts=1787569830,pg,10,JSON_Payload
REQ-0067,in1.clevertap-prod.com,/a1?os=Android&t=70701&z=R5K-RKZ-896Z&ts=1787569830,type,profile,JSON_Payload
REQ-0067,in1.clevertap-prod.com,/a1?os=Android&t=70701&z=R5K-RKZ-896Z&ts=1787569830,ep,1787569828,JSON_Payload
REQ-0067,in1.clevertap-prod.com,/a1?os=Android&t=70701&z=R5K-RKZ-896Z&ts=1787569830,f,False,JSON_Payload
REQ-0067,in1.clevertap-prod.com,/a1?os=Android&t=70701&z=R5K-RKZ-896Z&ts=1787569830,lsl,-1012676,JSON_Payload
REQ-0067,in1.clevertap-prod.com,/a1?os=Android&t=70701&z=R5K-RKZ-896Z&ts=1787569830,dsync,True,JSON_Payload
REQ-0068,in1.clevertap-prod.com,/a1?os=Android&t=70701&z=R5K-RKZ-896Z&ts=1787569830,profile_ct_optout,False,JSON_Payload
REQ-0068,in1.clevertap-prod.com,/a1?os=Android&t=70701&z=R5K-RKZ-896Z&ts=1787569830,profile_ct_allow_sys_events_and_communication,True,JSON_Payload
REQ-0068,in1.clevertap-prod.com,/a1?os=Android&t=70701&z=R5K-RKZ-896Z&ts=1787569830,profile_tz,Asia/Kolkata,JSON_Payload
REQ-0068,in1.clevertap-prod.com,/a1?os=Android&t=70701&z=R5K-RKZ-896Z&ts=1787569830,s,1787564266,JSON_Payload
REQ-0068,in1.clevertap-prod.com,/a1?os=Android&t=70701&z=R5K-RKZ-896Z&ts=1787569830,pg,10,JSON_Payload
REQ-0068,in1.clevertap-prod.com,/a1?os=Android&t=70701&z=R5K-RKZ-896Z&ts=1787569830,type,profile,JSON_Payload
REQ-0068,in1.clevertap-prod.com,/a1?os=Android&t=70701&z=R5K-RKZ-896Z&ts=1787569830,ep,1787569828,JSON_Payload
REQ-0068,in1.clevertap-prod.com,/a1?os=Android&t=70701&z=R5K-RKZ-896Z&ts=1787569830,f,False,JSON_Payload
REQ-0068,in1.clevertap-prod.com,/a1?os=Android&t=70701&z=R5K-RKZ-896Z&ts=1787569830,lsl,-1012676,JSON_Payload
REQ-0068,in1.clevertap-prod.com,/a1?os=Android&t=70701&z=R5K-RKZ-896Z&ts=1787569830,dsync,True,JSON_Payload
REQ-0069,in1.clevertap-prod.com,/a1?os=Android&t=70701&z=R5K-RKZ-896Z&ts=1787569830,profile_ct_optout,False,JSON_Payload
REQ-0069,in1.clevertap-prod.com,/a1?os=Android&t=70701&z=R5K-RKZ-896Z&ts=1787569830,profile_ct_allow_sys_events_and_communication,True,JSON_Payload
REQ-0069,in1.clevertap-prod.com,/a1?os=Android&t=70701&z=R5K-RKZ-896Z&ts=1787569830,profile_tz,Asia/Kolkata,JSON_Payload
REQ-0069,in1.clevertap-prod.com,/a1?os=Android&t=70701&z=R5K-RKZ-896Z&ts=1787569830,s,1787564266,JSON_Payload
REQ-0069,in1.clevertap-prod.com,/a1?os=Android&t=70701&z=R5K-RKZ-896Z&ts=1787569830,pg,10,JSON_Payload
REQ-0069,in1.clevertap-prod.com,/a1?os=Android&t=70701&z=R5K-RKZ-896Z&ts=1787569830,type,profile,JSON_Payload
REQ-0069,in1.clevertap-prod.com,/a1?os=Android&t=70701&z=R5K-RKZ-896Z&ts=1787569830,ep,1787569828,JSON_Payload
REQ-0069,in1.clevertap-prod.com,/a1?os=Android&t=70701&z=R5K-RKZ-896Z&ts=1787569830,f,False,JSON_Payload
REQ-0069,in1.clevertap-prod.com,/a1?os=Android&t=70701&z=R5K-RKZ-896Z&ts=1787569830,lsl,-1012676,JSON_Payload
REQ-0069,in1.clevertap-prod.com,/a1?os=Android&t=70701&z=R5K-RKZ-896Z&ts=1787569830,dsync,True,JSON_Payload
REQ-0070,in1.clevertap-prod.com,/a1?os=Android&t=70701&z=R5K-RKZ-896Z&ts=1787569830,evtName,Screen View,JSON_Payload
REQ-0070,in1.clevertap-prod.com,/a1?os=Android&t=70701&z=R5K-RKZ-896Z&ts=1787569830,evtData_Screen Name,home,JSON_Payload
REQ-0070,in1.clevertap-prod.com,/a1?os=Android&t=70701&z=R5K-RKZ-896Z&ts=1787569830,s,1787564266,JSON_Payload
REQ-0070,in1.clevertap-prod.com,/a1?os=Android&t=70701&z=R5K-RKZ-896Z&ts=1787569830,pg,10,JSON_Payload
REQ-0070,in1.clevertap-prod.com,/a1?os=Android&t=70701&z=R5K-RKZ-896Z&ts=1787569830,type,event,JSON_Payload
REQ-0070,in1.clevertap-prod.com,/a1?os=Android&t=70701&z=R5K-RKZ-896Z&ts=1787569830,ep,1787569828,JSON_Payload
REQ-0070,in1.clevertap-prod.com,/a1?os=Android&t=70701&z=R5K-RKZ-896Z&ts=1787569830,f,False,JSON_Payload
REQ-0070,in1.clevertap-prod.com,/a1?os=Android&t=70701&z=R5K-RKZ-896Z&ts=1787569830,lsl,-1012676,JSON_Payload
REQ-0070,in1.clevertap-prod.com,/a1?os=Android&t=70701&z=R5K-RKZ-896Z&ts=1787569830,dsync,False,JSON_Payload
REQ-0071,srv.tmcadptr.com,/bid-request-v3,u,"/23090580402,1024780/tmca-cricbuzz-android-banner-1p-dc-0.1-320X50-24aug26",JSON_Payload
REQ-0071,srv.tmcadptr.com,/bid-request-v3,p,GAM,JSON_Payload
REQ-0071,srv.tmcadptr.com,/bid-request-v3,pr,1,JSON_Payload
REQ-0071,srv.tmcadptr.com,/bid-request-v3,a,84442,JSON_Payload
REQ-0071,srv.tmcadptr.com,/bid-request-v3,s,"[{'i': 98588, 'w': 320, 'h': 50}]",JSON_Payload
REQ-0072,srv.tmcadptr.com,/bid-request-v3,i,98588,JSON_Payload
REQ-0072,srv.tmcadptr.com,/bid-request-v3,w,320,JSON_Payload
REQ-0072,srv.tmcadptr.com,/bid-request-v3,h,50,JSON_Payload
