Request ID,Host,Endpoint,Parameter,Value,Source
REQ-0001,intake-analytics.wikimedia.org,/v1/events,_id,46a36c34-5a9c-429e-8586-638b85a5f126-0ed83e07-bb73-41b8-be57-c0706f888752,JSON_Payload
REQ-0001,intake-analytics.wikimedia.org,/v1/events,eventId,46a36c34-5a9c-429e-8586-638b85a5f126-0ed83e07-bb73-41b8-be57-c0706f888752,JSON_Payload
REQ-0001,intake-analytics.wikimedia.org,/v1/events,userId,108206863,JSON_Payload
REQ-0001,intake-analytics.wikimedia.org,/v1/events,eventName,content_impression,JSON_Payload
REQ-0001,intake-analytics.wikimedia.org,/v1/events,eventParams_widgetName,HP - cultpass Benefits,JSON_Payload
REQ-0001,intake-analytics.wikimedia.org,/v1/events,eventParams_scrollTrigger,auto,JSON_Payload
REQ-0001,intake-analytics.wikimedia.org,/v1/events,eventParams_isSampledWidgetImpressionRequired,False,JSON_Payload
REQ-0001,intake-analytics.wikimedia.org,/v1/events,eventParams_widgetId,6ff954f1-59be-492e-ab26-7fc954bb4c39,JSON_Payload
REQ-0001,intake-analytics.wikimedia.org,/v1/events,eventParams_contentId,zemy5tnxge,JSON_Payload
REQ-0001,intake-analytics.wikimedia.org,/v1/events,eventParams_cityId,Gurgaon,JSON_Payload
REQ-0001,intake-analytics.wikimedia.org,/v1/events,eventParams_sessionId,37bf15e3-82a2-b829-e798-1f08d47f282b,JSON_Payload
REQ-0001,intake-analytics.wikimedia.org,/v1/events,eventParams_platform,APP,JSON_Payload
REQ-0001,intake-analytics.wikimedia.org,/v1/events,eventParams_widgetType,BANNER_CAROUSEL_WIDGET,JSON_Payload
REQ-0001,intake-analytics.wikimedia.org,/v1/events,eventParams_advertiserId,9013994955fb2f93,JSON_Payload
REQ-0001,intake-analytics.wikimedia.org,/v1/events,eventParams_contentUrl,/image/vm/141301dc-59d3-4236-a9a1-82cd6817ad00.png,JSON_Payload
REQ-0001,intake-analytics.wikimedia.org,/v1/events,eventParams_cityName,Delhi NCR,JSON_Payload
REQ-0001,intake-analytics.wikimedia.org,/v1/events,eventParams_dedupeId,xwk1l0ypv3i,JSON_Payload
REQ-0001,intake-analytics.wikimedia.org,/v1/events,eventParams_isWidgetImpressionRequired,True,JSON_Payload
REQ-0001,intake-analytics.wikimedia.org,/v1/events,eventParams_online,True,JSON_Payload
REQ-0001,intake-analytics.wikimedia.org,/v1/events,eventParams_isLoggedIn,False,JSON_Payload
REQ-0001,intake-analytics.wikimedia.org,/v1/events,eventParams_position,0,JSON_Payload
REQ-0001,intake-analytics.wikimedia.org,/v1/events,createdAt,1787569373002,JSON_Payload
REQ-0001,intake-analytics.wikimedia.org,/v1/events,sessionId,973fc4f4-6ae0-4b16-959a-a702c9bc8076-95d386c1-17e9-4792-b6f6-1244a9f6caf4,JSON_Payload
REQ-0002,intake-analytics.wikimedia.org,/v1/events,_id,10c3930e-4b29-49d0-890d-35a11ce01e53-486f716a-3cc6-4781-9291-2e402d45471d,JSON_Payload
REQ-0002,intake-analytics.wikimedia.org,/v1/events,eventId,10c3930e-4b29-49d0-890d-35a11ce01e53-486f716a-3cc6-4781-9291-2e402d45471d,JSON_Payload
REQ-0002,intake-analytics.wikimedia.org,/v1/events,userId,108206863,JSON_Payload
REQ-0002,intake-analytics.wikimedia.org,/v1/events,eventName,widget_impression,JSON_Payload
REQ-0002,intake-analytics.wikimedia.org,/v1/events,eventParams_widgetName,HP - cultpass Benefits,JSON_Payload
REQ-0002,intake-analytics.wikimedia.org,/v1/events,eventParams_isSampledWidgetImpressionRequired,False,JSON_Payload
REQ-0002,intake-analytics.wikimedia.org,/v1/events,eventParams_widgetId,6ff954f1-59be-492e-ab26-7fc954bb4c39,JSON_Payload
REQ-0002,intake-analytics.wikimedia.org,/v1/events,eventParams_sessionId,37bf15e3-82a2-b829-e798-1f08d47f282b,JSON_Payload
REQ-0002,intake-analytics.wikimedia.org,/v1/events,eventParams_cityId,Gurgaon,JSON_Payload
REQ-0002,intake-analytics.wikimedia.org,/v1/events,eventParams_eventType,view,JSON_Payload
REQ-0002,intake-analytics.wikimedia.org,/v1/events,eventParams_platform,APP,JSON_Payload
REQ-0002,intake-analytics.wikimedia.org,/v1/events,eventParams_widgetType,BANNER_CAROUSEL_WIDGET,JSON_Payload
REQ-0002,intake-analytics.wikimedia.org,/v1/events,eventParams_advertiserId,9013994955fb2f93,JSON_Payload
REQ-0002,intake-analytics.wikimedia.org,/v1/events,eventParams_cityName,Delhi NCR,JSON_Payload
REQ-0002,intake-analytics.wikimedia.org,/v1/events,eventParams_isWidgetImpressionRequired,True,JSON_Payload
REQ-0002,intake-analytics.wikimedia.org,/v1/events,eventParams_isLoggedIn,False,JSON_Payload
REQ-0002,intake-analytics.wikimedia.org,/v1/events,eventParams_online,True,JSON_Payload
REQ-0002,intake-analytics.wikimedia.org,/v1/events,createdAt,1787569372991,JSON_Payload
REQ-0002,intake-analytics.wikimedia.org,/v1/events,sessionId,973fc4f4-6ae0-4b16-959a-a702c9bc8076-95d386c1-17e9-4792-b6f6-1244a9f6caf4,JSON_Payload
REQ-0003,intake-analytics.wikimedia.org,/v1/events,_id,f9e91a97-7a74-4369-b9a7-e2aef0aef838-cee01a05-8145-4d36-bffb-355f3fa90f0e,JSON_Payload
REQ-0003,intake-analytics.wikimedia.org,/v1/events,eventId,f9e91a97-7a74-4369-b9a7-e2aef0aef838-cee01a05-8145-4d36-bffb-355f3fa90f0e,JSON_Payload
REQ-0003,intake-analytics.wikimedia.org,/v1/events,userId,108206863,JSON_Payload
REQ-0003,intake-analytics.wikimedia.org,/v1/events,eventName,widget_impression,JSON_Payload
REQ-0003,intake-analytics.wikimedia.org,/v1/events,eventParams_widgetName,All Sports Formats (Circular Carousel) - NCR,JSON_Payload
REQ-0003,intake-analytics.wikimedia.org,/v1/events,eventParams_isSampledWidgetImpressionRequired,False,JSON_Payload
REQ-0003,intake-analytics.wikimedia.org,/v1/events,eventParams_widgetId,b9607e18-5d55-42ab-b976-4cc73595fb0aSports,JSON_Payload
REQ-0003,intake-analytics.wikimedia.org,/v1/events,eventParams_sessionId,37bf15e3-82a2-b829-e798-1f08d47f282b,JSON_Payload
REQ-0003,intake-analytics.wikimedia.org,/v1/events,eventParams_cityId,Gurgaon,JSON_Payload
REQ-0003,intake-analytics.wikimedia.org,/v1/events,eventParams_eventType,view,JSON_Payload
REQ-0003,intake-analytics.wikimedia.org,/v1/events,eventParams_platform,APP,JSON_Payload
REQ-0003,intake-analytics.wikimedia.org,/v1/events,eventParams_widgetType,CIRCULAR_IMAGE_CAROUSEL_WIDGET,JSON_Payload
REQ-0003,intake-analytics.wikimedia.org,/v1/events,eventParams_advertiserId,9013994955fb2f93,JSON_Payload
REQ-0003,intake-analytics.wikimedia.org,/v1/events,eventParams_cityName,Delhi NCR,JSON_Payload
REQ-0003,intake-analytics.wikimedia.org,/v1/events,eventParams_isWidgetImpressionRequired,True,JSON_Payload
REQ-0003,intake-analytics.wikimedia.org,/v1/events,eventParams_isLoggedIn,False,JSON_Payload
REQ-0003,intake-analytics.wikimedia.org,/v1/events,eventParams_online,True,JSON_Payload
REQ-0003,intake-analytics.wikimedia.org,/v1/events,createdAt,1787569372989,JSON_Payload
REQ-0003,intake-analytics.wikimedia.org,/v1/events,sessionId,973fc4f4-6ae0-4b16-959a-a702c9bc8076-95d386c1-17e9-4792-b6f6-1244a9f6caf4,JSON_Payload
REQ-0004,intake-analytics.wikimedia.org,/v1/events,_id,5a8829a3-e241-48bd-ac29-1ab6445e26b9-8a689e18-e6c6-4445-9bad-d81c2e3d7769,JSON_Payload
REQ-0004,intake-analytics.wikimedia.org,/v1/events,eventId,5a8829a3-e241-48bd-ac29-1ab6445e26b9-8a689e18-e6c6-4445-9bad-d81c2e3d7769,JSON_Payload
REQ-0004,intake-analytics.wikimedia.org,/v1/events,userId,108206863,JSON_Payload
REQ-0004,intake-analytics.wikimedia.org,/v1/events,eventName,widget_impression,JSON_Payload
REQ-0004,intake-analytics.wikimedia.org,/v1/events,eventParams_widgetName,All Formats (Circular Carousel) - HP,JSON_Payload
REQ-0004,intake-analytics.wikimedia.org,/v1/events,eventParams_isSampledWidgetImpressionRequired,False,JSON_Payload
REQ-0004,intake-analytics.wikimedia.org,/v1/events,eventParams_widgetId,b9607e18-5d55-42ab-b976-4cc73595fb0a1,JSON_Payload
REQ-0004,intake-analytics.wikimedia.org,/v1/events,eventParams_sessionId,37bf15e3-82a2-b829-e798-1f08d47f282b,JSON_Payload
REQ-0004,intake-analytics.wikimedia.org,/v1/events,eventParams_cityId,Gurgaon,JSON_Payload
REQ-0004,intake-analytics.wikimedia.org,/v1/events,eventParams_eventType,view,JSON_Payload
REQ-0004,intake-analytics.wikimedia.org,/v1/events,eventParams_platform,APP,JSON_Payload
REQ-0004,intake-analytics.wikimedia.org,/v1/events,eventParams_widgetType,CIRCULAR_IMAGE_CAROUSEL_WIDGET,JSON_Payload
REQ-0004,intake-analytics.wikimedia.org,/v1/events,eventParams_advertiserId,9013994955fb2f93,JSON_Payload
REQ-0004,intake-analytics.wikimedia.org,/v1/events,eventParams_cityName,Delhi NCR,JSON_Payload
REQ-0004,intake-analytics.wikimedia.org,/v1/events,eventParams_isWidgetImpressionRequired,True,JSON_Payload
REQ-0004,intake-analytics.wikimedia.org,/v1/events,eventParams_isLoggedIn,False,JSON_Payload
REQ-0004,intake-analytics.wikimedia.org,/v1/events,eventParams_online,True,JSON_Payload
REQ-0004,intake-analytics.wikimedia.org,/v1/events,createdAt,1787569371904,JSON_Payload
REQ-0004,intake-analytics.wikimedia.org,/v1/events,sessionId,973fc4f4-6ae0-4b16-959a-a702c9bc8076-95d386c1-17e9-4792-b6f6-1244a9f6caf4,JSON_Payload
REQ-0005,intake-analytics.wikimedia.org,/v1/events,_id,aa4aa975-0c82-4396-b5bf-9872bafb8b0d-fdb31c33-3b93-4b91-a91d-aef12a09af8c,JSON_Payload
REQ-0005,intake-analytics.wikimedia.org,/v1/events,eventId,aa4aa975-0c82-4396-b5bf-9872bafb8b0d-fdb31c33-3b93-4b91-a91d-aef12a09af8c,JSON_Payload
REQ-0005,intake-analytics.wikimedia.org,/v1/events,userId,108206863,JSON_Payload
REQ-0005,intake-analytics.wikimedia.org,/v1/events,eventName,content_impression,JSON_Payload
REQ-0005,intake-analytics.wikimedia.org,/v1/events,eventParams_widgetName,HP Telesales Widget,JSON_Payload
REQ-0005,intake-analytics.wikimedia.org,/v1/events,eventParams_scrollTrigger,auto,JSON_Payload
REQ-0005,intake-analytics.wikimedia.org,/v1/events,eventParams_isSampledWidgetImpressionRequired,False,JSON_Payload
REQ-0005,intake-analytics.wikimedia.org,/v1/events,eventParams_widgetId,1cdb4a58-6252-47eb-be14-5a31fbd83977,JSON_Payload
REQ-0005,intake-analytics.wikimedia.org,/v1/events,eventParams_contentId,6svxz60m4g,JSON_Payload
REQ-0005,intake-analytics.wikimedia.org,/v1/events,eventParams_cityId,Gurgaon,JSON_Payload
REQ-0005,intake-analytics.wikimedia.org,/v1/events,eventParams_sessionId,37bf15e3-82a2-b829-e798-1f08d47f282b,JSON_Payload
REQ-0005,intake-analytics.wikimedia.org,/v1/events,eventParams_platform,APP,JSON_Payload
REQ-0005,intake-analytics.wikimedia.org,/v1/events,eventParams_widgetType,BANNER_CAROUSEL_WIDGET,JSON_Payload
REQ-0005,intake-analytics.wikimedia.org,/v1/events,eventParams_advertiserId,9013994955fb2f93,JSON_Payload
REQ-0005,intake-analytics.wikimedia.org,/v1/events,eventParams_contentUrl,/image/vm/c18594db-231c-4dfa-a492-cfc00ea551cd.png,JSON_Payload
REQ-0005,intake-analytics.wikimedia.org,/v1/events,eventParams_cityName,Delhi NCR,JSON_Payload
REQ-0005,intake-analytics.wikimedia.org,/v1/events,eventParams_dedupeId,ld1yacasryj,JSON_Payload
REQ-0005,intake-analytics.wikimedia.org,/v1/events,eventParams_isWidgetImpressionRequired,True,JSON_Payload
REQ-0005,intake-analytics.wikimedia.org,/v1/events,eventParams_online,True,JSON_Payload
REQ-0005,intake-analytics.wikimedia.org,/v1/events,eventParams_isLoggedIn,False,JSON_Payload
REQ-0005,intake-analytics.wikimedia.org,/v1/events,eventParams_position,0,JSON_Payload
REQ-0005,intake-analytics.wikimedia.org,/v1/events,createdAt,1787569370289,JSON_Payload
REQ-0005,intake-analytics.wikimedia.org,/v1/events,sessionId,973fc4f4-6ae0-4b16-959a-a702c9bc8076-95d386c1-17e9-4792-b6f6-1244a9f6caf4,JSON_Payload
REQ-0006,intake-analytics.wikimedia.org,/v1/events,_id,2c547445-4c1c-42f9-a1da-b3e70b3d47d3-6b722641-4128-4bff-a61b-6bf10a134fca,JSON_Payload
REQ-0006,intake-analytics.wikimedia.org,/v1/events,eventId,2c547445-4c1c-42f9-a1da-b3e70b3d47d3-6b722641-4128-4bff-a61b-6bf10a134fca,JSON_Payload
REQ-0006,intake-analytics.wikimedia.org,/v1/events,userId,108206863,JSON_Payload
REQ-0006,intake-analytics.wikimedia.org,/v1/events,eventName,content_impression,JSON_Payload
REQ-0006,intake-analytics.wikimedia.org,/v1/events,eventParams_widgetName,Fitstart HP Explore Cultpass - Home,JSON_Payload
REQ-0006,intake-analytics.wikimedia.org,/v1/events,eventParams_scrollTrigger,auto,JSON_Payload
REQ-0006,intake-analytics.wikimedia.org,/v1/events,eventParams_isSampledWidgetImpressionRequired,False,JSON_Payload
REQ-0006,intake-analytics.wikimedia.org,/v1/events,eventParams_widgetId,e74974c2-5037-4b4c-9bf9-c63cb8edbbd7qw023ms,JSON_Payload
REQ-0006,intake-analytics.wikimedia.org,/v1/events,eventParams_contentId,2ltpd0gs2b,JSON_Payload
REQ-0006,intake-analytics.wikimedia.org,/v1/events,eventParams_cityId,Gurgaon,JSON_Payload
REQ-0006,intake-analytics.wikimedia.org,/v1/events,eventParams_sessionId,37bf15e3-82a2-b829-e798-1f08d47f282b,JSON_Payload
REQ-0006,intake-analytics.wikimedia.org,/v1/events,eventParams_platform,APP,JSON_Payload
REQ-0006,intake-analytics.wikimedia.org,/v1/events,eventParams_widgetType,BANNER_CAROUSEL_WIDGET,JSON_Payload
REQ-0006,intake-analytics.wikimedia.org,/v1/events,eventParams_advertiserId,9013994955fb2f93,JSON_Payload
REQ-0006,intake-analytics.wikimedia.org,/v1/events,eventParams_contentUrl,/image/vm/032e25d2-1554-4c0f-88d0-cb2d9fefc1aa.png,JSON_Payload
REQ-0006,intake-analytics.wikimedia.org,/v1/events,eventParams_cityName,Delhi NCR,JSON_Payload
REQ-0006,intake-analytics.wikimedia.org,/v1/events,eventParams_dedupeId,2mlwsnv4fp,JSON_Payload
REQ-0006,intake-analytics.wikimedia.org,/v1/events,eventParams_isWidgetImpressionRequired,True,JSON_Payload
REQ-0006,intake-analytics.wikimedia.org,/v1/events,eventParams_online,True,JSON_Payload
REQ-0006,intake-analytics.wikimedia.org,/v1/events,eventParams_isLoggedIn,False,JSON_Payload
REQ-0006,intake-analytics.wikimedia.org,/v1/events,eventParams_position,0,JSON_Payload
REQ-0006,intake-analytics.wikimedia.org,/v1/events,createdAt,1787569370286,JSON_Payload
REQ-0006,intake-analytics.wikimedia.org,/v1/events,sessionId,973fc4f4-6ae0-4b16-959a-a702c9bc8076-95d386c1-17e9-4792-b6f6-1244a9f6caf4,JSON_Payload
REQ-0007,intake-analytics.wikimedia.org,/v1/events,_id,bad2cb17-ae42-422f-aff7-1e11f60b7e70-22f70925-e8a8-4aed-b134-e06469c6d0c0,JSON_Payload
REQ-0007,intake-analytics.wikimedia.org,/v1/events,eventId,bad2cb17-ae42-422f-aff7-1e11f60b7e70-22f70925-e8a8-4aed-b134-e06469c6d0c0,JSON_Payload
REQ-0007,intake-analytics.wikimedia.org,/v1/events,userId,108206863,JSON_Payload
REQ-0007,intake-analytics.wikimedia.org,/v1/events,eventName,widget_impression,JSON_Payload
REQ-0007,intake-analytics.wikimedia.org,/v1/events,eventParams_widgetName,HP - 1:1 Coaching Grid,JSON_Payload
REQ-0007,intake-analytics.wikimedia.org,/v1/events,eventParams_isSampledWidgetImpressionRequired,False,JSON_Payload
REQ-0007,intake-analytics.wikimedia.org,/v1/events,eventParams_widgetId,e4dc2578-bc4a-43ff-a47f-8e03bc1b62ed,JSON_Payload
REQ-0007,intake-analytics.wikimedia.org,/v1/events,eventParams_sessionId,37bf15e3-82a2-b829-e798-1f08d47f282b,JSON_Payload
REQ-0007,intake-analytics.wikimedia.org,/v1/events,eventParams_cityId,Gurgaon,JSON_Payload
REQ-0007,intake-analytics.wikimedia.org,/v1/events,eventParams_eventType,view,JSON_Payload
REQ-0007,intake-analytics.wikimedia.org,/v1/events,eventParams_platform,APP,JSON_Payload
REQ-0007,intake-analytics.wikimedia.org,/v1/events,eventParams_widgetType,MERCHANTRY_WIDGET,JSON_Payload
REQ-0007,intake-analytics.wikimedia.org,/v1/events,eventParams_advertiserId,9013994955fb2f93,JSON_Payload
REQ-0007,intake-analytics.wikimedia.org,/v1/events,eventParams_cityName,Delhi NCR,JSON_Payload
REQ-0007,intake-analytics.wikimedia.org,/v1/events,eventParams_isWidgetImpressionRequired,True,JSON_Payload
REQ-0007,intake-analytics.wikimedia.org,/v1/events,eventParams_isLoggedIn,False,JSON_Payload
REQ-0007,intake-analytics.wikimedia.org,/v1/events,eventParams_online,True,JSON_Payload
REQ-0007,intake-analytics.wikimedia.org,/v1/events,createdAt,1787569370273,JSON_Payload
REQ-0007,intake-analytics.wikimedia.org,/v1/events,sessionId,973fc4f4-6ae0-4b16-959a-a702c9bc8076-95d386c1-17e9-4792-b6f6-1244a9f6caf4,JSON_Payload
REQ-0008,intake-analytics.wikimedia.org,/v1/events,_id,abe5e03d-b7f5-4022-9966-14f5ed32138e-acb68a22-5596-4298-ad47-77c4c999aa20,JSON_Payload
REQ-0008,intake-analytics.wikimedia.org,/v1/events,eventId,abe5e03d-b7f5-4022-9966-14f5ed32138e-acb68a22-5596-4298-ad47-77c4c999aa20,JSON_Payload
REQ-0008,intake-analytics.wikimedia.org,/v1/events,userId,108206863,JSON_Payload
REQ-0008,intake-analytics.wikimedia.org,/v1/events,eventName,widget_impression,JSON_Payload
REQ-0008,intake-analytics.wikimedia.org,/v1/events,eventParams_widgetName,HP Telesales Widget,JSON_Payload
REQ-0008,intake-analytics.wikimedia.org,/v1/events,eventParams_isSampledWidgetImpressionRequired,False,JSON_Payload
REQ-0008,intake-analytics.wikimedia.org,/v1/events,eventParams_widgetId,1cdb4a58-6252-47eb-be14-5a31fbd83977,JSON_Payload
REQ-0008,intake-analytics.wikimedia.org,/v1/events,eventParams_sessionId,37bf15e3-82a2-b829-e798-1f08d47f282b,JSON_Payload
REQ-0008,intake-analytics.wikimedia.org,/v1/events,eventParams_cityId,Gurgaon,JSON_Payload
REQ-0008,intake-analytics.wikimedia.org,/v1/events,eventParams_eventType,view,JSON_Payload
REQ-0008,intake-analytics.wikimedia.org,/v1/events,eventParams_platform,APP,JSON_Payload
REQ-0008,intake-analytics.wikimedia.org,/v1/events,eventParams_widgetType,BANNER_CAROUSEL_WIDGET,JSON_Payload
REQ-0008,intake-analytics.wikimedia.org,/v1/events,eventParams_advertiserId,9013994955fb2f93,JSON_Payload
REQ-0008,intake-analytics.wikimedia.org,/v1/events,eventParams_cityName,Delhi NCR,JSON_Payload
REQ-0008,intake-analytics.wikimedia.org,/v1/events,eventParams_isWidgetImpressionRequired,True,JSON_Payload
REQ-0008,intake-analytics.wikimedia.org,/v1/events,eventParams_isLoggedIn,False,JSON_Payload
REQ-0008,intake-analytics.wikimedia.org,/v1/events,eventParams_online,True,JSON_Payload
REQ-0008,intake-analytics.wikimedia.org,/v1/events,createdAt,1787569370270,JSON_Payload
REQ-0008,intake-analytics.wikimedia.org,/v1/events,sessionId,973fc4f4-6ae0-4b16-959a-a702c9bc8076-95d386c1-17e9-4792-b6f6-1244a9f6caf4,JSON_Payload
REQ-0009,intake-analytics.wikimedia.org,/v1/events,_id,ef7c35aa-e305-4920-9b83-2091f4483e2a-e67f7900-d7c3-455d-bdfd-3b6f357ca0ec,JSON_Payload
REQ-0009,intake-analytics.wikimedia.org,/v1/events,eventId,ef7c35aa-e305-4920-9b83-2091f4483e2a-e67f7900-d7c3-455d-bdfd-3b6f357ca0ec,JSON_Payload
REQ-0009,intake-analytics.wikimedia.org,/v1/events,userId,108206863,JSON_Payload
REQ-0009,intake-analytics.wikimedia.org,/v1/events,eventName,widget_impression,JSON_Payload
REQ-0009,intake-analytics.wikimedia.org,/v1/events,eventParams_widgetName,Fitstart HP Explore Cultpass - Home,JSON_Payload
REQ-0009,intake-analytics.wikimedia.org,/v1/events,eventParams_isSampledWidgetImpressionRequired,False,JSON_Payload
REQ-0009,intake-analytics.wikimedia.org,/v1/events,eventParams_widgetId,e74974c2-5037-4b4c-9bf9-c63cb8edbbd7qw023ms,JSON_Payload
REQ-0009,intake-analytics.wikimedia.org,/v1/events,eventParams_sessionId,37bf15e3-82a2-b829-e798-1f08d47f282b,JSON_Payload
REQ-0009,intake-analytics.wikimedia.org,/v1/events,eventParams_cityId,Gurgaon,JSON_Payload
REQ-0009,intake-analytics.wikimedia.org,/v1/events,eventParams_eventType,view,JSON_Payload
REQ-0009,intake-analytics.wikimedia.org,/v1/events,eventParams_platform,APP,JSON_Payload
REQ-0009,intake-analytics.wikimedia.org,/v1/events,eventParams_widgetType,BANNER_CAROUSEL_WIDGET,JSON_Payload
REQ-0009,intake-analytics.wikimedia.org,/v1/events,eventParams_advertiserId,9013994955fb2f93,JSON_Payload
REQ-0009,intake-analytics.wikimedia.org,/v1/events,eventParams_cityName,Delhi NCR,JSON_Payload
REQ-0009,intake-analytics.wikimedia.org,/v1/events,eventParams_isWidgetImpressionRequired,True,JSON_Payload
REQ-0009,intake-analytics.wikimedia.org,/v1/events,eventParams_isLoggedIn,False,JSON_Payload
REQ-0009,intake-analytics.wikimedia.org,/v1/events,eventParams_online,True,JSON_Payload
REQ-0009,intake-analytics.wikimedia.org,/v1/events,createdAt,1787569370268,JSON_Payload
REQ-0009,intake-analytics.wikimedia.org,/v1/events,sessionId,973fc4f4-6ae0-4b16-959a-a702c9bc8076-95d386c1-17e9-4792-b6f6-1244a9f6caf4,JSON_Payload
REQ-0010,intake-analytics.wikimedia.org,/v1/events,_id,ce42ed4f-9549-45f7-9867-da36e56cda36-7358040e-ee8c-4fc3-97d0-d6dc5b64c403,JSON_Payload
REQ-0010,intake-analytics.wikimedia.org,/v1/events,eventId,ce42ed4f-9549-45f7-9867-da36e56cda36-7358040e-ee8c-4fc3-97d0-d6dc5b64c403,JSON_Payload
REQ-0010,intake-analytics.wikimedia.org,/v1/events,userId,108206863,JSON_Payload
REQ-0010,intake-analytics.wikimedia.org,/v1/events,eventName,content_impression,JSON_Payload
REQ-0010,intake-analytics.wikimedia.org,/v1/events,eventParams_widgetName,Fitstart HP Explore Cultpass - Play,JSON_Payload
REQ-0010,intake-analytics.wikimedia.org,/v1/events,eventParams_scrollTrigger,auto,JSON_Payload
REQ-0010,intake-analytics.wikimedia.org,/v1/events,eventParams_isSampledWidgetImpressionRequired,False,JSON_Payload
REQ-0010,intake-analytics.wikimedia.org,/v1/events,eventParams_widgetId,e74974c2-5037-4b4c-9bf9-c63cb8edbbd7qw023,JSON_Payload
REQ-0010,intake-analytics.wikimedia.org,/v1/events,eventParams_contentId,tugl8cmmpg,JSON_Payload
REQ-0010,intake-analytics.wikimedia.org,/v1/events,eventParams_cityId,Gurgaon,JSON_Payload
REQ-0010,intake-analytics.wikimedia.org,/v1/events,eventParams_sessionId,37bf15e3-82a2-b829-e798-1f08d47f282b,JSON_Payload
REQ-0010,intake-analytics.wikimedia.org,/v1/events,eventParams_platform,APP,JSON_Payload
REQ-0010,intake-analytics.wikimedia.org,/v1/events,eventParams_widgetType,BANNER_CAROUSEL_WIDGET,JSON_Payload
REQ-0010,intake-analytics.wikimedia.org,/v1/events,eventParams_advertiserId,9013994955fb2f93,JSON_Payload
REQ-0010,intake-analytics.wikimedia.org,/v1/events,eventParams_contentUrl,/image/vm/93c8369d-89d6-42b2-8664-d7856c598821.png,JSON_Payload
REQ-0010,intake-analytics.wikimedia.org,/v1/events,eventParams_cityName,Delhi NCR,JSON_Payload
REQ-0010,intake-analytics.wikimedia.org,/v1/events,eventParams_dedupeId,l6cmsqztci,JSON_Payload
REQ-0010,intake-analytics.wikimedia.org,/v1/events,eventParams_isWidgetImpressionRequired,True,JSON_Payload
REQ-0010,intake-analytics.wikimedia.org,/v1/events,eventParams_online,True,JSON_Payload
REQ-0010,intake-analytics.wikimedia.org,/v1/events,eventParams_isLoggedIn,False,JSON_Payload
REQ-0010,intake-analytics.wikimedia.org,/v1/events,eventParams_position,0,JSON_Payload
REQ-0010,intake-analytics.wikimedia.org,/v1/events,createdAt,1787569369764,JSON_Payload
REQ-0010,intake-analytics.wikimedia.org,/v1/events,sessionId,973fc4f4-6ae0-4b16-959a-a702c9bc8076-95d386c1-17e9-4792-b6f6-1244a9f6caf4,JSON_Payload
REQ-0011,intake-analytics.wikimedia.org,/v1/events,_id,10ba097e-68b7-4f4f-af4b-f43291ffee00-47636c44-f694-4bb8-8c4b-14818e1dd6fb,JSON_Payload
REQ-0011,intake-analytics.wikimedia.org,/v1/events,eventId,10ba097e-68b7-4f4f-af4b-f43291ffee00-47636c44-f694-4bb8-8c4b-14818e1dd6fb,JSON_Payload
REQ-0011,intake-analytics.wikimedia.org,/v1/events,userId,108206863,JSON_Payload
REQ-0011,intake-analytics.wikimedia.org,/v1/events,eventName,page_view,JSON_Payload
REQ-0011,intake-analytics.wikimedia.org,/v1/events,eventParams_dateTime,1787569377672,JSON_Payload
REQ-0011,intake-analytics.wikimedia.org,/v1/events,eventParams_vertical,FITNESSHUB,JSON_Payload
REQ-0011,intake-analytics.wikimedia.org,/v1/events,eventParams_cityId,Gurgaon,JSON_Payload
REQ-0011,intake-analytics.wikimedia.org,/v1/events,eventParams_sessionId,37bf15e3-82a2-b829-e798-1f08d47f282b,JSON_Payload
REQ-0011,intake-analytics.wikimedia.org,/v1/events,eventParams_eventType,view,JSON_Payload
REQ-0011,intake-analytics.wikimedia.org,/v1/events,eventParams_pageId,fitnesshub_nux,JSON_Payload
REQ-0011,intake-analytics.wikimedia.org,/v1/events,eventParams_pageName, Nux fitness page,JSON_Payload
REQ-0011,intake-analytics.wikimedia.org,/v1/events,eventParams_platform,APP,JSON_Payload
REQ-0011,intake-analytics.wikimedia.org,/v1/events,eventParams_tabRouteName,fitnesshubclp,JSON_Payload
REQ-0011,intake-analytics.wikimedia.org,/v1/events,eventParams_advertiserId,9013994955fb2f93,JSON_Payload
REQ-0011,intake-analytics.wikimedia.org,/v1/events,eventParams_pageType,listpage,JSON_Payload
REQ-0011,intake-analytics.wikimedia.org,/v1/events,eventParams_cityName,Delhi NCR,JSON_Payload
REQ-0011,intake-analytics.wikimedia.org,/v1/events,eventParams_isLoggedIn,False,JSON_Payload
REQ-0011,intake-analytics.wikimedia.org,/v1/events,eventParams_online,True,JSON_Payload
REQ-0011,intake-analytics.wikimedia.org,/v1/events,createdAt,1787569377731,JSON_Payload
REQ-0011,intake-analytics.wikimedia.org,/v1/events,sessionId,973fc4f4-6ae0-4b16-959a-a702c9bc8076-95d386c1-17e9-4792-b6f6-1244a9f6caf4,JSON_Payload
REQ-0012,intake-analytics.wikimedia.org,/v1/events,_id,a2417814-3652-49fe-8f26-e6b6a6508ddf-da5e1757-e966-4808-8b12-b52a8ad78cfa,JSON_Payload
REQ-0012,intake-analytics.wikimedia.org,/v1/events,eventId,a2417814-3652-49fe-8f26-e6b6a6508ddf-da5e1757-e966-4808-8b12-b52a8ad78cfa,JSON_Payload
REQ-0012,intake-analytics.wikimedia.org,/v1/events,userId,108206863,JSON_Payload
REQ-0012,intake-analytics.wikimedia.org,/v1/events,eventName,page_view,JSON_Payload
REQ-0012,intake-analytics.wikimedia.org,/v1/events,eventParams_dateTime,1787569377671,JSON_Payload
REQ-0012,intake-analytics.wikimedia.org,/v1/events,eventParams_vertical,FITNESSHUB,JSON_Payload
REQ-0012,intake-analytics.wikimedia.org,/v1/events,eventParams_cityId,Gurgaon,JSON_Payload
REQ-0012,intake-analytics.wikimedia.org,/v1/events,eventParams_sessionId,37bf15e3-82a2-b829-e798-1f08d47f282b,JSON_Payload
REQ-0012,intake-analytics.wikimedia.org,/v1/events,eventParams_eventType,view,JSON_Payload
REQ-0012,intake-analytics.wikimedia.org,/v1/events,eventParams_pageId,fitnesshub_nux,JSON_Payload
REQ-0012,intake-analytics.wikimedia.org,/v1/events,eventParams_pageName, Nux fitness page,JSON_Payload
REQ-0012,intake-analytics.wikimedia.org,/v1/events,eventParams_pageFrom,hometab,JSON_Payload
REQ-0012,intake-analytics.wikimedia.org,/v1/events,eventParams_platform,APP,JSON_Payload
REQ-0012,intake-analytics.wikimedia.org,/v1/events,eventParams_tabRouteName,fitnesshubclp,JSON_Payload
REQ-0012,intake-analytics.wikimedia.org,/v1/events,eventParams_advertiserId,9013994955fb2f93,JSON_Payload
REQ-0012,intake-analytics.wikimedia.org,/v1/events,eventParams_pageType,listpage,JSON_Payload
REQ-0012,intake-analytics.wikimedia.org,/v1/events,eventParams_cityName,Delhi NCR,JSON_Payload
REQ-0012,intake-analytics.wikimedia.org,/v1/events,eventParams_isLoggedIn,False,JSON_Payload
REQ-0012,intake-analytics.wikimedia.org,/v1/events,eventParams_online,True,JSON_Payload
REQ-0012,intake-analytics.wikimedia.org,/v1/events,createdAt,1787569377729,JSON_Payload
REQ-0012,intake-analytics.wikimedia.org,/v1/events,sessionId,973fc4f4-6ae0-4b16-959a-a702c9bc8076-95d386c1-17e9-4792-b6f6-1244a9f6caf4,JSON_Payload
REQ-0013,intake-analytics.wikimedia.org,/v1/events,_id,beb9971f-86e5-4f83-be1b-b92449b1945d-ff6695e9-a006-4b8c-9f50-56bca739351e,JSON_Payload
REQ-0013,intake-analytics.wikimedia.org,/v1/events,eventId,beb9971f-86e5-4f83-be1b-b92449b1945d-ff6695e9-a006-4b8c-9f50-56bca739351e,JSON_Payload
REQ-0013,intake-analytics.wikimedia.org,/v1/events,userId,108206863,JSON_Payload
REQ-0013,intake-analytics.wikimedia.org,/v1/events,eventName,navigation_change,JSON_Payload
REQ-0013,intake-analytics.wikimedia.org,/v1/events,eventParams_dateTime,1787569377639,JSON_Payload
REQ-0013,intake-analytics.wikimedia.org,/v1/events,eventParams_topageId,fitnesshub_nux,JSON_Payload
REQ-0013,intake-analytics.wikimedia.org,/v1/events,eventParams_fromPageName,hometab,JSON_Payload
REQ-0013,intake-analytics.wikimedia.org,/v1/events,eventParams_vertical,FITNESSHUB,JSON_Payload
REQ-0013,intake-analytics.wikimedia.org,/v1/events,eventParams_cityId,Gurgaon,JSON_Payload
REQ-0013,intake-analytics.wikimedia.org,/v1/events,eventParams_sessionId,37bf15e3-82a2-b829-e798-1f08d47f282b,JSON_Payload
REQ-0013,intake-analytics.wikimedia.org,/v1/events,eventParams_source,bottom_nav,JSON_Payload
REQ-0013,intake-analytics.wikimedia.org,/v1/events,eventParams_eventType,navigation_change,JSON_Payload
REQ-0013,intake-analytics.wikimedia.org,/v1/events,eventParams_platform,APP,JSON_Payload
REQ-0013,intake-analytics.wikimedia.org,/v1/events,eventParams_advertiserId,9013994955fb2f93,JSON_Payload
REQ-0013,intake-analytics.wikimedia.org,/v1/events,eventParams_toPageName,fitnesshubclp,JSON_Payload
REQ-0013,intake-analytics.wikimedia.org,/v1/events,eventParams_cityName,Delhi NCR,JSON_Payload
REQ-0013,intake-analytics.wikimedia.org,/v1/events,eventParams_frompageId,hometab,JSON_Payload
REQ-0013,intake-analytics.wikimedia.org,/v1/events,eventParams_isLoggedIn,False,JSON_Payload
REQ-0013,intake-analytics.wikimedia.org,/v1/events,eventParams_online,True,JSON_Payload
REQ-0013,intake-analytics.wikimedia.org,/v1/events,createdAt,1787569377688,JSON_Payload
REQ-0013,intake-analytics.wikimedia.org,/v1/events,sessionId,973fc4f4-6ae0-4b16-959a-a702c9bc8076-95d386c1-17e9-4792-b6f6-1244a9f6caf4,JSON_Payload
REQ-0014,intake-analytics.wikimedia.org,/v1/events,_id,849aef3c-e039-480a-8aa4-9cb5e8a06920-d56d9e1d-7842-4d42-a9fc-ee601807ec97,JSON_Payload
REQ-0014,intake-analytics.wikimedia.org,/v1/events,eventId,849aef3c-e039-480a-8aa4-9cb5e8a06920-d56d9e1d-7842-4d42-a9fc-ee601807ec97,JSON_Payload
REQ-0014,intake-analytics.wikimedia.org,/v1/events,userId,108206863,JSON_Payload
REQ-0014,intake-analytics.wikimedia.org,/v1/events,eventName,bottom_tab_clicked,JSON_Payload
REQ-0014,intake-analytics.wikimedia.org,/v1/events,eventParams_cityName,Delhi NCR,JSON_Payload
REQ-0014,intake-analytics.wikimedia.org,/v1/events,eventParams_isLoggedIn,False,JSON_Payload
REQ-0014,intake-analytics.wikimedia.org,/v1/events,eventParams_online,True,JSON_Payload
REQ-0014,intake-analytics.wikimedia.org,/v1/events,eventParams_vertical,FITNESSHUB,JSON_Payload
REQ-0014,intake-analytics.wikimedia.org,/v1/events,eventParams_cityId,Gurgaon,JSON_Payload
REQ-0014,intake-analytics.wikimedia.org,/v1/events,eventParams_sessionId,37bf15e3-82a2-b829-e798-1f08d47f282b,JSON_Payload
REQ-0014,intake-analytics.wikimedia.org,/v1/events,eventParams_platform,APP,JSON_Payload
REQ-0014,intake-analytics.wikimedia.org,/v1/events,eventParams_advertiserId,9013994955fb2f93,JSON_Payload
REQ-0014,intake-analytics.wikimedia.org,/v1/events,createdAt,1787569376960,JSON_Payload
REQ-0014,intake-analytics.wikimedia.org,/v1/events,sessionId,973fc4f4-6ae0-4b16-959a-a702c9bc8076-95d386c1-17e9-4792-b6f6-1244a9f6caf4,JSON_Payload
REQ-0015,intake-analytics.wikimedia.org,/v1/events,_id,61d25c77-5f01-44c2-adad-b26da9208ea8-33cc4f30-ff51-4407-89b5-9e596ed13cfd,JSON_Payload
REQ-0015,intake-analytics.wikimedia.org,/v1/events,eventId,61d25c77-5f01-44c2-adad-b26da9208ea8-33cc4f30-ff51-4407-89b5-9e596ed13cfd,JSON_Payload
REQ-0015,intake-analytics.wikimedia.org,/v1/events,userId,108206863,JSON_Payload
REQ-0015,intake-analytics.wikimedia.org,/v1/events,eventName,app_error,JSON_Payload
REQ-0015,intake-analytics.wikimedia.org,/v1/events,eventParams_cityName,Delhi NCR,JSON_Payload
REQ-0015,intake-analytics.wikimedia.org,/v1/events,eventParams_isLoggedIn,False,JSON_Payload
REQ-0015,intake-analytics.wikimedia.org,/v1/events,eventParams_online,True,JSON_Payload
REQ-0015,intake-analytics.wikimedia.org,/v1/events,eventParams_details,"ClientException: Cronet exception: m1.kw: Exception in CronetUrlRequest: net::ERR_INVALID_URL, Error",JSON_Payload
REQ-0015,intake-analytics.wikimedia.org,/v1/events,eventParams_cityId,Gurgaon,JSON_Payload
REQ-0015,intake-analytics.wikimedia.org,/v1/events,eventParams_sessionId,37bf15e3-82a2-b829-e798-1f08d47f282b,JSON_Payload
REQ-0015,intake-analytics.wikimedia.org,/v1/events,eventParams_platform,APP,JSON_Payload
REQ-0015,intake-analytics.wikimedia.org,/v1/events,eventParams_advertiserId,9013994955fb2f93,JSON_Payload
REQ-0015,intake-analytics.wikimedia.org,/v1/events,createdAt,1787569376280,JSON_Payload
REQ-0015,intake-analytics.wikimedia.org,/v1/events,sessionId,973fc4f4-6ae0-4b16-959a-a702c9bc8076-95d386c1-17e9-4792-b6f6-1244a9f6caf4,JSON_Payload
REQ-0016,intake-analytics.wikimedia.org,/v1/events,_id,b52a2e79-bf27-47fa-ab03-2ee1760c2aa9-18c5e696-ad03-4152-81a3-0cff4b073a5f,JSON_Payload
REQ-0016,intake-analytics.wikimedia.org,/v1/events,eventId,b52a2e79-bf27-47fa-ab03-2ee1760c2aa9-18c5e696-ad03-4152-81a3-0cff4b073a5f,JSON_Payload
REQ-0016,intake-analytics.wikimedia.org,/v1/events,userId,108206863,JSON_Payload
REQ-0016,intake-analytics.wikimedia.org,/v1/events,eventName,app_error,JSON_Payload
REQ-0016,intake-analytics.wikimedia.org,/v1/events,eventParams_cityName,Delhi NCR,JSON_Payload
REQ-0016,intake-analytics.wikimedia.org,/v1/events,eventParams_isLoggedIn,False,JSON_Payload
REQ-0016,intake-analytics.wikimedia.org,/v1/events,eventParams_online,True,JSON_Payload
REQ-0016,intake-analytics.wikimedia.org,/v1/events,eventParams_details,"ClientException: Cronet exception: m1.kw: Exception in CronetUrlRequest: net::ERR_INVALID_URL, Error",JSON_Payload
REQ-0016,intake-analytics.wikimedia.org,/v1/events,eventParams_cityId,Gurgaon,JSON_Payload
REQ-0016,intake-analytics.wikimedia.org,/v1/events,eventParams_sessionId,37bf15e3-82a2-b829-e798-1f08d47f282b,JSON_Payload
REQ-0016,intake-analytics.wikimedia.org,/v1/events,eventParams_platform,APP,JSON_Payload
REQ-0016,intake-analytics.wikimedia.org,/v1/events,eventParams_advertiserId,9013994955fb2f93,JSON_Payload
REQ-0016,intake-analytics.wikimedia.org,/v1/events,createdAt,1787569376275,JSON_Payload
REQ-0016,intake-analytics.wikimedia.org,/v1/events,sessionId,973fc4f4-6ae0-4b16-959a-a702c9bc8076-95d386c1-17e9-4792-b6f6-1244a9f6caf4,JSON_Payload
REQ-0017,intake-analytics.wikimedia.org,/v1/events,_id,4cb99bc9-0caf-494a-a14b-dd9680b643d7-8b92e249-939e-4b94-b2da-ff6cd56de486,JSON_Payload
REQ-0017,intake-analytics.wikimedia.org,/v1/events,eventId,4cb99bc9-0caf-494a-a14b-dd9680b643d7-8b92e249-939e-4b94-b2da-ff6cd56de486,JSON_Payload
REQ-0017,intake-analytics.wikimedia.org,/v1/events,userId,108206863,JSON_Payload
REQ-0017,intake-analytics.wikimedia.org,/v1/events,eventName,app_error,JSON_Payload
REQ-0017,intake-analytics.wikimedia.org,/v1/events,eventParams_cityName,Delhi NCR,JSON_Payload
REQ-0017,intake-analytics.wikimedia.org,/v1/events,eventParams_isLoggedIn,False,JSON_Payload
REQ-0017,intake-analytics.wikimedia.org,/v1/events,eventParams_online,True,JSON_Payload
REQ-0017,intake-analytics.wikimedia.org,/v1/events,eventParams_details,"ClientException: Cronet exception: m1.kw: Exception in CronetUrlRequest: net::ERR_INVALID_URL, Error",JSON_Payload
REQ-0017,intake-analytics.wikimedia.org,/v1/events,eventParams_cityId,Gurgaon,JSON_Payload
REQ-0017,intake-analytics.wikimedia.org,/v1/events,eventParams_sessionId,37bf15e3-82a2-b829-e798-1f08d47f282b,JSON_Payload
REQ-0017,intake-analytics.wikimedia.org,/v1/events,eventParams_platform,APP,JSON_Payload
REQ-0017,intake-analytics.wikimedia.org,/v1/events,eventParams_advertiserId,9013994955fb2f93,JSON_Payload
REQ-0017,intake-analytics.wikimedia.org,/v1/events,createdAt,1787569376274,JSON_Payload
REQ-0017,intake-analytics.wikimedia.org,/v1/events,sessionId,973fc4f4-6ae0-4b16-959a-a702c9bc8076-95d386c1-17e9-4792-b6f6-1244a9f6caf4,JSON_Payload
REQ-0018,intake-analytics.wikimedia.org,/v1/events,_id,2e5d44e6-9cfa-420e-b88f-109a005280ea-cc5057ce-c255-4488-8c8d-b9359ec86655,JSON_Payload
REQ-0018,intake-analytics.wikimedia.org,/v1/events,eventId,2e5d44e6-9cfa-420e-b88f-109a005280ea-cc5057ce-c255-4488-8c8d-b9359ec86655,JSON_Payload
REQ-0018,intake-analytics.wikimedia.org,/v1/events,userId,108206863,JSON_Payload
REQ-0018,intake-analytics.wikimedia.org,/v1/events,eventName,app_error,JSON_Payload
REQ-0018,intake-analytics.wikimedia.org,/v1/events,eventParams_cityName,Delhi NCR,JSON_Payload
REQ-0018,intake-analytics.wikimedia.org,/v1/events,eventParams_isLoggedIn,False,JSON_Payload
REQ-0018,intake-analytics.wikimedia.org,/v1/events,eventParams_online,True,JSON_Payload
REQ-0018,intake-analytics.wikimedia.org,/v1/events,eventParams_details,"ClientException: Cronet exception: m1.kw: Exception in CronetUrlRequest: net::ERR_INVALID_URL, Error",JSON_Payload
REQ-0018,intake-analytics.wikimedia.org,/v1/events,eventParams_cityId,Gurgaon,JSON_Payload
REQ-0018,intake-analytics.wikimedia.org,/v1/events,eventParams_sessionId,37bf15e3-82a2-b829-e798-1f08d47f282b,JSON_Payload
REQ-0018,intake-analytics.wikimedia.org,/v1/events,eventParams_platform,APP,JSON_Payload
REQ-0018,intake-analytics.wikimedia.org,/v1/events,eventParams_advertiserId,9013994955fb2f93,JSON_Payload
REQ-0018,intake-analytics.wikimedia.org,/v1/events,createdAt,1787569376272,JSON_Payload
REQ-0018,intake-analytics.wikimedia.org,/v1/events,sessionId,973fc4f4-6ae0-4b16-959a-a702c9bc8076-95d386c1-17e9-4792-b6f6-1244a9f6caf4,JSON_Payload
REQ-0019,intake-analytics.wikimedia.org,/v1/events,_id,1dda5a0d-3e14-432c-8f40-9001b648291d-1fd2b926-a179-4b61-a009-7c9dbd11e66f,JSON_Payload
REQ-0019,intake-analytics.wikimedia.org,/v1/events,eventId,1dda5a0d-3e14-432c-8f40-9001b648291d-1fd2b926-a179-4b61-a009-7c9dbd11e66f,JSON_Payload
REQ-0019,intake-analytics.wikimedia.org,/v1/events,userId,108206863,JSON_Payload
REQ-0019,intake-analytics.wikimedia.org,/v1/events,eventName,content_impression,JSON_Payload
REQ-0019,intake-analytics.wikimedia.org,/v1/events,eventParams_widgetName,HP - Guided session,JSON_Payload
REQ-0019,intake-analytics.wikimedia.org,/v1/events,eventParams_isSampledWidgetImpressionRequired,False,JSON_Payload
REQ-0019,intake-analytics.wikimedia.org,/v1/events,eventParams_scrollTrigger,auto,JSON_Payload
REQ-0019,intake-analytics.wikimedia.org,/v1/events,eventParams_widgetId,27b310fa-f4c9-4846-9224-f836a2f49ca5,JSON_Payload
REQ-0019,intake-analytics.wikimedia.org,/v1/events,eventParams_contentId,y13ohsy14k,JSON_Payload
REQ-0019,intake-analytics.wikimedia.org,/v1/events,eventParams_cityId,Gurgaon,JSON_Payload
REQ-0019,intake-analytics.wikimedia.org,/v1/events,eventParams_sessionId,37bf15e3-82a2-b829-e798-1f08d47f282b,JSON_Payload
REQ-0019,intake-analytics.wikimedia.org,/v1/events,eventParams_platform,APP,JSON_Payload
REQ-0019,intake-analytics.wikimedia.org,/v1/events,eventParams_widgetType,MERCHANTRY_WIDGET,JSON_Payload
REQ-0019,intake-analytics.wikimedia.org,/v1/events,eventParams_advertiserId,9013994955fb2f93,JSON_Payload
REQ-0019,intake-analytics.wikimedia.org,/v1/events,eventParams_cityName,Delhi NCR,JSON_Payload
REQ-0019,intake-analytics.wikimedia.org,/v1/events,eventParams_dedupeId,ur3b67xuxn,JSON_Payload
REQ-0019,intake-analytics.wikimedia.org,/v1/events,eventParams_isWidgetImpressionRequired,True,JSON_Payload
REQ-0019,intake-analytics.wikimedia.org,/v1/events,eventParams_online,True,JSON_Payload
REQ-0019,intake-analytics.wikimedia.org,/v1/events,eventParams_isLoggedIn,False,JSON_Payload
REQ-0019,intake-analytics.wikimedia.org,/v1/events,eventParams_position,0,JSON_Payload
REQ-0019,intake-analytics.wikimedia.org,/v1/events,createdAt,1787569373518,JSON_Payload
REQ-0019,intake-analytics.wikimedia.org,/v1/events,sessionId,973fc4f4-6ae0-4b16-959a-a702c9bc8076-95d386c1-17e9-4792-b6f6-1244a9f6caf4,JSON_Payload
REQ-0020,intake-analytics.wikimedia.org,/v1/events,_id,b10e18e6-6dea-4204-b8f7-17eb6e8fffd2-37cb26d9-0334-4386-aa59-8983ac05ab2f,JSON_Payload
REQ-0020,intake-analytics.wikimedia.org,/v1/events,eventId,b10e18e6-6dea-4204-b8f7-17eb6e8fffd2-37cb26d9-0334-4386-aa59-8983ac05ab2f,JSON_Payload
REQ-0020,intake-analytics.wikimedia.org,/v1/events,userId,108206863,JSON_Payload
REQ-0020,intake-analytics.wikimedia.org,/v1/events,eventName,widget_impression,JSON_Payload
REQ-0020,intake-analytics.wikimedia.org,/v1/events,eventParams_widgetName,HP - Guided session,JSON_Payload
REQ-0020,intake-analytics.wikimedia.org,/v1/events,eventParams_isSampledWidgetImpressionRequired,False,JSON_Payload
REQ-0020,intake-analytics.wikimedia.org,/v1/events,eventParams_widgetId,27b310fa-f4c9-4846-9224-f836a2f49ca5,JSON_Payload
REQ-0020,intake-analytics.wikimedia.org,/v1/events,eventParams_sessionId,37bf15e3-82a2-b829-e798-1f08d47f282b,JSON_Payload
REQ-0020,intake-analytics.wikimedia.org,/v1/events,eventParams_cityId,Gurgaon,JSON_Payload
REQ-0020,intake-analytics.wikimedia.org,/v1/events,eventParams_eventType,view,JSON_Payload
REQ-0020,intake-analytics.wikimedia.org,/v1/events,eventParams_platform,APP,JSON_Payload
REQ-0020,intake-analytics.wikimedia.org,/v1/events,eventParams_widgetType,MERCHANTRY_WIDGET,JSON_Payload
REQ-0020,intake-analytics.wikimedia.org,/v1/events,eventParams_advertiserId,9013994955fb2f93,JSON_Payload
REQ-0020,intake-analytics.wikimedia.org,/v1/events,eventParams_cityName,Delhi NCR,JSON_Payload
REQ-0020,intake-analytics.wikimedia.org,/v1/events,eventParams_isWidgetImpressionRequired,True,JSON_Payload
REQ-0020,intake-analytics.wikimedia.org,/v1/events,eventParams_isLoggedIn,False,JSON_Payload
REQ-0020,intake-analytics.wikimedia.org,/v1/events,eventParams_online,True,JSON_Payload
REQ-0020,intake-analytics.wikimedia.org,/v1/events,createdAt,1787569373499,JSON_Payload
REQ-0020,intake-analytics.wikimedia.org,/v1/events,sessionId,973fc4f4-6ae0-4b16-959a-a702c9bc8076-95d386c1-17e9-4792-b6f6-1244a9f6caf4,JSON_Payload
REQ-0021,intake-analytics.wikimedia.org,/v1/events,url,https://a.nel.cloudflare.com/report/v4?s=MR6nHNTk8NsTSGm%2FOo2RmwYLVQZbj4fh%2F5RttqISTCbvz0uAvio8lUYzq3uX4T7gkGQComI6YDdCjhBTUX9K2%2FSswY3FbNbfZPXjI8QBIKMsxTWVqGI9slwElQkT7PrHE3k4lcDotN3Py5f8NOpEBQ%3D%3D,JSON_Payload
REQ-0022,intake-analytics.wikimedia.org,/v1/events,_id,e163e50d-a5d2-4a80-8736-e6f03e57ff88-c39de30b-dbb4-4271-803a-884d079ba320,JSON_Payload
REQ-0022,intake-analytics.wikimedia.org,/v1/events,eventId,e163e50d-a5d2-4a80-8736-e6f03e57ff88-c39de30b-dbb4-4271-803a-884d079ba320,JSON_Payload
REQ-0022,intake-analytics.wikimedia.org,/v1/events,userId,108206863,JSON_Payload
REQ-0022,intake-analytics.wikimedia.org,/v1/events,eventName,app_background,JSON_Payload
REQ-0022,intake-analytics.wikimedia.org,/v1/events,eventParams_toState,hidden,JSON_Payload
REQ-0022,intake-analytics.wikimedia.org,/v1/events,eventParams_fromState,inactive,JSON_Payload
REQ-0022,intake-analytics.wikimedia.org,/v1/events,eventParams_framework,flutter,JSON_Payload
REQ-0022,intake-analytics.wikimedia.org,/v1/events,eventParams_cityName,Delhi NCR,JSON_Payload
REQ-0022,intake-analytics.wikimedia.org,/v1/events,eventParams_isLoggedIn,False,JSON_Payload
REQ-0022,intake-analytics.wikimedia.org,/v1/events,eventParams_online,True,JSON_Payload
REQ-0022,intake-analytics.wikimedia.org,/v1/events,eventParams_vertical,FITNESSHUB,JSON_Payload
REQ-0022,intake-analytics.wikimedia.org,/v1/events,eventParams_cityId,Gurgaon,JSON_Payload
REQ-0022,intake-analytics.wikimedia.org,/v1/events,eventParams_sessionId,37bf15e3-82a2-b829-e798-1f08d47f282b,JSON_Payload
REQ-0022,intake-analytics.wikimedia.org,/v1/events,eventParams_eventType,app_lifecycle,JSON_Payload
REQ-0022,intake-analytics.wikimedia.org,/v1/events,eventParams_platform,APP,JSON_Payload
REQ-0022,intake-analytics.wikimedia.org,/v1/events,eventParams_advertiserId,9013994955fb2f93,JSON_Payload
REQ-0022,intake-analytics.wikimedia.org,/v1/events,createdAt,1787569382454,JSON_Payload
REQ-0022,intake-analytics.wikimedia.org,/v1/events,sessionId,973fc4f4-6ae0-4b16-959a-a702c9bc8076-95d386c1-17e9-4792-b6f6-1244a9f6caf4,JSON_Payload
REQ-0023,intake-analytics.wikimedia.org,/v1/events,_id,ffbaa0c5-cf59-447e-88aa-7d597592c3a3-ee0ffabc-7f6c-4c58-95d4-2963a5ae6415,JSON_Payload
REQ-0023,intake-analytics.wikimedia.org,/v1/events,eventId,ffbaa0c5-cf59-447e-88aa-7d597592c3a3-ee0ffabc-7f6c-4c58-95d4-2963a5ae6415,JSON_Payload
REQ-0023,intake-analytics.wikimedia.org,/v1/events,userId,108206863,JSON_Payload
REQ-0023,intake-analytics.wikimedia.org,/v1/events,eventName,END_OF_LIST_PAGE,JSON_Payload
REQ-0023,intake-analytics.wikimedia.org,/v1/events,eventParams_cityName,Delhi NCR,JSON_Payload
REQ-0023,intake-analytics.wikimedia.org,/v1/events,eventParams_isLoggedIn,False,JSON_Payload
REQ-0023,intake-analytics.wikimedia.org,/v1/events,eventParams_online,True,JSON_Payload
REQ-0023,intake-analytics.wikimedia.org,/v1/events,eventParams_vertical,FITNESSHUB,JSON_Payload
REQ-0023,intake-analytics.wikimedia.org,/v1/events,eventParams_cityId,Gurgaon,JSON_Payload
REQ-0023,intake-analytics.wikimedia.org,/v1/events,eventParams_sessionId,37bf15e3-82a2-b829-e798-1f08d47f282b,JSON_Payload
REQ-0023,intake-analytics.wikimedia.org,/v1/events,eventParams_pageId,fitness_search_choose_category,JSON_Payload
REQ-0023,intake-analytics.wikimedia.org,/v1/events,eventParams_platform,APP,JSON_Payload
REQ-0023,intake-analytics.wikimedia.org,/v1/events,eventParams_advertiserId,9013994955fb2f93,JSON_Payload
REQ-0023,intake-analytics.wikimedia.org,/v1/events,createdAt,1787569382437,JSON_Payload
REQ-0023,intake-analytics.wikimedia.org,/v1/events,sessionId,973fc4f4-6ae0-4b16-959a-a702c9bc8076-95d386c1-17e9-4792-b6f6-1244a9f6caf4,JSON_Payload
REQ-0024,intake-analytics.wikimedia.org,/v1/events,_id,b0012335-da93-4192-b207-68b57ad50ed6-ea3d2ebd-896c-4102-90d6-65a7e4fb0c13,JSON_Payload
REQ-0024,intake-analytics.wikimedia.org,/v1/events,eventId,b0012335-da93-4192-b207-68b57ad50ed6-ea3d2ebd-896c-4102-90d6-65a7e4fb0c13,JSON_Payload
REQ-0024,intake-analytics.wikimedia.org,/v1/events,userId,108206863,JSON_Payload
REQ-0024,intake-analytics.wikimedia.org,/v1/events,eventName,page_view,JSON_Payload
REQ-0024,intake-analytics.wikimedia.org,/v1/events,eventParams_dateTime,1787569382302,JSON_Payload
REQ-0024,intake-analytics.wikimedia.org,/v1/events,eventParams_vertical,FITNESSHUB,JSON_Payload
REQ-0024,intake-analytics.wikimedia.org,/v1/events,eventParams_cityId,Gurgaon,JSON_Payload
REQ-0024,intake-analytics.wikimedia.org,/v1/events,eventParams_sessionId,37bf15e3-82a2-b829-e798-1f08d47f282b,JSON_Payload
REQ-0024,intake-analytics.wikimedia.org,/v1/events,eventParams_eventType,view,JSON_Payload
REQ-0024,intake-analytics.wikimedia.org,/v1/events,eventParams_pageId,fitness_search_choose_category,JSON_Payload
REQ-0024,intake-analytics.wikimedia.org,/v1/events,eventParams_pageName,Search for,JSON_Payload
REQ-0024,intake-analytics.wikimedia.org,/v1/events,eventParams_platform,APP,JSON_Payload
REQ-0024,intake-analytics.wikimedia.org,/v1/events,eventParams_advertiserId,9013994955fb2f93,JSON_Payload
REQ-0024,intake-analytics.wikimedia.org,/v1/events,eventParams_pageType,listpage,JSON_Payload
REQ-0024,intake-analytics.wikimedia.org,/v1/events,eventParams_cityName,Delhi NCR,JSON_Payload
REQ-0024,intake-analytics.wikimedia.org,/v1/events,eventParams_isLoggedIn,False,JSON_Payload
REQ-0024,intake-analytics.wikimedia.org,/v1/events,eventParams_online,True,JSON_Payload
REQ-0024,intake-analytics.wikimedia.org,/v1/events,createdAt,1787569382328,JSON_Payload
REQ-0024,intake-analytics.wikimedia.org,/v1/events,sessionId,973fc4f4-6ae0-4b16-959a-a702c9bc8076-95d386c1-17e9-4792-b6f6-1244a9f6caf4,JSON_Payload
REQ-0025,intake-analytics.wikimedia.org,/v1/events,_id,85550290-e237-435a-becf-865cf0344931-362f505b-9362-48d3-8f55-86a8fc4e37c1,JSON_Payload
REQ-0025,intake-analytics.wikimedia.org,/v1/events,eventId,85550290-e237-435a-becf-865cf0344931-362f505b-9362-48d3-8f55-86a8fc4e37c1,JSON_Payload
REQ-0025,intake-analytics.wikimedia.org,/v1/events,userId,108206863,JSON_Payload
REQ-0025,intake-analytics.wikimedia.org,/v1/events,eventName,navigation_change,JSON_Payload
REQ-0025,intake-analytics.wikimedia.org,/v1/events,eventParams_dateTime,1787569381874,JSON_Payload
REQ-0025,intake-analytics.wikimedia.org,/v1/events,eventParams_topageId,fitness_search_choose_category,JSON_Payload
REQ-0025,intake-analytics.wikimedia.org,/v1/events,eventParams_fromPageName,fitnesshubclp,JSON_Payload
REQ-0025,intake-analytics.wikimedia.org,/v1/events,eventParams_vertical,FITNESSHUB,JSON_Payload
REQ-0025,intake-analytics.wikimedia.org,/v1/events,eventParams_cityId,Gurgaon,JSON_Payload
REQ-0025,intake-analytics.wikimedia.org,/v1/events,eventParams_sessionId,37bf15e3-82a2-b829-e798-1f08d47f282b,JSON_Payload
REQ-0025,intake-analytics.wikimedia.org,/v1/events,eventParams_eventType,navigation_change,JSON_Payload
REQ-0025,intake-analytics.wikimedia.org,/v1/events,eventParams_platform,APP,JSON_Payload
REQ-0025,intake-analytics.wikimedia.org,/v1/events,eventParams_advertiserId,9013994955fb2f93,JSON_Payload
REQ-0025,intake-analytics.wikimedia.org,/v1/events,eventParams_toPageName,listpage,JSON_Payload
REQ-0025,intake-analytics.wikimedia.org,/v1/events,eventParams_cityName,Delhi NCR,JSON_Payload
REQ-0025,intake-analytics.wikimedia.org,/v1/events,eventParams_frompageId,fitnesshubclp,JSON_Payload
REQ-0025,intake-analytics.wikimedia.org,/v1/events,eventParams_isLoggedIn,False,JSON_Payload
REQ-0025,intake-analytics.wikimedia.org,/v1/events,eventParams_online,True,JSON_Payload
REQ-0025,intake-analytics.wikimedia.org,/v1/events,createdAt,1787569381895,JSON_Payload
REQ-0025,intake-analytics.wikimedia.org,/v1/events,sessionId,973fc4f4-6ae0-4b16-959a-a702c9bc8076-95d386c1-17e9-4792-b6f6-1244a9f6caf4,JSON_Payload
REQ-0026,intake-analytics.wikimedia.org,/v1/events,_id,fb9a50c0-9e63-4892-9513-78d482089092-9376d4bf-2ced-4a03-93af-086afdb5bb7f,JSON_Payload
REQ-0026,intake-analytics.wikimedia.org,/v1/events,eventId,fb9a50c0-9e63-4892-9513-78d482089092-9376d4bf-2ced-4a03-93af-086afdb5bb7f,JSON_Payload
REQ-0026,intake-analytics.wikimedia.org,/v1/events,userId,108206863,JSON_Payload
REQ-0026,intake-analytics.wikimedia.org,/v1/events,eventName,widget_impression,JSON_Payload
REQ-0026,intake-analytics.wikimedia.org,/v1/events,eventParams_widgetName,Survey Form - Nux Widget,JSON_Payload
REQ-0026,intake-analytics.wikimedia.org,/v1/events,eventParams_isSampledWidgetImpressionRequired,False,JSON_Payload
REQ-0026,intake-analytics.wikimedia.org,/v1/events,eventParams_widgetId,25d7bb75-0c68-4f4a-b646-1c1dedb8fc77,JSON_Payload
REQ-0026,intake-analytics.wikimedia.org,/v1/events,eventParams_widgetPosition,2,JSON_Payload
REQ-0026,intake-analytics.wikimedia.org,/v1/events,eventParams_vertical,FITNESSHUB,JSON_Payload
REQ-0026,intake-analytics.wikimedia.org,/v1/events,eventParams_cityId,Gurgaon,JSON_Payload
REQ-0026,intake-analytics.wikimedia.org,/v1/events,eventParams_sessionId,37bf15e3-82a2-b829-e798-1f08d47f282b,JSON_Payload
REQ-0026,intake-analytics.wikimedia.org,/v1/events,eventParams_eventType,view,JSON_Payload
REQ-0026,intake-analytics.wikimedia.org,/v1/events,eventParams_pageId,fitnesshub_nux,JSON_Payload
REQ-0026,intake-analytics.wikimedia.org,/v1/events,eventParams_pageName, Nux fitness page,JSON_Payload
REQ-0026,intake-analytics.wikimedia.org,/v1/events,eventParams_platform,APP,JSON_Payload
REQ-0026,intake-analytics.wikimedia.org,/v1/events,eventParams_widgetType,MERCHANTRY_WIDGET,JSON_Payload
REQ-0026,intake-analytics.wikimedia.org,/v1/events,eventParams_advertiserId,9013994955fb2f93,JSON_Payload
REQ-0026,intake-analytics.wikimedia.org,/v1/events,eventParams_cityName,Delhi NCR,JSON_Payload
REQ-0026,intake-analytics.wikimedia.org,/v1/events,eventParams_isWidgetImpressionRequired,True,JSON_Payload
REQ-0026,intake-analytics.wikimedia.org,/v1/events,eventParams_online,True,JSON_Payload
REQ-0026,intake-analytics.wikimedia.org,/v1/events,eventParams_isLoggedIn,False,JSON_Payload
REQ-0026,intake-analytics.wikimedia.org,/v1/events,createdAt,1787569380445,JSON_Payload
REQ-0026,intake-analytics.wikimedia.org,/v1/events,sessionId,973fc4f4-6ae0-4b16-959a-a702c9bc8076-95d386c1-17e9-4792-b6f6-1244a9f6caf4,JSON_Payload
REQ-0027,intake-analytics.wikimedia.org,/v1/events,_id,b31b20c5-5e99-4914-8847-610626977cd9-8917e8be-6bb3-420d-a99c-0d5e290c2fcb,JSON_Payload
REQ-0027,intake-analytics.wikimedia.org,/v1/events,eventId,b31b20c5-5e99-4914-8847-610626977cd9-8917e8be-6bb3-420d-a99c-0d5e290c2fcb,JSON_Payload
REQ-0027,intake-analytics.wikimedia.org,/v1/events,userId,108206863,JSON_Payload
REQ-0027,intake-analytics.wikimedia.org,/v1/events,eventName,content_impression,JSON_Payload
REQ-0027,intake-analytics.wikimedia.org,/v1/events,eventParams_widgetName,Unified CLP Fitnesshub Stories - UBER - Set 2,JSON_Payload
REQ-0027,intake-analytics.wikimedia.org,/v1/events,eventParams_scrollTrigger,auto,JSON_Payload
REQ-0027,intake-analytics.wikimedia.org,/v1/events,eventParams_isSampledWidgetImpressionRequired,False,JSON_Payload
REQ-0027,intake-analytics.wikimedia.org,/v1/events,eventParams_widgetId,5bbb9b7e-8f40-45c1-a968-8ecbcaeb0a10z,JSON_Payload
REQ-0027,intake-analytics.wikimedia.org,/v1/events,eventParams_contentId,7ykhgiq4vei,JSON_Payload
REQ-0027,intake-analytics.wikimedia.org,/v1/events,eventParams_vertical,FITNESSHUB,JSON_Payload
REQ-0027,intake-analytics.wikimedia.org,/v1/events,eventParams_widgetPosition,0,JSON_Payload
REQ-0027,intake-analytics.wikimedia.org,/v1/events,eventParams_cityId,Gurgaon,JSON_Payload
REQ-0027,intake-analytics.wikimedia.org,/v1/events,eventParams_sessionId,37bf15e3-82a2-b829-e798-1f08d47f282b,JSON_Payload
REQ-0027,intake-analytics.wikimedia.org,/v1/events,eventParams_pageId,fitnesshub_nux,JSON_Payload
REQ-0027,intake-analytics.wikimedia.org,/v1/events,eventParams_pageName, Nux fitness page,JSON_Payload
REQ-0027,intake-analytics.wikimedia.org,/v1/events,eventParams_platform,APP,JSON_Payload
REQ-0027,intake-analytics.wikimedia.org,/v1/events,eventParams_widgetType,MERCHANTRY_WIDGET,JSON_Payload
REQ-0027,intake-analytics.wikimedia.org,/v1/events,eventParams_advertiserId,9013994955fb2f93,JSON_Payload
REQ-0027,intake-analytics.wikimedia.org,/v1/events,eventParams_cityName,Delhi NCR,JSON_Payload
REQ-0027,intake-analytics.wikimedia.org,/v1/events,eventParams_dedupeId,f16h1omhws,JSON_Payload
REQ-0027,intake-analytics.wikimedia.org,/v1/events,eventParams_isWidgetImpressionRequired,True,JSON_Payload
REQ-0027,intake-analytics.wikimedia.org,/v1/events,eventParams_isLoggedIn,False,JSON_Payload
REQ-0027,intake-analytics.wikimedia.org,/v1/events,eventParams_online,True,JSON_Payload
REQ-0027,intake-analytics.wikimedia.org,/v1/events,eventParams_position,0,JSON_Payload
REQ-0027,intake-analytics.wikimedia.org,/v1/events,createdAt,1787569378266,JSON_Payload
REQ-0027,intake-analytics.wikimedia.org,/v1/events,sessionId,973fc4f4-6ae0-4b16-959a-a702c9bc8076-95d386c1-17e9-4792-b6f6-1244a9f6caf4,JSON_Payload
REQ-0028,intake-analytics.wikimedia.org,/v1/events,_id,4b7c0a92-15c7-46d2-b1ec-82b615686f13-10bae5b9-8f32-4b89-a3b0-493881aa72c8,JSON_Payload
REQ-0028,intake-analytics.wikimedia.org,/v1/events,eventId,4b7c0a92-15c7-46d2-b1ec-82b615686f13-10bae5b9-8f32-4b89-a3b0-493881aa72c8,JSON_Payload
REQ-0028,intake-analytics.wikimedia.org,/v1/events,userId,108206863,JSON_Payload
REQ-0028,intake-analytics.wikimedia.org,/v1/events,eventName,widget_impression,JSON_Payload
REQ-0028,intake-analytics.wikimedia.org,/v1/events,eventParams_widgetName,Unified CLP Fitnesshub Stories - UBER - Set 2,JSON_Payload
REQ-0028,intake-analytics.wikimedia.org,/v1/events,eventParams_isSampledWidgetImpressionRequired,False,JSON_Payload
REQ-0028,intake-analytics.wikimedia.org,/v1/events,eventParams_widgetId,5bbb9b7e-8f40-45c1-a968-8ecbcaeb0a10z,JSON_Payload
REQ-0028,intake-analytics.wikimedia.org,/v1/events,eventParams_widgetPosition,0,JSON_Payload
REQ-0028,intake-analytics.wikimedia.org,/v1/events,eventParams_vertical,FITNESSHUB,JSON_Payload
REQ-0028,intake-analytics.wikimedia.org,/v1/events,eventParams_cityId,Gurgaon,JSON_Payload
REQ-0028,intake-analytics.wikimedia.org,/v1/events,eventParams_sessionId,37bf15e3-82a2-b829-e798-1f08d47f282b,JSON_Payload
REQ-0028,intake-analytics.wikimedia.org,/v1/events,eventParams_eventType,view,JSON_Payload
REQ-0028,intake-analytics.wikimedia.org,/v1/events,eventParams_pageId,fitnesshub_nux,JSON_Payload
REQ-0028,intake-analytics.wikimedia.org,/v1/events,eventParams_pageName, Nux fitness page,JSON_Payload
REQ-0028,intake-analytics.wikimedia.org,/v1/events,eventParams_platform,APP,JSON_Payload
REQ-0028,intake-analytics.wikimedia.org,/v1/events,eventParams_widgetType,MERCHANTRY_WIDGET,JSON_Payload
REQ-0028,intake-analytics.wikimedia.org,/v1/events,eventParams_advertiserId,9013994955fb2f93,JSON_Payload
REQ-0028,intake-analytics.wikimedia.org,/v1/events,eventParams_cityName,Delhi NCR,JSON_Payload
REQ-0028,intake-analytics.wikimedia.org,/v1/events,eventParams_isWidgetImpressionRequired,True,JSON_Payload
REQ-0028,intake-analytics.wikimedia.org,/v1/events,eventParams_online,True,JSON_Payload
REQ-0028,intake-analytics.wikimedia.org,/v1/events,eventParams_isLoggedIn,False,JSON_Payload
REQ-0028,intake-analytics.wikimedia.org,/v1/events,createdAt,1787569378231,JSON_Payload
REQ-0028,intake-analytics.wikimedia.org,/v1/events,sessionId,973fc4f4-6ae0-4b16-959a-a702c9bc8076-95d386c1-17e9-4792-b6f6-1244a9f6caf4,JSON_Payload
REQ-0029,intake-analytics.wikimedia.org,/v1/events,_id,f115f69a-19ec-474b-a4c7-d2a9841ce3a8-e103144f-b9b2-4b5f-86d7-01d51ed898b1,JSON_Payload
REQ-0029,intake-analytics.wikimedia.org,/v1/events,eventId,f115f69a-19ec-474b-a4c7-d2a9841ce3a8-e103144f-b9b2-4b5f-86d7-01d51ed898b1,JSON_Payload
REQ-0029,intake-analytics.wikimedia.org,/v1/events,userId,108206863,JSON_Payload
REQ-0029,intake-analytics.wikimedia.org,/v1/events,eventName,app_error,JSON_Payload
REQ-0029,intake-analytics.wikimedia.org,/v1/events,eventParams_cityName,Delhi NCR,JSON_Payload
REQ-0029,intake-analytics.wikimedia.org,/v1/events,eventParams_isLoggedIn,False,JSON_Payload
REQ-0029,intake-analytics.wikimedia.org,/v1/events,eventParams_online,True,JSON_Payload
REQ-0029,intake-analytics.wikimedia.org,/v1/events,eventParams_details,"ClientException: Cronet exception: m1.kw: Exception in CronetUrlRequest: net::ERR_INVALID_URL, Error",JSON_Payload
REQ-0029,intake-analytics.wikimedia.org,/v1/events,eventParams_cityId,Gurgaon,JSON_Payload
REQ-0029,intake-analytics.wikimedia.org,/v1/events,eventParams_sessionId,37bf15e3-82a2-b829-e798-1f08d47f282b,JSON_Payload
REQ-0029,intake-analytics.wikimedia.org,/v1/events,eventParams_platform,APP,JSON_Payload
REQ-0029,intake-analytics.wikimedia.org,/v1/events,eventParams_advertiserId,9013994955fb2f93,JSON_Payload
REQ-0029,intake-analytics.wikimedia.org,/v1/events,createdAt,1787569373387,JSON_Payload
REQ-0029,intake-analytics.wikimedia.org,/v1/events,sessionId,973fc4f4-6ae0-4b16-959a-a702c9bc8076-95d386c1-17e9-4792-b6f6-1244a9f6caf4,JSON_Payload
REQ-0030,intake-analytics.wikimedia.org,/v1/events,_id,51ad6473-fc50-40a1-a552-4701b9e68898-e729716e-c898-454a-ac12-f0e5c53dc185,JSON_Payload
REQ-0030,intake-analytics.wikimedia.org,/v1/events,eventId,51ad6473-fc50-40a1-a552-4701b9e68898-e729716e-c898-454a-ac12-f0e5c53dc185,JSON_Payload
REQ-0030,intake-analytics.wikimedia.org,/v1/events,userId,108206863,JSON_Payload
REQ-0030,intake-analytics.wikimedia.org,/v1/events,eventName,app_error,JSON_Payload
REQ-0030,intake-analytics.wikimedia.org,/v1/events,eventParams_cityName,Delhi NCR,JSON_Payload
REQ-0030,intake-analytics.wikimedia.org,/v1/events,eventParams_isLoggedIn,False,JSON_Payload
REQ-0030,intake-analytics.wikimedia.org,/v1/events,eventParams_online,True,JSON_Payload
REQ-0030,intake-analytics.wikimedia.org,/v1/events,eventParams_details,"ClientException: Cronet exception: m1.kw: Exception in CronetUrlRequest: net::ERR_INVALID_URL, Error",JSON_Payload
REQ-0030,intake-analytics.wikimedia.org,/v1/events,eventParams_cityId,Gurgaon,JSON_Payload
REQ-0030,intake-analytics.wikimedia.org,/v1/events,eventParams_sessionId,37bf15e3-82a2-b829-e798-1f08d47f282b,JSON_Payload
REQ-0030,intake-analytics.wikimedia.org,/v1/events,eventParams_platform,APP,JSON_Payload
REQ-0030,intake-analytics.wikimedia.org,/v1/events,eventParams_advertiserId,9013994955fb2f93,JSON_Payload
REQ-0030,intake-analytics.wikimedia.org,/v1/events,createdAt,1787569373385,JSON_Payload
REQ-0030,intake-analytics.wikimedia.org,/v1/events,sessionId,973fc4f4-6ae0-4b16-959a-a702c9bc8076-95d386c1-17e9-4792-b6f6-1244a9f6caf4,JSON_Payload
REQ-0031,intake-analytics.wikimedia.org,/v1/events,_id,ed961ada-4af7-47ee-b1a4-fc461e264a61-402d5dfe-55b8-4e3c-b333-9d8ea3cb92b5,JSON_Payload
REQ-0031,intake-analytics.wikimedia.org,/v1/events,eventId,ed961ada-4af7-47ee-b1a4-fc461e264a61-402d5dfe-55b8-4e3c-b333-9d8ea3cb92b5,JSON_Payload
REQ-0031,intake-analytics.wikimedia.org,/v1/events,userId,108206863,JSON_Payload
REQ-0031,intake-analytics.wikimedia.org,/v1/events,eventName,app_error,JSON_Payload
REQ-0031,intake-analytics.wikimedia.org,/v1/events,eventParams_cityName,Delhi NCR,JSON_Payload
REQ-0031,intake-analytics.wikimedia.org,/v1/events,eventParams_isLoggedIn,False,JSON_Payload
REQ-0031,intake-analytics.wikimedia.org,/v1/events,eventParams_online,True,JSON_Payload
REQ-0031,intake-analytics.wikimedia.org,/v1/events,eventParams_details,"ClientException: Cronet exception: m1.kw: Exception in CronetUrlRequest: net::ERR_INVALID_URL, Error",JSON_Payload
REQ-0031,intake-analytics.wikimedia.org,/v1/events,eventParams_cityId,Gurgaon,JSON_Payload
REQ-0031,intake-analytics.wikimedia.org,/v1/events,eventParams_sessionId,37bf15e3-82a2-b829-e798-1f08d47f282b,JSON_Payload
REQ-0031,intake-analytics.wikimedia.org,/v1/events,eventParams_platform,APP,JSON_Payload
REQ-0031,intake-analytics.wikimedia.org,/v1/events,eventParams_advertiserId,9013994955fb2f93,JSON_Payload
REQ-0031,intake-analytics.wikimedia.org,/v1/events,createdAt,1787569373382,JSON_Payload
REQ-0031,intake-analytics.wikimedia.org,/v1/events,sessionId,973fc4f4-6ae0-4b16-959a-a702c9bc8076-95d386c1-17e9-4792-b6f6-1244a9f6caf4,JSON_Payload
REQ-0032,intake-analytics.wikimedia.org,/v1/events,_id,8bcbd80f-fd36-42a5-b7e4-211d7c58f4da-533afd14-c9cd-450f-bd48-09f5291ccff1,JSON_Payload
REQ-0032,intake-analytics.wikimedia.org,/v1/events,eventId,8bcbd80f-fd36-42a5-b7e4-211d7c58f4da-533afd14-c9cd-450f-bd48-09f5291ccff1,JSON_Payload
REQ-0032,intake-analytics.wikimedia.org,/v1/events,userId,108206863,JSON_Payload
REQ-0032,intake-analytics.wikimedia.org,/v1/events,eventName,app_error,JSON_Payload
REQ-0032,intake-analytics.wikimedia.org,/v1/events,eventParams_cityName,Delhi NCR,JSON_Payload
REQ-0032,intake-analytics.wikimedia.org,/v1/events,eventParams_isLoggedIn,False,JSON_Payload
REQ-0032,intake-analytics.wikimedia.org,/v1/events,eventParams_online,True,JSON_Payload
REQ-0032,intake-analytics.wikimedia.org,/v1/events,eventParams_vertical,FITNESSHUB,JSON_Payload
REQ-0032,intake-analytics.wikimedia.org,/v1/events,eventParams_details,"ClientException: Cronet exception: m1.kw: Exception in CronetUrlRequest: net::ERR_INVALID_URL, Error",JSON_Payload
REQ-0032,intake-analytics.wikimedia.org,/v1/events,eventParams_cityId,Gurgaon,JSON_Payload
REQ-0032,intake-analytics.wikimedia.org,/v1/events,eventParams_sessionId,37bf15e3-82a2-b829-e798-1f08d47f282b,JSON_Payload
REQ-0032,intake-analytics.wikimedia.org,/v1/events,eventParams_platform,APP,JSON_Payload
REQ-0032,intake-analytics.wikimedia.org,/v1/events,eventParams_advertiserId,9013994955fb2f93,JSON_Payload
REQ-0032,intake-analytics.wikimedia.org,/v1/events,createdAt,1787569384670,JSON_Payload
REQ-0032,intake-analytics.wikimedia.org,/v1/events,sessionId,973fc4f4-6ae0-4b16-959a-a702c9bc8076-95d386c1-17e9-4792-b6f6-1244a9f6caf4,JSON_Payload
REQ-0033,intake-analytics.wikimedia.org,/v1/events,_id,9c6ed159-5594-481e-a288-5c03f36bf64b-f6f58123-67c2-43e4-bcc1-2aaa81d4132f,JSON_Payload
REQ-0033,intake-analytics.wikimedia.org,/v1/events,eventId,9c6ed159-5594-481e-a288-5c03f36bf64b-f6f58123-67c2-43e4-bcc1-2aaa81d4132f,JSON_Payload
REQ-0033,intake-analytics.wikimedia.org,/v1/events,userId,108206863,JSON_Payload
REQ-0033,intake-analytics.wikimedia.org,/v1/events,eventName,app_error,JSON_Payload
REQ-0033,intake-analytics.wikimedia.org,/v1/events,eventParams_cityName,Delhi NCR,JSON_Payload
REQ-0033,intake-analytics.wikimedia.org,/v1/events,eventParams_isLoggedIn,False,JSON_Payload
REQ-0033,intake-analytics.wikimedia.org,/v1/events,eventParams_online,True,JSON_Payload
REQ-0033,intake-analytics.wikimedia.org,/v1/events,eventParams_vertical,FITNESSHUB,JSON_Payload
REQ-0033,intake-analytics.wikimedia.org,/v1/events,eventParams_details,"ClientException: Cronet exception: m1.kw: Exception in CronetUrlRequest: net::ERR_INVALID_URL, Error",JSON_Payload
REQ-0033,intake-analytics.wikimedia.org,/v1/events,eventParams_cityId,Gurgaon,JSON_Payload
REQ-0033,intake-analytics.wikimedia.org,/v1/events,eventParams_sessionId,37bf15e3-82a2-b829-e798-1f08d47f282b,JSON_Payload
REQ-0033,intake-analytics.wikimedia.org,/v1/events,eventParams_platform,APP,JSON_Payload
REQ-0033,intake-analytics.wikimedia.org,/v1/events,eventParams_advertiserId,9013994955fb2f93,JSON_Payload
REQ-0033,intake-analytics.wikimedia.org,/v1/events,createdAt,1787569384669,JSON_Payload
REQ-0033,intake-analytics.wikimedia.org,/v1/events,sessionId,973fc4f4-6ae0-4b16-959a-a702c9bc8076-95d386c1-17e9-4792-b6f6-1244a9f6caf4,JSON_Payload
REQ-0034,intake-analytics.wikimedia.org,/v1/events,_id,740db389-7492-4333-b7ab-552090335695-241d3755-1635-4814-8c17-176d12ea4e52,JSON_Payload
REQ-0034,intake-analytics.wikimedia.org,/v1/events,eventId,740db389-7492-4333-b7ab-552090335695-241d3755-1635-4814-8c17-176d12ea4e52,JSON_Payload
REQ-0034,intake-analytics.wikimedia.org,/v1/events,userId,108206863,JSON_Payload
REQ-0034,intake-analytics.wikimedia.org,/v1/events,eventName,app_error,JSON_Payload
REQ-0034,intake-analytics.wikimedia.org,/v1/events,eventParams_cityName,Delhi NCR,JSON_Payload
REQ-0034,intake-analytics.wikimedia.org,/v1/events,eventParams_isLoggedIn,False,JSON_Payload
REQ-0034,intake-analytics.wikimedia.org,/v1/events,eventParams_online,True,JSON_Payload
REQ-0034,intake-analytics.wikimedia.org,/v1/events,eventParams_vertical,FITNESSHUB,JSON_Payload
REQ-0034,intake-analytics.wikimedia.org,/v1/events,eventParams_details,"ClientException: Cronet exception: m1.kw: Exception in CronetUrlRequest: net::ERR_INVALID_URL, Error",JSON_Payload
REQ-0034,intake-analytics.wikimedia.org,/v1/events,eventParams_cityId,Gurgaon,JSON_Payload
REQ-0034,intake-analytics.wikimedia.org,/v1/events,eventParams_sessionId,37bf15e3-82a2-b829-e798-1f08d47f282b,JSON_Payload
REQ-0034,intake-analytics.wikimedia.org,/v1/events,eventParams_platform,APP,JSON_Payload
REQ-0034,intake-analytics.wikimedia.org,/v1/events,eventParams_advertiserId,9013994955fb2f93,JSON_Payload
REQ-0034,intake-analytics.wikimedia.org,/v1/events,createdAt,1787569384669,JSON_Payload
REQ-0034,intake-analytics.wikimedia.org,/v1/events,sessionId,973fc4f4-6ae0-4b16-959a-a702c9bc8076-95d386c1-17e9-4792-b6f6-1244a9f6caf4,JSON_Payload
REQ-0035,intake-analytics.wikimedia.org,/v1/events,_id,d354170a-dd8b-439d-afe2-1f5658f5276d-e46bfbd0-37bf-408a-9fe0-8e4e2ec0d4a0,JSON_Payload
REQ-0035,intake-analytics.wikimedia.org,/v1/events,eventId,d354170a-dd8b-439d-afe2-1f5658f5276d-e46bfbd0-37bf-408a-9fe0-8e4e2ec0d4a0,JSON_Payload
REQ-0035,intake-analytics.wikimedia.org,/v1/events,userId,108206863,JSON_Payload
REQ-0035,intake-analytics.wikimedia.org,/v1/events,eventName,app_error,JSON_Payload
REQ-0035,intake-analytics.wikimedia.org,/v1/events,eventParams_cityName,Delhi NCR,JSON_Payload
REQ-0035,intake-analytics.wikimedia.org,/v1/events,eventParams_isLoggedIn,False,JSON_Payload
REQ-0035,intake-analytics.wikimedia.org,/v1/events,eventParams_online,True,JSON_Payload
REQ-0035,intake-analytics.wikimedia.org,/v1/events,eventParams_vertical,FITNESSHUB,JSON_Payload
REQ-0035,intake-analytics.wikimedia.org,/v1/events,eventParams_details,"ClientException: Cronet exception: m1.kw: Exception in CronetUrlRequest: net::ERR_INVALID_URL, Error",JSON_Payload
REQ-0035,intake-analytics.wikimedia.org,/v1/events,eventParams_cityId,Gurgaon,JSON_Payload
REQ-0035,intake-analytics.wikimedia.org,/v1/events,eventParams_sessionId,37bf15e3-82a2-b829-e798-1f08d47f282b,JSON_Payload
REQ-0035,intake-analytics.wikimedia.org,/v1/events,eventParams_platform,APP,JSON_Payload
REQ-0035,intake-analytics.wikimedia.org,/v1/events,eventParams_advertiserId,9013994955fb2f93,JSON_Payload
REQ-0035,intake-analytics.wikimedia.org,/v1/events,createdAt,1787569384667,JSON_Payload
REQ-0035,intake-analytics.wikimedia.org,/v1/events,sessionId,973fc4f4-6ae0-4b16-959a-a702c9bc8076-95d386c1-17e9-4792-b6f6-1244a9f6caf4,JSON_Payload
REQ-0036,intake-analytics.wikimedia.org,/v1/events,_id,c7a0eb98-6111-4b17-8c48-26be45c7ae7e-9cb5a816-77f0-4f49-8a9c-638e1d5f6980,JSON_Payload
REQ-0036,intake-analytics.wikimedia.org,/v1/events,eventId,c7a0eb98-6111-4b17-8c48-26be45c7ae7e-9cb5a816-77f0-4f49-8a9c-638e1d5f6980,JSON_Payload
REQ-0036,intake-analytics.wikimedia.org,/v1/events,userId,108206863,JSON_Payload
REQ-0036,intake-analytics.wikimedia.org,/v1/events,eventName,button_click_event,JSON_Payload
REQ-0036,intake-analytics.wikimedia.org,/v1/events,eventParams_cityName,Delhi NCR,JSON_Payload
REQ-0036,intake-analytics.wikimedia.org,/v1/events,eventParams_isLoggedIn,False,JSON_Payload
REQ-0036,intake-analytics.wikimedia.org,/v1/events,eventParams_online,True,JSON_Payload
REQ-0036,intake-analytics.wikimedia.org,/v1/events,eventParams_vertical,FITNESSHUB,JSON_Payload
REQ-0036,intake-analytics.wikimedia.org,/v1/events,eventParams_cityId,Gurgaon,JSON_Payload
REQ-0036,intake-analytics.wikimedia.org,/v1/events,eventParams_sessionId,37bf15e3-82a2-b829-e798-1f08d47f282b,JSON_Payload
REQ-0036,intake-analytics.wikimedia.org,/v1/events,eventParams_source,live_search_bar,JSON_Payload
REQ-0036,intake-analytics.wikimedia.org,/v1/events,eventParams_platform,APP,JSON_Payload
REQ-0036,intake-analytics.wikimedia.org,/v1/events,eventParams_advertiserId,9013994955fb2f93,JSON_Payload
REQ-0036,intake-analytics.wikimedia.org,/v1/events,createdAt,1787569384138,JSON_Payload
REQ-0036,intake-analytics.wikimedia.org,/v1/events,sessionId,973fc4f4-6ae0-4b16-959a-a702c9bc8076-95d386c1-17e9-4792-b6f6-1244a9f6caf4,JSON_Payload
REQ-0037,intake-analytics.wikimedia.org,/v1/events,_id,ea6d8900-6bc1-45df-90f2-a16a2dea8444-ab5f24f8-c505-41b3-8586-9d5742b0b9cd,JSON_Payload
REQ-0037,intake-analytics.wikimedia.org,/v1/events,eventId,ea6d8900-6bc1-45df-90f2-a16a2dea8444-ab5f24f8-c505-41b3-8586-9d5742b0b9cd,JSON_Payload
REQ-0037,intake-analytics.wikimedia.org,/v1/events,userId,108206863,JSON_Payload
REQ-0037,intake-analytics.wikimedia.org,/v1/events,eventName,navigation_change,JSON_Payload
REQ-0037,intake-analytics.wikimedia.org,/v1/events,eventParams_dateTime,1787569384050,JSON_Payload
REQ-0037,intake-analytics.wikimedia.org,/v1/events,eventParams_topageId,livesearchpage,JSON_Payload
REQ-0037,intake-analytics.wikimedia.org,/v1/events,eventParams_fromPageName,listpage,JSON_Payload
REQ-0037,intake-analytics.wikimedia.org,/v1/events,eventParams_vertical,FITNESSHUB,JSON_Payload
REQ-0037,intake-analytics.wikimedia.org,/v1/events,eventParams_cityId,Gurgaon,JSON_Payload
REQ-0037,intake-analytics.wikimedia.org,/v1/events,eventParams_sessionId,37bf15e3-82a2-b829-e798-1f08d47f282b,JSON_Payload
REQ-0037,intake-analytics.wikimedia.org,/v1/events,eventParams_eventType,navigation_change,JSON_Payload
REQ-0037,intake-analytics.wikimedia.org,/v1/events,eventParams_source,BANNER_GRID_WIDGET,JSON_Payload
REQ-0037,intake-analytics.wikimedia.org,/v1/events,eventParams_platform,APP,JSON_Payload
REQ-0037,intake-analytics.wikimedia.org,/v1/events,eventParams_advertiserId,9013994955fb2f93,JSON_Payload
REQ-0037,intake-analytics.wikimedia.org,/v1/events,eventParams_toPageName,livesearchpage,JSON_Payload
REQ-0037,intake-analytics.wikimedia.org,/v1/events,eventParams_cityName,Delhi NCR,JSON_Payload
REQ-0037,intake-analytics.wikimedia.org,/v1/events,eventParams_frompageId,fitness_search_choose_category,JSON_Payload
REQ-0037,intake-analytics.wikimedia.org,/v1/events,eventParams_isLoggedIn,False,JSON_Payload
REQ-0037,intake-analytics.wikimedia.org,/v1/events,eventParams_online,True,JSON_Payload
REQ-0037,intake-analytics.wikimedia.org,/v1/events,createdAt,1787569384095,JSON_Payload
REQ-0037,intake-analytics.wikimedia.org,/v1/events,sessionId,973fc4f4-6ae0-4b16-959a-a702c9bc8076-95d386c1-17e9-4792-b6f6-1244a9f6caf4,JSON_Payload
REQ-0038,intake-analytics.wikimedia.org,/v1/events,_id,e10673ce-a095-4b39-865e-dc887f5b8ce6-27e52fa0-088c-4794-9702-c96c6756522b,JSON_Payload
REQ-0038,intake-analytics.wikimedia.org,/v1/events,eventId,e10673ce-a095-4b39-865e-dc887f5b8ce6-27e52fa0-088c-4794-9702-c96c6756522b,JSON_Payload
REQ-0038,intake-analytics.wikimedia.org,/v1/events,userId,108206863,JSON_Payload
REQ-0038,intake-analytics.wikimedia.org,/v1/events,eventName,page_view,JSON_Payload
REQ-0038,intake-analytics.wikimedia.org,/v1/events,eventParams_dateTime,1787569384048,JSON_Payload
REQ-0038,intake-analytics.wikimedia.org,/v1/events,eventParams_pageType,livesearchpage,JSON_Payload
REQ-0038,intake-analytics.wikimedia.org,/v1/events,eventParams_cityName,Delhi NCR,JSON_Payload
REQ-0038,intake-analytics.wikimedia.org,/v1/events,eventParams_isLoggedIn,False,JSON_Payload
REQ-0038,intake-analytics.wikimedia.org,/v1/events,eventParams_online,True,JSON_Payload
REQ-0038,intake-analytics.wikimedia.org,/v1/events,eventParams_vertical,FITNESSHUB,JSON_Payload
REQ-0038,intake-analytics.wikimedia.org,/v1/events,eventParams_cityId,Gurgaon,JSON_Payload
REQ-0038,intake-analytics.wikimedia.org,/v1/events,eventParams_sessionId,37bf15e3-82a2-b829-e798-1f08d47f282b,JSON_Payload
REQ-0038,intake-analytics.wikimedia.org,/v1/events,eventParams_eventType,view,JSON_Payload
REQ-0038,intake-analytics.wikimedia.org,/v1/events,eventParams_platform,APP,JSON_Payload
REQ-0038,intake-analytics.wikimedia.org,/v1/events,eventParams_advertiserId,9013994955fb2f93,JSON_Payload
REQ-0038,intake-analytics.wikimedia.org,/v1/events,createdAt,1787569384078,JSON_Payload
REQ-0038,intake-analytics.wikimedia.org,/v1/events,sessionId,973fc4f4-6ae0-4b16-959a-a702c9bc8076-95d386c1-17e9-4792-b6f6-1244a9f6caf4,JSON_Payload
REQ-0039,intake-analytics.wikimedia.org,/v1/events,_id,8a9de368-6fe8-4b71-a0bf-0d04a5596618-d79b1f60-1634-46bd-8701-685f9c0cc302,JSON_Payload
REQ-0039,intake-analytics.wikimedia.org,/v1/events,eventId,8a9de368-6fe8-4b71-a0bf-0d04a5596618-d79b1f60-1634-46bd-8701-685f9c0cc302,JSON_Payload
REQ-0039,intake-analytics.wikimedia.org,/v1/events,userId,108206863,JSON_Payload
REQ-0039,intake-analytics.wikimedia.org,/v1/events,eventName,widget_click,JSON_Payload
REQ-0039,intake-analytics.wikimedia.org,/v1/events,eventParams_widgetName,Fitness Search choose Live,JSON_Payload
REQ-0039,intake-analytics.wikimedia.org,/v1/events,eventParams_isSampledWidgetImpressionRequired,False,JSON_Payload
REQ-0039,intake-analytics.wikimedia.org,/v1/events,eventParams_widgetId,130ba7fb-931c-40c6-b0d9-829ee5bd8595,JSON_Payload
REQ-0039,intake-analytics.wikimedia.org,/v1/events,eventParams_contentId,7f4b5a97-1d19-4efe-92c1-5fc781502130,JSON_Payload
REQ-0039,intake-analytics.wikimedia.org,/v1/events,eventParams_widgetPosition,0,JSON_Payload
REQ-0039,intake-analytics.wikimedia.org,/v1/events,eventParams_vertical,FITNESSHUB,JSON_Payload
REQ-0039,intake-analytics.wikimedia.org,/v1/events,eventParams_cityId,Gurgaon,JSON_Payload
REQ-0039,intake-analytics.wikimedia.org,/v1/events,eventParams_actionTarget,curefit://livesearchpage,JSON_Payload
REQ-0039,intake-analytics.wikimedia.org,/v1/events,eventParams_sessionId,37bf15e3-82a2-b829-e798-1f08d47f282b,JSON_Payload
REQ-0039,intake-analytics.wikimedia.org,/v1/events,eventParams_eventType,click,JSON_Payload
REQ-0039,intake-analytics.wikimedia.org,/v1/events,eventParams_pageId,fitness_search_choose_category,JSON_Payload
REQ-0039,intake-analytics.wikimedia.org,/v1/events,eventParams_pageTo,livesearchpage,JSON_Payload
REQ-0039,intake-analytics.wikimedia.org,/v1/events,eventParams_pageName,Search for,JSON_Payload
REQ-0039,intake-analytics.wikimedia.org,/v1/events,eventParams_platform,APP,JSON_Payload
REQ-0039,intake-analytics.wikimedia.org,/v1/events,eventParams_widgetType,BANNER_GRID_WIDGET,JSON_Payload
REQ-0039,intake-analytics.wikimedia.org,/v1/events,eventParams_advertiserId,9013994955fb2f93,JSON_Payload
REQ-0039,intake-analytics.wikimedia.org,/v1/events,eventParams_contentUrl,/image/vm/6b432723-34d7-45dd-b682-d0d94607b05a.png,JSON_Payload
REQ-0039,intake-analytics.wikimedia.org,/v1/events,eventParams_pageType,livesearchpage,JSON_Payload
REQ-0039,intake-analytics.wikimedia.org,/v1/events,eventParams_cityName,Delhi NCR,JSON_Payload
REQ-0039,intake-analytics.wikimedia.org,/v1/events,eventParams_isWidgetImpressionRequired,False,JSON_Payload
REQ-0039,intake-analytics.wikimedia.org,/v1/events,eventParams_online,True,JSON_Payload
REQ-0039,intake-analytics.wikimedia.org,/v1/events,eventParams_isLoggedIn,False,JSON_Payload
REQ-0039,intake-analytics.wikimedia.org,/v1/events,eventParams_position,0,JSON_Payload
REQ-0039,intake-analytics.wikimedia.org,/v1/events,createdAt,1787569384038,JSON_Payload
REQ-0039,intake-analytics.wikimedia.org,/v1/events,sessionId,973fc4f4-6ae0-4b16-959a-a702c9bc8076-95d386c1-17e9-4792-b6f6-1244a9f6caf4,JSON_Payload
REQ-0040,intake-analytics.wikimedia.org,/v1/events,_id,01b39097-5d8a-464e-a28c-93fd75771e2f-aa0fe20a-46a3-430b-a933-f6399cb403c9,JSON_Payload
REQ-0040,intake-analytics.wikimedia.org,/v1/events,eventId,01b39097-5d8a-464e-a28c-93fd75771e2f-aa0fe20a-46a3-430b-a933-f6399cb403c9,JSON_Payload
REQ-0040,intake-analytics.wikimedia.org,/v1/events,userId,108206863,JSON_Payload
REQ-0040,intake-analytics.wikimedia.org,/v1/events,eventName,app_error,JSON_Payload
REQ-0040,intake-analytics.wikimedia.org,/v1/events,eventParams_cityName,Delhi NCR,JSON_Payload
REQ-0040,intake-analytics.wikimedia.org,/v1/events,eventParams_isLoggedIn,False,JSON_Payload
REQ-0040,intake-analytics.wikimedia.org,/v1/events,eventParams_online,True,JSON_Payload
REQ-0040,intake-analytics.wikimedia.org,/v1/events,eventParams_details,"ClientException: Cronet exception: m1.kw: Exception in CronetUrlRequest: net::ERR_INVALID_URL, Error",JSON_Payload
REQ-0040,intake-analytics.wikimedia.org,/v1/events,eventParams_cityId,Gurgaon,JSON_Payload
REQ-0040,intake-analytics.wikimedia.org,/v1/events,eventParams_sessionId,37bf15e3-82a2-b829-e798-1f08d47f282b,JSON_Payload
REQ-0040,intake-analytics.wikimedia.org,/v1/events,eventParams_platform,APP,JSON_Payload
REQ-0040,intake-analytics.wikimedia.org,/v1/events,eventParams_advertiserId,9013994955fb2f93,JSON_Payload
REQ-0040,intake-analytics.wikimedia.org,/v1/events,createdAt,1787569373381,JSON_Payload
REQ-0040,intake-analytics.wikimedia.org,/v1/events,sessionId,973fc4f4-6ae0-4b16-959a-a702c9bc8076-95d386c1-17e9-4792-b6f6-1244a9f6caf4,JSON_Payload
REQ-0041,intake-analytics.wikimedia.org,/v1/events,_id,8ca5c3db-f9de-461a-90f8-0067bad191b6-03f4d061-0494-46e7-920d-b41139ce7496,JSON_Payload
REQ-0041,intake-analytics.wikimedia.org,/v1/events,eventId,8ca5c3db-f9de-461a-90f8-0067bad191b6-03f4d061-0494-46e7-920d-b41139ce7496,JSON_Payload
REQ-0041,intake-analytics.wikimedia.org,/v1/events,userId,108206863,JSON_Payload
REQ-0041,intake-analytics.wikimedia.org,/v1/events,eventName,content_impression,JSON_Payload
REQ-0041,intake-analytics.wikimedia.org,/v1/events,eventParams_widgetName,Fitstart HP Explore Cultpass - Pro,JSON_Payload
REQ-0041,intake-analytics.wikimedia.org,/v1/events,eventParams_scrollTrigger,auto,JSON_Payload
REQ-0041,intake-analytics.wikimedia.org,/v1/events,eventParams_isSampledWidgetImpressionRequired,False,JSON_Payload
REQ-0041,intake-analytics.wikimedia.org,/v1/events,eventParams_widgetId,e74974c2-5037-4b4c-9bf9-c63cb8edbbd7qw0,JSON_Payload
REQ-0041,intake-analytics.wikimedia.org,/v1/events,eventParams_contentId,tugl8cmmpg,JSON_Payload
REQ-0041,intake-analytics.wikimedia.org,/v1/events,eventParams_cityId,Gurgaon,JSON_Payload
REQ-0041,intake-analytics.wikimedia.org,/v1/events,eventParams_sessionId,37bf15e3-82a2-b829-e798-1f08d47f282b,JSON_Payload
REQ-0041,intake-analytics.wikimedia.org,/v1/events,eventParams_platform,APP,JSON_Payload
REQ-0041,intake-analytics.wikimedia.org,/v1/events,eventParams_widgetType,BANNER_CAROUSEL_WIDGET,JSON_Payload
REQ-0041,intake-analytics.wikimedia.org,/v1/events,eventParams_advertiserId,9013994955fb2f93,JSON_Payload
REQ-0041,intake-analytics.wikimedia.org,/v1/events,eventParams_contentUrl,/image/vm/e3fc45b5-9226-44d7-964b-5156e2b4f4c0.png,JSON_Payload
REQ-0041,intake-analytics.wikimedia.org,/v1/events,eventParams_cityName,Delhi NCR,JSON_Payload
REQ-0041,intake-analytics.wikimedia.org,/v1/events,eventParams_dedupeId,l6cmsqztci,JSON_Payload
REQ-0041,intake-analytics.wikimedia.org,/v1/events,eventParams_isWidgetImpressionRequired,True,JSON_Payload
REQ-0041,intake-analytics.wikimedia.org,/v1/events,eventParams_online,True,JSON_Payload
REQ-0041,intake-analytics.wikimedia.org,/v1/events,eventParams_isLoggedIn,False,JSON_Payload
REQ-0041,intake-analytics.wikimedia.org,/v1/events,eventParams_position,0,JSON_Payload
REQ-0041,intake-analytics.wikimedia.org,/v1/events,createdAt,1787569369762,JSON_Payload
REQ-0041,intake-analytics.wikimedia.org,/v1/events,sessionId,973fc4f4-6ae0-4b16-959a-a702c9bc8076-95d386c1-17e9-4792-b6f6-1244a9f6caf4,JSON_Payload
REQ-0042,intake-analytics.wikimedia.org,/v1/events,_id,708eb84e-a4e7-4085-ac8f-43ef6e9ddb38-1c4af52a-3354-42ac-b09f-fc3409c59afa,JSON_Payload
REQ-0042,intake-analytics.wikimedia.org,/v1/events,eventId,708eb84e-a4e7-4085-ac8f-43ef6e9ddb38-1c4af52a-3354-42ac-b09f-fc3409c59afa,JSON_Payload
REQ-0042,intake-analytics.wikimedia.org,/v1/events,userId,108206863,JSON_Payload
REQ-0042,intake-analytics.wikimedia.org,/v1/events,eventName,navigation_change,JSON_Payload
REQ-0042,intake-analytics.wikimedia.org,/v1/events,eventParams_dateTime,1787569392514,JSON_Payload
REQ-0042,intake-analytics.wikimedia.org,/v1/events,eventParams_topageId,cultdiypack,JSON_Payload
REQ-0042,intake-analytics.wikimedia.org,/v1/events,eventParams_toproductId,DIYPACK002,JSON_Payload
REQ-0042,intake-analytics.wikimedia.org,/v1/events,eventParams_fromPageName,livesearchpage,JSON_Payload
REQ-0042,intake-analytics.wikimedia.org,/v1/events,eventParams_vertical,FITNESSHUB,JSON_Payload
REQ-0042,intake-analytics.wikimedia.org,/v1/events,eventParams_cityId,Gurgaon,JSON_Payload
REQ-0042,intake-analytics.wikimedia.org,/v1/events,eventParams_sessionId,37bf15e3-82a2-b829-e798-1f08d47f282b,JSON_Payload
REQ-0042,intake-analytics.wikimedia.org,/v1/events,eventParams_eventType,navigation_change,JSON_Payload
REQ-0042,intake-analytics.wikimedia.org,/v1/events,eventParams_platform,APP,JSON_Payload
REQ-0042,intake-analytics.wikimedia.org,/v1/events,eventParams_advertiserId,9013994955fb2f93,JSON_Payload
REQ-0042,intake-analytics.wikimedia.org,/v1/events,eventParams_toPageName,cultdiypack,JSON_Payload
REQ-0042,intake-analytics.wikimedia.org,/v1/events,eventParams_cityName,Delhi NCR,JSON_Payload
REQ-0042,intake-analytics.wikimedia.org,/v1/events,eventParams_frompageId,livesearchpage,JSON_Payload
REQ-0042,intake-analytics.wikimedia.org,/v1/events,eventParams_isLoggedIn,False,JSON_Payload
REQ-0042,intake-analytics.wikimedia.org,/v1/events,eventParams_online,True,JSON_Payload
REQ-0042,intake-analytics.wikimedia.org,/v1/events,createdAt,1787569392525,JSON_Payload
REQ-0042,intake-analytics.wikimedia.org,/v1/events,sessionId,973fc4f4-6ae0-4b16-959a-a702c9bc8076-95d386c1-17e9-4792-b6f6-1244a9f6caf4,JSON_Payload
REQ-0043,intake-analytics.wikimedia.org,/v1/events,_id,73ec5133-ce83-4b4f-90a3-dca6d09b29ea-ae18e51f-b4a3-43d2-8889-1e27c4b06a58,JSON_Payload
REQ-0043,intake-analytics.wikimedia.org,/v1/events,eventId,73ec5133-ce83-4b4f-90a3-dca6d09b29ea-ae18e51f-b4a3-43d2-8889-1e27c4b06a58,JSON_Payload
REQ-0043,intake-analytics.wikimedia.org,/v1/events,userId,108206863,JSON_Payload
REQ-0043,intake-analytics.wikimedia.org,/v1/events,eventName,page_view,JSON_Payload
REQ-0043,intake-analytics.wikimedia.org,/v1/events,eventParams_dateTime,1787569392509,JSON_Payload
REQ-0043,intake-analytics.wikimedia.org,/v1/events,eventParams_productId,DIYPACK002,JSON_Payload
REQ-0043,intake-analytics.wikimedia.org,/v1/events,eventParams_vertical,FITNESSHUB,JSON_Payload
REQ-0043,intake-analytics.wikimedia.org,/v1/events,eventParams_cityId,Gurgaon,JSON_Payload
REQ-0043,intake-analytics.wikimedia.org,/v1/events,eventParams_sessionId,37bf15e3-82a2-b829-e798-1f08d47f282b,JSON_Payload
REQ-0043,intake-analytics.wikimedia.org,/v1/events,eventParams_eventType,view,JSON_Payload
REQ-0043,intake-analytics.wikimedia.org,/v1/events,eventParams_source,LIVE_SEARCH_ITEM_WIDGET,JSON_Payload
REQ-0043,intake-analytics.wikimedia.org,/v1/events,eventParams_pageId,cultdiypack,JSON_Payload
REQ-0043,intake-analytics.wikimedia.org,/v1/events,eventParams_pageFrom,livesearchpage,JSON_Payload
REQ-0043,intake-analytics.wikimedia.org,/v1/events,eventParams_pageName,Product Page,JSON_Payload
REQ-0043,intake-analytics.wikimedia.org,/v1/events,eventParams_platform,APP,JSON_Payload
REQ-0043,intake-analytics.wikimedia.org,/v1/events,eventParams_advertiserId,9013994955fb2f93,JSON_Payload
REQ-0043,intake-analytics.wikimedia.org,/v1/events,eventParams_pageType,cultdiypack,JSON_Payload
REQ-0043,intake-analytics.wikimedia.org,/v1/events,eventParams_cityName,Delhi NCR,JSON_Payload
REQ-0043,intake-analytics.wikimedia.org,/v1/events,eventParams_isLoggedIn,False,JSON_Payload
REQ-0043,intake-analytics.wikimedia.org,/v1/events,eventParams_online,True,JSON_Payload
REQ-0043,intake-analytics.wikimedia.org,/v1/events,createdAt,1787569392521,JSON_Payload
REQ-0043,intake-analytics.wikimedia.org,/v1/events,sessionId,973fc4f4-6ae0-4b16-959a-a702c9bc8076-95d386c1-17e9-4792-b6f6-1244a9f6caf4,JSON_Payload
REQ-0044,intake-analytics.wikimedia.org,/v1/events,_id,99cd23a9-b094-4111-af60-521fa7b16155-766f8018-9b4e-4939-97f0-6c85e558f1cd,JSON_Payload
REQ-0044,intake-analytics.wikimedia.org,/v1/events,eventId,99cd23a9-b094-4111-af60-521fa7b16155-766f8018-9b4e-4939-97f0-6c85e558f1cd,JSON_Payload
REQ-0044,intake-analytics.wikimedia.org,/v1/events,userId,108206863,JSON_Payload
REQ-0044,intake-analytics.wikimedia.org,/v1/events,eventName,button_click_event,JSON_Payload
REQ-0044,intake-analytics.wikimedia.org,/v1/events,eventParams_cityName,Delhi NCR,JSON_Payload
REQ-0044,intake-analytics.wikimedia.org,/v1/events,eventParams_requestId,5816e3bf-8423-429e-95a4-cba00d11e00f,JSON_Payload
REQ-0044,intake-analytics.wikimedia.org,/v1/events,eventParams_query,belly burn,JSON_Payload
REQ-0044,intake-analytics.wikimedia.org,/v1/events,eventParams_isLoggedIn,False,JSON_Payload
REQ-0044,intake-analytics.wikimedia.org,/v1/events,eventParams_online,True,JSON_Payload
REQ-0044,intake-analytics.wikimedia.org,/v1/events,eventParams_vertical,FITNESSHUB,JSON_Payload
REQ-0044,intake-analytics.wikimedia.org,/v1/events,eventParams_cityId,Gurgaon,JSON_Payload
REQ-0044,intake-analytics.wikimedia.org,/v1/events,eventParams_sessionId,37bf15e3-82a2-b829-e798-1f08d47f282b,JSON_Payload
REQ-0044,intake-analytics.wikimedia.org,/v1/events,eventParams_position,1,JSON_Payload
REQ-0044,intake-analytics.wikimedia.org,/v1/events,eventParams_platform,APP,JSON_Payload
REQ-0044,intake-analytics.wikimedia.org,/v1/events,eventParams_advertiserId,9013994955fb2f93,JSON_Payload
REQ-0044,intake-analytics.wikimedia.org,/v1/events,createdAt,1787569392509,JSON_Payload
REQ-0044,intake-analytics.wikimedia.org,/v1/events,sessionId,973fc4f4-6ae0-4b16-959a-a702c9bc8076-95d386c1-17e9-4792-b6f6-1244a9f6caf4,JSON_Payload
REQ-0045,intake-analytics.wikimedia.org,/v1/events,_id,efd37814-01cc-4e28-b367-12cbbc1cef5c-42546438-2bba-4e92-ab44-99ff9e1eb5d0,JSON_Payload
REQ-0045,intake-analytics.wikimedia.org,/v1/events,eventId,efd37814-01cc-4e28-b367-12cbbc1cef5c-42546438-2bba-4e92-ab44-99ff9e1eb5d0,JSON_Payload
REQ-0045,intake-analytics.wikimedia.org,/v1/events,userId,108206863,JSON_Payload
REQ-0045,intake-analytics.wikimedia.org,/v1/events,eventName,app_error,JSON_Payload
REQ-0045,intake-analytics.wikimedia.org,/v1/events,eventParams_cityName,Delhi NCR,JSON_Payload
REQ-0045,intake-analytics.wikimedia.org,/v1/events,eventParams_isLoggedIn,False,JSON_Payload
REQ-0045,intake-analytics.wikimedia.org,/v1/events,eventParams_online,True,JSON_Payload
REQ-0045,intake-analytics.wikimedia.org,/v1/events,eventParams_vertical,FITNESSHUB,JSON_Payload
REQ-0045,intake-analytics.wikimedia.org,/v1/events,eventParams_details,"ClientException: Cronet exception: m1.kw: Exception in CronetUrlRequest: net::ERR_INVALID_URL, Error",JSON_Payload
REQ-0045,intake-analytics.wikimedia.org,/v1/events,eventParams_cityId,Gurgaon,JSON_Payload
REQ-0045,intake-analytics.wikimedia.org,/v1/events,eventParams_sessionId,37bf15e3-82a2-b829-e798-1f08d47f282b,JSON_Payload
REQ-0045,intake-analytics.wikimedia.org,/v1/events,eventParams_platform,APP,JSON_Payload
REQ-0045,intake-analytics.wikimedia.org,/v1/events,eventParams_advertiserId,9013994955fb2f93,JSON_Payload
REQ-0045,intake-analytics.wikimedia.org,/v1/events,createdAt,1787569390617,JSON_Payload
REQ-0045,intake-analytics.wikimedia.org,/v1/events,sessionId,973fc4f4-6ae0-4b16-959a-a702c9bc8076-95d386c1-17e9-4792-b6f6-1244a9f6caf4,JSON_Payload
REQ-0046,intake-analytics.wikimedia.org,/v1/events,_id,28946abc-ddc9-456a-9414-dda0b3afa34c-5a9f02ce-3b0f-44c5-80af-bb7649fe69fe,JSON_Payload
REQ-0046,intake-analytics.wikimedia.org,/v1/events,eventId,28946abc-ddc9-456a-9414-dda0b3afa34c-5a9f02ce-3b0f-44c5-80af-bb7649fe69fe,JSON_Payload
REQ-0046,intake-analytics.wikimedia.org,/v1/events,userId,108206863,JSON_Payload
REQ-0046,intake-analytics.wikimedia.org,/v1/events,eventName,app_error,JSON_Payload
REQ-0046,intake-analytics.wikimedia.org,/v1/events,eventParams_cityName,Delhi NCR,JSON_Payload
REQ-0046,intake-analytics.wikimedia.org,/v1/events,eventParams_isLoggedIn,False,JSON_Payload
REQ-0046,intake-analytics.wikimedia.org,/v1/events,eventParams_online,True,JSON_Payload
REQ-0046,intake-analytics.wikimedia.org,/v1/events,eventParams_vertical,FITNESSHUB,JSON_Payload
REQ-0046,intake-analytics.wikimedia.org,/v1/events,eventParams_details,"ClientException: Cronet exception: m1.kw: Exception in CronetUrlRequest: net::ERR_INVALID_URL, Error",JSON_Payload
REQ-0046,intake-analytics.wikimedia.org,/v1/events,eventParams_cityId,Gurgaon,JSON_Payload
REQ-0046,intake-analytics.wikimedia.org,/v1/events,eventParams_sessionId,37bf15e3-82a2-b829-e798-1f08d47f282b,JSON_Payload
REQ-0046,intake-analytics.wikimedia.org,/v1/events,eventParams_platform,APP,JSON_Payload
REQ-0046,intake-analytics.wikimedia.org,/v1/events,eventParams_advertiserId,9013994955fb2f93,JSON_Payload
REQ-0046,intake-analytics.wikimedia.org,/v1/events,createdAt,1787569390614,JSON_Payload
REQ-0046,intake-analytics.wikimedia.org,/v1/events,sessionId,973fc4f4-6ae0-4b16-959a-a702c9bc8076-95d386c1-17e9-4792-b6f6-1244a9f6caf4,JSON_Payload
REQ-0047,intake-analytics.wikimedia.org,/v1/events,_id,e84f4e1b-aa54-4276-a72e-f5dca43c60df-d76fb072-482d-4a52-826e-3e5a4019c07a,JSON_Payload
REQ-0047,intake-analytics.wikimedia.org,/v1/events,eventId,e84f4e1b-aa54-4276-a72e-f5dca43c60df-d76fb072-482d-4a52-826e-3e5a4019c07a,JSON_Payload
REQ-0047,intake-analytics.wikimedia.org,/v1/events,userId,108206863,JSON_Payload
REQ-0047,intake-analytics.wikimedia.org,/v1/events,eventName,app_error,JSON_Payload
REQ-0047,intake-analytics.wikimedia.org,/v1/events,eventParams_cityName,Delhi NCR,JSON_Payload
REQ-0047,intake-analytics.wikimedia.org,/v1/events,eventParams_isLoggedIn,False,JSON_Payload
REQ-0047,intake-analytics.wikimedia.org,/v1/events,eventParams_online,True,JSON_Payload
REQ-0047,intake-analytics.wikimedia.org,/v1/events,eventParams_vertical,FITNESSHUB,JSON_Payload
REQ-0047,intake-analytics.wikimedia.org,/v1/events,eventParams_details,"ClientException: Cronet exception: m1.kw: Exception in CronetUrlRequest: net::ERR_INVALID_URL, Error",JSON_Payload
REQ-0047,intake-analytics.wikimedia.org,/v1/events,eventParams_cityId,Gurgaon,JSON_Payload
REQ-0047,intake-analytics.wikimedia.org,/v1/events,eventParams_sessionId,37bf15e3-82a2-b829-e798-1f08d47f282b,JSON_Payload
REQ-0047,intake-analytics.wikimedia.org,/v1/events,eventParams_platform,APP,JSON_Payload
REQ-0047,intake-analytics.wikimedia.org,/v1/events,eventParams_advertiserId,9013994955fb2f93,JSON_Payload
REQ-0047,intake-analytics.wikimedia.org,/v1/events,createdAt,1787569390612,JSON_Payload
REQ-0047,intake-analytics.wikimedia.org,/v1/events,sessionId,973fc4f4-6ae0-4b16-959a-a702c9bc8076-95d386c1-17e9-4792-b6f6-1244a9f6caf4,JSON_Payload
REQ-0048,intake-analytics.wikimedia.org,/v1/events,_id,4443c4e9-af55-4641-bf4c-43ba4a0de815-33d48d3c-47d1-42c8-b6c9-297add73428c,JSON_Payload
REQ-0048,intake-analytics.wikimedia.org,/v1/events,eventId,4443c4e9-af55-4641-bf4c-43ba4a0de815-33d48d3c-47d1-42c8-b6c9-297add73428c,JSON_Payload
REQ-0048,intake-analytics.wikimedia.org,/v1/events,userId,108206863,JSON_Payload
REQ-0048,intake-analytics.wikimedia.org,/v1/events,eventName,app_error,JSON_Payload
REQ-0048,intake-analytics.wikimedia.org,/v1/events,eventParams_cityName,Delhi NCR,JSON_Payload
REQ-0048,intake-analytics.wikimedia.org,/v1/events,eventParams_isLoggedIn,False,JSON_Payload
REQ-0048,intake-analytics.wikimedia.org,/v1/events,eventParams_online,True,JSON_Payload
REQ-0048,intake-analytics.wikimedia.org,/v1/events,eventParams_vertical,FITNESSHUB,JSON_Payload
REQ-0048,intake-analytics.wikimedia.org,/v1/events,eventParams_details,"ClientException: Cronet exception: m1.kw: Exception in CronetUrlRequest: net::ERR_INVALID_URL, Error",JSON_Payload
REQ-0048,intake-analytics.wikimedia.org,/v1/events,eventParams_cityId,Gurgaon,JSON_Payload
REQ-0048,intake-analytics.wikimedia.org,/v1/events,eventParams_sessionId,37bf15e3-82a2-b829-e798-1f08d47f282b,JSON_Payload
REQ-0048,intake-analytics.wikimedia.org,/v1/events,eventParams_platform,APP,JSON_Payload
REQ-0048,intake-analytics.wikimedia.org,/v1/events,eventParams_advertiserId,9013994955fb2f93,JSON_Payload
REQ-0048,intake-analytics.wikimedia.org,/v1/events,createdAt,1787569390611,JSON_Payload
REQ-0048,intake-analytics.wikimedia.org,/v1/events,sessionId,973fc4f4-6ae0-4b16-959a-a702c9bc8076-95d386c1-17e9-4792-b6f6-1244a9f6caf4,JSON_Payload
REQ-0049,intake-analytics.wikimedia.org,/v1/events,_id,49de035a-0ef1-45c7-9800-ba1ee4ff9200-4b3f1c1e-6594-4130-b19d-d808f8642665,JSON_Payload
REQ-0049,intake-analytics.wikimedia.org,/v1/events,eventId,49de035a-0ef1-45c7-9800-ba1ee4ff9200-4b3f1c1e-6594-4130-b19d-d808f8642665,JSON_Payload
REQ-0049,intake-analytics.wikimedia.org,/v1/events,userId,108206863,JSON_Payload
REQ-0049,intake-analytics.wikimedia.org,/v1/events,eventName,widget_impression,JSON_Payload
REQ-0049,intake-analytics.wikimedia.org,/v1/events,eventParams_widgetName,Fitstart HP Explore Cultpass - Play,JSON_Payload
REQ-0049,intake-analytics.wikimedia.org,/v1/events,eventParams_isSampledWidgetImpressionRequired,False,JSON_Payload
REQ-0049,intake-analytics.wikimedia.org,/v1/events,eventParams_widgetId,e74974c2-5037-4b4c-9bf9-c63cb8edbbd7qw023,JSON_Payload
REQ-0049,intake-analytics.wikimedia.org,/v1/events,eventParams_sessionId,37bf15e3-82a2-b829-e798-1f08d47f282b,JSON_Payload
REQ-0049,intake-analytics.wikimedia.org,/v1/events,eventParams_cityId,Gurgaon,JSON_Payload
REQ-0049,intake-analytics.wikimedia.org,/v1/events,eventParams_eventType,view,JSON_Payload
REQ-0049,intake-analytics.wikimedia.org,/v1/events,eventParams_platform,APP,JSON_Payload
REQ-0049,intake-analytics.wikimedia.org,/v1/events,eventParams_widgetType,BANNER_CAROUSEL_WIDGET,JSON_Payload
REQ-0049,intake-analytics.wikimedia.org,/v1/events,eventParams_advertiserId,9013994955fb2f93,JSON_Payload
REQ-0049,intake-analytics.wikimedia.org,/v1/events,eventParams_cityName,Delhi NCR,JSON_Payload
REQ-0049,intake-analytics.wikimedia.org,/v1/events,eventParams_isWidgetImpressionRequired,True,JSON_Payload
REQ-0049,intake-analytics.wikimedia.org,/v1/events,eventParams_isLoggedIn,False,JSON_Payload
REQ-0049,intake-analytics.wikimedia.org,/v1/events,eventParams_online,True,JSON_Payload
REQ-0049,intake-analytics.wikimedia.org,/v1/events,createdAt,1787569369752,JSON_Payload
REQ-0049,intake-analytics.wikimedia.org,/v1/events,sessionId,973fc4f4-6ae0-4b16-959a-a702c9bc8076-95d386c1-17e9-4792-b6f6-1244a9f6caf4,JSON_Payload
REQ-0050,intake-analytics.wikimedia.org,/v1/events,_id,5ab81dc5-fa6e-470c-b115-cde0064978a1-d2fc4e4f-8bf1-4218-bafd-a4c867e5d6a6,JSON_Payload
REQ-0050,intake-analytics.wikimedia.org,/v1/events,eventId,5ab81dc5-fa6e-470c-b115-cde0064978a1-d2fc4e4f-8bf1-4218-bafd-a4c867e5d6a6,JSON_Payload
REQ-0050,intake-analytics.wikimedia.org,/v1/events,userId,108206863,JSON_Payload
REQ-0050,intake-analytics.wikimedia.org,/v1/events,eventName,widget_impression,JSON_Payload
REQ-0050,intake-analytics.wikimedia.org,/v1/events,eventParams_widgetName,Fitstart HP Explore Cultpass - Pro,JSON_Payload
REQ-0050,intake-analytics.wikimedia.org,/v1/events,eventParams_isSampledWidgetImpressionRequired,False,JSON_Payload
REQ-0050,intake-analytics.wikimedia.org,/v1/events,eventParams_widgetId,e74974c2-5037-4b4c-9bf9-c63cb8edbbd7qw0,JSON_Payload
REQ-0050,intake-analytics.wikimedia.org,/v1/events,eventParams_sessionId,37bf15e3-82a2-b829-e798-1f08d47f282b,JSON_Payload
REQ-0050,intake-analytics.wikimedia.org,/v1/events,eventParams_cityId,Gurgaon,JSON_Payload
REQ-0050,intake-analytics.wikimedia.org,/v1/events,eventParams_eventType,view,JSON_Payload
REQ-0050,intake-analytics.wikimedia.org,/v1/events,eventParams_platform,APP,JSON_Payload
REQ-0050,intake-analytics.wikimedia.org,/v1/events,eventParams_widgetType,BANNER_CAROUSEL_WIDGET,JSON_Payload
REQ-0050,intake-analytics.wikimedia.org,/v1/events,eventParams_advertiserId,9013994955fb2f93,JSON_Payload
REQ-0050,intake-analytics.wikimedia.org,/v1/events,eventParams_cityName,Delhi NCR,JSON_Payload
REQ-0050,intake-analytics.wikimedia.org,/v1/events,eventParams_isWidgetImpressionRequired,True,JSON_Payload
REQ-0050,intake-analytics.wikimedia.org,/v1/events,eventParams_isLoggedIn,False,JSON_Payload
REQ-0050,intake-analytics.wikimedia.org,/v1/events,eventParams_online,True,JSON_Payload
REQ-0050,intake-analytics.wikimedia.org,/v1/events,createdAt,1787569369750,JSON_Payload
REQ-0050,intake-analytics.wikimedia.org,/v1/events,sessionId,973fc4f4-6ae0-4b16-959a-a702c9bc8076-95d386c1-17e9-4792-b6f6-1244a9f6caf4,JSON_Payload
REQ-0051,intake-analytics.wikimedia.org,/v1/events,_id,9e350d0e-33ce-4fc4-ac14-cbe33f801db9-881494fc-de0b-447f-884e-55b6fc1de0f8,JSON_Payload
REQ-0051,intake-analytics.wikimedia.org,/v1/events,eventId,9e350d0e-33ce-4fc4-ac14-cbe33f801db9-881494fc-de0b-447f-884e-55b6fc1de0f8,JSON_Payload
REQ-0051,intake-analytics.wikimedia.org,/v1/events,userId,108206863,JSON_Payload
REQ-0051,intake-analytics.wikimedia.org,/v1/events,eventName,widget_impression,JSON_Payload
REQ-0051,intake-analytics.wikimedia.org,/v1/events,eventParams_widgetName,Unified CLP - Premium & Standard Gyms New,JSON_Payload
REQ-0051,intake-analytics.wikimedia.org,/v1/events,eventParams_isSampledWidgetImpressionRequired,False,JSON_Payload
REQ-0051,intake-analytics.wikimedia.org,/v1/events,eventParams_widgetId,732d0167-e2cb-49b6-b1ec-b94b101ca7c0,JSON_Payload
REQ-0051,intake-analytics.wikimedia.org,/v1/events,eventParams_sessionId,37bf15e3-82a2-b829-e798-1f08d47f282b,JSON_Payload
REQ-0051,intake-analytics.wikimedia.org,/v1/events,eventParams_cityId,Gurgaon,JSON_Payload
REQ-0051,intake-analytics.wikimedia.org,/v1/events,eventParams_eventType,view,JSON_Payload
REQ-0051,intake-analytics.wikimedia.org,/v1/events,eventParams_platform,APP,JSON_Payload
REQ-0051,intake-analytics.wikimedia.org,/v1/events,eventParams_widgetType,GYM_CENTERS_NEARBY_WIDGET,JSON_Payload
REQ-0051,intake-analytics.wikimedia.org,/v1/events,eventParams_advertiserId,9013994955fb2f93,JSON_Payload
REQ-0051,intake-analytics.wikimedia.org,/v1/events,eventParams_cityName,Delhi NCR,JSON_Payload
REQ-0051,intake-analytics.wikimedia.org,/v1/events,eventParams_isWidgetImpressionRequired,True,JSON_Payload
REQ-0051,intake-analytics.wikimedia.org,/v1/events,eventParams_isLoggedIn,False,JSON_Payload
REQ-0051,intake-analytics.wikimedia.org,/v1/events,eventParams_online,True,JSON_Payload
REQ-0051,intake-analytics.wikimedia.org,/v1/events,createdAt,1787569369674,JSON_Payload
REQ-0051,intake-analytics.wikimedia.org,/v1/events,sessionId,973fc4f4-6ae0-4b16-959a-a702c9bc8076-95d386c1-17e9-4792-b6f6-1244a9f6caf4,JSON_Payload
REQ-0052,intake-analytics.wikimedia.org,/v1/events,EVENT_ACTION,EVENT_ACTION_ACTIVITY_START,JSON_Payload
REQ-0052,intake-analytics.wikimedia.org,/v1/events,EVENT_ATTRS,{},JSON_Payload
REQ-0052,intake-analytics.wikimedia.org,/v1/events,EVENT_G_TIME,1787569332895,JSON_Payload
REQ-0052,intake-analytics.wikimedia.org,/v1/events,EVENT_L_TIME,24:8:2026:16:32:12,JSON_Payload
REQ-0053,intake-analytics.wikimedia.org,/v1/events,EVENT_ACTION,EVENT_ACTION_USER_ATTRIBUTE,JSON_Payload
REQ-0053,intake-analytics.wikimedia.org,/v1/events,EVENT_ATTRS,"{""USER_ATTRIBUTE_USER_FIRST_NAME"":""""}",JSON_Payload
REQ-0053,intake-analytics.wikimedia.org,/v1/events,EVENT_G_TIME,1787569334985,JSON_Payload
REQ-0053,intake-analytics.wikimedia.org,/v1/events,EVENT_L_TIME,24:8:2026:16:32:14,JSON_Payload
REQ-0054,intake-analytics.wikimedia.org,/v1/events,EVENT_ACTION,EVENT_ACTION_USER_ATTRIBUTE,JSON_Payload
REQ-0054,intake-analytics.wikimedia.org,/v1/events,EVENT_ATTRS,"{""USER_ATTRIBUTE_USER_LAST_NAME"":""""}",JSON_Payload
REQ-0054,intake-analytics.wikimedia.org,/v1/events,EVENT_G_TIME,1787569334988,JSON_Payload
REQ-0054,intake-analytics.wikimedia.org,/v1/events,EVENT_L_TIME,24:8:2026:16:32:14,JSON_Payload
REQ-0055,intake-analytics.wikimedia.org,/v1/events,EVENT_ACTION,EVENT_ACTION_USER_ATTRIBUTE,JSON_Payload
REQ-0055,intake-analytics.wikimedia.org,/v1/events,EVENT_ATTRS,"{""USER_ATTRIBUTE_USER_MOBILE"":""""}",JSON_Payload
REQ-0055,intake-analytics.wikimedia.org,/v1/events,EVENT_G_TIME,1787569334991,JSON_Payload
REQ-0055,intake-analytics.wikimedia.org,/v1/events,EVENT_L_TIME,24:8:2026:16:32:14,JSON_Payload
REQ-0056,intake-analytics.wikimedia.org,/v1/events,EVENT_ACTION,EVENT_ACTION_USER_ATTRIBUTE,JSON_Payload
REQ-0056,intake-analytics.wikimedia.org,/v1/events,EVENT_ATTRS,"{""USER_ATTRIBUTE_USER_EMAIL"":""""}",JSON_Payload
REQ-0056,intake-analytics.wikimedia.org,/v1/events,EVENT_G_TIME,1787569334996,JSON_Payload
REQ-0056,intake-analytics.wikimedia.org,/v1/events,EVENT_L_TIME,24:8:2026:16:32:14,JSON_Payload
REQ-0057,intake-analytics.wikimedia.org,/v1/events,EVENT_ACTION,EVENT_ACTION_USER_ATTRIBUTE,JSON_Payload
REQ-0057,intake-analytics.wikimedia.org,/v1/events,EVENT_ATTRS,"{""app_version"":""11.93""}",JSON_Payload
REQ-0057,intake-analytics.wikimedia.org,/v1/events,EVENT_G_TIME,1787569334999,JSON_Payload
REQ-0057,intake-analytics.wikimedia.org,/v1/events,EVENT_L_TIME,24:8:2026:16:32:14,JSON_Payload
REQ-0058,intake-analytics.wikimedia.org,/v1/events,type,flutter,JSON_Payload
REQ-0058,intake-analytics.wikimedia.org,/v1/events,version,10.5.0,JSON_Payload
REQ-0059,intake-analytics.wikimedia.org,/v1/events,name,Android Bugsnag Notifier,JSON_Payload
REQ-0059,intake-analytics.wikimedia.org,/v1/events,version,6.11.0,JSON_Payload
REQ-0059,intake-analytics.wikimedia.org,/v1/events,url,https://bugsnag.com,JSON_Payload
REQ-0060,intake-analytics.wikimedia.org,/v1/events,errorClass,Error,JSON_Payload
REQ-0060,intake-analytics.wikimedia.org,/v1/events,message,Element type is invalid: expected a string (for built-in components) or a class/function (for composite components) but got: number.,JSON_Payload
REQ-0060,intake-analytics.wikimedia.org,/v1/events,type,reactnativejs,JSON_Payload
REQ-0060,intake-analytics.wikimedia.org,/v1/events,stacktrace,"[{'method': 'createFiberFromTypeAndProps', 'file': 'index.android.bundle', 'lineNumber': 1.0, 'columnNumber': 556216.0}, {'method': 'reconcileChildFibersImpl', 'file': 'index.android.bundle', 'lineNumber': 1.0, 'columnNumber': 513303.0}, {'method': 'anonymous', 'file': 'index.android.bundle', 'lineNumber': 1.0, 'columnNumber': 513470.0}, {'method': 'reconcileChildren', 'file': 'index.android.bundle', 'lineNumber': 1.0, 'columnNumber': 522374.0}, {'method': 'beginWork', 'file': 'index.android.bundle', 'lineNumber': 1.0, 'columnNumber': 531393.0}, {'method': 'performUnitOfWork', 'file': 'index.android.bundle', 'lineNumber': 1.0, 'columnNumber': 551916.0}, {'method': 'workLoopSync', 'file': 'index.android.bundle', 'lineNumber': 1.0, 'columnNumber': 550981.0}, {'method': 'renderRootSync', 'file': 'index.android.bundle', 'lineNumber': 1.0, 'columnNumber': 550813.0}, {'method': 'flushSyncWorkAcrossRoots_impl', 'file': 'index.android.bundle', 'lineNumber': 1.0, 'columnNumber': 503585.0}, {'method': 'batchedUpdatesImpl', 'file': 'index.android.bundle', 'lineNumber': 1.0, 'columnNumber': 563740.0}, {'method': 'batchedUpdates$1', 'file': 'index.android.bundle', 'lineNumber': 1.0, 'columnNumber': 496144.0}, {'method': 'unstable_batchedUpdates', 'file': 'index.android.bundle', 'lineNumber': 1.0, 'columnNumber': 244005.0}, {'method': 'notify', 'file': 'index.android.bundle', 'lineNumber': 1.0, 'columnNumber': 2303003.0}, {'method': 'notifyNestedSubs', 'file': 'index.android.bundle', 'lineNumber': 1.0, 'columnNumber': 2303440.0}, {'method': 'handleChangeWrapper', 'file': 'index.android.bundle', 'lineNumber': 1.0, 'columnNumber': 2303474.0}, {'method': 'dispatch', 'file': 'index.android.bundle', 'lineNumber': 1.0, 'columnNumber': 2050047.0}, {'method': 'anonymous', 'file': 'index.android.bundle', 'lineNumber': 1.0, 'columnNumber': 1025073.0}, {'method': 'anonymous', 'file': 'index.android.bundle', 'lineNumber': 1.0, 'columnNumber': 2520427.0}, {'method': 'anonymous', 'file': 'index.android.bundle', 'lineNumber': 1.0, 'columnNumber': 1023976.0}, {'method': 'anonymous', 'file': 'index.android.bundle', 'lineNumber': 1.0, 'columnNumber': 1030361.0}, {'method': 'apply', 'file': '(native)'}, {'method': 'dispatch', 'file': 'index.android.bundle', 'lineNumber': 1.0, 'columnNumber': 2052354.0}, {'method': 'anonymous', 'file': 'index.android.bundle', 'lineNumber': 1.0, 'columnNumber': 2980981.0}, {'method': 'tryCallOne', 'file': 'InternalBytecode.js', 'lineNumber': 1.0, 'columnNumber': 1180.0}, {'method': 'anonymous', 'file': 'InternalBytecode.js', 'lineNumber': 1.0, 'columnNumber': 1874.0}, {'method': 'apply', 'file': '(native)'}, {'method': 'anonymous', 'file': 'index.android.bundle', 'lineNumber': 1.0, 'columnNumber': 359460.0}, {'method': '_callTimer', 'file': 'index.android.bundle', 'lineNumber': 1.0, 'columnNumber': 358406.0}, {'method': '_callReactNativeMicrotasksPass', 'file': 'index.android.bundle', 'lineNumber': 1.0, 'columnNumber': 358552.0}, {'method': 'callReactNativeMicrotasks', 'file': 'index.android.bundle', 'lineNumber': 1.0, 'columnNumber': 360559.0}, {'method': '__callReactNativeMicrotasks', 'file': 'index.android.bundle', 'lineNumber': 1.0, 'columnNumber': 220772.0}, {'method': 'anonymous', 'file': 'index.android.bundle', 'lineNumber': 1.0, 'columnNumber': 219853.0}, {'method': '__guard', 'file': 'index.android.bundle', 'lineNumber': 1.0, 'columnNumber': 220610.0}, {'method': 'flushedQueue', 'file': 'index.android.bundle', 'lineNumber': 1.0, 'columnNumber': 219764.0}, {'method': 'invokeCallbackAndReturnFlushedQueue', 'file': 'index.android.bundle', 'lineNumber': 1.0, 'columnNumber': 219707.0}]",JSON_Payload
REQ-0061,intake-analytics.wikimedia.org,/v1/events,method,createFiberFromTypeAndProps,JSON_Payload
REQ-0061,intake-analytics.wikimedia.org,/v1/events,file,index.android.bundle,JSON_Payload
REQ-0061,intake-analytics.wikimedia.org,/v1/events,lineNumber,1.0,JSON_Payload
REQ-0061,intake-analytics.wikimedia.org,/v1/events,columnNumber,556216.0,JSON_Payload
REQ-0062,intake-analytics.wikimedia.org,/v1/events,method,reconcileChildFibersImpl,JSON_Payload
REQ-0062,intake-analytics.wikimedia.org,/v1/events,file,index.android.bundle,JSON_Payload
REQ-0062,intake-analytics.wikimedia.org,/v1/events,lineNumber,1.0,JSON_Payload
REQ-0062,intake-analytics.wikimedia.org,/v1/events,columnNumber,513303.0,JSON_Payload
REQ-0063,intake-analytics.wikimedia.org,/v1/events,method,anonymous,JSON_Payload
REQ-0063,intake-analytics.wikimedia.org,/v1/events,file,index.android.bundle,JSON_Payload
REQ-0063,intake-analytics.wikimedia.org,/v1/events,lineNumber,1.0,JSON_Payload
REQ-0063,intake-analytics.wikimedia.org,/v1/events,columnNumber,513470.0,JSON_Payload
REQ-0064,intake-analytics.wikimedia.org,/v1/events,method,reconcileChildren,JSON_Payload
REQ-0064,intake-analytics.wikimedia.org,/v1/events,file,index.android.bundle,JSON_Payload
REQ-0064,intake-analytics.wikimedia.org,/v1/events,lineNumber,1.0,JSON_Payload
REQ-0064,intake-analytics.wikimedia.org,/v1/events,columnNumber,522374.0,JSON_Payload
REQ-0065,intake-analytics.wikimedia.org,/v1/events,method,beginWork,JSON_Payload
REQ-0065,intake-analytics.wikimedia.org,/v1/events,file,index.android.bundle,JSON_Payload
REQ-0065,intake-analytics.wikimedia.org,/v1/events,lineNumber,1.0,JSON_Payload
REQ-0065,intake-analytics.wikimedia.org,/v1/events,columnNumber,531393.0,JSON_Payload
REQ-0066,intake-analytics.wikimedia.org,/v1/events,method,performUnitOfWork,JSON_Payload
REQ-0066,intake-analytics.wikimedia.org,/v1/events,file,index.android.bundle,JSON_Payload
REQ-0066,intake-analytics.wikimedia.org,/v1/events,lineNumber,1.0,JSON_Payload
REQ-0066,intake-analytics.wikimedia.org,/v1/events,columnNumber,551916.0,JSON_Payload
REQ-0067,intake-analytics.wikimedia.org,/v1/events,method,workLoopSync,JSON_Payload
REQ-0067,intake-analytics.wikimedia.org,/v1/events,file,index.android.bundle,JSON_Payload
REQ-0067,intake-analytics.wikimedia.org,/v1/events,lineNumber,1.0,JSON_Payload
REQ-0067,intake-analytics.wikimedia.org,/v1/events,columnNumber,550981.0,JSON_Payload
REQ-0068,intake-analytics.wikimedia.org,/v1/events,method,renderRootSync,JSON_Payload
REQ-0068,intake-analytics.wikimedia.org,/v1/events,file,index.android.bundle,JSON_Payload
REQ-0068,intake-analytics.wikimedia.org,/v1/events,lineNumber,1.0,JSON_Payload
REQ-0068,intake-analytics.wikimedia.org,/v1/events,columnNumber,550813.0,JSON_Payload
REQ-0069,intake-analytics.wikimedia.org,/v1/events,method,flushSyncWorkAcrossRoots_impl,JSON_Payload
REQ-0069,intake-analytics.wikimedia.org,/v1/events,file,index.android.bundle,JSON_Payload
REQ-0069,intake-analytics.wikimedia.org,/v1/events,lineNumber,1.0,JSON_Payload
REQ-0069,intake-analytics.wikimedia.org,/v1/events,columnNumber,503585.0,JSON_Payload
REQ-0070,intake-analytics.wikimedia.org,/v1/events,method,batchedUpdatesImpl,JSON_Payload
REQ-0070,intake-analytics.wikimedia.org,/v1/events,file,index.android.bundle,JSON_Payload
REQ-0070,intake-analytics.wikimedia.org,/v1/events,lineNumber,1.0,JSON_Payload
REQ-0070,intake-analytics.wikimedia.org,/v1/events,columnNumber,563740.0,JSON_Payload
REQ-0071,intake-analytics.wikimedia.org,/v1/events,method,batchedUpdates$1,JSON_Payload
REQ-0071,intake-analytics.wikimedia.org,/v1/events,file,index.android.bundle,JSON_Payload
REQ-0071,intake-analytics.wikimedia.org,/v1/events,lineNumber,1.0,JSON_Payload
REQ-0071,intake-analytics.wikimedia.org,/v1/events,columnNumber,496144.0,JSON_Payload
REQ-0072,intake-analytics.wikimedia.org,/v1/events,method,unstable_batchedUpdates,JSON_Payload
REQ-0072,intake-analytics.wikimedia.org,/v1/events,file,index.android.bundle,JSON_Payload
REQ-0072,intake-analytics.wikimedia.org,/v1/events,lineNumber,1.0,JSON_Payload
REQ-0072,intake-analytics.wikimedia.org,/v1/events,columnNumber,244005.0,JSON_Payload
REQ-0073,intake-analytics.wikimedia.org,/v1/events,method,notify,JSON_Payload
REQ-0073,intake-analytics.wikimedia.org,/v1/events,file,index.android.bundle,JSON_Payload
REQ-0073,intake-analytics.wikimedia.org,/v1/events,lineNumber,1.0,JSON_Payload
REQ-0073,intake-analytics.wikimedia.org,/v1/events,columnNumber,2303003.0,JSON_Payload
REQ-0074,intake-analytics.wikimedia.org,/v1/events,method,notifyNestedSubs,JSON_Payload
REQ-0074,intake-analytics.wikimedia.org,/v1/events,file,index.android.bundle,JSON_Payload
REQ-0074,intake-analytics.wikimedia.org,/v1/events,lineNumber,1.0,JSON_Payload
REQ-0074,intake-analytics.wikimedia.org,/v1/events,columnNumber,2303440.0,JSON_Payload
REQ-0075,intake-analytics.wikimedia.org,/v1/events,method,handleChangeWrapper,JSON_Payload
REQ-0075,intake-analytics.wikimedia.org,/v1/events,file,index.android.bundle,JSON_Payload
REQ-0075,intake-analytics.wikimedia.org,/v1/events,lineNumber,1.0,JSON_Payload
REQ-0075,intake-analytics.wikimedia.org,/v1/events,columnNumber,2303474.0,JSON_Payload
REQ-0076,intake-analytics.wikimedia.org,/v1/events,method,dispatch,JSON_Payload
REQ-0076,intake-analytics.wikimedia.org,/v1/events,file,index.android.bundle,JSON_Payload
REQ-0076,intake-analytics.wikimedia.org,/v1/events,lineNumber,1.0,JSON_Payload
REQ-0076,intake-analytics.wikimedia.org,/v1/events,columnNumber,2050047.0,JSON_Payload
REQ-0077,intake-analytics.wikimedia.org,/v1/events,method,anonymous,JSON_Payload
REQ-0077,intake-analytics.wikimedia.org,/v1/events,file,index.android.bundle,JSON_Payload
REQ-0077,intake-analytics.wikimedia.org,/v1/events,lineNumber,1.0,JSON_Payload
REQ-0077,intake-analytics.wikimedia.org,/v1/events,columnNumber,1025073.0,JSON_Payload
REQ-0078,intake-analytics.wikimedia.org,/v1/events,method,anonymous,JSON_Payload
REQ-0078,intake-analytics.wikimedia.org,/v1/events,file,index.android.bundle,JSON_Payload
REQ-0078,intake-analytics.wikimedia.org,/v1/events,lineNumber,1.0,JSON_Payload
REQ-0078,intake-analytics.wikimedia.org,/v1/events,columnNumber,2520427.0,JSON_Payload
REQ-0079,intake-analytics.wikimedia.org,/v1/events,method,anonymous,JSON_Payload
REQ-0079,intake-analytics.wikimedia.org,/v1/events,file,index.android.bundle,JSON_Payload
REQ-0079,intake-analytics.wikimedia.org,/v1/events,lineNumber,1.0,JSON_Payload
REQ-0079,intake-analytics.wikimedia.org,/v1/events,columnNumber,1023976.0,JSON_Payload
REQ-0080,intake-analytics.wikimedia.org,/v1/events,method,anonymous,JSON_Payload
REQ-0080,intake-analytics.wikimedia.org,/v1/events,file,index.android.bundle,JSON_Payload
REQ-0080,intake-analytics.wikimedia.org,/v1/events,lineNumber,1.0,JSON_Payload
REQ-0080,intake-analytics.wikimedia.org,/v1/events,columnNumber,1030361.0,JSON_Payload
REQ-0081,intake-analytics.wikimedia.org,/v1/events,method,apply,JSON_Payload
REQ-0081,intake-analytics.wikimedia.org,/v1/events,file,(native),JSON_Payload
REQ-0082,intake-analytics.wikimedia.org,/v1/events,method,dispatch,JSON_Payload
REQ-0082,intake-analytics.wikimedia.org,/v1/events,file,index.android.bundle,JSON_Payload
REQ-0082,intake-analytics.wikimedia.org,/v1/events,lineNumber,1.0,JSON_Payload
REQ-0082,intake-analytics.wikimedia.org,/v1/events,columnNumber,2052354.0,JSON_Payload
REQ-0083,intake-analytics.wikimedia.org,/v1/events,method,anonymous,JSON_Payload
REQ-0083,intake-analytics.wikimedia.org,/v1/events,file,index.android.bundle,JSON_Payload
REQ-0083,intake-analytics.wikimedia.org,/v1/events,lineNumber,1.0,JSON_Payload
REQ-0083,intake-analytics.wikimedia.org,/v1/events,columnNumber,2980981.0,JSON_Payload
REQ-0084,intake-analytics.wikimedia.org,/v1/events,method,tryCallOne,JSON_Payload
REQ-0084,intake-analytics.wikimedia.org,/v1/events,file,InternalBytecode.js,JSON_Payload
REQ-0084,intake-analytics.wikimedia.org,/v1/events,lineNumber,1.0,JSON_Payload
REQ-0084,intake-analytics.wikimedia.org,/v1/events,columnNumber,1180.0,JSON_Payload
REQ-0085,intake-analytics.wikimedia.org,/v1/events,method,anonymous,JSON_Payload
REQ-0085,intake-analytics.wikimedia.org,/v1/events,file,InternalBytecode.js,JSON_Payload
REQ-0085,intake-analytics.wikimedia.org,/v1/events,lineNumber,1.0,JSON_Payload
REQ-0085,intake-analytics.wikimedia.org,/v1/events,columnNumber,1874.0,JSON_Payload
REQ-0086,intake-analytics.wikimedia.org,/v1/events,method,apply,JSON_Payload
REQ-0086,intake-analytics.wikimedia.org,/v1/events,file,(native),JSON_Payload
REQ-0087,intake-analytics.wikimedia.org,/v1/events,method,anonymous,JSON_Payload
REQ-0087,intake-analytics.wikimedia.org,/v1/events,file,index.android.bundle,JSON_Payload
REQ-0087,intake-analytics.wikimedia.org,/v1/events,lineNumber,1.0,JSON_Payload
REQ-0087,intake-analytics.wikimedia.org,/v1/events,columnNumber,359460.0,JSON_Payload
REQ-0088,intake-analytics.wikimedia.org,/v1/events,method,_callTimer,JSON_Payload
REQ-0088,intake-analytics.wikimedia.org,/v1/events,file,index.android.bundle,JSON_Payload
REQ-0088,intake-analytics.wikimedia.org,/v1/events,lineNumber,1.0,JSON_Payload
REQ-0088,intake-analytics.wikimedia.org,/v1/events,columnNumber,358406.0,JSON_Payload
REQ-0089,intake-analytics.wikimedia.org,/v1/events,method,_callReactNativeMicrotasksPass,JSON_Payload
REQ-0089,intake-analytics.wikimedia.org,/v1/events,file,index.android.bundle,JSON_Payload
REQ-0089,intake-analytics.wikimedia.org,/v1/events,lineNumber,1.0,JSON_Payload
REQ-0089,intake-analytics.wikimedia.org,/v1/events,columnNumber,358552.0,JSON_Payload
REQ-0090,intake-analytics.wikimedia.org,/v1/events,method,callReactNativeMicrotasks,JSON_Payload
REQ-0090,intake-analytics.wikimedia.org,/v1/events,file,index.android.bundle,JSON_Payload
REQ-0090,intake-analytics.wikimedia.org,/v1/events,lineNumber,1.0,JSON_Payload
REQ-0090,intake-analytics.wikimedia.org,/v1/events,columnNumber,360559.0,JSON_Payload
REQ-0091,intake-analytics.wikimedia.org,/v1/events,method,__callReactNativeMicrotasks,JSON_Payload
REQ-0091,intake-analytics.wikimedia.org,/v1/events,file,index.android.bundle,JSON_Payload
REQ-0091,intake-analytics.wikimedia.org,/v1/events,lineNumber,1.0,JSON_Payload
REQ-0091,intake-analytics.wikimedia.org,/v1/events,columnNumber,220772.0,JSON_Payload
REQ-0092,intake-analytics.wikimedia.org,/v1/events,method,anonymous,JSON_Payload
REQ-0092,intake-analytics.wikimedia.org,/v1/events,file,index.android.bundle,JSON_Payload
REQ-0092,intake-analytics.wikimedia.org,/v1/events,lineNumber,1.0,JSON_Payload
REQ-0092,intake-analytics.wikimedia.org,/v1/events,columnNumber,219853.0,JSON_Payload
REQ-0093,intake-analytics.wikimedia.org,/v1/events,method,__guard,JSON_Payload
REQ-0093,intake-analytics.wikimedia.org,/v1/events,file,index.android.bundle,JSON_Payload
REQ-0093,intake-analytics.wikimedia.org,/v1/events,lineNumber,1.0,JSON_Payload
REQ-0093,intake-analytics.wikimedia.org,/v1/events,columnNumber,220610.0,JSON_Payload
REQ-0094,intake-analytics.wikimedia.org,/v1/events,method,flushedQueue,JSON_Payload
REQ-0094,intake-analytics.wikimedia.org,/v1/events,file,index.android.bundle,JSON_Payload
REQ-0094,intake-analytics.wikimedia.org,/v1/events,lineNumber,1.0,JSON_Payload
REQ-0094,intake-analytics.wikimedia.org,/v1/events,columnNumber,219764.0,JSON_Payload
REQ-0095,intake-analytics.wikimedia.org,/v1/events,method,invokeCallbackAndReturnFlushedQueue,JSON_Payload
REQ-0095,intake-analytics.wikimedia.org,/v1/events,file,index.android.bundle,JSON_Payload
REQ-0095,intake-analytics.wikimedia.org,/v1/events,lineNumber,1.0,JSON_Payload
REQ-0095,intake-analytics.wikimedia.org,/v1/events,columnNumber,219707.0,JSON_Payload
REQ-0096,intake-analytics.wikimedia.org,/v1/events,method,android.os.MessageQueue.nativePollOnce,JSON_Payload
REQ-0096,intake-analytics.wikimedia.org,/v1/events,file,MessageQueue.java,JSON_Payload
REQ-0096,intake-analytics.wikimedia.org,/v1/events,lineNumber,-2.0,JSON_Payload
REQ-0097,intake-analytics.wikimedia.org,/v1/events,method,android.os.MessageQueue.nextLegacy,JSON_Payload
REQ-0097,intake-analytics.wikimedia.org,/v1/events,file,MessageQueue.java,JSON_Payload
REQ-0097,intake-analytics.wikimedia.org,/v1/events,lineNumber,913.0,JSON_Payload
REQ-0098,intake-analytics.wikimedia.org,/v1/events,method,android.os.MessageQueue.next,JSON_Payload
REQ-0098,intake-analytics.wikimedia.org,/v1/events,file,MessageQueue.java,JSON_Payload
REQ-0098,intake-analytics.wikimedia.org,/v1/events,lineNumber,1025.0,JSON_Payload
REQ-0099,intake-analytics.wikimedia.org,/v1/events,method,android.os.Looper.loopOnce,JSON_Payload
REQ-0099,intake-analytics.wikimedia.org,/v1/events,file,Looper.java,JSON_Payload
REQ-0099,intake-analytics.wikimedia.org,/v1/events,lineNumber,196.0,JSON_Payload
REQ-0100,intake-analytics.wikimedia.org,/v1/events,method,android.os.Looper.loop,JSON_Payload
REQ-0100,intake-analytics.wikimedia.org,/v1/events,file,Looper.java,JSON_Payload
REQ-0100,intake-analytics.wikimedia.org,/v1/events,lineNumber,338.0,JSON_Payload
REQ-0101,intake-analytics.wikimedia.org,/v1/events,method,android.app.ActivityThread.main,JSON_Payload
REQ-0101,intake-analytics.wikimedia.org,/v1/events,file,ActivityThread.java,JSON_Payload
REQ-0101,intake-analytics.wikimedia.org,/v1/events,lineNumber,9067.0,JSON_Payload
REQ-0102,intake-analytics.wikimedia.org,/v1/events,method,java.lang.reflect.Method.invoke,JSON_Payload
REQ-0102,intake-analytics.wikimedia.org,/v1/events,file,Method.java,JSON_Payload
REQ-0102,intake-analytics.wikimedia.org,/v1/events,lineNumber,-2.0,JSON_Payload
REQ-0103,intake-analytics.wikimedia.org,/v1/events,method,com.android.internal.os.RuntimeInit$MethodAndArgsCaller.run,JSON_Payload
REQ-0103,intake-analytics.wikimedia.org,/v1/events,file,RuntimeInit.java,JSON_Payload
REQ-0103,intake-analytics.wikimedia.org,/v1/events,lineNumber,593.0,JSON_Payload
REQ-0104,intake-analytics.wikimedia.org,/v1/events,method,com.android.internal.os.ZygoteInit.main,JSON_Payload
REQ-0104,intake-analytics.wikimedia.org,/v1/events,file,ZygoteInit.java,JSON_Payload
REQ-0104,intake-analytics.wikimedia.org,/v1/events,lineNumber,932.0,JSON_Payload
REQ-0105,intake-analytics.wikimedia.org,/v1/events,method,java.lang.Object.wait,JSON_Payload
REQ-0105,intake-analytics.wikimedia.org,/v1/events,file,Object.java,JSON_Payload
REQ-0105,intake-analytics.wikimedia.org,/v1/events,lineNumber,-2.0,JSON_Payload
REQ-0106,intake-analytics.wikimedia.org,/v1/events,method,java.lang.Object.wait,JSON_Payload
REQ-0106,intake-analytics.wikimedia.org,/v1/events,file,Object.java,JSON_Payload
REQ-0106,intake-analytics.wikimedia.org,/v1/events,lineNumber,405.0,JSON_Payload
REQ-0107,intake-analytics.wikimedia.org,/v1/events,method,java.lang.Object.wait,JSON_Payload
REQ-0107,intake-analytics.wikimedia.org,/v1/events,file,Object.java,JSON_Payload
REQ-0107,intake-analytics.wikimedia.org,/v1/events,lineNumber,543.0,JSON_Payload
REQ-0108,intake-analytics.wikimedia.org,/v1/events,method,java.lang.Daemons$ReferenceQueueDaemon.runInternal,JSON_Payload
REQ-0108,intake-analytics.wikimedia.org,/v1/events,file,Daemons.java,JSON_Payload
REQ-0108,intake-analytics.wikimedia.org,/v1/events,lineNumber,262.0,JSON_Payload
REQ-0109,intake-analytics.wikimedia.org,/v1/events,method,java.lang.Daemons$Daemon.run,JSON_Payload
REQ-0109,intake-analytics.wikimedia.org,/v1/events,file,Daemons.java,JSON_Payload
REQ-0109,intake-analytics.wikimedia.org,/v1/events,lineNumber,135.0,JSON_Payload
REQ-0110,intake-analytics.wikimedia.org,/v1/events,method,java.lang.Thread.run,JSON_Payload
REQ-0110,intake-analytics.wikimedia.org,/v1/events,file,Thread.java,JSON_Payload
REQ-0110,intake-analytics.wikimedia.org,/v1/events,lineNumber,1572.0,JSON_Payload
REQ-0111,intake-analytics.wikimedia.org,/v1/events,method,java.lang.Object.wait,JSON_Payload
REQ-0111,intake-analytics.wikimedia.org,/v1/events,file,Object.java,JSON_Payload
REQ-0111,intake-analytics.wikimedia.org,/v1/events,lineNumber,-2.0,JSON_Payload
REQ-0112,intake-analytics.wikimedia.org,/v1/events,method,java.lang.Object.wait,JSON_Payload
REQ-0112,intake-analytics.wikimedia.org,/v1/events,file,Object.java,JSON_Payload
REQ-0112,intake-analytics.wikimedia.org,/v1/events,lineNumber,405.0,JSON_Payload
REQ-0113,intake-analytics.wikimedia.org,/v1/events,method,java.lang.ref.ReferenceQueue.remove,JSON_Payload
REQ-0113,intake-analytics.wikimedia.org,/v1/events,file,ReferenceQueue.java,JSON_Payload
REQ-0113,intake-analytics.wikimedia.org,/v1/events,lineNumber,207.0,JSON_Payload
REQ-0114,intake-analytics.wikimedia.org,/v1/events,method,java.lang.ref.ReferenceQueue.remove,JSON_Payload
REQ-0114,intake-analytics.wikimedia.org,/v1/events,file,ReferenceQueue.java,JSON_Payload
REQ-0114,intake-analytics.wikimedia.org,/v1/events,lineNumber,228.0,JSON_Payload
REQ-0115,intake-analytics.wikimedia.org,/v1/events,method,java.lang.Daemons$FinalizerDaemon.runInternal,JSON_Payload
REQ-0115,intake-analytics.wikimedia.org,/v1/events,file,Daemons.java,JSON_Payload
REQ-0115,intake-analytics.wikimedia.org,/v1/events,lineNumber,350.0,JSON_Payload
REQ-0116,intake-analytics.wikimedia.org,/v1/events,method,java.lang.Daemons$Daemon.run,JSON_Payload
REQ-0116,intake-analytics.wikimedia.org,/v1/events,file,Daemons.java,JSON_Payload
REQ-0116,intake-analytics.wikimedia.org,/v1/events,lineNumber,135.0,JSON_Payload
REQ-0117,intake-analytics.wikimedia.org,/v1/events,method,java.lang.Thread.run,JSON_Payload
REQ-0117,intake-analytics.wikimedia.org,/v1/events,file,Thread.java,JSON_Payload
REQ-0117,intake-analytics.wikimedia.org,/v1/events,lineNumber,1572.0,JSON_Payload
REQ-0118,intake-analytics.wikimedia.org,/v1/events,method,java.lang.Object.wait,JSON_Payload
REQ-0118,intake-analytics.wikimedia.org,/v1/events,file,Object.java,JSON_Payload
REQ-0118,intake-analytics.wikimedia.org,/v1/events,lineNumber,-2.0,JSON_Payload
REQ-0119,intake-analytics.wikimedia.org,/v1/events,method,java.lang.Object.wait,JSON_Payload
REQ-0119,intake-analytics.wikimedia.org,/v1/events,file,Object.java,JSON_Payload
REQ-0119,intake-analytics.wikimedia.org,/v1/events,lineNumber,405.0,JSON_Payload
REQ-0120,intake-analytics.wikimedia.org,/v1/events,method,java.lang.Object.wait,JSON_Payload
REQ-0120,intake-analytics.wikimedia.org,/v1/events,file,Object.java,JSON_Payload
REQ-0120,intake-analytics.wikimedia.org,/v1/events,lineNumber,543.0,JSON_Payload
REQ-0121,intake-analytics.wikimedia.org,/v1/events,method,java.lang.Daemons$FinalizerWatchdogDaemon.sleepUntilNeeded,JSON_Payload
REQ-0121,intake-analytics.wikimedia.org,/v1/events,file,Daemons.java,JSON_Payload
REQ-0121,intake-analytics.wikimedia.org,/v1/events,lineNumber,483.0,JSON_Payload
REQ-0122,intake-analytics.wikimedia.org,/v1/events,method,java.lang.Daemons$FinalizerWatchdogDaemon.runInternal,JSON_Payload
REQ-0122,intake-analytics.wikimedia.org,/v1/events,file,Daemons.java,JSON_Payload
REQ-0122,intake-analytics.wikimedia.org,/v1/events,lineNumber,463.0,JSON_Payload
REQ-0123,intake-analytics.wikimedia.org,/v1/events,method,java.lang.Daemons$Daemon.run,JSON_Payload
REQ-0123,intake-analytics.wikimedia.org,/v1/events,file,Daemons.java,JSON_Payload
REQ-0123,intake-analytics.wikimedia.org,/v1/events,lineNumber,135.0,JSON_Payload
REQ-0124,intake-analytics.wikimedia.org,/v1/events,method,java.lang.Thread.run,JSON_Payload
REQ-0124,intake-analytics.wikimedia.org,/v1/events,file,Thread.java,JSON_Payload
REQ-0124,intake-analytics.wikimedia.org,/v1/events,lineNumber,1572.0,JSON_Payload
REQ-0125,intake-analytics.wikimedia.org,/v1/events,method,jdk.internal.misc.Unsafe.park,JSON_Payload
REQ-0125,intake-analytics.wikimedia.org,/v1/events,file,Unsafe.java,JSON_Payload
REQ-0125,intake-analytics.wikimedia.org,/v1/events,lineNumber,-2.0,JSON_Payload
REQ-0126,intake-analytics.wikimedia.org,/v1/events,method,java.util.concurrent.locks.LockSupport.park,JSON_Payload
REQ-0126,intake-analytics.wikimedia.org,/v1/events,file,LockSupport.java,JSON_Payload
REQ-0126,intake-analytics.wikimedia.org,/v1/events,lineNumber,376.0,JSON_Payload
REQ-0127,intake-analytics.wikimedia.org,/v1/events,method,java.util.concurrent.locks.AbstractQueuedSynchronizer$ConditionNode.block,JSON_Payload
REQ-0127,intake-analytics.wikimedia.org,/v1/events,file,AbstractQueuedSynchronizer.java,JSON_Payload
REQ-0127,intake-analytics.wikimedia.org,/v1/events,lineNumber,520.0,JSON_Payload
REQ-0128,intake-analytics.wikimedia.org,/v1/events,method,java.util.concurrent.ForkJoinPool.unmanagedBlock,JSON_Payload
REQ-0128,intake-analytics.wikimedia.org,/v1/events,file,ForkJoinPool.java,JSON_Payload
REQ-0128,intake-analytics.wikimedia.org,/v1/events,lineNumber,3797.0,JSON_Payload
REQ-0129,intake-analytics.wikimedia.org,/v1/events,method,java.util.concurrent.ForkJoinPool.managedBlock,JSON_Payload
REQ-0129,intake-analytics.wikimedia.org,/v1/events,file,ForkJoinPool.java,JSON_Payload
REQ-0129,intake-analytics.wikimedia.org,/v1/events,lineNumber,3738.0,JSON_Payload
REQ-0130,intake-analytics.wikimedia.org,/v1/events,method,java.util.concurrent.locks.AbstractQueuedSynchronizer$ConditionObject.aw probe=OpenSSLait,JSON_Payload
REQ-0130,intake-analytics.wikimedia.org,/v1/events,file,AbstractQueuedSynchronizer.java,JSON_Payload
REQ-0130,intake-analytics.wikimedia.org,/v1/events,lineNumber,1752.0,JSON_Payload
REQ-0131,intake-analytics.wikimedia.org,/v1/events,method,java.util.concurrent.LinkedBlockingQueue.take,JSON_Payload
REQ-0131,intake-analytics.wikimedia.org,/v1/events,file,LinkedBlockingQueue.java,JSON_Payload
REQ-0131,intake-analytics.wikimedia.org,/v1/events,lineNumber,435.0,JSON_Payload
REQ-0132,intake-analytics.wikimedia.org,/v1/events,method,java.util.concurrent.ThreadPoolExecutor.getTask,JSON_Payload
REQ-0132,intake-analytics.wikimedia.org,/v1/events,file,ThreadPoolExecutor.java,JSON_Payload
REQ-0132,intake-analytics.wikimedia.org,/v1/events,lineNumber,1026.0,JSON_Payload
REQ-0133,intake-analytics.wikimedia.org,/v1/events,method,java.util.concurrent.ThreadPoolExecutor.runWorker,JSON_Payload
REQ-0133,intake-analytics.wikimedia.org,/v1/events,file,ThreadPoolExecutor.java,JSON_Payload
REQ-0133,intake-analytics.wikimedia.org,/v1/events,lineNumber,1086.0,JSON_Payload
REQ-0134,intake-analytics.wikimedia.org,/v1/events,method,java.util.concurrent.ThreadPoolExecutor$Worker.run,JSON_Payload
REQ-0134,intake-analytics.wikimedia.org,/v1/events,file,ThreadPoolExecutor.java,JSON_Payload
REQ-0134,intake-analytics.wikimedia.org,/v1/events,lineNumber,624.0,JSON_Payload
REQ-0135,intake-analytics.wikimedia.org,/v1/events,method,com.google.firebase.concurrent.CustomThreadFactory.$r8$lambda$XB8AY3Hcio74byWuTzgVEC3Hiek,JSON_Payload
REQ-0135,intake-analytics.wikimedia.org,/v1/events,file,CustomThreadFactory.java,JSON_Payload
REQ-0135,intake-analytics.wikimedia.org,/v1/events,lineNumber,47.0,JSON_Payload
REQ-0136,intake-analytics.wikimedia.org,/v1/events,method,com.google.firebase.concurrent.CustomThreadFactory$$ExternalSyntheticLambda0.run,JSON_Payload
REQ-0136,intake-analytics.wikimedia.org,/v1/events,file,R8$$SyntheticClass,JSON_Payload
REQ-0136,intake-analytics.wikimedia.org,/v1/events,lineNumber,0.0,JSON_Payload
REQ-0137,intake-analytics.wikimedia.org,/v1/events,method,java.lang.Thread.run,JSON_Payload
REQ-0137,intake-analytics.wikimedia.org,/v1/events,file,Thread.java,JSON_Payload
REQ-0137,intake-analytics.wikimedia.org,/v1/events,lineNumber,1572.0,JSON_Payload
REQ-0138,intake-analytics.wikimedia.org,/v1/events,method,jdk.internal.misc.Unsafe.park,JSON_Payload
REQ-0138,intake-analytics.wikimedia.org,/v1/events,file,Unsafe.java,JSON_Payload
REQ-0138,intake-analytics.wikimedia.org,/v1/events,lineNumber,-2.0,JSON_Payload
REQ-0139,intake-analytics.wikimedia.org,/v1/events,method,java.util.concurrent.locks.LockSupport.park,JSON_Payload
REQ-0139,intake-analytics.wikimedia.org,/v1/events,file,LockSupport.java,JSON_Payload
REQ-0139,intake-analytics.wikimedia.org,/v1/events,lineNumber,376.0,JSON_Payload
REQ-0140,intake-analytics.wikimedia.org,/v1/events,method,java.util.concurrent.locks.AbstractQueuedSynchronizer$ConditionNode.block,JSON_Payload
REQ-0140,intake-analytics.wikimedia.org,/v1/events,file,AbstractQueuedSynchronizer.java,JSON_Payload
REQ-0140,intake-analytics.wikimedia.org,/v1/events,lineNumber,520.0,JSON_Payload
REQ-0141,intake-analytics.wikimedia.org,/v1/events,method,java.util.concurrent.ForkJoinPool.unmanagedBlock,JSON_Payload
REQ-0141,intake-analytics.wikimedia.org,/v1/events,file,ForkJoinPool.java,JSON_Payload
REQ-0141,intake-analytics.wikimedia.org,/v1/events,lineNumber,3797.0,JSON_Payload
REQ-0142,intake-analytics.wikimedia.org,/v1/events,method,java.util.concurrent.ForkJoinPool.managedBlock,JSON_Payload
REQ-0142,intake-analytics.wikimedia.org,/v1/events,file,ForkJoinPool.java,JSON_Payload
REQ-0142,intake-analytics.wikimedia.org,/v1/events,lineNumber,3738.0,JSON_Payload
REQ-0143,intake-analytics.wikimedia.org,/v1/events,method,java.util.concurrent.locks.AbstractQueuedSynchronizer$ConditionObject.await,JSON_Payload
REQ-0143,intake-analytics.wikimedia.org,/v1/events,file,AbstractQueuedSynchronizer.java,JSON_Payload
REQ-0143,intake-analytics.wikimedia.org,/v1/events,lineNumber,1752.0,JSON_Payload
REQ-0144,intake-analytics.wikimedia.org,/v1/events,method,java.util.concurrent.LinkedBlockingQueue.take,JSON_Payload
REQ-0144,intake-analytics.wikimedia.org,/v1/events,file,LinkedBlockingQueue.java,JSON_Payload
REQ-0144,intake-analytics.wikimedia.org,/v1/events,lineNumber,435.0,JSON_Payload
REQ-0145,intake-analytics.wikimedia.org,/v1/events,method,java.util.concurrent.ThreadPoolExecutor.getTask,JSON_Payload
REQ-0145,intake-analytics.wikimedia.org,/v1/events,file,ThreadPoolExecutor.java,JSON_Payload
REQ-0145,intake-analytics.wikimedia.org,/v1/events,lineNumber,1026.0,JSON_Payload
REQ-0146,intake-analytics.wikimedia.org,/v1/events,method,java.util.concurrent.ThreadPoolExecutor.runWorker,JSON_Payload
REQ-0146,intake-analytics.wikimedia.org,/v1/events,file,ThreadPoolExecutor.java,JSON_Payload
REQ-0146,intake-analytics.wikimedia.org,/v1/events,lineNumber,1086.0,JSON_Payload
REQ-0147,intake-analytics.wikimedia.org,/v1/events,method,java.util.concurrent.ThreadPoolExecutor$Worker.run,JSON_Payload
REQ-0147,intake-analytics.wikimedia.org,/v1/events,file,ThreadPoolExecutor.java,JSON_Payload
REQ-0147,intake-analytics.wikimedia.org,/v1/events,lineNumber,624.0,JSON_Payload
REQ-0148,intake-analytics.wikimedia.org,/v1/events,method,java.lang.Thread.run,JSON_Payload
REQ-0148,intake-analytics.wikimedia.org,/v1/events,file,Thread.java,JSON_Payload
REQ-0148,intake-analytics.wikimedia.org,/v1/events,lineNumber,1572.0,JSON_Payload
REQ-0149,intake-analytics.wikimedia.org,/v1/events,method,jdk.internal.misc.Unsafe.park,JSON_Payload
REQ-0149,intake-analytics.wikimedia.org,/v1/events,file,Unsafe.java,JSON_Payload
REQ-0149,intake-analytics.wikimedia.org,/v1/events,lineNumber,-2.0,JSON_Payload
REQ-0150,intake-analytics.wikimedia.org,/v1/events,method,java.util.concurrent.locks.LockSupport.park,JSON_Payload
REQ-0150,intake-analytics.wikimedia.org,/v1/events,file,LockSupport.java,JSON_Payload
REQ-0150,intake-analytics.wikimedia.org,/v1/events,lineNumber,376.0,JSON_Payload
REQ-0151,intake-analytics.wikimedia.org,/v1/events,method,java.util.concurrent.locks.AbstractQueuedSynchronizer$ConditionNode.block,JSON_Payload
REQ-0151,intake-analytics.wikimedia.org,/v1/events,file,AbstractQueuedSynchronizer.java,JSON_Payload
REQ-0151,intake-analytics.wikimedia.org,/v1/events,lineNumber,520.0,JSON_Payload
REQ-0152,intake-analytics.wikimedia.org,/v1/events,method,java.util.concurrent.ForkJoinPool.unmanagedBlock,JSON_Payload
REQ-0152,intake-analytics.wikimedia.org,/v1/events,file,ForkJoinPool.java,JSON_Payload
REQ-0152,intake-analytics.wikimedia.org,/v1/events,lineNumber,3797.0,JSON_Payload
REQ-0153,intake-analytics.wikimedia.org,/v1/events,method,java.util.concurrent.ForkJoinPool.managedBlock,JSON_Payload
REQ-0153,intake-analytics.wikimedia.org,/v1/events,file,ForkJoinPool.java,JSON_Payload
REQ-0153,intake-analytics.wikimedia.org,/v1/events,lineNumber,3738.0,JSON_Payload
REQ-0154,intake-analytics.wikimedia.org,/v1/events,method,java.util.concurrent.locks.AbstractQueuedSynchronizer$ConditionObject.await,JSON_Payload
REQ-0154,intake-analytics.wikimedia.org,/v1/events,file,AbstractQueuedSynchronizer.java,JSON_Payload
REQ-0154,intake-analytics.wikimedia.org,/v1/events,lineNumber,1752.0,JSON_Payload
REQ-0155,intake-analytics.wikimedia.org,/v1/events,method,java.util.concurrent.LinkedBlockingQueue.take,JSON_Payload
REQ-0155,intake-analytics.wikimedia.org,/v1/events,file,LinkedBlockingQueue.java,JSON_Payload
REQ-0155,intake-analytics.wikimedia.org,/v1/events,lineNumber,435.0,JSON_Payload
REQ-0156,intake-analytics.wikimedia.org,/v1/events,method,java.util.concurrent.ThreadPoolExecutor.getTask,JSON_Payload
REQ-0156,intake-analytics.wikimedia.org,/v1/events,file,ThreadPoolExecutor.java,JSON_Payload
REQ-0156,intake-analytics.wikimedia.org,/v1/events,lineNumber,1026.0,JSON_Payload
REQ-0157,intake-analytics.wikimedia.org,/v1/events,method,java.util.concurrent.ThreadPoolExecutor.runWorker,JSON_Payload
REQ-0157,intake-analytics.wikimedia.org,/v1/events,file,ThreadPoolExecutor.java,JSON_Payload
REQ-0157,intake-analytics.wikimedia.org,/v1/events,lineNumber,1086.0,JSON_Payload
REQ-0158,intake-analytics.wikimedia.org,/v1/events,method,java.util.concurrent.ThreadPoolExecutor$Worker.run,JSON_Payload
REQ-0158,intake-analytics.wikimedia.org,/v1/events,file,ThreadPoolExecutor.java,JSON_Payload
REQ-0158,intake-analytics.wikimedia.org,/v1/events,lineNumber,624.0,JSON_Payload
REQ-0159,intake-analytics.wikimedia.org,/v1/events,method,com.google.firebase.concurrent.CustomThreadFactory.$r8$lambda$XB8AY3Hcio74byWuTzgVEC3Hiek,JSON_Payload
REQ-0159,intake-analytics.wikimedia.org,/v1/events,file,CustomThreadFactory.java,JSON_Payload
REQ-0159,intake-analytics.wikimedia.org,/v1/events,lineNumber,47.0,JSON_Payload
REQ-0160,intake-analytics.wikimedia.org,/v1/events,method,com.google.firebase.concurrent.CustomThreadFactory$$ExternalSyntheticLambda0.run,JSON_Payload
REQ-0160,intake-analytics.wikimedia.org,/v1/events,file,R8$$SyntheticClass,JSON_Payload
REQ-0160,intake-analytics.wikimedia.org,/v1/events,lineNumber,0.0,JSON_Payload
REQ-0161,intake-analytics.wikimedia.org,/v1/events,method,java.lang.Thread.run,JSON_Payload
REQ-0161,intake-analytics.wikimedia.org,/v1/events,file,Thread.java,JSON_Payload
REQ-0161,intake-analytics.wikimedia.org,/v1/events,lineNumber,1572.0,JSON_Payload
REQ-0162,intake-analytics.wikimedia.org,/v1/events,method,java.lang.Object.wait,JSON_Payload
REQ-0162,intake-analytics.wikimedia.org,/v1/events,file,Object.java,JSON_Payload
REQ-0162,intake-analytics.wikimedia.org,/v1/events,lineNumber,-2.0,JSON_Payload
REQ-0163,intake-analytics.wikimedia.org,/v1/events,method,java.lang.Object.wait,JSON_Payload
REQ-0163,intake-analytics.wikimedia.org,/v1/events,file,Object.java,JSON_Payload
REQ-0163,intake-analytics.wikimedia.org,/v1/events,lineNumber,405.0,JSON_Payload
REQ-0164,intake-analytics.wikimedia.org,/v1/events,method,java.lang.Object.wait,JSON_Payload
REQ-0164,intake-analytics.wikimedia.org,/v1/events,file,Object.java,JSON_Payload
REQ-0164,intake-analytics.wikimedia.org,/v1/events,lineNumber,543.0,JSON_Payload
REQ-0165,intake-analytics.wikimedia.org,/v1/events,method,com.google.android.gms.dynamite.zza.run,JSON_Payload
REQ-0165,intake-analytics.wikimedia.org,/v1/events,file,com.google.android.gms:play-services-basement@@18.5.0,JSON_Payload
REQ-0165,intake-analytics.wikimedia.org,/v1/events,lineNumber,2.0,JSON_Payload
REQ-0166,intake-analytics.wikimedia.org,/v1/events,method,jdk.internal.misc.Unsafe.park,JSON_Payload
REQ-0166,intake-analytics.wikimedia.org,/v1/events,file,Unsafe.java,JSON_Payload
REQ-0166,intake-analytics.wikimedia.org,/v1/events,lineNumber,-2.0,JSON_Payload
REQ-0167,intake-analytics.wikimedia.org,/v1/events,method,java.util.concurrent.locks.LockSupport.park,JSON_Payload
REQ-0167,intake-analytics.wikimedia.org,/v1/events,file,LockSupport.java,JSON_Payload
REQ-0167,intake-analytics.wikimedia.org,/v1/events,lineNumber,376.0,JSON_Payload
REQ-0168,intake-analytics.wikimedia.org,/v1/events,method,java.util.concurrent.locks.AbstractQueuedSynchronizer$ConditionNode.block,JSON_Payload
REQ-0168,intake-analytics.wikimedia.org,/v1/events,file,AbstractQueuedSynchronizer.java,JSON_Payload
REQ-0168,intake-analytics.wikimedia.org,/v1/events,lineNumber,520.0,JSON_Payload
REQ-0169,intake-analytics.wikimedia.org,/v1/events,method,java.util.concurrent.ForkJoinPool.unmanagedBlock,JSON_Payload
REQ-0169,intake-analytics.wikimedia.org,/v1/events,file,ForkJoinPool.java,JSON_Payload
REQ-0169,intake-analytics.wikimedia.org,/v1/events,lineNumber,3797.0,JSON_Payload
REQ-0170,intake-analytics.wikimedia.org,/v1/events,method,java.util.concurrent.ForkJoinPool.managedBlock,JSON_Payload
REQ-0170,intake-analytics.wikimedia.org,/v1/events,file,ForkJoinPool.java,JSON_Payload
REQ-0170,intake-analytics.wikimedia.org,/v1/events,lineNumber,3738.0,JSON_Payload
REQ-0171,intake-analytics.wikimedia.org,/v1/events,method,java.util.concurrent.locks.AbstractQueuedSynchronizer$ConditionObject.await,JSON_Payload
REQ-0171,intake-analytics.wikimedia.org,/v1/events,file,AbstractQueuedSynchronizer.java,JSON_Payload
REQ-0171,intake-analytics.wikimedia.org,/v1/events,lineNumber,1752.0,JSON_Payload
REQ-0172,intake-analytics.wikimedia.org,/v1/events,method,java.util.concurrent.LinkedBlockingQueue.take,JSON_Payload
REQ-0172,intake-analytics.wikimedia.org,/v1/events,file,LinkedBlockingQueue.java,JSON_Payload
REQ-0172,intake-analytics.wikimedia.org,/v1/events,lineNumber,435.0,JSON_Payload
REQ-0173,intake-analytics.wikimedia.org,/v1/events,method,java.util.concurrent.ThreadPoolExecutor.getTask,JSON_Payload
REQ-0173,intake-analytics.wikimedia.org,/v1/events,file,ThreadPoolExecutor.java,JSON_Payload
REQ-0173,intake-analytics.wikimedia.org,/v1/events,lineNumber,1026.0,JSON_Payload
REQ-0174,intake-analytics.wikimedia.org,/v1/events,method,java.util.concurrent.ThreadPoolExecutor.runWorker,JSON_Payload
REQ-0174,intake-analytics.wikimedia.org,/v1/events,file,ThreadPoolExecutor.java,JSON_Payload
REQ-0174,intake-analytics.wikimedia.org,/v1/events,lineNumber,1086.0,JSON_Payload
REQ-0175,intake-analytics.wikimedia.org,/v1/events,method,java.util.concurrent.ThreadPoolExecutor$Worker.run,JSON_Payload
REQ-0175,intake-analytics.wikimedia.org,/v1/events,file,ThreadPoolExecutor.java,JSON_Payload
REQ-0175,intake-analytics.wikimedia.org,/v1/events,lineNumber,624.0,JSON_Payload
REQ-0176,intake-analytics.wikimedia.org,/v1/events,method,com.google.firebase.concurrent.CustomThreadFactory.$r8$lambda$XB8AY3Hcio74byWuTzgVEC3Hiek,JSON_Payload
REQ-0176,intake-analytics.wikimedia.org,/v1/events,file,CustomThreadFactory.java,JSON_Payload
REQ-0176,intake-analytics.wikimedia.org,/v1/events,lineNumber,47.0,JSON_Payload
REQ-0177,intake-analytics.wikimedia.org,/v1/events,method,com.google.firebase.concurrent.CustomThreadFactory$$ExternalSyntheticLambda0.run,JSON_Payload
REQ-0177,intake-analytics.wikimedia.org,/v1/events,file,R8$$SyntheticClass,JSON_Payload
REQ-0177,intake-analytics.wikimedia.org,/v1/events,lineNumber,0.0,JSON_Payload
REQ-0178,intake-analytics.wikimedia.org,/v1/events,method,java.lang.Thread.run,JSON_Payload
REQ-0178,intake-analytics.wikimedia.org,/v1/events,file,Thread.java,JSON_Payload
REQ-0178,intake-analytics.wikimedia.org,/v1/events,lineNumber,1572.0,JSON_Payload
REQ-0179,intake-analytics.wikimedia.org,/v1/events,method,jdk.internal.misc.Unsafe.park,JSON_Payload
REQ-0179,intake-analytics.wikimedia.org,/v1/events,file,Unsafe.java,JSON_Payload
REQ-0179,intake-analytics.wikimedia.org,/v1/events,lineNumber,-2.0,JSON_Payload
REQ-0180,intake-analytics.wikimedia.org,/v1/events,method,java.util.concurrent.locks.LockSupport.park,JSON_Payload
REQ-0180,intake-analytics.wikimedia.org,/v1/events,file,LockSupport.java,JSON_Payload
REQ-0180,intake-analytics.wikimedia.org,/v1/events,lineNumber,376.0,JSON_Payload
REQ-0181,intake-analytics.wikimedia.org,/v1/events,method,java.util.concurrent.locks.AbstractQueuedSynchronizer$ConditionNode.block,JSON_Payload
REQ-0181,intake-analytics.wikimedia.org,/v1/events,file,AbstractQueuedSynchronizer.java,JSON_Payload
REQ-0181,intake-analytics.wikimedia.org,/v1/events,lineNumber,520.0,JSON_Payload
REQ-0182,intake-analytics.wikimedia.org,/v1/events,method,java.util.concurrent.ForkJoinPool.unmanagedBlock,JSON_Payload
REQ-0182,intake-analytics.wikimedia.org,/v1/events,file,ForkJoinPool.java,JSON_Payload
REQ-0182,intake-analytics.wikimedia.org,/v1/events,lineNumber,3797.0,JSON_Payload
REQ-0183,intake-analytics.wikimedia.org,/v1/events,method,java.util.concurrent.ForkJoinPool.managedBlock,JSON_Payload
REQ-0183,intake-analytics.wikimedia.org,/v1/events,file,ForkJoinPool.java,JSON_Payload
REQ-0183,intake-analytics.wikimedia.org,/v1/events,lineNumber,3738.0,JSON_Payload
REQ-0184,intake-analytics.wikimedia.org,/v1/events,method,java.util.concurrent.locks.AbstractQueuedSynchronizer$ConditionObject.await,JSON_Payload
REQ-0184,intake-analytics.wikimedia.org,/v1/events,file,AbstractQueuedSynchronizer.java,JSON_Payload
REQ-0184,intake-analytics.wikimedia.org,/v1/events,lineNumber,1752.0,JSON_Payload
REQ-0185,intake-analytics.wikimedia.org,/v1/events,method,java.util.concurrent.LinkedBlockingQueue.take,JSON_Payload
REQ-0185,intake-analytics.wikimedia.org,/v1/events,file,LinkedBlockingQueue.java,JSON_Payload
REQ-0185,intake-analytics.wikimedia.org,/v1/events,lineNumber,435.0,JSON_Payload
REQ-0186,intake-analytics.wikimedia.org,/v1/events,method,java.util.concurrent.ThreadPoolExecutor.getTask,JSON_Payload
REQ-0186,intake-analytics.wikimedia.org,/v1/events,file,ThreadPoolExecutor.java,JSON_Payload
REQ-0186,intake-analytics.wikimedia.org,/v1/events,lineNumber,1026.0,JSON_Payload
REQ-0187,intake-analytics.wikimedia.org,/v1/events,method,java.util.concurrent.ThreadPoolExecutor.runWorker,JSON_Payload
REQ-0187,intake-analytics.wikimedia.org,/v1/events,file,ThreadPoolExecutor.java,JSON_Payload
REQ-0187,intake-analytics.wikimedia.org,/v1/events,lineNumber,1086.0,JSON_Payload
REQ-0188,intake-analytics.wikimedia.org,/v1/events,method,java.util.concurrent.ThreadPoolExecutor$Worker.run,JSON_Payload
REQ-0188,intake-analytics.wikimedia.org,/v1/events,file,ThreadPoolExecutor.java,JSON_Payload
REQ-0188,intake-analytics.wikimedia.org,/v1/events,lineNumber,624.0,JSON_Payload
REQ-0189,intake-analytics.wikimedia.org,/v1/events,method,com.google.firebase.concurrent.CustomThreadFactory.$r8$lambda$XB8AY3Hcio74byWuTzgVEC3Hiek,JSON_Payload
REQ-0189,intake-analytics.wikimedia.org,/v1/events,file,CustomThreadFactory.java,JSON_Payload
REQ-0189,intake-analytics.wikimedia.org,/v1/events,lineNumber,47.0,JSON_Payload
REQ-0190,intake-analytics.wikimedia.org,/v1/events,method,com.google.firebase.concurrent.CustomThreadFactory$$ExternalSyntheticLambda0.run,JSON_Payload
REQ-0190,intake-analytics.wikimedia.org,/v1/events,file,R8$$SyntheticClass,JSON_Payload
REQ-0190,intake-analytics.wikimedia.org,/v1/events,lineNumber,0.0,JSON_Payload
REQ-0191,intake-analytics.wikimedia.org,/v1/events,method,java.lang.Thread.run,JSON_Payload
REQ-0191,intake-analytics.wikimedia.org,/v1/events,file,Thread.java,JSON_Payload
REQ-0191,intake-analytics.wikimedia.org,/v1/events,lineNumber,1572.0,JSON_Payload
REQ-0192,intake-analytics.wikimedia.org,/v1/events,method,jdk.internal.misc.Unsafe.park,JSON_Payload
REQ-0192,intake-analytics.wikimedia.org,/v1/events,file,Unsafe.java,JSON_Payload
REQ-0192,intake-analytics.wikimedia.org,/v1/events,lineNumber,-2.0,JSON_Payload
REQ-0193,intake-analytics.wikimedia.org,/v1/events,method,java.util.concurrent.locks.LockSupport.park,JSON_Payload
REQ-0193,intake-analytics.wikimedia.org,/v1/events,file,LockSupport.java,JSON_Payload
REQ-0193,intake-analytics.wikimedia.org,/v1/events,lineNumber,376.0,JSON_Payload
REQ-0194,intake-analytics.wikimedia.org,/v1/events,method,java.util.concurrent.locks.AbstractQueuedSynchronizer$ConditionNode.block,JSON_Payload
REQ-0194,intake-analytics.wikimedia.org,/v1/events,file,AbstractQueuedSynchronizer.java,JSON_Payload
REQ-0194,intake-analytics.wikimedia.org,/v1/events,lineNumber,520.0,JSON_Payload
REQ-0195,intake-analytics.wikimedia.org,/v1/events,method,java.util.concurrent.ForkJoinPool.unmanagedBlock,JSON_Payload
REQ-0195,intake-analytics.wikimedia.org,/v1/events,file,ForkJoinPool.java,JSON_Payload
REQ-0195,intake-analytics.wikimedia.org,/v1/events,lineNumber,3797.0,JSON_Payload
REQ-0196,intake-analytics.wikimedia.org,/v1/events,method,java.util.concurrent.ForkJoinPool.managedBlock,JSON_Payload
REQ-0196,intake-analytics.wikimedia.org,/v1/events,file,ForkJoinPool.java,JSON_Payload
REQ-0196,intake-analytics.wikimedia.org,/v1/events,lineNumber,3738.0,JSON_Payload
REQ-0197,intake-analytics.wikimedia.org,/v1/events,method,java.util.concurrent probe=OpenSSL.locks.AbstractQueuedSynchronizer$ConditionObject.await,JSON_Payload
REQ-0197,intake-analytics.wikimedia.org,/v1/events,file,AbstractQueuedSynchronizer.java,JSON_Payload
REQ-0197,intake-analytics.wikimedia.org,/v1/events,lineNumber,1752.0,JSON_Payload
REQ-0198,intake-analytics.wikimedia.org,/v1/events,method,java.util.concurrent.LinkedBlockingQueue.take,JSON_Payload
REQ-0198,intake-analytics.wikimedia.org,/v1/events,file,LinkedBlockingQueue.java,JSON_Payload
REQ-0198,intake-analytics.wikimedia.org,/v1/events,lineNumber,435.0,JSON_Payload
REQ-0199,intake-analytics.wikimedia.org,/v1/events,method,java.util.concurrent.ThreadPoolExecutor.getTask,JSON_Payload
REQ-0199,intake-analytics.wikimedia.org,/v1/events,file,ThreadPoolExecutor.java,JSON_Payload
REQ-0199,intake-analytics.wikimedia.org,/v1/events,lineNumber,1026.0,JSON_Payload
REQ-0200,intake-analytics.wikimedia.org,/v1/events,method,java.util.concurrent.ThreadPoolExecutor.runWorker,JSON_Payload
REQ-0200,intake-analytics.wikimedia.org,/v1/events,file,ThreadPoolExecutor.java,JSON_Payload
REQ-0200,intake-analytics.wikimedia.org,/v1/events,lineNumber,1086.0,JSON_Payload
REQ-0201,intake-analytics.wikimedia.org,/v1/events,method,java.util.concurrent.ThreadPoolExecutor$Worker.run,JSON_Payload
REQ-0201,intake-analytics.wikimedia.org,/v1/events,file,ThreadPoolExecutor.java,JSON_Payload
REQ-0201,intake-analytics.wikimedia.org,/v1/events,lineNumber,624.0,JSON_Payload
REQ-0202,intake-analytics.wikimedia.org,/v1/events,method,java.lang.Thread.run,JSON_Payload
REQ-0202,intake-analytics.wikimedia.org,/v1/events,file,Thread.java,JSON_Payload
REQ-0202,intake-analytics.wikimedia.org,/v1/events,lineNumber,1572.0,JSON_Payload
REQ-0203,intake-analytics.wikimedia.org,/v1/events,method,android.os.MessageQueue.nativePollOnce,JSON_Payload
REQ-0203,intake-analytics.wikimedia.org,/v1/events,file,MessageQueue.java,JSON_Payload
REQ-0203,intake-analytics.wikimedia.org,/v1/events,lineNumber,-2.0,JSON_Payload
REQ-0204,intake-analytics.wikimedia.org,/v1/events,method,android.os.MessageQueue.nextLegacy,JSON_Payload
REQ-0204,intake-analytics.wikimedia.org,/v1/events,file,MessageQueue.java,JSON_Payload
REQ-0204,intake-analytics.wikimedia.org,/v1/events,lineNumber,913.0,JSON_Payload
REQ-0205,intake-analytics.wikimedia.org,/v1/events,method,android.os.MessageQueue.next,JSON_Payload
REQ-0205,intake-analytics.wikimedia.org,/v1/events,file,MessageQueue.java,JSON_Payload
REQ-0205,intake-analytics.wikimedia.org,/v1/events,lineNumber,1025.0,JSON_Payload
REQ-0206,intake-analytics.wikimedia.org,/v1/events,method,android.os.Looper.loopOnce,JSON_Payload
REQ-0206,intake-analytics.wikimedia.org,/v1/events,file,Looper.java,JSON_Payload
REQ-0206,intake-analytics.wikimedia.org,/v1/events,lineNumber,196.0,JSON_Payload
REQ-0207,intake-analytics.wikimedia.org,/v1/events,method,android.os.Looper.loop,JSON_Payload
REQ-0207,intake-analytics.wikimedia.org,/v1/events,file,Looper.java,JSON_Payload
REQ-0207,intake-analytics.wikimedia.org,/v1/events,lineNumber,338.0,JSON_Payload
REQ-0208,intake-analytics.wikimedia.org,/v1/events,method,android.os.HandlerThread.run,JSON_Payload
REQ-0208,intake-analytics.wikimedia.org,/v1/events,file,HandlerThread.java,JSON_Payload
REQ-0208,intake-analytics.wikimedia.org,/v1/events,lineNumber,85.0,JSON_Payload
REQ-0209,intake-analytics.wikimedia.org,/v1/events,method,jdk.internal.misc.Unsafe.park,JSON_Payload
REQ-0209,intake-analytics.wikimedia.org,/v1/events,file,Unsafe.java,JSON_Payload
REQ-0209,intake-analytics.wikimedia.org,/v1/events,lineNumber,-2.0,JSON_Payload
REQ-0210,intake-analytics.wikimedia.org,/v1/events,method,java.util.concurrent.locks.LockSupport.park,JSON_Payload
REQ-0210,intake-analytics.wikimedia.org,/v1/events,file,LockSupport.java,JSON_Payload
REQ-0210,intake-analytics.wikimedia.org,/v1/events,lineNumber,376.0,JSON_Payload
REQ-0211,intake-analytics.wikimedia.org,/v1/events,method,java.util.concurrent.locks.AbstractQueuedSynchronizer$ConditionNode.block,JSON_Payload
REQ-0211,intake-analytics.wikimedia.org,/v1/events,file,AbstractQueuedSynchronizer.java,JSON_Payload
REQ-0211,intake-analytics.wikimedia.org,/v1/events,lineNumber,520.0,JSON_Payload
REQ-0212,intake-analytics.wikimedia.org,/v1/events,method,java.util.concurrent.ForkJoinPool.unmanagedBlock,JSON_Payload
REQ-0212,intake-analytics.wikimedia.org,/v1/events,file,ForkJoinPool.java,JSON_Payload
REQ-0212,intake-analytics.wikimedia.org,/v1/events,lineNumber,3797.0,JSON_Payload
REQ-0213,intake-analytics.wikimedia.org,/v1/events,method,java.util.concurrent.ForkJoinPool.managedBlock,JSON_Payload
REQ-0213,intake-analytics.wikimedia.org,/v1/events,file,ForkJoinPool.java,JSON_Payload
REQ-0213,intake-analytics.wikimedia.org,/v1/events,lineNumber,3738.0,JSON_Payload
REQ-0214,intake-analytics.wikimedia.org,/v1/events,method,java.util.concurrent.locks.AbstractQueuedSynchronizer$ConditionObject.await,JSON_Payload
REQ-0214,intake-analytics.wikimedia.org,/v1/events,file,AbstractQueuedSynchronizer.java,JSON_Payload
REQ-0214,intake-analytics.wikimedia.org,/v1/events,lineNumber,1752.0,JSON_Payload
REQ-0215,intake-analytics.wikimedia.org,/v1/events,method,java.util.concurrent.ScheduledThreadPoolExecutor$DelayedWorkQueue.take,JSON_Payload
REQ-0215,intake-analytics.wikimedia.org,/v1/events,file,ScheduledThreadPoolExecutor.java,JSON_Payload
REQ-0215,intake-analytics.wikimedia.org,/v1/events,lineNumber,1170.0,JSON_Payload
REQ-0216,intake-analytics.wikimedia.org,/v1/events,method,java.util.concurrent.ScheduledThreadPoolExecutor$DelayedWorkQueue.take,JSON_Payload
REQ-0216,intake-analytics.wikimedia.org,/v1/events,file,ScheduledThreadPoolExecutor.java,JSON_Payload
REQ-0216,intake-analytics.wikimedia.org,/v1/events,lineNumber,899.0,JSON_Payload
REQ-0217,intake-analytics.wikimedia.org,/v1/events,method,java.util.concurrent.ThreadPoolExecutor.getTask,JSON_Payload
REQ-0217,intake-analytics.wikimedia.org,/v1/events,file,ThreadPoolExecutor.java,JSON_Payload
REQ-0217,intake-analytics.wikimedia.org,/v1/events,lineNumber,1026.0,JSON_Payload
REQ-0218,intake-analytics.wikimedia.org,/v1/events,method,java.util.concurrent.ThreadPoolExecutor.runWorker,JSON_Payload
REQ-0218,intake-analytics.wikimedia.org,/v1/events,file,ThreadPoolExecutor.java,JSON_Payload
REQ-0218,intake-analytics.wikimedia.org,/v1/events,lineNumber,1086.0,JSON_Payload
REQ-0219,intake-analytics.wikimedia.org,/v1/events,method,java.util.concurrent.ThreadPoolExecutor$Worker.run,JSON_Payload
REQ-0219,intake-analytics.wikimedia.org,/v1/events,file,ThreadPoolExecutor.java,JSON_Payload
REQ-0219,intake-analytics.wikimedia.org,/v1/events,lineNumber,624.0,JSON_Payload
REQ-0220,intake-analytics.wikimedia.org,/v1/events,method,java.lang.Thread.run,JSON_Payload
REQ-0220,intake-analytics.wikimedia.org,/v1/events,file,Thread.java,JSON_Payload
REQ-0220,intake-analytics.wikimedia.org,/v1/events,lineNumber,1572.0,JSON_Payload
REQ-0221,intake-analytics.wikimedia.org,/v1/events,method,jdk.internal.misc.Unsafe.park,JSON_Payload
REQ-0221,intake-analytics.wikimedia.org,/v1/events,file,Unsafe.java,JSON_Payload
REQ-0221,intake-analytics.wikimedia.org,/v1/events,lineNumber,-2.0,JSON_Payload
REQ-0222,intake-analytics.wikimedia.org,/v1/events,method,java.util.concurrent.locks.LockSupport.park,JSON_Payload
REQ-0222,intake-analytics.wikimedia.org,/v1/events,file,LockSupport.java,JSON_Payload
REQ-0222,intake-analytics.wikimedia.org,/v1/events,lineNumber,376.0,JSON_Payload
REQ-0223,intake-analytics.wikimedia.org,/v1/events,method,java.util.concurrent.locks.AbstractQueuedSynchronizer$ConditionNode.block,JSON_Payload
REQ-0223,intake-analytics.wikimedia.org,/v1/events,file,AbstractQueuedSynchronizer.java,JSON_Payload
REQ-0223,intake-analytics.wikimedia.org,/v1/events,lineNumber,520.0,JSON_Payload
REQ-0224,intake-analytics.wikimedia.org,/v1/events,method,java.util.concurrent.ForkJoinPool.unmanagedBlock,JSON_Payload
REQ-0224,intake-analytics.wikimedia.org,/v1/events,file,ForkJoinPool.java,JSON_Payload
REQ-0224,intake-analytics.wikimedia.org,/v1/events,lineNumber,3797.0,JSON_Payload
REQ-0225,intake-analytics.wikimedia.org,/v1/events,method,java.util.concurrent.ForkJoinPool.managedBlock,JSON_Payload
REQ-0225,intake-analytics.wikimedia.org,/v1/events,file,ForkJoinPool.java,JSON_Payload
REQ-0225,intake-analytics.wikimedia.org,/v1/events,lineNumber,3738.0,JSON_Payload
REQ-0226,intake-analytics.wikimedia.org,/v1/events,method,java.util.concurrent.locks.AbstractQueuedSynchronizer$ConditionObject.await,JSON_Payload
REQ-0226,intake-analytics.wikimedia.org,/v1/events,file,AbstractQueuedSynchronizer.java,JSON_Payload
REQ-0226,intake-analytics.wikimedia.org,/v1/events,lineNumber,1752.0,JSON_Payload
REQ-0227,intake-analytics.wikimedia.org,/v1/events,method,java.util.concurrent.ScheduledThreadPoolExecutor$DelayedWorkQueue.take,JSON_Payload
REQ-0227,intake-analytics.wikimedia.org,/v1/events,file,ScheduledThreadPoolExecutor.java,JSON_Payload
REQ-0227,intake-analytics.wikimedia.org,/v1/events,lineNumber,1170.0,JSON_Payload
REQ-0228,intake-analytics.wikimedia.org,/v1/events,method,java.util.concurrent.ScheduledThreadPoolExecutor$DelayedWorkQueue.take,JSON_Payload
REQ-0228,intake-analytics.wikimedia.org,/v1/events,file,ScheduledThreadPoolExecutor.java,JSON_Payload
REQ-0228,intake-analytics.wikimedia.org,/v1/events,lineNumber,899.0,JSON_Payload
REQ-0229,intake-analytics.wikimedia.org,/v1/events,method,java.util.concurrent.ThreadPoolExecutor.getTask,JSON_Payload
REQ-0229,intake-analytics.wikimedia.org,/v1/events,file,ThreadPoolExecutor.java,JSON_Payload
REQ-0229,intake-analytics.wikimedia.org,/v1/events,lineNumber,1026.0,JSON_Payload
REQ-0230,intake-analytics.wikimedia.org,/v1/events,method,java.util.concurrent.ThreadPoolExecutor.runWorker,JSON_Payload
REQ-0230,intake-analytics.wikimedia.org,/v1/events,file,ThreadPoolExecutor.java,JSON_Payload
REQ-0230,intake-analytics.wikimedia.org,/v1/events,lineNumber,1086.0,JSON_Payload
REQ-0231,intake-analytics.wikimedia.org,/v1/events,method,java.util.concurrent.ThreadPoolExecutor$Worker.run,JSON_Payload
REQ-0231,intake-analytics.wikimedia.org,/v1/events,file,ThreadPoolExecutor.java,JSON_Payload
REQ-0231,intake-analytics.wikimedia.org,/v1/events,lineNumber,624.0,JSON_Payload
REQ-0232,intake-analytics.wikimedia.org,/v1/events,method,com.google.android.gms.common.util.concurrent.zza.run,JSON_Payload
REQ-0232,intake-analytics.wikimedia.org,/v1/events,file,com.google.android.gms:play-services-basement@@18.5.0,JSON_Payload
REQ-0232,intake-analytics.wikimedia.org,/v1/events,lineNumber,2.0,JSON_Payload
REQ-0233,intake-analytics.wikimedia.org,/v1/events,method,java.lang.Thread.run,JSON_Payload
REQ-0233,intake-analytics.wikimedia.org,/v1/events,file,Thread.java,JSON_Payload
REQ-0233,intake-analytics.wikimedia.org,/v1/events,lineNumber,1572.0,JSON_Payload
REQ-0234,intake-analytics.wikimedia.org,/v1/events,method,jdk.internal.misc.Unsafe.park,JSON_Payload
REQ-0234,intake-analytics.wikimedia.org,/v1/events,file,Unsafe.java,JSON_Payload
REQ-0234,intake-analytics.wikimedia.org,/v1/events,lineNumber,-2.0,JSON_Payload
REQ-0235,intake-analytics.wikimedia.org,/v1/events,method,java.util.concurrent.locks.LockSupport.park,JSON_Payload
REQ-0235,intake-analytics.wikimedia.org,/v1/events,file,LockSupport.java,JSON_Payload
REQ-0235,intake-analytics.wikimedia.org,/v1/events,lineNumber,376.0,JSON_Payload
REQ-0236,intake-analytics.wikimedia.org,/v1/events,method,java.util.concurrent.locks.AbstractQueuedSynchronizer$ConditionNode.block,JSON_Payload
REQ-0236,intake-analytics.wikimedia.org,/v1/events,file,AbstractQueuedSynchronizer.java,JSON_Payload
REQ-0236,intake-analytics.wikimedia.org,/v1/events,lineNumber,520.0,JSON_Payload
REQ-0237,intake-analytics.wikimedia.org,/v1/events,method,java.util.concurrent.ForkJoinPool.unmanagedBlock,JSON_Payload
REQ-0237,intake-analytics.wikimedia.org,/v1/events,file,ForkJoinPool.java,JSON_Payload
REQ-0237,intake-analytics.wikimedia.org,/v1/events,lineNumber,3797.0,JSON_Payload
REQ-0238,intake-analytics.wikimedia.org,/v1/events,method,java.util.concurrent.ForkJoinPool.managedBlock,JSON_Payload
REQ-0238,intake-analytics.wikimedia.org,/v1/events,file,ForkJoinPool.java,JSON_Payload
REQ-0238,intake-analytics.wikimedia.org,/v1/events,lineNumber,3738.0,JSON_Payload
REQ-0239,intake-analytics.wikimedia.org,/v1/events,method,java.util.concurrent.locks.AbstractQueuedSynchronizer$ConditionObject.await,JSON_Payload
REQ-0239,intake-analytics.wikimedia.org,/v1/events,file,AbstractQueuedSynchronizer.java,JSON_Payload
REQ-0239,intake-analytics.wikimedia.org,/v1/events,lineNumber,1752.0,JSON_Payload
REQ-0240,intake-analytics.wikimedia.org,/v1/events,method,java.util.concurrent.ScheduledThreadPoolExecutor$DelayedWorkQueue.take,JSON_Payload
REQ-0240,intake-analytics.wikimedia.org,/v1/events,file,ScheduledThreadPoolExecutor.java,JSON_Payload
REQ-0240,intake-analytics.wikimedia.org,/v1/events,lineNumber,1170.0,JSON_Payload
REQ-0241,intake-analytics.wikimedia.org,/v1/events,method,java.util.concurrent.ScheduledThreadPoolExecutor$DelayedWorkQueue.take,JSON_Payload
REQ-0241,intake-analytics.wikimedia.org,/v1/events,file,ScheduledThreadPoolExecutor.java,JSON_Payload
REQ-0241,intake-analytics.wikimedia.org,/v1/events,lineNumber,899.0,JSON_Payload
REQ-0242,intake-analytics.wikimedia.org,/v1/events,method,java.util.concurrent.ThreadPoolExecutor.getTask,JSON_Payload
REQ-0242,intake-analytics.wikimedia.org,/v1/events,file,ThreadPoolExecutor.java,JSON_Payload
REQ-0242,intake-analytics.wikimedia.org,/v1/events,lineNumber,1026.0,JSON_Payload
REQ-0243,intake-analytics.wikimedia.org,/v1/events,method,java.util.concurrent.ThreadPoolExecutor.runWorker,JSON_Payload
REQ-0243,intake-analytics.wikimedia.org,/v1/events,file,ThreadPoolExecutor.java,JSON_Payload
REQ-0243,intake-analytics.wikimedia.org,/v1/events,lineNumber,1086.0,JSON_Payload
REQ-0244,intake-analytics.wikimedia.org,/v1/events,method,java.util.concurrent.ThreadPoolExecutor$Worker.run,JSON_Payload
REQ-0244,intake-analytics.wikimedia.org,/v1/events,file,ThreadPoolExecutor.java,JSON_Payload
REQ-0244,intake-analytics.wikimedia.org,/v1/events,lineNumber,624.0,JSON_Payload
REQ-0245,intake-analytics.wikimedia.org,/v1/events,method,com.google.android.gms.common.util.concurrent.zza.run,JSON_Payload
REQ-0245,intake-analytics.wikimedia.org,/v1/events,file,com.google.android.gms:play-services-basement@@18.5.0,JSON_Payload
REQ-0245,intake-analytics.wikimedia.org,/v1/events,lineNumber,2.0,JSON_Payload
REQ-0246,intake-analytics.wikimedia.org,/v1/events,method,java.lang.Thread.run,JSON_Payload
REQ-0246,intake-analytics.wikimedia.org,/v1/events,file,Thread.java,JSON_Payload
REQ-0246,intake-analytics.wikimedia.org,/v1/events,lineNumber,1572.0,JSON_Payload
REQ-0247,intake-analytics.wikimedia.org,/v1/events,method,android.os.MessageQueue.nativePollOnce,JSON_Payload
REQ-0247,intake-analytics.wikimedia.org,/v1/events,file,MessageQueue.java,JSON_Payload
REQ-0247,intake-analytics.wikimedia.org,/v1/events,lineNumber,-2.0,JSON_Payload
REQ-0248,intake-analytics.wikimedia.org,/v1/events,method,android.os.MessageQueue.nextLegacy,JSON_Payload
REQ-0248,intake-analytics.wikimedia.org,/v1/events,file,MessageQueue.java,JSON_Payload
REQ-0248,intake-analytics.wikimedia.org,/v1/events,lineNumber,913.0,JSON_Payload
REQ-0249,intake-analytics.wikimedia.org,/v1/events,method,android.os.MessageQueue.next,JSON_Payload
REQ-0249,intake-analytics.wikimedia.org,/v1/events,file,MessageQueue.java,JSON_Payload
REQ-0249,intake-analytics.wikimedia.org,/v1/events,lineNumber,1025.0,JSON_Payload
REQ-0250,intake-analytics.wikimedia.org,/v1/events,method,android.os.Looper.loopOnce,JSON_Payload
REQ-0250,intake-analytics.wikimedia.org,/v1/events,file,Looper.java,JSON_Payload
REQ-0250,intake-analytics.wikimedia.org,/v1/events,lineNumber,196.0,JSON_Payload
REQ-0251,intake-analytics.wikimedia.org,/v1/events,method,android.os.Looper.loop,JSON_Payload
REQ-0251,intake-analytics.wikimedia.org,/v1/events,file,Looper.java,JSON_Payload
REQ-0251,intake-analytics.wikimedia.org,/v1/events,lineNumber,338.0,JSON_Payload
REQ-0252,intake-analytics.wikimedia.org,/v1/events,method,android.os.HandlerThread.run,JSON_Payload
REQ-0252,intake-analytics.wikimedia.org,/v1/events,file,HandlerThread.java,JSON_Payload
REQ-0252,intake-analytics.wikimedia.org,/v1/events,lineNumber,85.0,JSON_Payload
REQ-0253,intake-analytics.wikimedia.org,/v1/events,method,java.lang.Object.wait,JSON_Payload
REQ-0253,intake-analytics.wikimedia.org,/v1/events,file,Object.java,JSON_Payload
REQ-0253,intake-analytics.wikimedia.org,/v1/events,lineNumber,-2.0,JSON_Payload
REQ-0254,intake-analytics.wikimedia.org,/v1/events,method,java.lang.Object.wait,JSON_Payload
REQ-0254,intake-analytics.wikimedia.org,/v1/events,file,Object.java,JSON_Payload
REQ-0254,intake-analytics.wikimedia.org,/v1/events,lineNumber,405.0,JSON_Payload
REQ-0255,intake-analytics.wikimedia.org,/v1/events,method,java.lang.Object.wait,JSON_Payload
REQ-0255,intake-analytics.wikimedia.org,/v1/events,file,Object.java,JSON_Payload
REQ-0255,intake-analytics.wikimedia.org,/v1/events,lineNumber,543.0,JSON_Payload
REQ-0256,intake-analytics.wikimedia.org,/v1/events,method,okhttp3.internal.http2.Http2Stream.waitForIo$okhttp,JSON_Payload
REQ-0256,intake-analytics.wikimedia.org,/v1/events,file,Http2Stream.kt,JSON_Payload
REQ-0256,intake-analytics.wikimedia.org,/v1/events,lineNumber,557.0,JSON_Payload
REQ-0257,intake-analytics.wikimedia.org,/v1/events,method,okhttp3.internal.http2.Http2Stream.takeHeaders,JSON_Payload
REQ-0257,intake-analytics.wikimedia.org,/v1/events,file,Http2Stream.kt,JSON_Payload
REQ-0257,intake-analytics.wikimedia.org,/v1/events,lineNumber,140.0,JSON_Payload
REQ-0258,intake-analytics.wikimedia.org,/v1/events,method,okhttp3.internal.http2.Http2ExchangeCodec.readResponseHeaders,JSON_Payload
REQ-0258,intake-analytics.wikimedia.org,/v1/events,file,Http2ExchangeCodec.kt,JSON_Payload
REQ-0258,intake-analytics.wikimedia.org,/v1/events,lineNumber,97.0,JSON_Payload
REQ-0259,intake-analytics.wikimedia.org,/v1/events,method,okhttp3.internal.connection.Exchange.readResponseHeaders,JSON_Payload
REQ-0259,intake-analytics.wikimedia.org,/v1/events,file,Exchange.kt,JSON_Payload
REQ-0259,intake-analytics.wikimedia.org,/v1/events,lineNumber,110.0,JSON_Payload
REQ-0260,intake-analytics.wikimedia.org,/v1/events,method,okhttp3.internal.http.CallServerInterceptor.intercept,JSON_Payload
REQ-0260,intake-analytics.wikimedia.org,/v1/events,file,CallServerInterceptor.kt,JSON_Payload
REQ-0260,intake-analytics.wikimedia.org,/v1/events,lineNumber,93.0,JSON_Payload
REQ-0261,intake-analytics.wikimedia.org,/v1/events,method,okhttp3.internal.http.RealInterceptorChain.proceed,JSON_Payload
REQ-0261,intake-analytics.wikimedia.org,/v1/events,file,RealInterceptorChain.kt,JSON_Payload
REQ-0261,intake-analytics.wikimedia.org,/v1/events,lineNumber,109.0,JSON_Payload
REQ-0262,intake-analytics.wikimedia.org,/v1/events,method,okhttp3.internal.connection.ConnectInterceptor.intercept,JSON_Payload
REQ-0262,intake-analytics.wikimedia.org,/v1/events,file,ConnectInterceptor.kt,JSON_Payload
REQ-0262,intake-analytics.wikimedia.org,/v1/events,lineNumber,34.0,JSON_Payload
REQ-0263,intake-analytics.wikimedia.org,/v1/events,method,okhttp3.internal.http.RealInterceptorChain.proceed,JSON_Payload
REQ-0263,intake-analytics.wikimedia.org,/v1/events,file,RealInterceptorChain.kt,JSON_Payload
REQ-0263,intake-analytics.wikimedia.org,/v1/events,lineNumber,109.0,JSON_Payload
REQ-0264,intake-analytics.wikimedia.org,/v1/events,method,okhttp3.internal.cache.CacheInterceptor.intercept,JSON_Payload
REQ-0264,intake-analytics.wikimedia.org,/v1/events,file,CacheInterceptor.kt,JSON_Payload
REQ-0264,intake-analytics.wikimedia.org,/v1/events,lineNumber,95.0,JSON_Payload
REQ-0265,intake-analytics.wikimedia.org,/v1/events,method,okhttp3.internal.http.RealInterceptorChain.proceed,JSON_Payload
REQ-0265,intake-analytics.wikimedia.org,/v1/events,file,RealInterceptorChain.kt,JSON_Payload
REQ-0265,intake-analytics.wikimedia.org,/v1/events,lineNumber,109.0,JSON_Payload
REQ-0266,intake-analytics.wikimedia.org,/v1/events,method,okhttp3.internal.http.Br probe=OpenSSLidgeInterceptor.intercept,JSON_Payload
REQ-0266,intake-analytics.wikimedia.org,/v1/events,file,BridgeInterceptor.kt,JSON_Payload
REQ-0266,intake-analytics.wikimedia.org,/v1/events,lineNumber,83.0,JSON_Payload
REQ-0267,intake-analytics.wikimedia.org,/v1/events,method,okhttp3.internal.http.RealInterceptorChain.proceed,JSON_Payload
REQ-0267,intake-analytics.wikimedia.org,/v1/events,file,RealInterceptorChain.kt,JSON_Payload
REQ-0267,intake-analytics.wikimedia.org,/v1/events,lineNumber,109.0,JSON_Payload
REQ-0268,intake-analytics.wikimedia.org,/v1/events,method,okhttp3.internal.http.RetryAndFollowUpInterceptor.intercept,JSON_Payload
REQ-0268,intake-analytics.wikimedia.org,/v1/events,file,RetryAndFollowUpInterceptor.kt,JSON_Payload
REQ-0268,intake-analytics.wikimedia.org,/v1/events,lineNumber,76.0,JSON_Payload
REQ-0269,intake-analytics.wikimedia.org,/v1/events,method,okhttp3.internal.http.RealInterceptorChain.proceed,JSON_Payload
REQ-0269,intake-analytics.wikimedia.org,/v1/events,file,RealInterceptorChain.kt,JSON_Payload
REQ-0269,intake-analytics.wikimedia.org,/v1/events,lineNumber,109.0,JSON_Payload
REQ-0270,intake-analytics.wikimedia.org,/v1/events,method,br.com.nhttp.GzipInterceptor.intercept,JSON_Payload
REQ-0270,intake-analytics.wikimedia.org,/v1/events,file,GzipInterceptor.kt,JSON_Payload
REQ-0270,intake-analytics.wikimedia.org,/v1/events,lineNumber,18.0,JSON_Payload
REQ-0271,intake-analytics.wikimedia.org,/v1/events,method,okhttp3.internal.http.RealInterceptorChain.proceed,JSON_Payload
REQ-0271,intake-analytics.wikimedia.org,/v1/events,file,RealInterceptorChain.kt,JSON_Payload
REQ-0271,intake-analytics.wikimedia.org,/v1/events,lineNumber,109.0,JSON_Payload
REQ-0272,intake-analytics.wikimedia.org,/v1/events,method,okhttp3.internal.connection.RealCall.getResponseWithInterceptorChain$okhttp,JSON_Payload
REQ-0272,intake-analytics.wikimedia.org,/v1/events,file,RealCall.kt,JSON_Payload
REQ-0272,intake-analytics.wikimedia.org,/v1/events,lineNumber,201.0,JSON_Payload
REQ-0273,intake-analytics.wikimedia.org,/v1/events,method,okhttp3.internal.connection.RealCall.execute,JSON_Payload
REQ-0273,intake-analytics.wikimedia.org,/v1/events,file,RealCall.kt,JSON_Payload
REQ-0273,intake-analytics.wikimedia.org,/v1/events,lineNumber,154.0,JSON_Payload
REQ-0274,intake-analytics.wikimedia.org,/v1/events,method,com.google.firebase.perf.network.FirebasePerfOkHttpClient.execute,JSON_Payload
REQ-0274,intake-analytics.wikimedia.org,/v1/events,file,FirebasePerfOkHttpClient.java,JSON_Payload
REQ-0274,intake-analytics.wikimedia.org,/v1/events,lineNumber,44.0,JSON_Payload
REQ-0275,intake-analytics.wikimedia.org,/v1/events,method,br.com.nhttp.NhttpPlugin$sendRequest$1$response$1.invokeSuspend,JSON_Payload
REQ-0275,intake-analytics.wikimedia.org,/v1/events,file,NhttpPlugin.kt,JSON_Payload
REQ-0275,intake-analytics.wikimedia.org,/v1/events,lineNumber,57.0,JSON_Payload
REQ-0276,intake-analytics.wikimedia.org,/v1/events,method,br.com.nhttp.NhttpPlugin$sendRequest$1$response$1.invoke,JSON_Payload
REQ-0276,intake-analytics.wikimedia.org,/v1/events,file,NhttpPlugin.kt,JSON_Payload
REQ-0276,intake-analytics.wikimedia.org,/v1/events,lineNumber,0.0,JSON_Payload
REQ-0277,intake-analytics.wikimedia.org,/v1/events,method,br.com.nhttp.NhttpPlugin$sendRequest$1$response$1.invoke,JSON_Payload
REQ-0277,intake-analytics.wikimedia.org,/v1/events,file,NhttpPlugin.kt,JSON_Payload
REQ-0277,intake-analytics.wikimedia.org,/v1/events,lineNumber,0.0,JSON_Payload
REQ-0278,intake-analytics.wikimedia.org,/v1/events,method,kotlinx.coroutines.intrinsics.UndispatchedKt.startUndispatchedOrReturn,JSON_Payload
REQ-0278,intake-analytics.wikimedia.org,/v1/events,file,Undispatched.kt,JSON_Payload
REQ-0278,intake-analytics.wikimedia.org,/v1/events,lineNumber,43.0,JSON_Payload
REQ-0279,intake-analytics.wikimedia.org,/v1/events,method,kotlinx.coroutines.BuildersKt__Builders_commonKt.withContext,JSON_Payload
REQ-0279,intake-analytics.wikimedia.org,/v1/events,file,Builders.common.kt,JSON_Payload
REQ-0279,intake-analytics.wikimedia.org,/v1/events,lineNumber,166.0,JSON_Payload
REQ-0280,intake-analytics.wikimedia.org,/v1/events,method,kotlinx.coroutines.BuildersKt.withContext,JSON_Payload
REQ-0280,intake-analytics.wikimedia.org,/v1/events,file,dex-id-5a19917d9d96cdda6589898b2e673a2cfa64e5cd,JSON_Payload
REQ-0280,intake-analytics.wikimedia.org,/v1/events,lineNumber,1.0,JSON_Payload
REQ-0281,intake-analytics.wikimedia.org,/v1/events,method,br.com.nhttp.NhttpPlugin$sendRequest$1.invokeSuspend,JSON_Payload
REQ-0281,intake-analytics.wikimedia.org,/v1/events,file,NhttpPlugin.kt,JSON_Payload
REQ-0281,intake-analytics.wikimedia.org,/v1/events,lineNumber,51.0,JSON_Payload
REQ-0282,intake-analytics.wikimedia.org,/v1/events,method,kotlin.coroutines.jvm.internal.BaseContinuationImpl.resumeWith,JSON_Payload
REQ-0282,intake-analytics.wikimedia.org,/v1/events,file,ContinuationImpl.kt,JSON_Payload
REQ-0282,intake-analytics.wikimedia.org,/v1/events,lineNumber,34.0,JSON_Payload
REQ-0283,intake-analytics.wikimedia.org,/v1/events,method,kotlinx.coroutines.DispatchedTask.run,JSON_Payload
REQ-0283,intake-analytics.wikimedia.org,/v1/events,file,DispatchedTask.kt,JSON_Payload
REQ-0283,intake-analytics.wikimedia.org,/v1/events,lineNumber,100.0,JSON_Payload
REQ-0284,intake-analytics.wikimedia.org,/v1/events,method,kotlinx.coroutines.internal.LimitedDispatcher$Worker.run,JSON_Payload
REQ-0284,intake-analytics.wikimedia.org,/v1/events,file,LimitedDispatcher.kt,JSON_Payload
REQ-0284,intake-analytics.wikimedia.org,/v1/events,lineNumber,113.0,JSON_Payload
REQ-0285,intake-analytics.wikimedia.org,/v1/events,method,kotlinx.coroutines.scheduling.TaskImpl.run,JSON_Payload
REQ-0285,intake-analytics.wikimedia.org,/v1/events,file,Tasks.kt,JSON_Payload
REQ-0285,intake-analytics.wikimedia.org,/v1/events,lineNumber,89.0,JSON_Payload
REQ-0286,intake-analytics.wikimedia.org,/v1/events,method,kotlinx.coroutines.scheduling.CoroutineScheduler.runSafely,JSON_Payload
REQ-0286,intake-analytics.wikimedia.org,/v1/events,file,CoroutineScheduler.kt,JSON_Payload
REQ-0286,intake-analytics.wikimedia.org,/v1/events,lineNumber,586.0,JSON_Payload
REQ-0287,intake-analytics.wikimedia.org,/v1/events,method,kotlinx.coroutines.scheduling.CoroutineScheduler$Worker.executeTask,JSON_Payload
REQ-0287,intake-analytics.wikimedia.org,/v1/events,file,CoroutineScheduler.kt,JSON_Payload
REQ-0287,intake-analytics.wikimedia.org,/v1/events,lineNumber,820.0,JSON_Payload
REQ-0288,intake-analytics.wikimedia.org,/v1/events,method,kotlinx.coroutines.scheduling.CoroutineScheduler$Worker.runWorker,JSON_Payload
REQ-0288,intake-analytics.wikimedia.org,/v1/events,file,CoroutineScheduler.kt,JSON_Payload
REQ-0288,intake-analytics.wikimedia.org,/v1/events,lineNumber,717.0,JSON_Payload
REQ-0289,intake-analytics.wikimedia.org,/v1/events,method,kotlinx.coroutines.scheduling.CoroutineScheduler$Worker.run,JSON_Payload
REQ-0289,intake-analytics.wikimedia.org,/v1/events,file,CoroutineScheduler.kt,JSON_Payload
REQ-0289,intake-analytics.wikimedia.org,/v1/events,lineNumber,704.0,JSON_Payload
REQ-0290,intake-analytics.wikimedia.org,/v1/events,method,jdk.internal.misc.Unsafe.park,JSON_Payload
REQ-0290,intake-analytics.wikimedia.org,/v1/events,file,Unsafe.java,JSON_Payload
REQ-0290,intake-analytics.wikimedia.org,/v1/events,lineNumber,-2.0,JSON_Payload
REQ-0291,intake-analytics.wikimedia.org,/v1/events,method,java.util.concurrent.locks.LockSupport.parkNanos,JSON_Payload
REQ-0291,intake-analytics.wikimedia.org,/v1/events,file,LockSupport.java,JSON_Payload
REQ-0291,intake-analytics.wikimedia.org,/v1/events,lineNumber,417.0,JSON_Payload
REQ-0292,intake-analytics.wikimedia.org,/v1/events,method,kotlinx.coroutines.scheduling.CoroutineScheduler$Worker.park,JSON_Payload
REQ-0292,intake-analytics.wikimedia.org,/v1/events,file,CoroutineScheduler.kt,JSON_Payload
REQ-0292,intake-analytics.wikimedia.org,/v1/events,lineNumber,855.0,JSON_Payload
REQ-0293,intake-analytics.wikimedia.org,/v1/events,method,kotlinx.coroutines.scheduling.CoroutineScheduler$Worker.tryPark,JSON_Payload
REQ-0293,intake-analytics.wikimedia.org,/v1/events,file,CoroutineScheduler.kt,JSON_Payload
REQ-0293,intake-analytics.wikimedia.org,/v1/events,lineNumber,803.0,JSON_Payload
REQ-0294,intake-analytics.wikimedia.org,/v1/events,method,kotlinx.coroutines.scheduling.CoroutineScheduler$Worker.runWorker,JSON_Payload
REQ-0294,intake-analytics.wikimedia.org,/v1/events,file,CoroutineScheduler.kt,JSON_Payload
REQ-0294,intake-analytics.wikimedia.org,/v1/events,lineNumber,751.0,JSON_Payload
REQ-0295,intake-analytics.wikimedia.org,/v1/events,method,kotlinx.coroutines.scheduling.CoroutineScheduler$Worker.run,JSON_Payload
REQ-0295,intake-analytics.wikimedia.org,/v1/events,file,CoroutineScheduler.kt,JSON_Payload
REQ-0295,intake-analytics.wikimedia.org,/v1/events,lineNumber,704.0,JSON_Payload
REQ-0296,intake-analytics.wikimedia.org,/v1/events,method,jdk.internal.misc.Unsafe.park,JSON_Payload
REQ-0296,intake-analytics.wikimedia.org,/v1/events,file,Unsafe.java,JSON_Payload
REQ-0296,intake-analytics.wikimedia.org,/v1/events,lineNumber,-2.0,JSON_Payload
REQ-0297,intake-analytics.wikimedia.org,/v1/events,method,java.util.concurrent.locks.LockSupport.parkNanos,JSON_Payload
REQ-0297,intake-analytics.wikimedia.org,/v1/events,file,LockSupport.java,JSON_Payload
REQ-0297,intake-analytics.wikimedia.org,/v1/events,lineNumber,417.0,JSON_Payload
REQ-0298,intake-analytics.wikimedia.org,/v1/events,method,kotlinx.coroutines.scheduling.CoroutineScheduler$Worker.park,JSON_Payload
REQ-0298,intake-analytics.wikimedia.org,/v1/events,file,CoroutineScheduler.kt,JSON_Payload
REQ-0298,intake-analytics.wikimedia.org,/v1/events,lineNumber,855.0,JSON_Payload
REQ-0299,intake-analytics.wikimedia.org,/v1/events,method,kotlinx.coroutines.scheduling.CoroutineScheduler$Worker.tryPark,JSON_Payload
REQ-0299,intake-analytics.wikimedia.org,/v1/events,file,CoroutineScheduler.kt,JSON_Payload
REQ-0299,intake-analytics.wikimedia.org,/v1/events,lineNumber,803.0,JSON_Payload
REQ-0300,intake-analytics.wikimedia.org,/v1/events,method,kotlinx.coroutines.scheduling.CoroutineScheduler$Worker.runWorker,JSON_Payload
REQ-0300,intake-analytics.wikimedia.org,/v1/events,file,CoroutineScheduler.kt,JSON_Payload
REQ-0300,intake-analytics.wikimedia.org,/v1/events,lineNumber,751.0,JSON_Payload
REQ-0301,intake-analytics.wikimedia.org,/v1/events,method,kotlinx.coroutines.scheduling.CoroutineScheduler$Worker.run,JSON_Payload
REQ-0301,intake-analytics.wikimedia.org,/v1/events,file,CoroutineScheduler.kt,JSON_Payload
REQ-0301,intake-analytics.wikimedia.org,/v1/events,lineNumber,704.0,JSON_Payload
REQ-0302,intake-analytics.wikimedia.org,/v1/events,method,jdk.internal.misc.Unsafe.park,JSON_Payload
REQ-0302,intake-analytics.wikimedia.org,/v1/events,file,Unsafe.java,JSON_Payload
REQ-0302,intake-analytics.wikimedia.org,/v1/events,lineNumber,-2.0,JSON_Payload
REQ-0303,intake-analytics.wikimedia.org,/v1/events,method,java.util.concurrent.locks.LockSupport.park,JSON_Payload
REQ-0303,intake-analytics.wikimedia.org,/v1/events,file,LockSupport.java,JSON_Payload
REQ-0303,intake-analytics.wikimedia.org,/v1/events,lineNumber,376.0,JSON_Payload
REQ-0304,intake-analytics.wikimedia.org,/v1/events,method,java.util.concurrent.locks.AbstractQueuedSynchronizer$ConditionNode.block,JSON_Payload
REQ-0304,intake-analytics.wikimedia.org,/v1/events,file,AbstractQueuedSynchronizer.java,JSON_Payload
REQ-0304,intake-analytics.wikimedia.org,/v1/events,lineNumber,520.0,JSON_Payload
REQ-0305,intake-analytics.wikimedia.org,/v1/events,method,java.util.concurrent.ForkJoinPool.unmanagedBlock,JSON_Payload
REQ-0305,intake-analytics.wikimedia.org,/v1/events,file,ForkJoinPool.java,JSON_Payload
REQ-0305,intake-analytics.wikimedia.org,/v1/events,lineNumber,3797.0,JSON_Payload
REQ-0306,intake-analytics.wikimedia.org,/v1/events,method,java.util.concurrent.ForkJoinPool.managedBlock,JSON_Payload
REQ-0306,intake-analytics.wikimedia.org,/v1/events,file,ForkJoinPool.java,JSON_Payload
REQ-0306,intake-analytics.wikimedia.org,/v1/events,lineNumber,3738.0,JSON_Payload
REQ-0307,intake-analytics.wikimedia.org,/v1/events,method,java.util.concurrent.locks.AbstractQueuedSynchronizer$ConditionObject.await,JSON_Payload
REQ-0307,intake-analytics.wikimedia.org,/v1/events,file,AbstractQueuedSynchronizer.java,JSON_Payload
REQ-0307,intake-analytics.wikimedia.org,/v1/events,lineNumber,1752.0,JSON_Payload
REQ-0308,intake-analytics.wikimedia.org,/v1/events,method,java.util.concurrent.LinkedBlockingQueue.take,JSON_Payload
REQ-0308,intake-analytics.wikimedia.org,/v1/events,file,LinkedBlockingQueue.java,JSON_Payload
REQ-0308,intake-analytics.wikimedia.org,/v1/events,lineNumber,435.0,JSON_Payload
REQ-0309,intake-analytics.wikimedia.org,/v1/events,method,java.util.concurrent.ThreadPoolExecutor.getTask,JSON_Payload
REQ-0309,intake-analytics.wikimedia.org,/v1/events,file,ThreadPoolExecutor.java,JSON_Payload
REQ-0309,intake-analytics.wikimedia.org,/v1/events,lineNumber,1026.0,JSON_Payload
REQ-0310,intake-analytics.wikimedia.org,/v1/events,method,java.util.concurrent.ThreadPoolExecutor.runWorker,JSON_Payload
REQ-0310,intake-analytics.wikimedia.org,/v1/events,file,ThreadPoolExecutor.java,JSON_Payload
REQ-0310,intake-analytics.wikimedia.org,/v1/events,lineNumber,1086.0,JSON_Payload
REQ-0311,intake-analytics.wikimedia.org,/v1/events,method,java.util.concurrent.ThreadPoolExecutor$Worker.run,JSON_Payload
REQ-0311,intake-analytics.wikimedia.org,/v1/events,file,ThreadPoolExecutor.java,JSON_Payload
REQ-0311,intake-analytics.wikimedia.org,/v1/events,lineNumber,624.0,JSON_Payload
REQ-0312,intake-analytics.wikimedia.org,/v1/events,method,java.lang.Thread.run,JSON_Payload
REQ-0312,intake-analytics.wikimedia.org,/v1/events,file,Thread.java,JSON_Payload
REQ-0312,intake-analytics.wikimedia.org,/v1/events,lineNumber,1572.0,JSON_Payload
REQ-0313,intake-analytics.wikimedia.org,/v1/events,method,jdk.internal.misc.Unsafe.park,JSON_Payload
REQ-0313,intake-analytics.wikimedia.org,/v1/events,file,Unsafe.java,JSON_Payload
REQ-0313,intake-analytics.wikimedia.org,/v1/events,lineNumber,-2.0,JSON_Payload
REQ-0314,intake-analytics.wikimedia.org,/v1/events,method,java.util.concurrent.locks.LockSupport.park,JSON_Payload
REQ-0314,intake-analytics.wikimedia.org,/v1/events,file,LockSupport.java,JSON_Payload
REQ-0314,intake-analytics.wikimedia.org,/v1/events,lineNumber,376.0,JSON_Payload
REQ-0315,intake-analytics.wikimedia.org,/v1/events,method,java.util.concurrent.locks.AbstractQueuedSynchronizer$ConditionNode.block,JSON_Payload
REQ-0315,intake-analytics.wikimedia.org,/v1/events,file,AbstractQueuedSynchronizer.java,JSON_Payload
REQ-0315,intake-analytics.wikimedia.org,/v1/events,lineNumber,520.0,JSON_Payload
REQ-0316,intake-analytics.wikimedia.org,/v1/events,method,java.util.concurrent.ForkJoinPool.unmanagedBlock,JSON_Payload
REQ-0316,intake-analytics.wikimedia.org,/v1/events,file,ForkJoinPool.java,JSON_Payload
REQ-0316,intake-analytics.wikimedia.org,/v1/events,lineNumber,3797.0,JSON_Payload
REQ-0317,intake-analytics.wikimedia.org,/v1/events,method,java.util.concurrent.ForkJoinPool.managedBlock,JSON_Payload
REQ-0317,intake-analytics.wikimedia.org,/v1/events,file,ForkJoinPool.java,JSON_Payload
REQ-0317,intake-analytics.wikimedia.org,/v1/events,lineNumber,3738.0,JSON_Payload
REQ-0318,intake-analytics.wikimedia.org,/v1/events,method,java.util.concurrent.locks.AbstractQueuedSynchronizer$ConditionObject.await,JSON_Payload
REQ-0318,intake-analytics.wikimedia.org,/v1/events,file,AbstractQueuedSynchronizer.java,JSON_Payload
REQ-0318,intake-analytics.wikimedia.org,/v1/events,lineNumber,1752.0,JSON_Payload
REQ-0319,intake-analytics.wikimedia.org,/v1/events,method,java.util.concurrent.LinkedBlockingQueue.take,JSON_Payload
REQ-0319,intake-analytics.wikimedia.org,/v1/events,file,LinkedBlockingQueue.java,JSON_Payload
REQ-0319,intake-analytics.wikimedia.org,/v1/events,lineNumber,435.0,JSON_Payload
REQ-0320,intake-analytics.wikimedia.org,/v1/events,method,java.util.concurrent.ThreadPoolExecutor.getTask,JSON_Payload
REQ-0320,intake-analytics.wikimedia.org,/v1/events,file,ThreadPoolExecutor.java,JSON_Payload
REQ-0320,intake-analytics.wikimedia.org,/v1/events,lineNumber,1026.0,JSON_Payload
REQ-0321,intake-analytics.wikimedia.org,/v1/events,method,java.util.concurrent.ThreadPoolExecutor.runWorker,JSON_Payload
REQ-0321,intake-analytics.wikimedia.org,/v1/events,file,ThreadPoolExecutor.java,JSON_Payload
REQ-0321,intake-analytics.wikimedia.org,/v1/events,lineNumber,1086.0,JSON_Payload
REQ-0322,intake-analytics.wikimedia.org,/v1/events,method,java.util.concurrent.ThreadPoolExecutor$Worker.run,JSON_Payload
REQ-0322,intake-analytics.wikimedia.org,/v1/events,file,ThreadPoolExecutor.java,JSON_Payload
REQ-0322,intake-analytics.wikimedia.org,/v1/events,lineNumber,624.0,JSON_Payload
REQ-0323,intake-analytics.wikimedia.org,/v1/events,method,java.lang.Thread.run,JSON_Payload
REQ-0323,intake-analytics.wikimedia.org,/v1/events,file,Thread.java,JSON_Payload
REQ-0323,intake-analytics.wikimedia.org,/v1/events,lineNumber,1572.0,JSON_Payload
REQ-0324,intake-analytics.wikimedia.org,/v1/events,method,jdk.internal.misc.Unsafe.park,JSON_Payload
REQ-0324,intake-analytics.wikimedia.org,/v1/events,file,Unsafe.java,JSON_Payload
REQ-0324,intake-analytics.wikimedia.org,/v1/events,lineNumber,-2.0,JSON_Payload
REQ-0325,intake-analytics.wikimedia.org,/v1/events,method,java.util.concurrent.locks.LockSupport.park,JSON_Payload
REQ-0325,intake-analytics.wikimedia.org,/v1/events,file,LockSupport.java,JSON_Payload
REQ-0325,intake-analytics.wikimedia.org,/v1/events,lineNumber,376.0,JSON_Payload
REQ-0326,intake-analytics.wikimedia.org,/v1/events,method,java.util.concurrent.locks.AbstractQueuedSynchronizer$ConditionNode.block,JSON_Payload
REQ-0326,intake-analytics.wikimedia.org,/v1/events,file,AbstractQueuedSynchronizer.java,JSON_Payload
REQ-0326,intake-analytics.wikimedia.org,/v1/events,lineNumber,520.0,JSON_Payload
REQ-0327,intake-analytics.wikimedia.org,/v1/events,method,java.util.concurrent.ForkJoinPool.unmanagedBlock,JSON_Payload
REQ-0327,intake-analytics.wikimedia.org,/v1/events,file,ForkJoinPool.java,JSON_Payload
REQ-0327,intake-analytics.wikimedia.org,/v1/events,lineNumber,3797.0,JSON_Payload
REQ-0328,intake-analytics.wikimedia.org,/v1/events,method,java.util.concurrent.ForkJoinPool.managedBlock,JSON_Payload
REQ-0328,intake-analytics.wikimedia.org,/v1/events,file,ForkJoinPool.java,JSON_Payload
REQ-0328,intake-analytics.wikimedia.org,/v1/events,lineNumber,3738.0,JSON_Payload
REQ-0329,intake-analytics.wikimedia.org,/v1/events,method,java.util.concurrent.locks.AbstractQueuedSynchronizer$ConditionObject.await,JSON_Payload
REQ-0329,intake-analytics.wikimedia.org,/v1/events,file,AbstractQueuedSynchronizer.java,JSON_Payload
REQ-0329,intake-analytics.wikimedia.org,/v1/events,lineNumber,1752.0,JSON_Payload
REQ-0330,intake-analytics.wikimedia.org,/v1/events,method,java.util.concurrent.LinkedBlockingQueue.take,JSON_Payload
REQ-0330,intake-analytics.wikimedia.org,/v1/events,file,LinkedBlockingQueue.java,JSON_Payload
REQ-0330,intake-analytics.wikimedia.org,/v1/events,lineNumber,435.0,JSON_Payload
REQ-0331,intake-analytics.wikimedia.org,/v1/events,method,java.util.concurrent.ThreadPoolExecutor.getTask,JSON_Payload
REQ-0331,intake-analytics.wikimedia.org,/v1/events,file,ThreadPoolExecutor.java,JSON_Payload
REQ-0331,intake-analytics.wikimedia.org,/v1/events,lineNumber,1026.0,JSON_Payload
REQ-0332,intake-analytics.wikimedia.org,/v1/events,method,java.util.concurrent.ThreadPoolExecutor.runWorker,JSON_Payload
REQ-0332,intake-analytics.wikimedia.org,/v1/events,file,ThreadPoolExecutor.java,JSON_Payload
REQ-0332,intake-analytics.wikimedia.org,/v1/events,lineNumber,1086.0,JSON_Payload
REQ-0333,intake-analytics.wikimedia.org,/v1/events,method,java.util.concurrent.ThreadPoolExecutor$Worker.run,JSON_Payload
REQ-0333,intake-analytics.wikimedia.org,/v1/events,file,ThreadPoo probe=OpenSSLlExecutor.java,JSON_Payload
REQ-0333,intake-analytics.wikimedia.org,/v1/events,lineNumber,624.0,JSON_Payload
REQ-0334,intake-analytics.wikimedia.org,/v1/events,method,java.lang.Thread.run,JSON_Payload
REQ-0334,intake-analytics.wikimedia.org,/v1/events,file,Thread.java,JSON_Payload
REQ-0334,intake-analytics.wikimedia.org,/v1/events,lineNumber,1572.0,JSON_Payload
REQ-0335,intake-analytics.wikimedia.org,/v1/events,method,jdk.internal.misc.Unsafe.park,JSON_Payload
REQ-0335,intake-analytics.wikimedia.org,/v1/events,file,Unsafe.java,JSON_Payload
REQ-0335,intake-analytics.wikimedia.org,/v1/events,lineNumber,-2.0,JSON_Payload
REQ-0336,intake-analytics.wikimedia.org,/v1/events,method,java.util.concurrent.locks.LockSupport.park,JSON_Payload
REQ-0336,intake-analytics.wikimedia.org,/v1/events,file,LockSupport.java,JSON_Payload
REQ-0336,intake-analytics.wikimedia.org,/v1/events,lineNumber,376.0,JSON_Payload
REQ-0337,intake-analytics.wikimedia.org,/v1/events,method,java.util.concurrent.locks.AbstractQueuedSynchronizer$ConditionNode.block,JSON_Payload
REQ-0337,intake-analytics.wikimedia.org,/v1/events,file,AbstractQueuedSynchronizer.java,JSON_Payload
REQ-0337,intake-analytics.wikimedia.org,/v1/events,lineNumber,520.0,JSON_Payload
REQ-0338,intake-analytics.wikimedia.org,/v1/events,method,java.util.concurrent.ForkJoinPool.unmanagedBlock,JSON_Payload
REQ-0338,intake-analytics.wikimedia.org,/v1/events,file,ForkJoinPool.java,JSON_Payload
REQ-0338,intake-analytics.wikimedia.org,/v1/events,lineNumber,3797.0,JSON_Payload
REQ-0339,intake-analytics.wikimedia.org,/v1/events,method,java.util.concurrent.ForkJoinPool.managedBlock,JSON_Payload
REQ-0339,intake-analytics.wikimedia.org,/v1/events,file,ForkJoinPool.java,JSON_Payload
REQ-0339,intake-analytics.wikimedia.org,/v1/events,lineNumber,3738.0,JSON_Payload
REQ-0340,intake-analytics.wikimedia.org,/v1/events,method,java.util.concurrent.locks.AbstractQueuedSynchronizer$ConditionObject.await,JSON_Payload
REQ-0340,intake-analytics.wikimedia.org,/v1/events,file,AbstractQueuedSynchronizer.java,JSON_Payload
REQ-0340,intake-analytics.wikimedia.org,/v1/events,lineNumber,1752.0,JSON_Payload
REQ-0341,intake-analytics.wikimedia.org,/v1/events,method,java.util.concurrent.LinkedBlockingQueue.take,JSON_Payload
REQ-0341,intake-analytics.wikimedia.org,/v1/events,file,LinkedBlockingQueue.java,JSON_Payload
REQ-0341,intake-analytics.wikimedia.org,/v1/events,lineNumber,435.0,JSON_Payload
REQ-0342,intake-analytics.wikimedia.org,/v1/events,method,java.util.concurrent.ThreadPoolExecutor.getTask,JSON_Payload
REQ-0342,intake-analytics.wikimedia.org,/v1/events,file,ThreadPoolExecutor.java,JSON_Payload
REQ-0342,intake-analytics.wikimedia.org,/v1/events,lineNumber,1026.0,JSON_Payload
REQ-0343,intake-analytics.wikimedia.org,/v1/events,method,java.util.concurrent.ThreadPoolExecutor.runWorker,JSON_Payload
REQ-0343,intake-analytics.wikimedia.org,/v1/events,file,ThreadPoolExecutor.java,JSON_Payload
REQ-0343,intake-analytics.wikimedia.org,/v1/events,lineNumber,1086.0,JSON_Payload
REQ-0344,intake-analytics.wikimedia.org,/v1/events,method,java.util.concurrent.ThreadPoolExecutor$Worker.run,JSON_Payload
REQ-0344,intake-analytics.wikimedia.org,/v1/events,file,ThreadPoolExecutor.java,JSON_Payload
REQ-0344,intake-analytics.wikimedia.org,/v1/events,lineNumber,624.0,JSON_Payload
REQ-0345,intake-analytics.wikimedia.org,/v1/events,method,java.lang.Thread.run,JSON_Payload
REQ-0345,intake-analytics.wikimedia.org,/v1/events,file,Thread.java,JSON_Payload
REQ-0345,intake-analytics.wikimedia.org,/v1/events,lineNumber,1572.0,JSON_Payload
REQ-0346,intake-analytics.wikimedia.org,/v1/events,method,jdk.internal.misc.Unsafe.park,JSON_Payload
REQ-0346,intake-analytics.wikimedia.org,/v1/events,file,Unsafe.java,JSON_Payload
REQ-0346,intake-analytics.wikimedia.org,/v1/events,lineNumber,-2.0,JSON_Payload
REQ-0347,intake-analytics.wikimedia.org,/v1/events,method,java.util.concurrent.locks.LockSupport.parkNanos,JSON_Payload
REQ-0347,intake-analytics.wikimedia.org,/v1/events,file,LockSupport.java,JSON_Payload
REQ-0347,intake-analytics.wikimedia.org,/v1/events,lineNumber,276.0,JSON_Payload
REQ-0348,intake-analytics.wikimedia.org,/v1/events,method,java.util.concurrent.locks.AbstractQueuedSynchronizer$ConditionObject.awaitNanos,JSON_Payload
REQ-0348,intake-analytics.wikimedia.org,/v1/events,file,AbstractQueuedSynchronizer.java,JSON_Payload
REQ-0348,intake-analytics.wikimedia.org,/v1/events,lineNumber,1803.0,JSON_Payload
REQ-0349,intake-analytics.wikimedia.org,/v1/events,method,java.util.concurrent.ScheduledThreadPoolExecutor$DelayedWorkQueue.take,JSON_Payload
REQ-0349,intake-analytics.wikimedia.org,/v1/events,file,ScheduledThreadPoolExecutor.java,JSON_Payload
REQ-0349,intake-analytics.wikimedia.org,/v1/events,lineNumber,1182.0,JSON_Payload
REQ-0350,intake-analytics.wikimedia.org,/v1/events,method,java.util.concurrent.ScheduledThreadPoolExecutor$DelayedWorkQueue.take,JSON_Payload
REQ-0350,intake-analytics.wikimedia.org,/v1/events,file,ScheduledThreadPoolExecutor.java,JSON_Payload
REQ-0350,intake-analytics.wikimedia.org,/v1/events,lineNumber,899.0,JSON_Payload
REQ-0351,intake-analytics.wikimedia.org,/v1/events,method,java.util.concurrent.ThreadPoolExecutor.getTask,JSON_Payload
REQ-0351,intake-analytics.wikimedia.org,/v1/events,file,ThreadPoolExecutor.java,JSON_Payload
REQ-0351,intake-analytics.wikimedia.org,/v1/events,lineNumber,1026.0,JSON_Payload
REQ-0352,intake-analytics.wikimedia.org,/v1/events,method,java.util.concurrent.ThreadPoolExecutor.runWorker,JSON_Payload
REQ-0352,intake-analytics.wikimedia.org,/v1/events,file,ThreadPoolExecutor.java,JSON_Payload
REQ-0352,intake-analytics.wikimedia.org,/v1/events,lineNumber,1086.0,JSON_Payload
REQ-0353,intake-analytics.wikimedia.org,/v1/events,method,java.util.concurrent.ThreadPoolExecutor$Worker.run,JSON_Payload
REQ-0353,intake-analytics.wikimedia.org,/v1/events,file,ThreadPoolExecutor.java,JSON_Payload
REQ-0353,intake-analytics.wikimedia.org,/v1/events,lineNumber,624.0,JSON_Payload
REQ-0354,intake-analytics.wikimedia.org,/v1/events,method,java.lang.Thread.run,JSON_Payload
REQ-0354,intake-analytics.wikimedia.org,/v1/events,file,Thread.java,JSON_Payload
REQ-0354,intake-analytics.wikimedia.org,/v1/events,lineNumber,1572.0,JSON_Payload
REQ-0355,intake-analytics.wikimedia.org,/v1/events,method,jdk.internal.misc.Unsafe.park,JSON_Payload
REQ-0355,intake-analytics.wikimedia.org,/v1/events,file,Unsafe.java,JSON_Payload
REQ-0355,intake-analytics.wikimedia.org,/v1/events,lineNumber,-2.0,JSON_Payload
REQ-0356,intake-analytics.wikimedia.org,/v1/events,method,java.util.concurrent.locks.LockSupport.park,JSON_Payload
REQ-0356,intake-analytics.wikimedia.org,/v1/events,file,LockSupport.java,JSON_Payload
REQ-0356,intake-analytics.wikimedia.org,/v1/events,lineNumber,376.0,JSON_Payload
REQ-0357,intake-analytics.wikimedia.org,/v1/events,method,java.util.concurrent.locks.AbstractQueuedSynchronizer$ConditionNode.block,JSON_Payload
REQ-0357,intake-analytics.wikimedia.org,/v1/events,file,AbstractQueuedSynchronizer.java,JSON_Payload
REQ-0357,intake-analytics.wikimedia.org,/v1/events,lineNumber,520.0,JSON_Payload
REQ-0358,intake-analytics.wikimedia.org,/v1/events,method,java.util.concurrent.ForkJoinPool.unmanagedBlock,JSON_Payload
REQ-0358,intake-analytics.wikimedia.org,/v1/events,file,ForkJoinPool.java,JSON_Payload
REQ-0358,intake-analytics.wikimedia.org,/v1/events,lineNumber,3797.0,JSON_Payload
REQ-0359,intake-analytics.wikimedia.org,/v1/events,method,java.util.concurrent.ForkJoinPool.managedBlock,JSON_Payload
REQ-0359,intake-analytics.wikimedia.org,/v1/events,file,ForkJoinPool.java,JSON_Payload
REQ-0359,intake-analytics.wikimedia.org,/v1/events,lineNumber,3738.0,JSON_Payload
REQ-0360,intake-analytics.wikimedia.org,/v1/events,method,java.util.concurrent.locks.AbstractQueuedSynchronizer$ConditionObject.await,JSON_Payload
REQ-0360,intake-analytics.wikimedia.org,/v1/events,file,AbstractQueuedSynchronizer.java,JSON_Payload
REQ-0360,intake-analytics.wikimedia.org,/v1/events,lineNumber,1752.0,JSON_Payload
REQ-0361,intake-analytics.wikimedia.org,/v1/events,method,java.util.concurrent.ScheduledThreadPoolExecutor$DelayedWorkQueue.take,JSON_Payload
REQ-0361,intake-analytics.wikimedia.org,/v1/events,file,ScheduledThreadPoolExecutor.java,JSON_Payload
REQ-0361,intake-analytics.wikimedia.org,/v1/events,lineNumber,1170.0,JSON_Payload
REQ-0362,intake-analytics.wikimedia.org,/v1/events,method,java.util.concurrent.ScheduledThreadPoolExecutor$DelayedWorkQueue.take,JSON_Payload
REQ-0362,intake-analytics.wikimedia.org,/v1/events,file,ScheduledThreadPoolExecutor.java,JSON_Payload
REQ-0362,intake-analytics.wikimedia.org,/v1/events,lineNumber,899.0,JSON_Payload
REQ-0363,intake-analytics.wikimedia.org,/v1/events,method,java.util.concurrent.ThreadPoolExecutor.getTask,JSON_Payload
REQ-0363,intake-analytics.wikimedia.org,/v1/events,file,ThreadPoolExecutor.java,JSON_Payload
REQ-0363,intake-analytics.wikimedia.org,/v1/events,lineNumber,1026.0,JSON_Payload
REQ-0364,intake-analytics.wikimedia.org,/v1/events,method,java.util.concurrent.ThreadPoolExecutor.runWorker,JSON_Payload
REQ-0364,intake-analytics.wikimedia.org,/v1/events,file,ThreadPoolExecutor.java,JSON_Payload
REQ-0364,intake-analytics.wikimedia.org,/v1/events,lineNumber,1086.0,JSON_Payload
REQ-0365,intake-analytics.wikimedia.org,/v1/events,method,java.util.concurrent.ThreadPoolExecutor$Worker.run,JSON_Payload
REQ-0365,intake-analytics.wikimedia.org,/v1/events,file,ThreadPoolExecutor.java,JSON_Payload
REQ-0365,intake-analytics.wikimedia.org,/v1/events,lineNumber,624.0,JSON_Payload
REQ-0366,intake-analytics.wikimedia.org,/v1/events,method,java.lang.Thread.run,JSON_Payload
REQ-0366,intake-analytics.wikimedia.org,/v1/events,file,Thread.java,JSON_Payload
REQ-0366,intake-analytics.wikimedia.org,/v1/events,lineNumber,1572.0,JSON_Payload
REQ-0367,intake-analytics.wikimedia.org,/v1/events,method,jdk.internal.misc.Unsafe.park,JSON_Payload
REQ-0367,intake-analytics.wikimedia.org,/v1/events,file,Unsafe.java,JSON_Payload
REQ-0367,intake-analytics.wikimedia.org,/v1/events,lineNumber,-2.0,JSON_Payload
REQ-0368,intake-analytics.wikimedia.org,/v1/events,method,java.util.concurrent.locks.LockSupport.park,JSON_Payload
REQ-0368,intake-analytics.wikimedia.org,/v1/events,file,LockSupport.java,JSON_Payload
REQ-0368,intake-analytics.wikimedia.org,/v1/events,lineNumber,376.0,JSON_Payload
REQ-0369,intake-analytics.wikimedia.org,/v1/events,method,java.util.concurrent.locks.AbstractQueuedSynchronizer$ConditionNode.block,JSON_Payload
REQ-0369,intake-analytics.wikimedia.org,/v1/events,file,AbstractQueuedSynchronizer.java,JSON_Payload
REQ-0369,intake-analytics.wikimedia.org,/v1/events,lineNumber,520.0,JSON_Payload
REQ-0370,intake-analytics.wikimedia.org,/v1/events,method,java.util.concurrent.ForkJoinPool.unmanagedBlock,JSON_Payload
REQ-0370,intake-analytics.wikimedia.org,/v1/events,file,ForkJoinPool.java,JSON_Payload
REQ-0370,intake-analytics.wikimedia.org,/v1/events,lineNumber,3797.0,JSON_Payload
REQ-0371,intake-analytics.wikimedia.org,/v1/events,method,java.util.concurrent.ForkJoinPool.managedBlock,JSON_Payload
REQ-0371,intake-analytics.wikimedia.org,/v1/events,file,ForkJoinPool.java,JSON_Payload
REQ-0371,intake-analytics.wikimedia.org,/v1/events,lineNumber,3738.0,JSON_Payload
REQ-0372,intake-analytics.wikimedia.org,/v1/events,method,java.util.concurrent.locks.AbstractQueuedSynchronizer$ConditionObject.await,JSON_Payload
REQ-0372,intake-analytics.wikimedia.org,/v1/events,file,AbstractQueuedSynchronizer.java,JSON_Payload
REQ-0372,intake-analytics.wikimedia.org,/v1/events,lineNumber,1752.0,JSON_Payload
REQ-0373,intake-analytics.wikimedia.org,/v1/events,method,java.util.concurrent.LinkedBlockingQueue.take,JSON_Payload
REQ-0373,intake-analytics.wikimedia.org,/v1/events,file,LinkedBlockingQueue.java,JSON_Payload
REQ-0373,intake-analytics.wikimedia.org,/v1/events,lineNumber,435.0,JSON_Payload
REQ-0374,intake-analytics.wikimedia.org,/v1/events,method,java.util.concurrent.ThreadPoolExecutor.getTask,JSON_Payload
REQ-0374,intake-analytics.wikimedia.org,/v1/events,file,ThreadPoolExecutor.java,JSON_Payload
REQ-0374,intake-analytics.wikimedia.org,/v1/events,lineNumber,1026.0,JSON_Payload
REQ-0375,intake-analytics.wikimedia.org,/v1/events,method,java.util.concurrent.ThreadPoolExecutor.runWorker,JSON_Payload
REQ-0375,intake-analytics.wikimedia.org,/v1/events,file,ThreadPoolExecutor.java,JSON_Payload
REQ-0375,intake-analytics.wikimedia.org,/v1/events,lineNumber,1086.0,JSON_Payload
REQ-0376,intake-analytics.wikimedia.org,/v1/events,method,java.util.concurrent.ThreadPoolExecutor$Worker.run,JSON_Payload
REQ-0376,intake-analytics.wikimedia.org,/v1/events,file,ThreadPoolExecutor.java,JSON_Payload
REQ-0376,intake-analytics.wikimedia.org,/v1/events,lineNumber,624.0,JSON_Payload
REQ-0377,intake-analytics.wikimedia.org,/v1/events,method,java.lang.Thread.run,JSON_Payload
REQ-0377,intake-analytics.wikimedia.org,/v1/events,file,Thread.java,JSON_Payload
REQ-0377,intake-analytics.wikimedia.org,/v1/events,lineNumber,1572.0,JSON_Payload
REQ-0378,intake-analytics.wikimedia.org,/v1/events,method,android.os.MessageQueue.nativePollOnce,JSON_Payload
REQ-0378,intake-analytics.wikimedia.org,/v1/events,file,MessageQueue.java,JSON_Payload
REQ-0378,intake-analytics.wikimedia.org,/v1/events,lineNumber,-2.0,JSON_Payload
REQ-0379,intake-analytics.wikimedia.org,/v1/events,method,android.os.MessageQueue.nextLegacy,JSON_Payload
REQ-0379,intake-analytics.wikimedia.org,/v1/events,file,MessageQueue.java,JSON_Payload
REQ-0379,intake-analytics.wikimedia.org,/v1/events,lineNumber,913.0,JSON_Payload
REQ-0380,intake-analytics.wikimedia.org,/v1/events,method,android.os.MessageQueue.next,JSON_Payload
REQ-0380,intake-analytics.wikimedia.org,/v1/events,file,MessageQueue.java,JSON_Payload
REQ-0380,intake-analytics.wikimedia.org,/v1/events,lineNumber,1025.0,JSON_Payload
REQ-0381,intake-analytics.wikimedia.org,/v1/events,method,android.os.Looper.loopOnce,JSON_Payload
REQ-0381,intake-analytics.wikimedia.org,/v1/events,file,Looper.java,JSON_Payload
REQ-0381,intake-analytics.wikimedia.org,/v1/events,lineNumber,196.0,JSON_Payload
REQ-0382,intake-analytics.wikimedia.org,/v1/events,method,android.os.Looper.loop,JSON_Payload
REQ-0382,intake-analytics.wikimedia.org,/v1/events,file,Looper.java,JSON_Payload
REQ-0382,intake-analytics.wikimedia.org,/v1/events,lineNumber,338.0,JSON_Payload
REQ-0383,intake-analytics.wikimedia.org,/v1/events,method,android.os.HandlerThread.run,JSON_Payload
REQ-0383,intake-analytics.wikimedia.org,/v1/events,file,HandlerThread.java,JSON_Payload
REQ-0383,intake-analytics.wikimedia.org,/v1/events,lineNumber,85.0,JSON_Payload
REQ-0384,intake-analytics.wikimedia.org,/v1/events,method,jdk.internal.misc.Unsafe.park,JSON_Payload
REQ-0384,intake-analytics.wikimedia.org,/v1/events,file,Unsafe.java,JSON_Payload
REQ-0384,intake-analytics.wikimedia.org,/v1/events,lineNumber,-2.0,JSON_Payload
REQ-0385,intake-analytics.wikimedia.org,/v1/events,method,java.util.concurrent.locks.LockSupport.park,JSON_Payload
REQ-0385,intake-analytics.wikimedia.org,/v1/events,file,LockSupport.java,JSON_Payload
REQ-0385,intake-analytics.wikimedia.org,/v1/events,lineNumber,376.0,JSON_Payload
REQ-0386,intake-analytics.wikimedia.org,/v1/events,method,java.util.concurrent.locks.AbstractQueuedSynchronizer$ConditionNode.block,JSON_Payload
REQ-0386,intake-analytics.wikimedia.org,/v1/events,file,AbstractQueuedSynchronizer.java,JSON_Payload
REQ-0386,intake-analytics.wikimedia.org,/v1/events,lineNumber,520.0,JSON_Payload
REQ-0387,intake-analytics.wikimedia.org,/v1/events,method,java.util.concurrent.ForkJoinPool.unmanagedBlock,JSON_Payload
REQ-0387,intake-analytics.wikimedia.org,/v1/events,file,ForkJoinPool.java,JSON_Payload
REQ-0387,intake-analytics.wikimedia.org,/v1/events,lineNumber,3797.0,JSON_Payload
REQ-0388,intake-analytics.wikimedia.org,/v1/events,method,java.util.concurrent.ForkJoinPool.managedBlock,JSON_Payload
REQ-0388,intake-analytics.wikimedia.org,/v1/events,file,ForkJoinPool.java,JSON_Payload
REQ-0388,intake-analytics.wikimedia.org,/v1/events,lineNumber,3738.0,JSON_Payload
REQ-0389,intake-analytics.wikimedia.org,/v1/events,method,java.util.concurrent.locks.AbstractQueuedSynchronizer$ConditionObject.await,JSON_Payload
REQ-0389,intake-analytics.wikimedia.org,/v1/events,file,AbstractQueuedSynchronizer.java,JSON_Payload
REQ-0389,intake-analytics.wikimedia.org,/v1/events,lineNumber,1752.0,JSON_Payload
REQ-0390,intake-analytics.wikimedia.org,/v1/events,method,java.util.concurrent.LinkedBlockingQueue.take,JSON_Payload
REQ-0390,intake-analytics.wikimedia.org,/v1/events,file,LinkedBlockingQueue.java,JSON_Payload
REQ-0390,intake-analytics.wikimedia.org,/v1/events,lineNumber,435.0,JSON_Payload
REQ-0391,intake-analytics.wikimedia.org,/v1/events,method,java.util.concurrent.ThreadPoolExecutor.getTask,JSON_Payload
REQ-0391,intake-analytics.wikimedia.org,/v1/events,file,ThreadPoolExecutor.java,JSON_Payload
REQ-0391,intake-analytics.wikimedia.org,/v1/events,lineNumber,1026.0,JSON_Payload
REQ-0392,intake-analytics.wikimedia.org,/v1/events,method,java.util.concurrent.ThreadPoolExecutor.runWorker,JSON_Payload
REQ-0392,intake-analytics.wikimedia.org,/v1/events,file,ThreadPoolExecutor.java,JSON_Payload
REQ-0392,intake-analytics.wikimedia.org,/v1/events,lineNumber,1086.0,JSON_Payload
REQ-0393,intake-analytics.wikimedia.org,/v1/events,method,java.util.concurrent.ThreadPoolExecutor$Worker.run,JSON_Payload
REQ-0393,intake-analytics.wikimedia.org,/v1/events,file,ThreadPoolExecutor.java,JSON_Payload
REQ-0393,intake-analytics.wikimedia.org,/v1/events,lineNumber,624.0,JSON_Payload
REQ-0394,intake-analytics.wikimedia.org,/v1/events,method,java.lang.Thread.run,JSON_Payload
REQ-0394,intake-analytics.wikimedia.org,/v1/events,file,Thread.java,JSON_Payload
REQ-0394,intake-analytics.wikimedia.org,/v1/events,lineNumber,1572.0,JSON_Payload
REQ-0395,intake-analytics.wikimedia.org,/v1/events,method,jdk.internal.misc.Unsafe.park,JSON_Payload
REQ-0395,intake-analytics.wikimedia.org,/v1/events,file,Unsafe.java,JSON_Payload
REQ-0395,intake-analytics.wikimedia.org,/v1/events,lineNumber,-2.0,JSON_Payload
REQ-0396,intake-analytics.wikimedia.org,/v1/events,method,java.util.concurrent.locks.LockSupport.park,JSON_Payload
REQ-0396,intake-analytics.wikimedia.org,/v1/events,file,LockSupport.java,JSON_Payload
REQ-0396,intake-analytics.wikimedia.org,/v1/events,lineNumber,376.0,JSON_Payload
REQ-0397,intake-analytics.wikimedia.org,/v1/events,method,java.util.concurrent.locks.AbstractQueuedSynchronizer$ConditionNode.block,JSON_Payload
REQ-0397,intake-analytics.wikimedia.org,/v1/events,file,AbstractQueuedSynchronizer.java,JSON_Payload
REQ-0397,intake-analytics.wikimedia.org,/v1/events,lineNumber,520.0,JSON_Payload
REQ-0398,intake-analytics.wikimedia.org,/v1/events,method,java.util.concurrent.ForkJoinPool.unmanagedBlock,JSON_Payload
REQ-0398,intake-analytics.wikimedia.org,/v1/events,file,ForkJoinPool.java,JSON_Payload
REQ-0398,intake-analytics.wikimedia.org,/v1/events,lineNumber,3797.0,JSON_Payload
REQ-0399,intake-analytics.wikimedia.org,/v1/events,method,java.util.concurrent.ForkJoinPool.managedBlock,JSON_Payload
REQ-0399,intake-analytics.wikimedia.org,/v1/events,file,ForkJoinPool.java,JSON_Payload
REQ-0399,intake-analytics.wikimedia.org,/v1/events,lineNumber,3738.0,JSON_Payload
REQ-0400,intake-analytics.wikimedia.org,/v1/events,method,java.util.concurrent.locks.AbstractQueuedSynchronizer$ConditionObject.await,JSON_Payload
REQ-0400,intake-analytics.wikimedia.org,/v1/events,file,AbstractQueuedSynchronizer.java,JSON_Payload
REQ-0400,intake-analytics.wikimedia.org,/v1/events,lineNumber,1752.0,JSON_Payload
REQ-0401,intake-analytics.wikimedia.org,/v1/events,method,java.util.concurrent.LinkedBlockingQueue.take,JSON_Payload
REQ-0401,intake-analytics.wikimedia.org,/v1/events,file,LinkedB probe=OpenSSLlockingQueue.java,JSON_Payload
REQ-0401,intake-analytics.wikimedia.org,/v1/events,lineNumber,435.0,JSON_Payload
REQ-0402,intake-analytics.wikimedia.org,/v1/events,method,java.util.concurrent.ThreadPoolExecutor.getTask,JSON_Payload
REQ-0402,intake-analytics.wikimedia.org,/v1/events,file,ThreadPoolExecutor.java,JSON_Payload
REQ-0402,intake-analytics.wikimedia.org,/v1/events,lineNumber,1026.0,JSON_Payload
REQ-0403,intake-analytics.wikimedia.org,/v1/events,method,java.util.concurrent.ThreadPoolExecutor.runWorker,JSON_Payload
REQ-0403,intake-analytics.wikimedia.org,/v1/events,file,ThreadPoolExecutor.java,JSON_Payload
REQ-0403,intake-analytics.wikimedia.org,/v1/events,lineNumber,1086.0,JSON_Payload
REQ-0404,intake-analytics.wikimedia.org,/v1/events,method,java.util.concurrent.ThreadPoolExecutor$Worker.run,JSON_Payload
REQ-0404,intake-analytics.wikimedia.org,/v1/events,file,ThreadPoolExecutor.java,JSON_Payload
REQ-0404,intake-analytics.wikimedia.org,/v1/events,lineNumber,624.0,JSON_Payload
REQ-0405,intake-analytics.wikimedia.org,/v1/events,method,java.lang.Thread.run,JSON_Payload
REQ-0405,intake-analytics.wikimedia.org,/v1/events,file,Thread.java,JSON_Payload
REQ-0405,intake-analytics.wikimedia.org,/v1/events,lineNumber,1572.0,JSON_Payload
REQ-0406,intake-analytics.wikimedia.org,/v1/events,method,android.os.MessageQueue.nativePollOnce,JSON_Payload
REQ-0406,intake-analytics.wikimedia.org,/v1/events,file,MessageQueue.java,JSON_Payload
REQ-0406,intake-analytics.wikimedia.org,/v1/events,lineNumber,-2.0,JSON_Payload
REQ-0407,intake-analytics.wikimedia.org,/v1/events,method,android.os.MessageQueue.nextLegacy,JSON_Payload
REQ-0407,intake-analytics.wikimedia.org,/v1/events,file,MessageQueue.java,JSON_Payload
REQ-0407,intake-analytics.wikimedia.org,/v1/events,lineNumber,913.0,JSON_Payload
REQ-0408,intake-analytics.wikimedia.org,/v1/events,method,android.os.MessageQueue.next,JSON_Payload
REQ-0408,intake-analytics.wikimedia.org,/v1/events,file,MessageQueue.java,JSON_Payload
REQ-0408,intake-analytics.wikimedia.org,/v1/events,lineNumber,1025.0,JSON_Payload
REQ-0409,intake-analytics.wikimedia.org,/v1/events,method,android.os.Looper.loopOnce,JSON_Payload
REQ-0409,intake-analytics.wikimedia.org,/v1/events,file,Looper.java,JSON_Payload
REQ-0409,intake-analytics.wikimedia.org,/v1/events,lineNumber,196.0,JSON_Payload
REQ-0410,intake-analytics.wikimedia.org,/v1/events,method,android.os.Looper.loop,JSON_Payload
REQ-0410,intake-analytics.wikimedia.org,/v1/events,file,Looper.java,JSON_Payload
REQ-0410,intake-analytics.wikimedia.org,/v1/events,lineNumber,338.0,JSON_Payload
REQ-0411,intake-analytics.wikimedia.org,/v1/events,method,android.os.HandlerThread.run,JSON_Payload
REQ-0411,intake-analytics.wikimedia.org,/v1/events,file,HandlerThread.java,JSON_Payload
REQ-0411,intake-analytics.wikimedia.org,/v1/events,lineNumber,85.0,JSON_Payload
REQ-0412,intake-analytics.wikimedia.org,/v1/events,method,jdk.internal.misc.Unsafe.park,JSON_Payload
REQ-0412,intake-analytics.wikimedia.org,/v1/events,file,Unsafe.java,JSON_Payload
REQ-0412,intake-analytics.wikimedia.org,/v1/events,lineNumber,-2.0,JSON_Payload
REQ-0413,intake-analytics.wikimedia.org,/v1/events,method,java.util.concurrent.locks.LockSupport.park,JSON_Payload
REQ-0413,intake-analytics.wikimedia.org,/v1/events,file,LockSupport.java,JSON_Payload
REQ-0413,intake-analytics.wikimedia.org,/v1/events,lineNumber,376.0,JSON_Payload
REQ-0414,intake-analytics.wikimedia.org,/v1/events,method,java.util.concurrent.locks.AbstractQueuedSynchronizer$ConditionNode.block,JSON_Payload
REQ-0414,intake-analytics.wikimedia.org,/v1/events,file,AbstractQueuedSynchronizer.java,JSON_Payload
REQ-0414,intake-analytics.wikimedia.org,/v1/events,lineNumber,520.0,JSON_Payload
REQ-0415,intake-analytics.wikimedia.org,/v1/events,method,java.util.concurrent.ForkJoinPool.unmanagedBlock,JSON_Payload
REQ-0415,intake-analytics.wikimedia.org,/v1/events,file,ForkJoinPool.java,JSON_Payload
REQ-0415,intake-analytics.wikimedia.org,/v1/events,lineNumber,3797.0,JSON_Payload
REQ-0416,intake-analytics.wikimedia.org,/v1/events,method,java.util.concurrent.ForkJoinPool.managedBlock,JSON_Payload
REQ-0416,intake-analytics.wikimedia.org,/v1/events,file,ForkJoinPool.java,JSON_Payload
REQ-0416,intake-analytics.wikimedia.org,/v1/events,lineNumber,3738.0,JSON_Payload
REQ-0417,intake-analytics.wikimedia.org,/v1/events,method,java.util.concurrent.locks.AbstractQueuedSynchronizer$ConditionObject.await,JSON_Payload
REQ-0417,intake-analytics.wikimedia.org,/v1/events,file,AbstractQueuedSynchronizer.java,JSON_Payload
REQ-0417,intake-analytics.wikimedia.org,/v1/events,lineNumber,1752.0,JSON_Payload
REQ-0418,intake-analytics.wikimedia.org,/v1/events,method,java.util.concurrent.LinkedBlockingQueue.take,JSON_Payload
REQ-0418,intake-analytics.wikimedia.org,/v1/events,file,LinkedBlockingQueue.java,JSON_Payload
REQ-0418,intake-analytics.wikimedia.org,/v1/events,lineNumber,435.0,JSON_Payload
REQ-0419,intake-analytics.wikimedia.org,/v1/events,method,java.util.concurrent.ThreadPoolExecutor.getTask,JSON_Payload
REQ-0419,intake-analytics.wikimedia.org,/v1/events,file,ThreadPoolExecutor.java,JSON_Payload
REQ-0419,intake-analytics.wikimedia.org,/v1/events,lineNumber,1026.0,JSON_Payload
REQ-0420,intake-analytics.wikimedia.org,/v1/events,method,java.util.concurrent.ThreadPoolExecutor.runWorker,JSON_Payload
REQ-0420,intake-analytics.wikimedia.org,/v1/events,file,ThreadPoolExecutor.java,JSON_Payload
REQ-0420,intake-analytics.wikimedia.org,/v1/events,lineNumber,1086.0,JSON_Payload
REQ-0421,intake-analytics.wikimedia.org,/v1/events,method,java.util.concurrent.ThreadPoolExecutor$Worker.run,JSON_Payload
REQ-0421,intake-analytics.wikimedia.org,/v1/events,file,ThreadPoolExecutor.java,JSON_Payload
REQ-0421,intake-analytics.wikimedia.org,/v1/events,lineNumber,624.0,JSON_Payload
REQ-0422,intake-analytics.wikimedia.org,/v1/events,method,java.lang.Thread.run,JSON_Payload
REQ-0422,intake-analytics.wikimedia.org,/v1/events,file,Thread.java,JSON_Payload
REQ-0422,intake-analytics.wikimedia.org,/v1/events,lineNumber,1572.0,JSON_Payload
REQ-0423,intake-analytics.wikimedia.org,/v1/events,method,android.os.MessageQueue.nativePollOnce,JSON_Payload
REQ-0423,intake-analytics.wikimedia.org,/v1/events,file,MessageQueue.java,JSON_Payload
REQ-0423,intake-analytics.wikimedia.org,/v1/events,lineNumber,-2.0,JSON_Payload
REQ-0424,intake-analytics.wikimedia.org,/v1/events,method,android.os.MessageQueue.nextLegacy,JSON_Payload
REQ-0424,intake-analytics.wikimedia.org,/v1/events,file,MessageQueue.java,JSON_Payload
REQ-0424,intake-analytics.wikimedia.org,/v1/events,lineNumber,913.0,JSON_Payload
REQ-0425,intake-analytics.wikimedia.org,/v1/events,method,android.os.MessageQueue.next,JSON_Payload
REQ-0425,intake-analytics.wikimedia.org,/v1/events,file,MessageQueue.java,JSON_Payload
REQ-0425,intake-analytics.wikimedia.org,/v1/events,lineNumber,1025.0,JSON_Payload
REQ-0426,intake-analytics.wikimedia.org,/v1/events,method,android.os.Looper.loopOnce,JSON_Payload
REQ-0426,intake-analytics.wikimedia.org,/v1/events,file,Looper.java,JSON_Payload
REQ-0426,intake-analytics.wikimedia.org,/v1/events,lineNumber,196.0,JSON_Payload
REQ-0427,intake-analytics.wikimedia.org,/v1/events,method,android.os.Looper.loop,JSON_Payload
REQ-0427,intake-analytics.wikimedia.org,/v1/events,file,Looper.java,JSON_Payload
REQ-0427,intake-analytics.wikimedia.org,/v1/events,lineNumber,338.0,JSON_Payload
REQ-0428,intake-analytics.wikimedia.org,/v1/events,method,android.os.HandlerThread.run,JSON_Payload
REQ-0428,intake-analytics.wikimedia.org,/v1/events,file,HandlerThread.java,JSON_Payload
REQ-0428,intake-analytics.wikimedia.org,/v1/events,lineNumber,85.0,JSON_Payload
REQ-0429,intake-analytics.wikimedia.org,/v1/events,method,jdk.internal.misc.Unsafe.park,JSON_Payload
REQ-0429,intake-analytics.wikimedia.org,/v1/events,file,Unsafe.java,JSON_Payload
REQ-0429,intake-analytics.wikimedia.org,/v1/events,lineNumber,-2.0,JSON_Payload
REQ-0430,intake-analytics.wikimedia.org,/v1/events,method,java.util.concurrent.locks.LockSupport.parkNanos,JSON_Payload
REQ-0430,intake-analytics.wikimedia.org,/v1/events,file,LockSupport.java,JSON_Payload
REQ-0430,intake-analytics.wikimedia.org,/v1/events,lineNumber,276.0,JSON_Payload
REQ-0431,intake-analytics.wikimedia.org,/v1/events,method,java.util.concurrent.locks.AbstractQueuedSynchronizer$ConditionObject.awaitNanos,JSON_Payload
REQ-0431,intake-analytics.wikimedia.org,/v1/events,file,AbstractQueuedSynchronizer.java,JSON_Payload
REQ-0431,intake-analytics.wikimedia.org,/v1/events,lineNumber,1803.0,JSON_Payload
REQ-0432,intake-analytics.wikimedia.org,/v1/events,method,java.util.concurrent.LinkedBlockingQueue.poll,JSON_Payload
REQ-0432,intake-analytics.wikimedia.org,/v1/events,file,LinkedBlockingQueue.java,JSON_Payload
REQ-0432,intake-analytics.wikimedia.org,/v1/events,lineNumber,460.0,JSON_Payload
REQ-0433,intake-analytics.wikimedia.org,/v1/events,method,java.util.concurrent.ThreadPoolExecutor.getTask,JSON_Payload
REQ-0433,intake-analytics.wikimedia.org,/v1/events,file,ThreadPoolExecutor.java,JSON_Payload
REQ-0433,intake-analytics.wikimedia.org,/v1/events,lineNumber,1025.0,JSON_Payload
REQ-0434,intake-analytics.wikimedia.org,/v1/events,method,java.util.concurrent.ThreadPoolExecutor.runWorker,JSON_Payload
REQ-0434,intake-analytics.wikimedia.org,/v1/events,file,ThreadPoolExecutor.java,JSON_Payload
REQ-0434,intake-analytics.wikimedia.org,/v1/events,lineNumber,1086.0,JSON_Payload
REQ-0435,intake-analytics.wikimedia.org,/v1/events,method,java.util.concurrent.ThreadPoolExecutor$Worker.run,JSON_Payload
REQ-0435,intake-analytics.wikimedia.org,/v1/events,file,ThreadPoolExecutor.java,JSON_Payload
REQ-0435,intake-analytics.wikimedia.org,/v1/events,lineNumber,624.0,JSON_Payload
REQ-0436,intake-analytics.wikimedia.org,/v1/events,method,java.lang.Thread.run,JSON_Payload
REQ-0436,intake-analytics.wikimedia.org,/v1/events,file,Thread.java,JSON_Payload
REQ-0436,intake-analytics.wikimedia.org,/v1/events,lineNumber,1572.0,JSON_Payload
REQ-0437,intake-analytics.wikimedia.org,/v1/events,method,java.lang.Object.wait,JSON_Payload
REQ-0437,intake-analytics.wikimedia.org,/v1/events,file,Object.java,JSON_Payload
REQ-0437,intake-analytics.wikimedia.org,/v1/events,lineNumber,-2.0,JSON_Payload
REQ-0438,intake-analytics.wikimedia.org,/v1/events,method,java.lang.Object.wait,JSON_Payload
REQ-0438,intake-analytics.wikimedia.org,/v1/events,file,Object.java,JSON_Payload
REQ-0438,intake-analytics.wikimedia.org,/v1/events,lineNumber,405.0,JSON_Payload
REQ-0439,intake-analytics.wikimedia.org,/v1/events,method,java.lang.ref.ReferenceQueue.remove,JSON_Payload
REQ-0439,intake-analytics.wikimedia.org,/v1/events,file,ReferenceQueue.java,JSON_Payload
REQ-0439,intake-analytics.wikimedia.org,/v1/events,lineNumber,207.0,JSON_Payload
REQ-0440,intake-analytics.wikimedia.org,/v1/events,method,java.lang.ref.ReferenceQueue.remove,JSON_Payload
REQ-0440,intake-analytics.wikimedia.org,/v1/events,file,ReferenceQueue.java,JSON_Payload
REQ-0440,intake-analytics.wikimedia.org,/v1/events,lineNumber,228.0,JSON_Payload
REQ-0441,intake-analytics.wikimedia.org,/v1/events,method,com.facebook.jni.DestructorThread$1.run,JSON_Payload
REQ-0441,intake-analytics.wikimedia.org,/v1/events,file,DestructorThread.java,JSON_Payload
REQ-0441,intake-analytics.wikimedia.org,/v1/events,lineNumber,77.0,JSON_Payload
REQ-0442,intake-analytics.wikimedia.org,/v1/events,method,jdk.internal.misc.Unsafe.park,JSON_Payload
REQ-0442,intake-analytics.wikimedia.org,/v1/events,file,Unsafe.java,JSON_Payload
REQ-0442,intake-analytics.wikimedia.org,/v1/events,lineNumber,-2.0,JSON_Payload
REQ-0443,intake-analytics.wikimedia.org,/v1/events,method,java.util.concurrent.locks.LockSupport.parkNanos,JSON_Payload
REQ-0443,intake-analytics.wikimedia.org,/v1/events,file,LockSupport.java,JSON_Payload
REQ-0443,intake-analytics.wikimedia.org,/v1/events,lineNumber,417.0,JSON_Payload
REQ-0444,intake-analytics.wikimedia.org,/v1/events,method,java.util.concurrent.LinkedTransferQueue$DualNode.await,JSON_Payload
REQ-0444,intake-analytics.wikimedia.org,/v1/events,file,LinkedTransferQueue.java,JSON_Payload
REQ-0444,intake-analytics.wikimedia.org,/v1/events,lineNumber,452.0,JSON_Payload
REQ-0445,intake-analytics.wikimedia.org,/v1/events,method,java.util.concurrent.SynchronousQueue$Transferer.xferLifo,JSON_Payload
REQ-0445,intake-analytics.wikimedia.org,/v1/events,file,SynchronousQueue.java,JSON_Payload
REQ-0445,intake-analytics.wikimedia.org,/v1/events,lineNumber,194.0,JSON_Payload
REQ-0446,intake-analytics.wikimedia.org,/v1/events,method,java.util.concurrent.SynchronousQueue.xfer,JSON_Payload
REQ-0446,intake-analytics.wikimedia.org,/v1/events,file,SynchronousQueue.java,JSON_Payload
REQ-0446,intake-analytics.wikimedia.org,/v1/events,lineNumber,235.0,JSON_Payload
REQ-0447,intake-analytics.wikimedia.org,/v1/events,method,java.util.concurrent.SynchronousQueue.poll,JSON_Payload
REQ-0447,intake-analytics.wikimedia.org,/v1/events,file,SynchronousQueue.java,JSON_Payload
REQ-0447,intake-analytics.wikimedia.org,/v1/events,lineNumber,338.0,JSON_Payload
REQ-0448,intake-analytics.wikimedia.org,/v1/events,method,java.util.concurrent.ThreadPoolExecutor.getTask,JSON_Payload
REQ-0448,intake-analytics.wikimedia.org,/v1/events,file,ThreadPoolExecutor.java,JSON_Payload
REQ-0448,intake-analytics.wikimedia.org,/v1/events,lineNumber,1025.0,JSON_Payload
REQ-0449,intake-analytics.wikimedia.org,/v1/events,method,java.util.concurrent.ThreadPoolExecutor.runWorker,JSON_Payload
REQ-0449,intake-analytics.wikimedia.org,/v1/events,file,ThreadPoolExecutor.java,JSON_Payload
REQ-0449,intake-analytics.wikimedia.org,/v1/events,lineNumber,1086.0,JSON_Payload
REQ-0450,intake-analytics.wikimedia.org,/v1/events,method,java.util.concurrent.ThreadPoolExecutor$Worker.run,JSON_Payload
REQ-0450,intake-analytics.wikimedia.org,/v1/events,file,ThreadPoolExecutor.java,JSON_Payload
REQ-0450,intake-analytics.wikimedia.org,/v1/events,lineNumber,624.0,JSON_Payload
REQ-0451,intake-analytics.wikimedia.org,/v1/events,method,java.lang.Thread.run,JSON_Payload
REQ-0451,intake-analytics.wikimedia.org,/v1/events,file,Thread.java,JSON_Payload
REQ-0451,intake-analytics.wikimedia.org,/v1/events,lineNumber,1572.0,JSON_Payload
REQ-0452,intake-analytics.wikimedia.org,/v1/events,method,jdk.internal.misc.Unsafe.park,JSON_Payload
REQ-0452,intake-analytics.wikimedia.org,/v1/events,file,Unsafe.java,JSON_Payload
REQ-0452,intake-analytics.wikimedia.org,/v1/events,lineNumber,-2.0,JSON_Payload
REQ-0453,intake-analytics.wikimedia.org,/v1/events,method,java.util.concurrent.locks.LockSupport.parkNanos,JSON_Payload
REQ-0453,intake-analytics.wikimedia.org,/v1/events,file,LockSupport.java,JSON_Payload
REQ-0453,intake-analytics.wikimedia.org,/v1/events,lineNumber,417.0,JSON_Payload
REQ-0454,intake-analytics.wikimedia.org,/v1/events,method,java.util.concurrent.LinkedTransferQueue$DualNode.await,JSON_Payload
REQ-0454,intake-analytics.wikimedia.org,/v1/events,file,LinkedTransferQueue.java,JSON_Payload
REQ-0454,intake-analytics.wikimedia.org,/v1/events,lineNumber,452.0,JSON_Payload
REQ-0455,intake-analytics.wikimedia.org,/v1/events,method,java.util.concurrent.SynchronousQueue$Transferer.xferLifo,JSON_Payload
REQ-0455,intake-analytics.wikimedia.org,/v1/events,file,SynchronousQueue.java,JSON_Payload
REQ-0455,intake-analytics.wikimedia.org,/v1/events,lineNumber,194.0,JSON_Payload
REQ-0456,intake-analytics.wikimedia.org,/v1/events,method,java.util.concurrent.SynchronousQueue.xfer,JSON_Payload
REQ-0456,intake-analytics.wikimedia.org,/v1/events,file,SynchronousQueue.java,JSON_Payload
REQ-0456,intake-analytics.wikimedia.org,/v1/events,lineNumber,235.0,JSON_Payload
REQ-0457,intake-analytics.wikimedia.org,/v1/events,method,java.util.concurrent.SynchronousQueue.poll,JSON_Payload
REQ-0457,intake-analytics.wikimedia.org,/v1/events,file,SynchronousQueue.java,JSON_Payload
REQ-0457,intake-analytics.wikimedia.org,/v1/events,lineNumber,338.0,JSON_Payload
REQ-0458,intake-analytics.wikimedia.org,/v1/events,method,java.util.concurrent.ThreadPoolExecutor.getTask,JSON_Payload
REQ-0458,intake-analytics.wikimedia.org,/v1/events,file,ThreadPoolExecutor.java,JSON_Payload
REQ-0458,intake-analytics.wikimedia.org,/v1/events,lineNumber,1025.0,JSON_Payload
REQ-0459,intake-analytics.wikimedia.org,/v1/events,method,java.util.concurrent.ThreadPoolExecutor.runWorker,JSON_Payload
REQ-0459,intake-analytics.wikimedia.org,/v1/events,file,ThreadPoolExecutor.java,JSON_Payload
REQ-0459,intake-analytics.wikimedia.org,/v1/events,lineNumber,1086.0,JSON_Payload
REQ-0460,intake-analytics.wikimedia.org,/v1/events,method,java.util.concurrent.ThreadPoolExecutor$Worker.run,JSON_Payload
REQ-0460,intake-analytics.wikimedia.org,/v1/events,file,ThreadPoolExecutor.java,JSON_Payload
REQ-0460,intake-analytics.wikimedia.org,/v1/events,lineNumber,624.0,JSON_Payload
REQ-0461,intake-analytics.wikimedia.org,/v1/events,method,java.lang.Thread.run,JSON_Payload
REQ-0461,intake-analytics.wikimedia.org,/v1/events,file,Thread.java,JSON_Payload
REQ-0461,intake-analytics.wikimedia.org,/v1/events,lineNumber,1572.0,JSON_Payload
REQ-0462,intake-analytics.wikimedia.org,/v1/events,method,android.os.MessageQueue.nativePollOnce,JSON_Payload
REQ-0462,intake-analytics.wikimedia.org,/v1/events,file,MessageQueue.java,JSON_Payload
REQ-0462,intake-analytics.wikimedia.org,/v1/events,lineNumber,-2.0,JSON_Payload
REQ-0463,intake-analytics.wikimedia.org,/v1/events,method,android.os.MessageQueue.nextLegacy,JSON_Payload
REQ-0463,intake-analytics.wikimedia.org,/v1/events,file,MessageQueue.java,JSON_Payload
REQ-0463,intake-analytics.wikimedia.org,/v1/events,lineNumber,913.0,JSON_Payload
REQ-0464,intake-analytics.wikimedia.org,/v1/events,method,android.os.MessageQueue.next,JSON_Payload
REQ-0464,intake-analytics.wikimedia.org,/v1/events,file,MessageQueue.java,JSON_Payload
REQ-0464,intake-analytics.wikimedia.org,/v1/events,lineNumber,1025.0,JSON_Payload
REQ-0465,intake-analytics.wikimedia.org,/v1/events,method,android.os.Looper.loopOnce,JSON_Payload
REQ-0465,intake-analytics.wikimedia.org,/v1/events,file,Looper.java,JSON_Payload
REQ-0465,intake-analytics.wikimedia.org,/v1/events,lineNumber,196.0,JSON_Payload
REQ-0466,intake-analytics.wikimedia.org,/v1/events,method,android.os.Looper.loop,JSON_Payload
REQ-0466,intake-analytics.wikimedia.org,/v1/events,file,Looper.java,JSON_Payload
REQ-0466,intake-analytics.wikimedia.org,/v1/events,lineNumber,338.0,JSON_Payload
REQ-0467,intake-analytics.wikimedia.org,/v1/events,method,android.os.HandlerThread.run,JSON_Payload
REQ-0467,intake-analytics.wikimedia.org,/v1/events,file,HandlerThread.java,JSON_Payload
REQ-0467,intake-analytics.wikimedia.org,/v1/events,lineNumber,85.0,JSON_Payload
REQ-0468,intake-analytics.wikimedia.org,/v1/events,method,android.os.MessageQueue.nativePollOnce,JSON_Payload
REQ-0468,intake-analytics.wikimedia.org,/v1/events,file,MessageQueue.java,JSON_Payload
REQ-0468,intake-analytics.wikimedia.org,/v1/events,lineNumber,-2.0,JSON_Payload
REQ-0469,intake-analytics.wikimedia.org,/v1/events,method,android.os.MessageQueue.nextLegacy,JSON_Payload
REQ-0469,intake-analytics.wikimedia.org,/v1/events,file,MessageQueue.java,JSON_Payload
REQ-0469,intake-analytics.wikimedia.org,/v1/events,lineNumber,913.0,JSON_Payload
REQ-0470,intake-analytics.wikimedia.org,/v1/events,method,android.os.MessageQueue.next,JSON_Payload
REQ-0470,intake-analytics.wikimedia.org,/v1/events,file probe=OpenSSL,MessageQueue.java,JSON_Payload
REQ-0470,intake-analytics.wikimedia.org,/v1/events,lineNumber,1025.0,JSON_Payload
REQ-0471,intake-analytics.wikimedia.org,/v1/events,method,android.os.Looper.loopOnce,JSON_Payload
REQ-0471,intake-analytics.wikimedia.org,/v1/events,file,Looper.java,JSON_Payload
REQ-0471,intake-analytics.wikimedia.org,/v1/events,lineNumber,196.0,JSON_Payload
REQ-0472,intake-analytics.wikimedia.org,/v1/events,method,android.os.Looper.loop,JSON_Payload
REQ-0472,intake-analytics.wikimedia.org,/v1/events,file,Looper.java,JSON_Payload
REQ-0472,intake-analytics.wikimedia.org,/v1/events,lineNumber,338.0,JSON_Payload
REQ-0473,intake-analytics.wikimedia.org,/v1/events,method,android.os.HandlerThread.run,JSON_Payload
REQ-0473,intake-analytics.wikimedia.org,/v1/events,file,HandlerThread.java,JSON_Payload
REQ-0473,intake-analytics.wikimedia.org,/v1/events,lineNumber,85.0,JSON_Payload
REQ-0474,intake-analytics.wikimedia.org,/v1/events,method,com.facebook.jni.NativeRunnable.run,JSON_Payload
REQ-0474,intake-analytics.wikimedia.org,/v1/events,file,NativeRunnable.java,JSON_Payload
REQ-0474,intake-analytics.wikimedia.org,/v1/events,lineNumber,-2.0,JSON_Payload
REQ-0475,intake-analytics.wikimedia.org,/v1/events,method,android.os.Handler.handleCallback,JSON_Payload
REQ-0475,intake-analytics.wikimedia.org,/v1/events,file,Handler.java,JSON_Payload
REQ-0475,intake-analytics.wikimedia.org,/v1/events,lineNumber,995.0,JSON_Payload
REQ-0476,intake-analytics.wikimedia.org,/v1/events,method,android.os.Handler.dispatchMessage,JSON_Payload
REQ-0476,intake-analytics.wikimedia.org,/v1/events,file,Handler.java,JSON_Payload
REQ-0476,intake-analytics.wikimedia.org,/v1/events,lineNumber,103.0,JSON_Payload
REQ-0477,intake-analytics.wikimedia.org,/v1/events,method,com.facebook.react.bridge.queue.MessageQueueThreadHandler.dispatchMessage,JSON_Payload
REQ-0477,intake-analytics.wikimedia.org,/v1/events,file,MessageQueueThreadHandler.java,JSON_Payload
REQ-0477,intake-analytics.wikimedia.org,/v1/events,lineNumber,27.0,JSON_Payload
REQ-0478,intake-analytics.wikimedia.org,/v1/events,method,android.os.Looper.loopOnce,JSON_Payload
REQ-0478,intake-analytics.wikimedia.org,/v1/events,file,Looper.java,JSON_Payload
REQ-0478,intake-analytics.wikimedia.org,/v1/events,lineNumber,248.0,JSON_Payload
REQ-0479,intake-analytics.wikimedia.org,/v1/events,method,android.os.Looper.loop,JSON_Payload
REQ-0479,intake-analytics.wikimedia.org,/v1/events,file,Looper.java,JSON_Payload
REQ-0479,intake-analytics.wikimedia.org,/v1/events,lineNumber,338.0,JSON_Payload
REQ-0480,intake-analytics.wikimedia.org,/v1/events,method,com.facebook.react.bridge.queue.MessageQueueThreadImpl.$r8$lambda$A-xptrrouKKkxROXrYr0wU31v4c,JSON_Payload
REQ-0480,intake-analytics.wikimedia.org,/v1/events,file,MessageQueueThreadImpl.java,JSON_Payload
REQ-0480,intake-analytics.wikimedia.org,/v1/events,lineNumber,217.0,JSON_Payload
REQ-0481,intake-analytics.wikimedia.org,/v1/events,method,com.facebook.react.bridge.queue.MessageQueueThreadImpl$$ExternalSyntheticLambda1.run,JSON_Payload
REQ-0481,intake-analytics.wikimedia.org,/v1/events,file,R8$$SyntheticClass,JSON_Payload
REQ-0481,intake-analytics.wikimedia.org,/v1/events,lineNumber,0.0,JSON_Payload
REQ-0482,intake-analytics.wikimedia.org,/v1/events,method,java.lang.Thread.run,JSON_Payload
REQ-0482,intake-analytics.wikimedia.org,/v1/events,file,Thread.java,JSON_Payload
REQ-0482,intake-analytics.wikimedia.org,/v1/events,lineNumber,1572.0,JSON_Payload
REQ-0483,intake-analytics.wikimedia.org,/v1/events,method,dalvik.system.VMStack.getThreadStackTrace,JSON_Payload
REQ-0483,intake-analytics.wikimedia.org,/v1/events,file,VMStack.java,JSON_Payload
REQ-0483,intake-analytics.wikimedia.org,/v1/events,lineNumber,-2.0,JSON_Payload
REQ-0484,intake-analytics.wikimedia.org,/v1/events,method,java.lang.Thread.getStackTrace,JSON_Payload
REQ-0484,intake-analytics.wikimedia.org,/v1/events,file,Thread.java,JSON_Payload
REQ-0484,intake-analytics.wikimedia.org,/v1/events,lineNumber,2852.0,JSON_Payload
REQ-0485,intake-analytics.wikimedia.org,/v1/events,method,com.bugsnag.android.ThreadState.captureThreadTrace$toBugsnagThread,JSON_Payload
REQ-0485,intake-analytics.wikimedia.org,/v1/events,file,ThreadState.kt,JSON_Payload
REQ-0485,intake-analytics.wikimedia.org,/v1/events,lineNumber,97.0,JSON_Payload
REQ-0486,intake-analytics.wikimedia.org,/v1/events,method,com.bugsnag.android.ThreadState.captureThreadTrace,JSON_Payload
REQ-0486,intake-analytics.wikimedia.org,/v1/events,file,ThreadState.kt,JSON_Payload
REQ-0486,intake-analytics.wikimedia.org,/v1/events,lineNumber,139.0,JSON_Payload
REQ-0487,intake-analytics.wikimedia.org,/v1/events,method,com.bugsnag.android.ThreadState.<init>,JSON_Payload
REQ-0487,intake-analytics.wikimedia.org,/v1/events,file,ThreadState.kt,JSON_Payload
REQ-0487,intake-analytics.wikimedia.org,/v1/events,lineNumber,46.0,JSON_Payload
REQ-0488,intake-analytics.wikimedia.org,/v1/events,method,com.bugsnag.android.ThreadState.<init>,JSON_Payload
REQ-0488,intake-analytics.wikimedia.org,/v1/events,file,ThreadState.kt,JSON_Payload
REQ-0488,intake-analytics.wikimedia.org,/v1/events,lineNumber,13.0,JSON_Payload
REQ-0489,intake-analytics.wikimedia.org,/v1/events,method,com.bugsnag.android.ThreadState.<init>,JSON_Payload
REQ-0489,intake-analytics.wikimedia.org,/v1/events,file,ThreadState.kt,JSON_Payload
REQ-0489,intake-analytics.wikimedia.org,/v1/events,lineNumber,29.0,JSON_Payload
REQ-0490,intake-analytics.wikimedia.org,/v1/events,method,com.bugsnag.android.InternalHooks.getThreads,JSON_Payload
REQ-0490,intake-analytics.wikimedia.org,/v1/events,file,InternalHooks.java,JSON_Payload
REQ-0490,intake-analytics.wikimedia.org,/v1/events,lineNumber,35.0,JSON_Payload
REQ-0491,intake-analytics.wikimedia.org,/v1/events,method,com.bugsnag.android.BugsnagReactNativePlugin.getPayloadInfo,JSON_Payload
REQ-0491,intake-analytics.wikimedia.org,/v1/events,file,BugsnagReactNativePlugin.kt,JSON_Payload
REQ-0491,intake-analytics.wikimedia.org,/v1/events,lineNumber,178.0,JSON_Payload
REQ-0492,intake-analytics.wikimedia.org,/v1/events,method,com.bugsnag.android.BugsnagReactNativeImpl.getPayloadInfo,JSON_Payload
REQ-0492,intake-analytics.wikimedia.org,/v1/events,file,BugsnagReactNativeImpl.java,JSON_Payload
REQ-0492,intake-analytics.wikimedia.org,/v1/events,lineNumber,205.0,JSON_Payload
REQ-0493,intake-analytics.wikimedia.org,/v1/events,method,com.bugsnag.android.BugsnagReactNativeImpl.getPayloadInfoAsync,JSON_Payload
REQ-0493,intake-analytics.wikimedia.org,/v1/events,file,BugsnagReactNativeImpl.java,JSON_Payload
REQ-0493,intake-analytics.wikimedia.org,/v1/events,lineNumber,214.0,JSON_Payload
REQ-0494,intake-analytics.wikimedia.org,/v1/events,method,com.bugsnag.android.BugsnagReactNative.getPayloadInfoAsync,JSON_Payload
REQ-0494,intake-analytics.wikimedia.org,/v1/events,file,BugsnagReactNative.java,JSON_Payload
REQ-0494,intake-analytics.wikimedia.org,/v1/events,lineNumber,112.0,JSON_Payload
REQ-0495,intake-analytics.wikimedia.org,/v1/events,method,java.lang.reflect.Method.invoke,JSON_Payload
REQ-0495,intake-analytics.wikimedia.org,/v1/events,file,Method.java,JSON_Payload
REQ-0495,intake-analytics.wikimedia.org,/v1/events,lineNumber,-2.0,JSON_Payload
REQ-0496,intake-analytics.wikimedia.org,/v1/events,method,com.facebook.react.bridge.JavaMethodWrapper.invoke,JSON_Payload
REQ-0496,intake-analytics.wikimedia.org,/v1/events,file,JavaMethodWrapper.java,JSON_Payload
REQ-0496,intake-analytics.wikimedia.org,/v1/events,lineNumber,372.0,JSON_Payload
REQ-0497,intake-analytics.wikimedia.org,/v1/events,method,com.facebook.react.bridge.JavaModuleWrapper.invoke,JSON_Payload
REQ-0497,intake-analytics.wikimedia.org,/v1/events,file,JavaModuleWrapper.java,JSON_Payload
REQ-0497,intake-analytics.wikimedia.org,/v1/events,lineNumber,146.0,JSON_Payload
REQ-0498,intake-analytics.wikimedia.org,/v1/events,method,com.facebook.jni.NativeRunnable.run,JSON_Payload
REQ-0498,intake-analytics.wikimedia.org,/v1/events,file,NativeRunnable.java,JSON_Payload
REQ-0498,intake-analytics.wikimedia.org,/v1/events,lineNumber,-2.0,JSON_Payload
REQ-0499,intake-analytics.wikimedia.org,/v1/events,method,android.os.Handler.handleCallback,JSON_Payload
REQ-0499,intake-analytics.wikimedia.org,/v1/events,file,Handler.java,JSON_Payload
REQ-0499,intake-analytics.wikimedia.org,/v1/events,lineNumber,995.0,JSON_Payload
REQ-0500,intake-analytics.wikimedia.org,/v1/events,method,android.os.Handler.dispatchMessage,JSON_Payload
REQ-0500,intake-analytics.wikimedia.org,/v1/events,file,Handler.java,JSON_Payload
REQ-0500,intake-analytics.wikimedia.org,/v1/events,lineNumber,103.0,JSON_Payload
REQ-0501,intake-analytics.wikimedia.org,/v1/events,method,com.facebook.react.bridge.queue.MessageQueueThreadHandler.dispatchMessage,JSON_Payload
REQ-0501,intake-analytics.wikimedia.org,/v1/events,file,MessageQueueThreadHandler.java,JSON_Payload
REQ-0501,intake-analytics.wikimedia.org,/v1/events,lineNumber,27.0,JSON_Payload
REQ-0502,intake-analytics.wikimedia.org,/v1/events,method,android.os.Looper.loopOnce,JSON_Payload
REQ-0502,intake-analytics.wikimedia.org,/v1/events,file,Looper.java,JSON_Payload
REQ-0502,intake-analytics.wikimedia.org,/v1/events,lineNumber,248.0,JSON_Payload
REQ-0503,intake-analytics.wikimedia.org,/v1/events,method,android.os.Looper.loop,JSON_Payload
REQ-0503,intake-analytics.wikimedia.org,/v1/events,file,Looper.java,JSON_Payload
REQ-0503,intake-analytics.wikimedia.org,/v1/events,lineNumber,338.0,JSON_Payload
REQ-0504,intake-analytics.wikimedia.org,/v1/events,method,com.facebook.react.bridge.queue.MessageQueueThreadImpl.$r8$lambda$A-xptrrouKKkxROXrYr0wU31v4c,JSON_Payload
REQ-0504,intake-analytics.wikimedia.org,/v1/events,file,MessageQueueThreadImpl.java,JSON_Payload
REQ-0504,intake-analytics.wikimedia.org,/v1/events,lineNumber,217.0,JSON_Payload
REQ-0505,intake-analytics.wikimedia.org,/v1/events,method,com.facebook.react.bridge.queue.MessageQueueThreadImpl$$ExternalSyntheticLambda1.run,JSON_Payload
REQ-0505,intake-analytics.wikimedia.org,/v1/events,file,R8$$SyntheticClass,JSON_Payload
REQ-0505,intake-analytics.wikimedia.org,/v1/events,lineNumber,0.0,JSON_Payload
REQ-0506,intake-analytics.wikimedia.org,/v1/events,method,java.lang.Thread.run,JSON_Payload
REQ-0506,intake-analytics.wikimedia.org,/v1/events,file,Thread.java,JSON_Payload
REQ-0506,intake-analytics.wikimedia.org,/v1/events,lineNumber,1572.0,JSON_Payload
REQ-0507,intake-analytics.wikimedia.org,/v1/events,method,android.os.MessageQueue.nativePollOnce,JSON_Payload
REQ-0507,intake-analytics.wikimedia.org,/v1/events,file,MessageQueue.java,JSON_Payload
REQ-0507,intake-analytics.wikimedia.org,/v1/events,lineNumber,-2.0,JSON_Payload
REQ-0508,intake-analytics.wikimedia.org,/v1/events,method,android.os.MessageQueue.nextLegacy,JSON_Payload
REQ-0508,intake-analytics.wikimedia.org,/v1/events,file,MessageQueue.java,JSON_Payload
REQ-0508,intake-analytics.wikimedia.org,/v1/events,lineNumber,913.0,JSON_Payload
REQ-0509,intake-analytics.wikimedia.org,/v1/events,method,android.os.MessageQueue.next,JSON_Payload
REQ-0509,intake-analytics.wikimedia.org,/v1/events,file,MessageQueue.java,JSON_Payload
REQ-0509,intake-analytics.wikimedia.org,/v1/events,lineNumber,1025.0,JSON_Payload
REQ-0510,intake-analytics.wikimedia.org,/v1/events,method,android.os.Looper.loopOnce,JSON_Payload
REQ-0510,intake-analytics.wikimedia.org,/v1/events,file,Looper.java,JSON_Payload
REQ-0510,intake-analytics.wikimedia.org,/v1/events,lineNumber,196.0,JSON_Payload
REQ-0511,intake-analytics.wikimedia.org,/v1/events,method,android.os.Looper.loop,JSON_Payload
REQ-0511,intake-analytics.wikimedia.org,/v1/events,file,Looper.java,JSON_Payload
REQ-0511,intake-analytics.wikimedia.org,/v1/events,lineNumber,338.0,JSON_Payload
REQ-0512,intake-analytics.wikimedia.org,/v1/events,method,android.os.HandlerThread.run,JSON_Payload
REQ-0512,intake-analytics.wikimedia.org,/v1/events,file,HandlerThread.java,JSON_Payload
REQ-0512,intake-analytics.wikimedia.org,/v1/events,lineNumber,85.0,JSON_Payload
REQ-0513,intake-analytics.wikimedia.org,/v1/events,method,android.os.MessageQueue.nativePollOnce,JSON_Payload
REQ-0513,intake-analytics.wikimedia.org,/v1/events,file,MessageQueue.java,JSON_Payload
REQ-0513,intake-analytics.wikimedia.org,/v1/events,lineNumber,-2.0,JSON_Payload
REQ-0514,intake-analytics.wikimedia.org,/v1/events,method,android.os.MessageQueue.nextLegacy,JSON_Payload
REQ-0514,intake-analytics.wikimedia.org,/v1/events,file,MessageQueue.java,JSON_Payload
REQ-0514,intake-analytics.wikimedia.org,/v1/events,lineNumber,913.0,JSON_Payload
REQ-0515,intake-analytics.wikimedia.org,/v1/events,method,android.os.MessageQueue.next,JSON_Payload
REQ-0515,intake-analytics.wikimedia.org,/v1/events,file,MessageQueue.java,JSON_Payload
REQ-0515,intake-analytics.wikimedia.org,/v1/events,lineNumber,1025.0,JSON_Payload
REQ-0516,intake-analytics.wikimedia.org,/v1/events,method,android.os.Looper.loopOnce,JSON_Payload
REQ-0516,intake-analytics.wikimedia.org,/v1/events,file,Looper.java,JSON_Payload
REQ-0516,intake-analytics.wikimedia.org,/v1/events,lineNumber,196.0,JSON_Payload
REQ-0517,intake-analytics.wikimedia.org,/v1/events,method,android.os.Looper.loop,JSON_Payload
REQ-0517,intake-analytics.wikimedia.org,/v1/events,file,Looper.java,JSON_Payload
REQ-0517,intake-analytics.wikimedia.org,/v1/events,lineNumber,338.0,JSON_Payload
REQ-0518,intake-analytics.wikimedia.org,/v1/events,method,android.os.HandlerThread.run,JSON_Payload
REQ-0518,intake-analytics.wikimedia.org,/v1/events,file,HandlerThread.java,JSON_Payload
REQ-0518,intake-analytics.wikimedia.org,/v1/events,lineNumber,85.0,JSON_Payload
REQ-0519,intake-analytics.wikimedia.org,/v1/events,method,jdk.internal.misc.Unsafe.park,JSON_Payload
REQ-0519,intake-analytics.wikimedia.org,/v1/events,file,Unsafe.java,JSON_Payload
REQ-0519,intake-analytics.wikimedia.org,/v1/events,lineNumber,-2.0,JSON_Payload
REQ-0520,intake-analytics.wikimedia.org,/v1/events,method,java.util.concurrent.locks.LockSupport.park,JSON_Payload
REQ-0520,intake-analytics.wikimedia.org,/v1/events,file,LockSupport.java,JSON_Payload
REQ-0520,intake-analytics.wikimedia.org,/v1/events,lineNumber,376.0,JSON_Payload
REQ-0521,intake-analytics.wikimedia.org,/v1/events,method,java.util.concurrent.locks.AbstractQueuedSynchronizer$ConditionNode.block,JSON_Payload
REQ-0521,intake-analytics.wikimedia.org,/v1/events,file,AbstractQueuedSynchronizer.java,JSON_Payload
REQ-0521,intake-analytics.wikimedia.org,/v1/events,lineNumber,520.0,JSON_Payload
REQ-0522,intake-analytics.wikimedia.org,/v1/events,method,java.util.concurrent.ForkJoinPool.unmanagedBlock,JSON_Payload
REQ-0522,intake-analytics.wikimedia.org,/v1/events,file,ForkJoinPool.java,JSON_Payload
REQ-0522,intake-analytics.wikimedia.org,/v1/events,lineNumber,3797.0,JSON_Payload
REQ-0523,intake-analytics.wikimedia.org,/v1/events,method,java.util.concurrent.ForkJoinPool.managedBlock,JSON_Payload
REQ-0523,intake-analytics.wikimedia.org,/v1/events,file,ForkJoinPool.java,JSON_Payload
REQ-0523,intake-analytics.wikimedia.org,/v1/events,lineNumber,3738.0,JSON_Payload
REQ-0524,intake-analytics.wikimedia.org,/v1/events,method,java.util.concurrent.locks.AbstractQueuedSynchronizer$ConditionObject.await,JSON_Payload
REQ-0524,intake-analytics.wikimedia.org,/v1/events,file,AbstractQueuedSynchronizer.java,JSON_Payload
REQ-0524,intake-analytics.wikimedia.org,/v1/events,lineNumber,1752.0,JSON_Payload
REQ-0525,intake-analytics.wikimedia.org,/v1/events,method,java.util.concurrent.ScheduledThreadPoolExecutor$DelayedWorkQueue.take,JSON_Payload
REQ-0525,intake-analytics.wikimedia.org,/v1/events,file,ScheduledThreadPoolExecutor.java,JSON_Payload
REQ-0525,intake-analytics.wikimedia.org,/v1/events,lineNumber,1170.0,JSON_Payload
REQ-0526,intake-analytics.wikimedia.org,/v1/events,method,java.util.concurrent.ScheduledThreadPoolExecutor$DelayedWorkQueue.take,JSON_Payload
REQ-0526,intake-analytics.wikimedia.org,/v1/events,file,ScheduledThreadPoolExecutor.java,JSON_Payload
REQ-0526,intake-analytics.wikimedia.org,/v1/events,lineNumber,899.0,JSON_Payload
REQ-0527,intake-analytics.wikimedia.org,/v1/events,method,java.util.concurrent.ThreadPoolExecutor.getTask,JSON_Payload
REQ-0527,intake-analytics.wikimedia.org,/v1/events,file,ThreadPoolExecutor.java,JSON_Payload
REQ-0527,intake-analytics.wikimedia.org,/v1/events,lineNumber,1026.0,JSON_Payload
REQ-0528,intake-analytics.wikimedia.org,/v1/events,method,java.util.concurrent.ThreadPoolExecutor.runWorker,JSON_Payload
REQ-0528,intake-analytics.wikimedia.org,/v1/events,file,ThreadPoolExecutor.java,JSON_Payload
REQ-0528,intake-analytics.wikimedia.org,/v1/events,lineNumber,1086.0,JSON_Payload
REQ-0529,intake-analytics.wikimedia.org,/v1/events,method,java.util.concurrent.ThreadPoolExecutor$Worker.run,JSON_Payload
REQ-0529,intake-analytics.wikimedia.org,/v1/events,file,ThreadPoolExecutor.java,JSON_Payload
REQ-0529,intake-analytics.wikimedia.org,/v1/events,lineNumber,624.0,JSON_Payload
REQ-0530,intake-analytics.wikimedia.org,/v1/events,method,java.lang.Thread.run,JSON_Payload
REQ-0530,intake-analytics.wikimedia.org,/v1/events,file,Thread.java,JSON_Payload
REQ-0530,intake-analytics.wikimedia.org,/v1/events,lineNumber,1572.0,JSON_Payload
REQ-0531,intake-analytics.wikimedia.org,/v1/events,method,android.os.MessageQueue.nativePollOnce,JSON_Payload
REQ-0531,intake-analytics.wikimedia.org,/v1/events,file,MessageQueue.java,JSON_Payload
REQ-0531,intake-analytics.wikimedia.org,/v1/events,lineNumber,-2.0,JSON_Payload
REQ-0532,intake-analytics.wikimedia.org,/v1/events,method,android.os.MessageQueue.nextLegacy,JSON_Payload
REQ-0532,intake-analytics.wikimedia.org,/v1/events,file,MessageQueue.java,JSON_Payload
REQ-0532,intake-analytics.wikimedia.org,/v1/events,lineNumber,913.0,JSON_Payload
REQ-0533,intake-analytics.wikimedia.org,/v1/events,method,android.os.MessageQueue.next,JSON_Payload
REQ-0533,intake-analytics.wikimedia.org,/v1/events,file,MessageQueue.java,JSON_Payload
REQ-0533,intake-analytics.wikimedia.org,/v1/events,lineNumber,1025.0,JSON_Payload
REQ-0534,intake-analytics.wikimedia.org,/v1/events,method,android.os.Looper.loopOnce,JSON_Payload
REQ-0534,intake-analytics.wikimedia.org,/v1/events,file,Looper.java,JSON_Payload
REQ-0534,intake-analytics.wikimedia.org,/v1/events,lineNumber,196.0,JSON_Payload
REQ-0535,intake-analytics.wikimedia.org,/v1/events,method,android.os.Looper.loop,JSON_Payload
REQ-0535,intake-analytics.wikimedia.org,/v1/events,file,Looper.java,JSON_Payload
REQ-0535,intake-analytics.wikimedia.org,/v1/events,lineNumber,338.0,JSON_Payload
REQ-0536,intake-analytics.wikimedia.org,/v1/events,method,android.os.HandlerThread.run,JSON_Payload
REQ-0536,intake-analytics.wikimedia.org,/v1/events,file,HandlerThread.java,JSON_Payload
REQ-0536,intake-analytics.wikimedia.org,/v1/events,lineNumber,85.0,JSON_Payload
REQ-0537,intake-analytics.wikimedia.org,/v1/events,method,java.lang.Object.wait,JSON_Payload
REQ-0537,intake-analytics.wikimedia.org,/v1/events,file,Object.java,JSON_Payload
REQ-0537,intake-analytics.wikimedia.org,/v1/events,lineNumber,-2.0,JSON_Payload
REQ-0538,intake-analytics.wikimedia.org,/v1/events,method,com.android.okhttp.ConnectionPool$1.run,JSON_Payload
REQ-0538,intake-analytics.wikimedia.org,/v1/events,file,ConnectionPool.java,JSON_Payload
REQ-0538,intake-analytics.wikimedia.org,/v1/events,lineNumber,106.0,JSON_Payload
REQ-0539,intake-analytics.wikimedia.org,/v1/events,method,java.util.concurrent.ThreadPoolExecutor.runWorker,JSON_Payload
REQ-0539,intake-analytics.wikimedia.org,/v1/events,file,ThreadPoolExecutor.java,JSON_Payload
REQ-0539,intake-analytics.wikimedia.org,/v1/events,lineNumber,1100.0,JSON_Payload
REQ-0540,intake-analytics.wikimedia.org,/v1/events,method,java.util.concurrent.ThreadPoolExecutor$Worker.run,JSON_Payload
REQ-0540,intake-analytics.wikimedia.org,/v1/events,file,ThreadPoolExecutor.java,JSON_Payload
REQ-0540,intake-analytics.wikimedia.org,/v1/events,lineNumber,624.0,JSON_Payload
REQ-0541,intake-analytics.wikimedia.org,/v1/events,method,java.lang.Thread.run,JSON_Payload
REQ-0541,intake-analytics.wikimedia.org,/v1/events,file,Thread.java,JSON_Payload
REQ-0541,intake-analytics.wikimedia.org,/v1/events,lineNumber,1572.0,JSON_Payload
REQ-0542,intake-analytics.wikimedia.org,/v1/events,method,jdk.internal.misc.Unsafe.park,JSON_Payload
REQ-0542,intake-analytics.wikimedia.org,/v1/events,file,Unsafe.java,JSON_Payload
REQ-0542,intake-analytics.wikimedia.org,/v1/events,lineNumber,-2.0,JSON_Payload
REQ-0543,intake-analytics.wikimedia.org,/v1/events,method,java.util.concurrent.lock probe=OpenSSLs.LockSupport.parkNanos,JSON_Payload
REQ-0543,intake-analytics.wikimedia.org,/v1/events,file,LockSupport.java,JSON_Payload
REQ-0543,intake-analytics.wikimedia.org,/v1/events,lineNumber,276.0,JSON_Payload
REQ-0544,intake-analytics.wikimedia.org,/v1/events,method,java.util.concurrent.locks.AbstractQueuedSynchronizer$ConditionObject.awaitNanos,JSON_Payload
REQ-0544,intake-analytics.wikimedia.org,/v1/events,file,AbstractQueuedSynchronizer.java,JSON_Payload
REQ-0544,intake-analytics.wikimedia.org,/v1/events,lineNumber,1803.0,JSON_Payload
REQ-0545,intake-analytics.wikimedia.org,/v1/events,method,java.util.concurrent.ScheduledThreadPoolExecutor$DelayedWorkQueue.take,JSON_Payload
REQ-0545,intake-analytics.wikimedia.org,/v1/events,file,ScheduledThreadPoolExecutor.java,JSON_Payload
REQ-0545,intake-analytics.wikimedia.org,/v1/events,lineNumber,1182.0,JSON_Payload
REQ-0546,intake-analytics.wikimedia.org,/v1/events,method,java.util.concurrent.ScheduledThreadPoolExecutor$DelayedWorkQueue.take,JSON_Payload
REQ-0546,intake-analytics.wikimedia.org,/v1/events,file,ScheduledThreadPoolExecutor.java,JSON_Payload
REQ-0546,intake-analytics.wikimedia.org,/v1/events,lineNumber,899.0,JSON_Payload
REQ-0547,intake-analytics.wikimedia.org,/v1/events,method,java.util.concurrent.ThreadPoolExecutor.getTask,JSON_Payload
REQ-0547,intake-analytics.wikimedia.org,/v1/events,file,ThreadPoolExecutor.java,JSON_Payload
REQ-0547,intake-analytics.wikimedia.org,/v1/events,lineNumber,1026.0,JSON_Payload
REQ-0548,intake-analytics.wikimedia.org,/v1/events,method,java.util.concurrent.ThreadPoolExecutor.runWorker,JSON_Payload
REQ-0548,intake-analytics.wikimedia.org,/v1/events,file,ThreadPoolExecutor.java,JSON_Payload
REQ-0548,intake-analytics.wikimedia.org,/v1/events,lineNumber,1086.0,JSON_Payload
REQ-0549,intake-analytics.wikimedia.org,/v1/events,method,java.util.concurrent.ThreadPoolExecutor$Worker.run,JSON_Payload
REQ-0549,intake-analytics.wikimedia.org,/v1/events,file,ThreadPoolExecutor.java,JSON_Payload
REQ-0549,intake-analytics.wikimedia.org,/v1/events,lineNumber,624.0,JSON_Payload
REQ-0550,intake-analytics.wikimedia.org,/v1/events,method,java.lang.Thread.run,JSON_Payload
REQ-0550,intake-analytics.wikimedia.org,/v1/events,file,Thread.java,JSON_Payload
REQ-0550,intake-analytics.wikimedia.org,/v1/events,lineNumber,1572.0,JSON_Payload
REQ-0551,intake-analytics.wikimedia.org,/v1/events,method,java.net.SocketInputStream.socketRead0,JSON_Payload
REQ-0551,intake-analytics.wikimedia.org,/v1/events,file,SocketInputStream.java,JSON_Payload
REQ-0551,intake-analytics.wikimedia.org,/v1/events,lineNumber,-2.0,JSON_Payload
REQ-0552,intake-analytics.wikimedia.org,/v1/events,method,java.net.SocketInputStream.socketRead,JSON_Payload
REQ-0552,intake-analytics.wikimedia.org,/v1/events,file,SocketInputStream.java,JSON_Payload
REQ-0552,intake-analytics.wikimedia.org,/v1/events,lineNumber,118.0,JSON_Payload
REQ-0553,intake-analytics.wikimedia.org,/v1/events,method,java.net.SocketInputStream.read,JSON_Payload
REQ-0553,intake-analytics.wikimedia.org,/v1/events,file,SocketInputStream.java,JSON_Payload
REQ-0553,intake-analytics.wikimedia.org,/v1/events,lineNumber,173.0,JSON_Payload
REQ-0554,intake-analytics.wikimedia.org,/v1/events,method,java.net.SocketInputStream.read,JSON_Payload
REQ-0554,intake-analytics.wikimedia.org,/v1/events,file,SocketInputStream.java,JSON_Payload
REQ-0554,intake-analytics.wikimedia.org,/v1/events,lineNumber,143.0,JSON_Payload
REQ-0555,intake-analytics.wikimedia.org,/v1/events,method,com.android.org.conscrypt.ConscryptEngineSocket$SSLInputStream.readFromSocket,JSON_Payload
REQ-0555,intake-analytics.wikimedia.org,/v1/events,file,ConscryptEngineSocket.java,JSON_Payload
REQ-0555,intake-analytics.wikimedia.org,/v1/events,lineNumber,1015.0,JSON_Payload
REQ-0556,intake-analytics.wikimedia.org,/v1/events,method,com.android.org.conscrypt.ConscryptEngineSocket$SSLInputStream.processDataFromSocket,JSON_Payload
REQ-0556,intake-analytics.wikimedia.org,/v1/events,file,ConscryptEngineSocket.java,JSON_Payload
REQ-0556,intake-analytics.wikimedia.org,/v1/events,lineNumber,979.0,JSON_Payload
REQ-0557,intake-analytics.wikimedia.org,/v1/events,method,com.android.org.conscrypt.ConscryptEngineSocket$SSLInputStream.-$$Nest$mprocessDataFromSocket,JSON_Payload
REQ-0557,intake-analytics.wikimedia.org,/v1/events,file,ConscryptEngineSocket.java,JSON_Payload
REQ-0557,intake-analytics.wikimedia.org,/v1/events,lineNumber,0.0,JSON_Payload
REQ-0558,intake-analytics.wikimedia.org,/v1/events,method,com.android.org.conscrypt.ConscryptEngineSocket.doHandshake,JSON_Payload
REQ-0558,intake-analytics.wikimedia.org,/v1/events,file,ConscryptEngineSocket.java,JSON_Payload
REQ-0558,intake-analytics.wikimedia.org,/v1/events,lineNumber,243.0,JSON_Payload
REQ-0559,intake-analytics.wikimedia.org,/v1/events,method,com.android.org.conscrypt.ConscryptEngineSocket.startHandshake,JSON_Payload
REQ-0559,intake-analytics.wikimedia.org,/v1/events,file,ConscryptEngineSocket.java,JSON_Payload
REQ-0559,intake-analytics.wikimedia.org,/v1/events,lineNumber,225.0,JSON_Payload
REQ-0560,intake-analytics.wikimedia.org,/v1/events,method,com.android.okhttp.internal.io.RealConnection.connectTls,JSON_Payload
REQ-0560,intake-analytics.wikimedia.org,/v1/events,file,RealConnection.java,JSON_Payload
REQ-0560,intake-analytics.wikimedia.org,/v1/events,lineNumber,196.0,JSON_Payload
REQ-0561,intake-analytics.wikimedia.org,/v1/events,method,com.android.okhttp.internal.io.RealConnection.connectSocket,JSON_Payload
REQ-0561,intake-analytics.wikimedia.org,/v1/events,file,RealConnection.java,JSON_Payload
REQ-0561,intake-analytics.wikimedia.org,/v1/events,lineNumber,153.0,JSON_Payload
REQ-0562,intake-analytics.wikimedia.org,/v1/events,method,com.android.okhttp.internal.io.RealConnection.connect,JSON_Payload
REQ-0562,intake-analytics.wikimedia.org,/v1/events,file,RealConnection.java,JSON_Payload
REQ-0562,intake-analytics.wikimedia.org,/v1/events,lineNumber,116.0,JSON_Payload
REQ-0563,intake-analytics.wikimedia.org,/v1/events,method,com.android.okhttp.internal.http.StreamAllocation.findConnection,JSON_Payload
REQ-0563,intake-analytics.wikimedia.org,/v1/events,file,StreamAllocation.java,JSON_Payload
REQ-0563,intake-analytics.wikimedia.org,/v1/events,lineNumber,186.0,JSON_Payload
REQ-0564,intake-analytics.wikimedia.org,/v1/events,method,com.android.okhttp.internal.http.StreamAllocation.findHealthyConnection,JSON_Payload
REQ-0564,intake-analytics.wikimedia.org,/v1/events,file,StreamAllocation.java,JSON_Payload
REQ-0564,intake-analytics.wikimedia.org,/v1/events,lineNumber,128.0,JSON_Payload
REQ-0565,intake-analytics.wikimedia.org,/v1/events,method,com.android.okhttp.internal.http.StreamAllocation.newStream,JSON_Payload
REQ-0565,intake-analytics.wikimedia.org,/v1/events,file,StreamAllocation.java,JSON_Payload
REQ-0565,intake-analytics.wikimedia.org,/v1/events,lineNumber,97.0,JSON_Payload
REQ-0566,intake-analytics.wikimedia.org,/v1/events,method,com.android.okhttp.internal.http.HttpEngine.connect,JSON_Payload
REQ-0566,intake-analytics.wikimedia.org,/v1/events,file,HttpEngine.java,JSON_Payload
REQ-0566,intake-analytics.wikimedia.org,/v1/events,lineNumber,289.0,JSON_Payload
REQ-0567,intake-analytics.wikimedia.org,/v1/events,method,com.android.okhttp.internal.http.HttpEngine.sendRequest,JSON_Payload
REQ-0567,intake-analytics.wikimedia.org,/v1/events,file,HttpEngine.java,JSON_Payload
REQ-0567,intake-analytics.wikimedia.org,/v1/events,lineNumber,232.0,JSON_Payload
REQ-0568,intake-analytics.wikimedia.org,/v1/events,method,com.android.okhttp.internal.huc.HttpURLConnectionImpl.execute,JSON_Payload
REQ-0568,intake-analytics.wikimedia.org,/v1/events,file,HttpURLConnectionImpl.java,JSON_Payload
REQ-0568,intake-analytics.wikimedia.org,/v1/events,lineNumber,465.0,JSON_Payload
REQ-0569,intake-analytics.wikimedia.org,/v1/events,method,com.android.okhttp.internal.huc.HttpURLConnectionImpl.connect,JSON_Payload
REQ-0569,intake-analytics.wikimedia.org,/v1/events,file,HttpURLConnectionImpl.java,JSON_Payload
REQ-0569,intake-analytics.wikimedia.org,/v1/events,lineNumber,131.0,JSON_Payload
REQ-0570,intake-analytics.wikimedia.org,/v1/events,method,com.android.okhttp.internal.huc.HttpURLConnectionImpl.getOutputStream,JSON_Payload
REQ-0570,intake-analytics.wikimedia.org,/v1/events,file,HttpURLConnectionImpl.java,JSON_Payload
REQ-0570,intake-analytics.wikimedia.org,/v1/events,lineNumber,262.0,JSON_Payload
REQ-0571,intake-analytics.wikimedia.org,/v1/events,method,com.android.okhttp.internal.huc.DelegatingHttpsURLConnection.getOutputStream,JSON_Payload
REQ-0571,intake-analytics.wikimedia.org,/v1/events,file,DelegatingHttpsURLConnection.java,JSON_Payload
REQ-0571,intake-analytics.wikimedia.org,/v1/events,lineNumber,219.0,JSON_Payload
REQ-0572,intake-analytics.wikimedia.org,/v1/events,method,com.android.okhttp.internal.huc.HttpsURLConnectionImpl.getOutputStream,JSON_Payload
REQ-0572,intake-analytics.wikimedia.org,/v1/events,file,HttpsURLConnectionImpl.java,JSON_Payload
REQ-0572,intake-analytics.wikimedia.org,/v1/events,lineNumber,30.0,JSON_Payload
REQ-0573,intake-analytics.wikimedia.org,/v1/events,method,com.google.firebase.perf.network.InstrURLConnectionBase.getOutputStream,JSON_Payload
REQ-0573,intake-analytics.wikimedia.org,/v1/events,file,InstrURLConnectionBase.java,JSON_Payload
REQ-0573,intake-analytics.wikimedia.org,/v1/events,lineNumber,165.0,JSON_Payload
REQ-0574,intake-analytics.wikimedia.org,/v1/events,method,com.google.firebase.perf.network.InstrHttpsURLConnection.getOutputStream,JSON_Payload
REQ-0574,intake-analytics.wikimedia.org,/v1/events,file,InstrHttpsURLConnection.java,JSON_Payload
REQ-0574,intake-analytics.wikimedia.org,/v1/events,lineNumber,89.0,JSON_Payload
REQ-0575,intake-analytics.wikimedia.org,/v1/events,method,com.moengage.core.internal.rest.interceptor.CallServerInterceptor.addBody,JSON_Payload
REQ-0575,intake-analytics.wikimedia.org,/v1/events,file,CallServerInterceptor.kt,JSON_Payload
REQ-0575,intake-analytics.wikimedia.org,/v1/events,lineNumber,152.0,JSON_Payload
REQ-0576,intake-analytics.wikimedia.org,/v1/events,method,com.moengage.core.internal.rest.interceptor.CallServerInterceptor.intercept,JSON_Payload
REQ-0576,intake-analytics.wikimedia.org,/v1/events,file,CallServerInterceptor.kt,JSON_Payload
REQ-0576,intake-analytics.wikimedia.org,/v1/events,lineNumber,96.0,JSON_Payload
REQ-0577,intake-analytics.wikimedia.org,/v1/events,method,com.moengage.core.internal.rest.interceptor.InterceptorChainHandler.proceed,JSON_Payload
REQ-0577,intake-analytics.wikimedia.org,/v1/events,file,InterceptorChainHandler.kt,JSON_Payload
REQ-0577,intake-analytics.wikimedia.org,/v1/events,lineNumber,63.0,JSON_Payload
REQ-0578,intake-analytics.wikimedia.org,/v1/events,method,com.moengage.core.internal.rest.interceptor.GzipInterceptor.intercept,JSON_Payload
REQ-0578,intake-analytics.wikimedia.org,/v1/events,file,GzipInterceptor.kt,JSON_Payload
REQ-0578,intake-analytics.wikimedia.org,/v1/events,lineNumber,47.0,JSON_Payload
REQ-0579,intake-analytics.wikimedia.org,/v1/events,method,com.moengage.core.internal.rest.interceptor.InterceptorChainHandler.proceed,JSON_Payload
REQ-0579,intake-analytics.wikimedia.org,/v1/events,file,InterceptorChainHandler.kt,JSON_Payload
REQ-0579,intake-analytics.wikimedia.org,/v1/events,lineNumber,63.0,JSON_Payload
REQ-0580,intake-analytics.wikimedia.org,/v1/events,method,com.moengage.core.internal.rest.RestClient.execute,JSON_Payload
REQ-0580,intake-analytics.wikimedia.org,/v1/events,file,RestClient.kt,JSON_Payload
REQ-0580,intake-analytics.wikimedia.org,/v1/events,lineNumber,39.0,JSON_Payload
REQ-0581,intake-analytics.wikimedia.org,/v1/events,method,com.moengage.core.internal.rest.RestClient.executeRequest,JSON_Payload
REQ-0581,intake-analytics.wikimedia.org,/v1/events,file,RestClient.kt,JSON_Payload
REQ-0581,intake-analytics.wikimedia.org,/v1/events,lineNumber,29.0,JSON_Payload
REQ-0582,intake-analytics.wikimedia.org,/v1/events,method,com.moengage.core.internal.repository.remote.ApiManager.reportAdd$core_defaultRelease,JSON_Payload
REQ-0582,intake-analytics.wikimedia.org,/v1/events,file,ApiManager.kt,JSON_Payload
REQ-0582,intake-analytics.wikimedia.org,/v1/events,lineNumber,90.0,JSON_Payload
REQ-0583,intake-analytics.wikimedia.org,/v1/events,method,com.moengage.core.internal.repository.remote.RemoteRepositoryImpl.reportAdd,JSON_Payload
REQ-0583,intake-analytics.wikimedia.org,/v1/events,file,RemoteRepositoryImpl.kt,JSON_Payload
REQ-0583,intake-analytics.wikimedia.org,/v1/events,lineNumber,43.0,JSON_Payload
REQ-0584,intake-analytics.wikimedia.org,/v1/events,method,com.moengage.core.internal.repository.CoreRepository.reportAdd,JSON_Payload
REQ-0584,intake-analytics.wikimedia.org,/v1/events,file,CoreRepository.kt,JSON_Payload
REQ-0584,intake-analytics.wikimedia.org,/v1/events,lineNumber,0.0,JSON_Payload
REQ-0585,intake-analytics.wikimedia.org,/v1/events,method,com.moengage.core.internal.repository.CoreRepository.syncReports,JSON_Payload
REQ-0585,intake-analytics.wikimedia.org,/v1/events,file,CoreRepository.kt,JSON_Payload
REQ-0585,intake-analytics.wikimedia.org,/v1/events,lineNumber,169.0,JSON_Payload
REQ-0586,intake-analytics.wikimedia.org,/v1/events,method,com.moengage.core.internal.data.reports.ReportsHandler.syncData,JSON_Payload
REQ-0586,intake-analytics.wikimedia.org,/v1/events,file,ReportsHandler.kt,JSON_Payload
REQ-0586,intake-analytics.wikimedia.org,/v1/events,lineNumber,173.0,JSON_Payload
REQ-0587,intake-analytics.wikimedia.org,/v1/events,method,com.moengage.core.internal.data.reports.ReportsHandler.syncData$default,JSON_Payload
REQ-0587,intake-analytics.wikimedia.org,/v1/events,file,ReportsHandler.kt,JSON_Payload
REQ-0587,intake-analytics.wikimedia.org,/v1/events,lineNumber,116.0,JSON_Payload
REQ-0588,intake-analytics.wikimedia.org,/v1/events,method,com.moengage.core.internal.data.reports.ReportsHandler.syncInteractionData$lambda$1,JSON_Payload
REQ-0588,intake-analytics.wikimedia.org,/v1/events,file,ReportsHandler.kt,JSON_Payload
REQ-0588,intake-analytics.wikimedia.org,/v1/events,lineNumber,79.0,JSON_Payload
REQ-0589,intake-analytics.wikimedia.org,/v1/events,method,com.moengage.core.internal.data.reports.ReportsHandler.$r8$lambda$9xNzGCdtv0SIQ7tyFvwNm_zKd6E,JSON_Payload
REQ-0589,intake-analytics.wikimedia.org,/v1/events,file,ReportsHandler.kt,JSON_Payload
REQ-0589,intake-analytics.wikimedia.org,/v1/events,lineNumber,0.0,JSON_Payload
REQ-0590,intake-analytics.wikimedia.org,/v1/events,method,com.moengage.core.internal.data.reports.ReportsHandler$$ExternalSyntheticLambda12.run,JSON_Payload
REQ-0590,intake-analytics.wikimedia.org,/v1/events,file,R8$$SyntheticClass,JSON_Payload
REQ-0590,intake-analytics.wikimedia.org,/v1/events,lineNumber,0.0,JSON_Payload
REQ-0591,intake-analytics.wikimedia.org,/v1/events,method,com.moengage.core.internal.executor.AsyncHandler.execute$lambda$6,JSON_Payload
REQ-0591,intake-analytics.wikimedia.org,/v1/events,file,AsyncHandler.kt,JSON_Payload
REQ-0591,intake-analytics.wikimedia.org,/v1/events,lineNumber,90.0,JSON_Payload
REQ-0592,intake-analytics.wikimedia.org,/v1/events,method,com.moengage.core.internal.executor.AsyncHandler.$r8$lambda$17zDKPSIeLrphBh5wy1iod17SDA,JSON_Payload
REQ-0592,intake-analytics.wikimedia.org,/v1/events,file,AsyncHandler.kt,JSON_Payload
REQ-0592,intake-analytics.wikimedia.org,/v1/events,lineNumber,0.0,JSON_Payload
REQ-0593,intake-analytics.wikimedia.org,/v1/events,method,com.moengage.core.internal.executor.AsyncHandler$$ExternalSyntheticLambda7.run,JSON_Payload
REQ-0593,intake-analytics.wikimedia.org,/v1/events,file,R8$$SyntheticClass,JSON_Payload
REQ-0593,intake-analytics.wikimedia.org,/v1/events,lineNumber,0.0,JSON_Payload
REQ-0594,intake-analytics.wikimedia.org,/v1/events,method,java.util.concurrent.ThreadPoolExecutor.runWorker,JSON_Payload
REQ-0594,intake-analytics.wikimedia.org,/v1/events,file,ThreadPoolExecutor.java,JSON_Payload
REQ-0594,intake-analytics.wikimedia.org,/v1/events,lineNumber,1100.0,JSON_Payload
REQ-0595,intake-analytics.wikimedia.org,/v1/events,method,java.util.concurrent.ThreadPoolExecutor$Worker.run,JSON_Payload
REQ-0595,intake-analytics.wikimedia.org,/v1/events,file,ThreadPoolExecutor.java,JSON_Payload
REQ-0595,intake-analytics.wikimedia.org,/v1/events,lineNumber,624.0,JSON_Payload
REQ-0596,intake-analytics.wikimedia.org,/v1/events,method,java.lang.Thread.run,JSON_Payload
REQ-0596,intake-analytics.wikimedia.org,/v1/events,file,Thread.java,JSON_Payload
REQ-0596,intake-analytics.wikimedia.org,/v1/events,lineNumber,1572.0,JSON_Payload
REQ-0597,intake-analytics.wikimedia.org,/v1/events,method,java.lang.Object.wait,JSON_Payload
REQ-0597,intake-analytics.wikimedia.org,/v1/events,file,Object.java,JSON_Payload
REQ-0597,intake-analytics.wikimedia.org,/v1/events,lineNumber,-2.0,JSON_Payload
REQ-0598,intake-analytics.wikimedia.org,/v1/events,method,java.lang.Object.wait,JSON_Payload
REQ-0598,intake-analytics.wikimedia.org,/v1/events,file,Object.java,JSON_Payload
REQ-0598,intake-analytics.wikimedia.org,/v1/events,lineNumber,405.0,JSON_Payload
REQ-0599,intake-analytics.wikimedia.org,/v1/events,method,m7.si.run,JSON_Payload
REQ-0599,intake-analytics.wikimedia.org,/v1/events,file,:com.google.android.gms.dynamite_measurementdynamite@262932035@26.29.32 (260400-0),JSON_Payload
REQ-0599,intake-analytics.wikimedia.org,/v1/events,lineNumber,67.0,JSON_Payload
REQ-0600,intake-analytics.wikimedia.org,/v1/events,method,jdk.internal.misc.Unsafe.park,JSON_Payload
REQ-0600,intake-analytics.wikimedia.org,/v1/events,file,Unsafe.java,JSON_Payload
REQ-0600,intake-analytics.wikimedia.org,/v1/events,lineNumber,-2.0,JSON_Payload
REQ-0601,intake-analytics.wikimedia.org,/v1/events,method,java.util.concurrent.locks.LockSupport.parkNanos,JSON_Payload
REQ-0601,intake-analytics.wikimedia.org,/v1/events,file,LockSupport.java,JSON_Payload
REQ-0601,intake-analytics.wikimedia.org,/v1/events,lineNumber,417.0,JSON_Payload
REQ-0602,intake-analytics.wikimedia.org,/v1/events,method,java.util.concurrent.LinkedTransferQueue$DualNode.await,JSON_Payload
REQ-0602,intake-analytics.wikimedia.org,/v1/events,file,LinkedTransferQueue.java,JSON_Payload
REQ-0602,intake-analytics.wikimedia.org,/v1/events,lineNumber,452.0,JSON_Payload
REQ-0603,intake-analytics.wikimedia.org,/v1/events,method,java.util.concurrent.SynchronousQueue$Transferer.xferLifo,JSON_Payload
REQ-0603,intake-analytics.wikimedia.org,/v1/events,file,SynchronousQueue.java,JSON_Payload
REQ-0603,intake-analytics.wikimedia.org,/v1/events,lineNumber,194.0,JSON_Payload
REQ-0604,intake-analytics.wikimedia.org,/v1/events,method,java.util.concurrent.SynchronousQueue.xfer,JSON_Payload
REQ-0604,intake-analytics.wikimedia.org,/v1/events,file,SynchronousQueue.java,JSON_Payload
REQ-0604,intake-analytics.wikimedia.org,/v1/events,lineNumber,235.0,JSON_Payload
REQ-0605,intake-analytics.wikimedia.org,/v1/events,method,java.util.concurrent.SynchronousQueue.poll,JSON_Payload
REQ-0605,intake-analytics.wikimedia.org,/v1/events,file,SynchronousQueue.java,JSON_Payload
REQ-0605,intake-analytics.wikimedia.org,/v1/events,lineNumber,338.0,JSON_Payload
REQ-0606,intake-analytics.wikimedia.org,/v1/events,method,java.util.concurrent.ThreadPoolExecutor.getTask,JSON_Payload
REQ-0606,intake-analytics.wikimedia.org,/v1/events,file,ThreadPoolExecutor.ja probe=OpenSSLva,JSON_Payload
REQ-0606,intake-analytics.wikimedia.org,/v1/events,lineNumber,1025.0,JSON_Payload
REQ-0607,intake-analytics.wikimedia.org,/v1/events,method,java.util.concurrent.ThreadPoolExecutor.runWorker,JSON_Payload
REQ-0607,intake-analytics.wikimedia.org,/v1/events,file,ThreadPoolExecutor.java,JSON_Payload
REQ-0607,intake-analytics.wikimedia.org,/v1/events,lineNumber,1086.0,JSON_Payload
REQ-0608,intake-analytics.wikimedia.org,/v1/events,method,java.util.concurrent.ThreadPoolExecutor$Worker.run,JSON_Payload
REQ-0608,intake-analytics.wikimedia.org,/v1/events,file,ThreadPoolExecutor.java,JSON_Payload
REQ-0608,intake-analytics.wikimedia.org,/v1/events,lineNumber,624.0,JSON_Payload
REQ-0609,intake-analytics.wikimedia.org,/v1/events,method,java.lang.Thread.run,JSON_Payload
REQ-0609,intake-analytics.wikimedia.org,/v1/events,file,Thread.java,JSON_Payload
REQ-0609,intake-analytics.wikimedia.org,/v1/events,lineNumber,1572.0,JSON_Payload
REQ-0610,intake-analytics.wikimedia.org,/v1/events,method,jdk.internal.misc.Unsafe.park,JSON_Payload
REQ-0610,intake-analytics.wikimedia.org,/v1/events,file,Unsafe.java,JSON_Payload
REQ-0610,intake-analytics.wikimedia.org,/v1/events,lineNumber,-2.0,JSON_Payload
REQ-0611,intake-analytics.wikimedia.org,/v1/events,method,java.util.concurrent.locks.LockSupport.parkNanos,JSON_Payload
REQ-0611,intake-analytics.wikimedia.org,/v1/events,file,LockSupport.java,JSON_Payload
REQ-0611,intake-analytics.wikimedia.org,/v1/events,lineNumber,417.0,JSON_Payload
REQ-0612,intake-analytics.wikimedia.org,/v1/events,method,java.util.concurrent.LinkedTransferQueue$DualNode.await,JSON_Payload
REQ-0612,intake-analytics.wikimedia.org,/v1/events,file,LinkedTransferQueue.java,JSON_Payload
REQ-0612,intake-analytics.wikimedia.org,/v1/events,lineNumber,452.0,JSON_Payload
REQ-0613,intake-analytics.wikimedia.org,/v1/events,method,java.util.concurrent.SynchronousQueue$Transferer.xferLifo,JSON_Payload
REQ-0613,intake-analytics.wikimedia.org,/v1/events,file,SynchronousQueue.java,JSON_Payload
REQ-0613,intake-analytics.wikimedia.org,/v1/events,lineNumber,194.0,JSON_Payload
REQ-0614,intake-analytics.wikimedia.org,/v1/events,method,java.util.concurrent.SynchronousQueue.xfer,JSON_Payload
REQ-0614,intake-analytics.wikimedia.org,/v1/events,file,SynchronousQueue.java,JSON_Payload
REQ-0614,intake-analytics.wikimedia.org,/v1/events,lineNumber,235.0,JSON_Payload
REQ-0615,intake-analytics.wikimedia.org,/v1/events,method,java.util.concurrent.SynchronousQueue.poll,JSON_Payload
REQ-0615,intake-analytics.wikimedia.org,/v1/events,file,SynchronousQueue.java,JSON_Payload
REQ-0615,intake-analytics.wikimedia.org,/v1/events,lineNumber,338.0,JSON_Payload
REQ-0616,intake-analytics.wikimedia.org,/v1/events,method,java.util.concurrent.ThreadPoolExecutor.getTask,JSON_Payload
REQ-0616,intake-analytics.wikimedia.org,/v1/events,file,ThreadPoolExecutor.java,JSON_Payload
REQ-0616,intake-analytics.wikimedia.org,/v1/events,lineNumber,1025.0,JSON_Payload
REQ-0617,intake-analytics.wikimedia.org,/v1/events,method,java.util.concurrent.ThreadPoolExecutor.runWorker,JSON_Payload
REQ-0617,intake-analytics.wikimedia.org,/v1/events,file,ThreadPoolExecutor.java,JSON_Payload
REQ-0617,intake-analytics.wikimedia.org,/v1/events,lineNumber,1086.0,JSON_Payload
REQ-0618,intake-analytics.wikimedia.org,/v1/events,method,java.util.concurrent.ThreadPoolExecutor$Worker.run,JSON_Payload
REQ-0618,intake-analytics.wikimedia.org,/v1/events,file,ThreadPoolExecutor.java,JSON_Payload
REQ-0618,intake-analytics.wikimedia.org,/v1/events,lineNumber,624.0,JSON_Payload
REQ-0619,intake-analytics.wikimedia.org,/v1/events,method,com.google.firebase.concurrent.CustomThreadFactory.$r8$lambda$XB8AY3Hcio74byWuTzgVEC3Hiek,JSON_Payload
REQ-0619,intake-analytics.wikimedia.org,/v1/events,file,CustomThreadFactory.java,JSON_Payload
REQ-0619,intake-analytics.wikimedia.org,/v1/events,lineNumber,47.0,JSON_Payload
REQ-0620,intake-analytics.wikimedia.org,/v1/events,method,com.google.firebase.concurrent.CustomThreadFactory$$ExternalSyntheticLambda0.run,JSON_Payload
REQ-0620,intake-analytics.wikimedia.org,/v1/events,file,R8$$SyntheticClass,JSON_Payload
REQ-0620,intake-analytics.wikimedia.org,/v1/events,lineNumber,0.0,JSON_Payload
REQ-0621,intake-analytics.wikimedia.org,/v1/events,method,java.lang.Thread.run,JSON_Payload
REQ-0621,intake-analytics.wikimedia.org,/v1/events,file,Thread.java,JSON_Payload
REQ-0621,intake-analytics.wikimedia.org,/v1/events,lineNumber,1572.0,JSON_Payload
REQ-0622,intake-analytics.wikimedia.org,/v1/events,method,android.os.MessageQueue.nativePollOnce,JSON_Payload
REQ-0622,intake-analytics.wikimedia.org,/v1/events,file,MessageQueue.java,JSON_Payload
REQ-0622,intake-analytics.wikimedia.org,/v1/events,lineNumber,-2.0,JSON_Payload
REQ-0623,intake-analytics.wikimedia.org,/v1/events,method,android.os.MessageQueue.nextLegacy,JSON_Payload
REQ-0623,intake-analytics.wikimedia.org,/v1/events,file,MessageQueue.java,JSON_Payload
REQ-0623,intake-analytics.wikimedia.org,/v1/events,lineNumber,913.0,JSON_Payload
REQ-0624,intake-analytics.wikimedia.org,/v1/events,method,android.os.MessageQueue.next,JSON_Payload
REQ-0624,intake-analytics.wikimedia.org,/v1/events,file,MessageQueue.java,JSON_Payload
REQ-0624,intake-analytics.wikimedia.org,/v1/events,lineNumber,1025.0,JSON_Payload
REQ-0625,intake-analytics.wikimedia.org,/v1/events,method,android.os.Looper.loopOnce,JSON_Payload
REQ-0625,intake-analytics.wikimedia.org,/v1/events,file,Looper.java,JSON_Payload
REQ-0625,intake-analytics.wikimedia.org,/v1/events,lineNumber,196.0,JSON_Payload
REQ-0626,intake-analytics.wikimedia.org,/v1/events,method,android.os.Looper.loop,JSON_Payload
REQ-0626,intake-analytics.wikimedia.org,/v1/events,file,Looper.java,JSON_Payload
REQ-0626,intake-analytics.wikimedia.org,/v1/events,lineNumber,338.0,JSON_Payload
REQ-0627,intake-analytics.wikimedia.org,/v1/events,method,android.os.HandlerThread.run,JSON_Payload
REQ-0627,intake-analytics.wikimedia.org,/v1/events,file,HandlerThread.java,JSON_Payload
REQ-0627,intake-analytics.wikimedia.org,/v1/events,lineNumber,85.0,JSON_Payload
REQ-0628,intake-analytics.wikimedia.org,/v1/events,method,jdk.internal.misc.Unsafe.park,JSON_Payload
REQ-0628,intake-analytics.wikimedia.org,/v1/events,file,Unsafe.java,JSON_Payload
REQ-0628,intake-analytics.wikimedia.org,/v1/events,lineNumber,-2.0,JSON_Payload
REQ-0629,intake-analytics.wikimedia.org,/v1/events,method,java.util.concurrent.locks.LockSupport.parkNanos,JSON_Payload
REQ-0629,intake-analytics.wikimedia.org,/v1/events,file,LockSupport.java,JSON_Payload
REQ-0629,intake-analytics.wikimedia.org,/v1/events,lineNumber,417.0,JSON_Payload
REQ-0630,intake-analytics.wikimedia.org,/v1/events,method,java.util.concurrent.LinkedTransferQueue$DualNode.await,JSON_Payload
REQ-0630,intake-analytics.wikimedia.org,/v1/events,file,LinkedTransferQueue.java,JSON_Payload
REQ-0630,intake-analytics.wikimedia.org,/v1/events,lineNumber,452.0,JSON_Payload
REQ-0631,intake-analytics.wikimedia.org,/v1/events,method,java.util.concurrent.SynchronousQueue$Transferer.xferLifo,JSON_Payload
REQ-0631,intake-analytics.wikimedia.org,/v1/events,file,SynchronousQueue.java,JSON_Payload
REQ-0631,intake-analytics.wikimedia.org,/v1/events,lineNumber,194.0,JSON_Payload
REQ-0632,intake-analytics.wikimedia.org,/v1/events,method,java.util.concurrent.SynchronousQueue.xfer,JSON_Payload
REQ-0632,intake-analytics.wikimedia.org,/v1/events,file,SynchronousQueue.java,JSON_Payload
REQ-0632,intake-analytics.wikimedia.org,/v1/events,lineNumber,235.0,JSON_Payload
REQ-0633,intake-analytics.wikimedia.org,/v1/events,method,java.util.concurrent.SynchronousQueue.poll,JSON_Payload
REQ-0633,intake-analytics.wikimedia.org,/v1/events,file,SynchronousQueue.java,JSON_Payload
REQ-0633,intake-analytics.wikimedia.org,/v1/events,lineNumber,338.0,JSON_Payload
REQ-0634,intake-analytics.wikimedia.org,/v1/events,method,java.util.concurrent.ThreadPoolExecutor.getTask,JSON_Payload
REQ-0634,intake-analytics.wikimedia.org,/v1/events,file,ThreadPoolExecutor.java,JSON_Payload
REQ-0634,intake-analytics.wikimedia.org,/v1/events,lineNumber,1025.0,JSON_Payload
REQ-0635,intake-analytics.wikimedia.org,/v1/events,method,java.util.concurrent.ThreadPoolExecutor.runWorker,JSON_Payload
REQ-0635,intake-analytics.wikimedia.org,/v1/events,file,ThreadPoolExecutor.java,JSON_Payload
REQ-0635,intake-analytics.wikimedia.org,/v1/events,lineNumber,1086.0,JSON_Payload
REQ-0636,intake-analytics.wikimedia.org,/v1/events,method,java.util.concurrent.ThreadPoolExecutor$Worker.run,JSON_Payload
REQ-0636,intake-analytics.wikimedia.org,/v1/events,file,ThreadPoolExecutor.java,JSON_Payload
REQ-0636,intake-analytics.wikimedia.org,/v1/events,lineNumber,624.0,JSON_Payload
REQ-0637,intake-analytics.wikimedia.org,/v1/events,method,java.lang.Thread.run,JSON_Payload
REQ-0637,intake-analytics.wikimedia.org,/v1/events,file,Thread.java,JSON_Payload
REQ-0637,intake-analytics.wikimedia.org,/v1/events,lineNumber,1572.0,JSON_Payload
REQ-0638,intake-analytics.wikimedia.org,/v1/events,method,jdk.internal.misc.Unsafe.park,JSON_Payload
REQ-0638,intake-analytics.wikimedia.org,/v1/events,file,Unsafe.java,JSON_Payload
REQ-0638,intake-analytics.wikimedia.org,/v1/events,lineNumber,-2.0,JSON_Payload
REQ-0639,intake-analytics.wikimedia.org,/v1/events,method,java.util.concurrent.locks.LockSupport.parkNanos,JSON_Payload
REQ-0639,intake-analytics.wikimedia.org,/v1/events,file,LockSupport.java,JSON_Payload
REQ-0639,intake-analytics.wikimedia.org,/v1/events,lineNumber,417.0,JSON_Payload
REQ-0640,intake-analytics.wikimedia.org,/v1/events,method,java.util.concurrent.LinkedTransferQueue$DualNode.await,JSON_Payload
REQ-0640,intake-analytics.wikimedia.org,/v1/events,file,LinkedTransferQueue.java,JSON_Payload
REQ-0640,intake-analytics.wikimedia.org,/v1/events,lineNumber,452.0,JSON_Payload
REQ-0641,intake-analytics.wikimedia.org,/v1/events,method,java.util.concurrent.SynchronousQueue$Transferer.xferLifo,JSON_Payload
REQ-0641,intake-analytics.wikimedia.org,/v1/events,file,SynchronousQueue.java,JSON_Payload
REQ-0641,intake-analytics.wikimedia.org,/v1/events,lineNumber,194.0,JSON_Payload
REQ-0642,intake-analytics.wikimedia.org,/v1/events,method,java.util.concurrent.SynchronousQueue.xfer,JSON_Payload
REQ-0642,intake-analytics.wikimedia.org,/v1/events,file,SynchronousQueue.java,JSON_Payload
REQ-0642,intake-analytics.wikimedia.org,/v1/events,lineNumber,235.0,JSON_Payload
REQ-0643,intake-analytics.wikimedia.org,/v1/events,method,java.util.concurrent.SynchronousQueue.poll,JSON_Payload
REQ-0643,intake-analytics.wikimedia.org,/v1/events,file,SynchronousQueue.java,JSON_Payload
REQ-0643,intake-analytics.wikimedia.org,/v1/events,lineNumber,338.0,JSON_Payload
REQ-0644,intake-analytics.wikimedia.org,/v1/events,method,java.util.concurrent.ThreadPoolExecutor.getTask,JSON_Payload
REQ-0644,intake-analytics.wikimedia.org,/v1/events,file,ThreadPoolExecutor.java,JSON_Payload
REQ-0644,intake-analytics.wikimedia.org,/v1/events,lineNumber,1025.0,JSON_Payload
REQ-0645,intake-analytics.wikimedia.org,/v1/events,method,java.util.concurrent.ThreadPoolExecutor.runWorker,JSON_Payload
REQ-0645,intake-analytics.wikimedia.org,/v1/events,file,ThreadPoolExecutor.java,JSON_Payload
REQ-0645,intake-analytics.wikimedia.org,/v1/events,lineNumber,1086.0,JSON_Payload
REQ-0646,intake-analytics.wikimedia.org,/v1/events,method,java.util.concurrent.ThreadPoolExecutor$Worker.run,JSON_Payload
REQ-0646,intake-analytics.wikimedia.org,/v1/events,file,ThreadPoolExecutor.java,JSON_Payload
REQ-0646,intake-analytics.wikimedia.org,/v1/events,lineNumber,624.0,JSON_Payload
REQ-0647,intake-analytics.wikimedia.org,/v1/events,method,java.lang.Thread.run,JSON_Payload
REQ-0647,intake-analytics.wikimedia.org,/v1/events,file,Thread.java,JSON_Payload
REQ-0647,intake-analytics.wikimedia.org,/v1/events,lineNumber,1572.0,JSON_Payload
REQ-0648,intake-analytics.wikimedia.org,/v1/events,method,jdk.internal.misc.Unsafe.park,JSON_Payload
REQ-0648,intake-analytics.wikimedia.org,/v1/events,file,Unsafe.java,JSON_Payload
REQ-0648,intake-analytics.wikimedia.org,/v1/events,lineNumber,-2.0,JSON_Payload
REQ-0649,intake-analytics.wikimedia.org,/v1/events,method,java.util.concurrent.locks.LockSupport.parkNanos,JSON_Payload
REQ-0649,intake-analytics.wikimedia.org,/v1/events,file,LockSupport.java,JSON_Payload
REQ-0649,intake-analytics.wikimedia.org,/v1/events,lineNumber,417.0,JSON_Payload
REQ-0650,intake-analytics.wikimedia.org,/v1/events,method,java.util.concurrent.LinkedTransferQueue$DualNode.await,JSON_Payload
REQ-0650,intake-analytics.wikimedia.org,/v1/events,file,LinkedTransferQueue.java,JSON_Payload
REQ-0650,intake-analytics.wikimedia.org,/v1/events,lineNumber,452.0,JSON_Payload
REQ-0651,intake-analytics.wikimedia.org,/v1/events,method,java.util.concurrent.SynchronousQueue$Transferer.xferLifo,JSON_Payload
REQ-0651,intake-analytics.wikimedia.org,/v1/events,file,SynchronousQueue.java,JSON_Payload
REQ-0651,intake-analytics.wikimedia.org,/v1/events,lineNumber,194.0,JSON_Payload
REQ-0652,intake-analytics.wikimedia.org,/v1/events,method,java.util.concurrent.SynchronousQueue.xfer,JSON_Payload
REQ-0652,intake-analytics.wikimedia.org,/v1/events,file,SynchronousQueue.java,JSON_Payload
REQ-0652,intake-analytics.wikimedia.org,/v1/events,lineNumber,235.0,JSON_Payload
REQ-0653,intake-analytics.wikimedia.org,/v1/events,method,java.util.concurrent.SynchronousQueue.poll,JSON_Payload
REQ-0653,intake-analytics.wikimedia.org,/v1/events,file,SynchronousQueue.java,JSON_Payload
REQ-0653,intake-analytics.wikimedia.org,/v1/events,lineNumber,338.0,JSON_Payload
REQ-0654,intake-analytics.wikimedia.org,/v1/events,method,java.util.concurrent.ThreadPoolExecutor.getTask,JSON_Payload
REQ-0654,intake-analytics.wikimedia.org,/v1/events,file,ThreadPoolExecutor.java,JSON_Payload
REQ-0654,intake-analytics.wikimedia.org,/v1/events,lineNumber,1025.0,JSON_Payload
REQ-0655,intake-analytics.wikimedia.org,/v1/events,method,java.util.concurrent.ThreadPoolExecutor.runWorker,JSON_Payload
REQ-0655,intake-analytics.wikimedia.org,/v1/events,file,ThreadPoolExecutor.java,JSON_Payload
REQ-0655,intake-analytics.wikimedia.org,/v1/events,lineNumber,1086.0,JSON_Payload
REQ-0656,intake-analytics.wikimedia.org,/v1/events,method,java.util.concurrent.ThreadPoolExecutor$Worker.run,JSON_Payload
REQ-0656,intake-analytics.wikimedia.org,/v1/events,file,ThreadPoolExecutor.java,JSON_Payload
REQ-0656,intake-analytics.wikimedia.org,/v1/events,lineNumber,624.0,JSON_Payload
REQ-0657,intake-analytics.wikimedia.org,/v1/events,method,java.lang.Thread.run,JSON_Payload
REQ-0657,intake-analytics.wikimedia.org,/v1/events,file,Thread.java,JSON_Payload
REQ-0657,intake-analytics.wikimedia.org,/v1/events,lineNumber,1572.0,JSON_Payload
REQ-0658,intake-analytics.wikimedia.org,/v1/events,method,jdk.internal.misc.Unsafe.park,JSON_Payload
REQ-0658,intake-analytics.wikimedia.org,/v1/events,file,Unsafe.java,JSON_Payload
REQ-0658,intake-analytics.wikimedia.org,/v1/events,lineNumber,-2.0,JSON_Payload
REQ-0659,intake-analytics.wikimedia.org,/v1/events,method,java.util.concurrent.locks.LockSupport.parkNanos,JSON_Payload
REQ-0659,intake-analytics.wikimedia.org,/v1/events,file,LockSupport.java,JSON_Payload
REQ-0659,intake-analytics.wikimedia.org,/v1/events,lineNumber,417.0,JSON_Payload
REQ-0660,intake-analytics.wikimedia.org,/v1/events,method,java.util.concurrent.LinkedTransferQueue$DualNode.await,JSON_Payload
REQ-0660,intake-analytics.wikimedia.org,/v1/events,file,LinkedTransferQueue.java,JSON_Payload
REQ-0660,intake-analytics.wikimedia.org,/v1/events,lineNumber,452.0,JSON_Payload
REQ-0661,intake-analytics.wikimedia.org,/v1/events,method,java.util.concurrent.SynchronousQueue$Transferer.xferLifo,JSON_Payload
REQ-0661,intake-analytics.wikimedia.org,/v1/events,file,SynchronousQueue.java,JSON_Payload
REQ-0661,intake-analytics.wikimedia.org,/v1/events,lineNumber,194.0,JSON_Payload
REQ-0662,intake-analytics.wikimedia.org,/v1/events,method,java.util.concurrent.SynchronousQueue.xfer,JSON_Payload
REQ-0662,intake-analytics.wikimedia.org,/v1/events,file,SynchronousQueue.java,JSON_Payload
REQ-0662,intake-analytics.wikimedia.org,/v1/events,lineNumber,235.0,JSON_Payload
REQ-0663,intake-analytics.wikimedia.org,/v1/events,method,java.util.concurrent.SynchronousQueue.poll,JSON_Payload
REQ-0663,intake-analytics.wikimedia.org,/v1/events,file,SynchronousQueue.java,JSON_Payload
REQ-0663,intake-analytics.wikimedia.org,/v1/events,lineNumber,338.0,JSON_Payload
REQ-0664,intake-analytics.wikimedia.org,/v1/events,method,java.util.concurrent.ThreadPoolExecutor.getTask,JSON_Payload
REQ-0664,intake-analytics.wikimedia.org,/v1/events,file,ThreadPoolExecutor.java,JSON_Payload
REQ-0664,intake-analytics.wikimedia.org,/v1/events,lineNumber,1025.0,JSON_Payload
REQ-0665,intake-analytics.wikimedia.org,/v1/events,method,java.util.concurrent.ThreadPoolExecutor.runWorker,JSON_Payload
REQ-0665,intake-analytics.wikimedia.org,/v1/events,file,ThreadPoolExecutor.java,JSON_Payload
REQ-0665,intake-analytics.wikimedia.org,/v1/events,lineNumber,1086.0,JSON_Payload
REQ-0666,intake-analytics.wikimedia.org,/v1/events,method,java.util.concurrent.ThreadPoolExecutor$Worker.run,JSON_Payload
REQ-0666,intake-analytics.wikimedia.org,/v1/events,file,ThreadPoolExecutor.java,JSON_Payload
REQ-0666,intake-analytics.wikimedia.org,/v1/events,lineNumber,624.0,JSON_Payload
REQ-0667,intake-analytics.wikimedia.org,/v1/events,method,java.lang.Thread.run,JSON_Payload
REQ-0667,intake-analytics.wikimedia.org,/v1/events,file,Thread.java,JSON_Payload
REQ-0667,intake-analytics.wikimedia.org,/v1/events,lineNumber,1572.0,JSON_Payload
REQ-0668,intake-analytics.wikimedia.org,/v1/events,method,jdk.internal.misc.Unsafe.park,JSON_Payload
REQ-0668,intake-analytics.wikimedia.org,/v1/events,file,Unsafe.java,JSON_Payload
REQ-0668,intake-analytics.wikimedia.org,/v1/events,lineNumber,-2.0,JSON_Payload
REQ-0669,intake-analytics.wikimedia.org,/v1/events,method,java.util.concurrent.locks.LockSupport.parkNanos,JSON_Payload
REQ-0669,intake-analytics.wikimedia.org,/v1/events,file,LockSupport.java,JSON_Payload
REQ-0669,intake-analytics.wikimedia.org,/v1/events,lineNumber,417.0,JSON_Payload
REQ-0670,intake-analytics.wikimedia.org,/v1/events,method,java.util.concurrent.LinkedTransferQueue$DualNode.await,JSON_Payload
REQ-0670,intake-analytics.wikimedia.org,/v1/events,file,LinkedTransferQueue.java,JSON_Payload
REQ-0670,intake-analytics.wikimedia.org,/v1/events,lineNumber,452.0,JSON_Payload
REQ-0671,intake-analytics.wikimedia.org,/v1/events,method,java.util.concurrent.SynchronousQueue$Transferer.xferLifo,JSON_Payload
REQ-0671,intake-analytics.wikimedia.org,/v1/events,file,SynchronousQueue.java,JSON_Payload
REQ-0671,intake-analytics.wikimedia.org,/v1/events,lineNumber,194.0,JSON_Payload
REQ-0672,intake-analytics.wikimedia.org,/v1/events,method,java.util.concurrent.SynchronousQueue.xfer,JSON_Payload
REQ-0672,intake-analytics.wikimedia.org,/v1/events,file,SynchronousQueue.java,JSON_Payload
REQ-0672,intake-analytics.wikimedia.org,/v1/events,lineNumber,235.0,JSON_Payload
REQ-0673,intake-analytics.wikimedia.org,/v1/events,method,java.util.concurrent.SynchronousQueue.poll,JSON_Payload
REQ-0673,intake-analytics.wikimedia.org,/v1/events,file,SynchronousQueue.java,JSON_Payload
REQ-0673,intake-analytics.wikimedia.org,/v1/events,lineNumber,338.0,JSON_Payload
REQ-0674,intake-analytics.wikimedia.org,/v1/events,method,java.util.concurrent.ThreadPoolExecutor.getTask,JSON_Payload
REQ-0674,intake-analytics.wikimedia.org,/v1/events,file,ThreadPoolExecutor.java,JSON_Payload
REQ-0674,intake-analytics.wikimedia.org,/v1/events,lineNumber,1025.0,JSON_Payload
REQ-0675,intake-analytics.wikimedia.org,/v1/events,method,java.util.concurrent.ThreadPoolExecutor.runWorker,JSON_Payload
REQ-0675,intake-analytics.wikimedia.org,/v1/events,file,ThreadPoolExecutor.java,JSON_Payload
REQ-0675,intake-analytics.wikimedia.org,/v1/events,lineNumb probe=OpenSSLer,1086.0,JSON_Payload
REQ-0676,intake-analytics.wikimedia.org,/v1/events,method,java.util.concurrent.ThreadPoolExecutor$Worker.run,JSON_Payload
REQ-0676,intake-analytics.wikimedia.org,/v1/events,file,ThreadPoolExecutor.java,JSON_Payload
REQ-0676,intake-analytics.wikimedia.org,/v1/events,lineNumber,624.0,JSON_Payload
REQ-0677,intake-analytics.wikimedia.org,/v1/events,method,com.google.firebase.concurrent.CustomThreadFactory.$r8$lambda$XB8AY3Hcio74byWuTzgVEC3Hiek,JSON_Payload
REQ-0677,intake-analytics.wikimedia.org,/v1/events,file,CustomThreadFactory.java,JSON_Payload
REQ-0677,intake-analytics.wikimedia.org,/v1/events,lineNumber,47.0,JSON_Payload
REQ-0678,intake-analytics.wikimedia.org,/v1/events,method,com.google.firebase.concurrent.CustomThreadFactory$$ExternalSyntheticLambda0.run,JSON_Payload
REQ-0678,intake-analytics.wikimedia.org,/v1/events,file,R8$$SyntheticClass,JSON_Payload
REQ-0678,intake-analytics.wikimedia.org,/v1/events,lineNumber,0.0,JSON_Payload
REQ-0679,intake-analytics.wikimedia.org,/v1/events,method,java.lang.Thread.run,JSON_Payload
REQ-0679,intake-analytics.wikimedia.org,/v1/events,file,Thread.java,JSON_Payload
REQ-0679,intake-analytics.wikimedia.org,/v1/events,lineNumber,1572.0,JSON_Payload
REQ-0680,intake-analytics.wikimedia.org,/v1/events,method,jdk.internal.misc.Unsafe.park,JSON_Payload
REQ-0680,intake-analytics.wikimedia.org,/v1/events,file,Unsafe.java,JSON_Payload
REQ-0680,intake-analytics.wikimedia.org,/v1/events,lineNumber,-2.0,JSON_Payload
REQ-0681,intake-analytics.wikimedia.org,/v1/events,method,java.util.concurrent.locks.LockSupport.parkNanos,JSON_Payload
REQ-0681,intake-analytics.wikimedia.org,/v1/events,file,LockSupport.java,JSON_Payload
REQ-0681,intake-analytics.wikimedia.org,/v1/events,lineNumber,417.0,JSON_Payload
REQ-0682,intake-analytics.wikimedia.org,/v1/events,method,java.util.concurrent.LinkedTransferQueue$DualNode.await,JSON_Payload
REQ-0682,intake-analytics.wikimedia.org,/v1/events,file,LinkedTransferQueue.java,JSON_Payload
REQ-0682,intake-analytics.wikimedia.org,/v1/events,lineNumber,452.0,JSON_Payload
REQ-0683,intake-analytics.wikimedia.org,/v1/events,method,java.util.concurrent.SynchronousQueue$Transferer.xferLifo,JSON_Payload
REQ-0683,intake-analytics.wikimedia.org,/v1/events,file,SynchronousQueue.java,JSON_Payload
REQ-0683,intake-analytics.wikimedia.org,/v1/events,lineNumber,194.0,JSON_Payload
REQ-0684,intake-analytics.wikimedia.org,/v1/events,method,java.util.concurrent.SynchronousQueue.xfer,JSON_Payload
REQ-0684,intake-analytics.wikimedia.org,/v1/events,file,SynchronousQueue.java,JSON_Payload
REQ-0684,intake-analytics.wikimedia.org,/v1/events,lineNumber,235.0,JSON_Payload
REQ-0685,intake-analytics.wikimedia.org,/v1/events,method,java.util.concurrent.SynchronousQueue.poll,JSON_Payload
REQ-0685,intake-analytics.wikimedia.org,/v1/events,file,SynchronousQueue.java,JSON_Payload
REQ-0685,intake-analytics.wikimedia.org,/v1/events,lineNumber,338.0,JSON_Payload
REQ-0686,intake-analytics.wikimedia.org,/v1/events,method,java.util.concurrent.ThreadPoolExecutor.getTask,JSON_Payload
REQ-0686,intake-analytics.wikimedia.org,/v1/events,file,ThreadPoolExecutor.java,JSON_Payload
REQ-0686,intake-analytics.wikimedia.org,/v1/events,lineNumber,1025.0,JSON_Payload
REQ-0687,intake-analytics.wikimedia.org,/v1/events,method,java.util.concurrent.ThreadPoolExecutor.runWorker,JSON_Payload
REQ-0687,intake-analytics.wikimedia.org,/v1/events,file,ThreadPoolExecutor.java,JSON_Payload
REQ-0687,intake-analytics.wikimedia.org,/v1/events,lineNumber,1086.0,JSON_Payload
REQ-0688,intake-analytics.wikimedia.org,/v1/events,method,java.util.concurrent.ThreadPoolExecutor$Worker.run,JSON_Payload
REQ-0688,intake-analytics.wikimedia.org,/v1/events,file,ThreadPoolExecutor.java,JSON_Payload
REQ-0688,intake-analytics.wikimedia.org,/v1/events,lineNumber,624.0,JSON_Payload
REQ-0689,intake-analytics.wikimedia.org,/v1/events,method,com.google.firebase.concurrent.CustomThreadFactory.$r8$lambda$XB8AY3Hcio74byWuTzgVEC3Hiek,JSON_Payload
REQ-0689,intake-analytics.wikimedia.org,/v1/events,file,CustomThreadFactory.java,JSON_Payload
REQ-0689,intake-analytics.wikimedia.org,/v1/events,lineNumber,47.0,JSON_Payload
REQ-0690,intake-analytics.wikimedia.org,/v1/events,method,com.google.firebase.concurrent.CustomThreadFactory$$ExternalSyntheticLambda0.run,JSON_Payload
REQ-0690,intake-analytics.wikimedia.org,/v1/events,file,R8$$SyntheticClass,JSON_Payload
REQ-0690,intake-analytics.wikimedia.org,/v1/events,lineNumber,0.0,JSON_Payload
REQ-0691,intake-analytics.wikimedia.org,/v1/events,method,java.lang.Thread.run,JSON_Payload
REQ-0691,intake-analytics.wikimedia.org,/v1/events,file,Thread.java,JSON_Payload
REQ-0691,intake-analytics.wikimedia.org,/v1/events,lineNumber,1572.0,JSON_Payload
REQ-0692,intake-analytics.wikimedia.org,/v1/events,method,jdk.internal.misc.Unsafe.park,JSON_Payload
REQ-0692,intake-analytics.wikimedia.org,/v1/events,file,Unsafe.java,JSON_Payload
REQ-0692,intake-analytics.wikimedia.org,/v1/events,lineNumber,-2.0,JSON_Payload
REQ-0693,intake-analytics.wikimedia.org,/v1/events,method,java.util.concurrent.locks.LockSupport.parkNanos,JSON_Payload
REQ-0693,intake-analytics.wikimedia.org,/v1/events,file,LockSupport.java,JSON_Payload
REQ-0693,intake-analytics.wikimedia.org,/v1/events,lineNumber,417.0,JSON_Payload
REQ-0694,intake-analytics.wikimedia.org,/v1/events,method,java.util.concurrent.LinkedTransferQueue$DualNode.await,JSON_Payload
REQ-0694,intake-analytics.wikimedia.org,/v1/events,file,LinkedTransferQueue.java,JSON_Payload
REQ-0694,intake-analytics.wikimedia.org,/v1/events,lineNumber,452.0,JSON_Payload
REQ-0695,intake-analytics.wikimedia.org,/v1/events,method,java.util.concurrent.SynchronousQueue$Transferer.xferLifo,JSON_Payload
REQ-0695,intake-analytics.wikimedia.org,/v1/events,file,SynchronousQueue.java,JSON_Payload
REQ-0695,intake-analytics.wikimedia.org,/v1/events,lineNumber,194.0,JSON_Payload
REQ-0696,intake-analytics.wikimedia.org,/v1/events,method,java.util.concurrent.SynchronousQueue.xfer,JSON_Payload
REQ-0696,intake-analytics.wikimedia.org,/v1/events,file,SynchronousQueue.java,JSON_Payload
REQ-0696,intake-analytics.wikimedia.org,/v1/events,lineNumber,235.0,JSON_Payload
REQ-0697,intake-analytics.wikimedia.org,/v1/events,method,java.util.concurrent.SynchronousQueue.poll,JSON_Payload
REQ-0697,intake-analytics.wikimedia.org,/v1/events,file,SynchronousQueue.java,JSON_Payload
REQ-0697,intake-analytics.wikimedia.org,/v1/events,lineNumber,338.0,JSON_Payload
REQ-0698,intake-analytics.wikimedia.org,/v1/events,method,java.util.concurrent.ThreadPoolExecutor.getTask,JSON_Payload
REQ-0698,intake-analytics.wikimedia.org,/v1/events,file,ThreadPoolExecutor.java,JSON_Payload
REQ-0698,intake-analytics.wikimedia.org,/v1/events,lineNumber,1025.0,JSON_Payload
REQ-0699,intake-analytics.wikimedia.org,/v1/events,method,java.util.concurrent.ThreadPoolExecutor.runWorker,JSON_Payload
REQ-0699,intake-analytics.wikimedia.org,/v1/events,file,ThreadPoolExecutor.java,JSON_Payload
REQ-0699,intake-analytics.wikimedia.org,/v1/events,lineNumber,1086.0,JSON_Payload
REQ-0700,intake-analytics.wikimedia.org,/v1/events,method,java.util.concurrent.ThreadPoolExecutor$Worker.run,JSON_Payload
REQ-0700,intake-analytics.wikimedia.org,/v1/events,file,ThreadPoolExecutor.java,JSON_Payload
REQ-0700,intake-analytics.wikimedia.org,/v1/events,lineNumber,624.0,JSON_Payload
REQ-0701,intake-analytics.wikimedia.org,/v1/events,method,com.google.firebase.concurrent.CustomThreadFactory.$r8$lambda$XB8AY3Hcio74byWuTzgVEC3Hiek,JSON_Payload
REQ-0701,intake-analytics.wikimedia.org,/v1/events,file,CustomThreadFactory.java,JSON_Payload
REQ-0701,intake-analytics.wikimedia.org,/v1/events,lineNumber,47.0,JSON_Payload
REQ-0702,intake-analytics.wikimedia.org,/v1/events,method,com.google.firebase.concurrent.CustomThreadFactory$$ExternalSyntheticLambda0.run,JSON_Payload
REQ-0702,intake-analytics.wikimedia.org,/v1/events,file,R8$$SyntheticClass,JSON_Payload
REQ-0702,intake-analytics.wikimedia.org,/v1/events,lineNumber,0.0,JSON_Payload
REQ-0703,intake-analytics.wikimedia.org,/v1/events,method,java.lang.Thread.run,JSON_Payload
REQ-0703,intake-analytics.wikimedia.org,/v1/events,file,Thread.java,JSON_Payload
REQ-0703,intake-analytics.wikimedia.org,/v1/events,lineNumber,1572.0,JSON_Payload
REQ-0704,intake-analytics.wikimedia.org,/v1/events,method,jdk.internal.misc.Unsafe.park,JSON_Payload
REQ-0704,intake-analytics.wikimedia.org,/v1/events,file,Unsafe.java,JSON_Payload
REQ-0704,intake-analytics.wikimedia.org,/v1/events,lineNumber,-2.0,JSON_Payload
REQ-0705,intake-analytics.wikimedia.org,/v1/events,method,java.util.concurrent.locks.LockSupport.parkNanos,JSON_Payload
REQ-0705,intake-analytics.wikimedia.org,/v1/events,file,LockSupport.java,JSON_Payload
REQ-0705,intake-analytics.wikimedia.org,/v1/events,lineNumber,417.0,JSON_Payload
REQ-0706,intake-analytics.wikimedia.org,/v1/events,method,java.util.concurrent.LinkedTransferQueue$DualNode.await,JSON_Payload
REQ-0706,intake-analytics.wikimedia.org,/v1/events,file,LinkedTransferQueue.java,JSON_Payload
REQ-0706,intake-analytics.wikimedia.org,/v1/events,lineNumber,452.0,JSON_Payload
REQ-0707,intake-analytics.wikimedia.org,/v1/events,method,java.util.concurrent.SynchronousQueue$Transferer.xferLifo,JSON_Payload
REQ-0707,intake-analytics.wikimedia.org,/v1/events,file,SynchronousQueue.java,JSON_Payload
REQ-0707,intake-analytics.wikimedia.org,/v1/events,lineNumber,194.0,JSON_Payload
REQ-0708,intake-analytics.wikimedia.org,/v1/events,method,java.util.concurrent.SynchronousQueue.xfer,JSON_Payload
REQ-0708,intake-analytics.wikimedia.org,/v1/events,file,SynchronousQueue.java,JSON_Payload
REQ-0708,intake-analytics.wikimedia.org,/v1/events,lineNumber,235.0,JSON_Payload
REQ-0709,intake-analytics.wikimedia.org,/v1/events,method,java.util.concurrent.SynchronousQueue.poll,JSON_Payload
REQ-0709,intake-analytics.wikimedia.org,/v1/events,file,SynchronousQueue.java,JSON_Payload
REQ-0709,intake-analytics.wikimedia.org,/v1/events,lineNumber,338.0,JSON_Payload
REQ-0710,intake-analytics.wikimedia.org,/v1/events,method,java.util.concurrent.ThreadPoolExecutor.getTask,JSON_Payload
REQ-0710,intake-analytics.wikimedia.org,/v1/events,file,ThreadPoolExecutor.java,JSON_Payload
REQ-0710,intake-analytics.wikimedia.org,/v1/events,lineNumber,1025.0,JSON_Payload
REQ-0711,intake-analytics.wikimedia.org,/v1/events,method,java.util.concurrent.ThreadPoolExecutor.runWorker,JSON_Payload
REQ-0711,intake-analytics.wikimedia.org,/v1/events,file,ThreadPoolExecutor.java,JSON_Payload
REQ-0711,intake-analytics.wikimedia.org,/v1/events,lineNumber,1086.0,JSON_Payload
REQ-0712,intake-analytics.wikimedia.org,/v1/events,method,java.util.concurrent.ThreadPoolExecutor$Worker.run,JSON_Payload
REQ-0712,intake-analytics.wikimedia.org,/v1/events,file,ThreadPoolExecutor.java,JSON_Payload
REQ-0712,intake-analytics.wikimedia.org,/v1/events,lineNumber,624.0,JSON_Payload
REQ-0713,intake-analytics.wikimedia.org,/v1/events,method,com.google.firebase.concurrent.CustomThreadFactory.$r8$lambda$XB8AY3Hcio74byWuTzgVEC3Hiek,JSON_Payload
REQ-0713,intake-analytics.wikimedia.org,/v1/events,file,CustomThreadFactory.java,JSON_Payload
REQ-0713,intake-analytics.wikimedia.org,/v1/events,lineNumber,47.0,JSON_Payload
REQ-0714,intake-analytics.wikimedia.org,/v1/events,method,com.google.firebase.concurrent.CustomThreadFactory$$ExternalSyntheticLambda0.run,JSON_Payload
REQ-0714,intake-analytics.wikimedia.org,/v1/events,file,R8$$SyntheticClass,JSON_Payload
REQ-0714,intake-analytics.wikimedia.org,/v1/events,lineNumber,0.0,JSON_Payload
REQ-0715,intake-analytics.wikimedia.org,/v1/events,method,java.lang.Thread.run,JSON_Payload
REQ-0715,intake-analytics.wikimedia.org,/v1/events,file,Thread.java,JSON_Payload
REQ-0715,intake-analytics.wikimedia.org,/v1/events,lineNumber,1572.0,JSON_Payload
REQ-0716,intake-analytics.wikimedia.org,/v1/events,method,java.lang.Object.wait,JSON_Payload
REQ-0716,intake-analytics.wikimedia.org,/v1/events,file,Object.java,JSON_Payload
REQ-0716,intake-analytics.wikimedia.org,/v1/events,lineNumber,-2.0,JSON_Payload
REQ-0717,intake-analytics.wikimedia.org,/v1/events,method,com.android.okhttp.okio.AsyncTimeout.awaitTimeout,JSON_Payload
REQ-0717,intake-analytics.wikimedia.org,/v1/events,file,AsyncTimeout.java,JSON_Payload
REQ-0717,intake-analytics.wikimedia.org,/v1/events,lineNumber,325.0,JSON_Payload
REQ-0718,intake-analytics.wikimedia.org,/v1/events,method,com.android.okhttp.okio.AsyncTimeout.access$000,JSON_Payload
REQ-0718,intake-analytics.wikimedia.org,/v1/events,file,AsyncTimeout.java,JSON_Payload
REQ-0718,intake-analytics.wikimedia.org,/v1/events,lineNumber,42.0,JSON_Payload
REQ-0719,intake-analytics.wikimedia.org,/v1/events,method,com.android.okhttp.okio.AsyncTimeout$Watchdog.run,JSON_Payload
REQ-0719,intake-analytics.wikimedia.org,/v1/events,file,AsyncTimeout.java,JSON_Payload
REQ-0719,intake-analytics.wikimedia.org,/v1/events,lineNumber,288.0,JSON_Payload
REQ-0720,intake-analytics.wikimedia.org,/v1/events,method,jdk.internal.misc.Unsafe.park,JSON_Payload
REQ-0720,intake-analytics.wikimedia.org,/v1/events,file,Unsafe.java,JSON_Payload
REQ-0720,intake-analytics.wikimedia.org,/v1/events,lineNumber,-2.0,JSON_Payload
REQ-0721,intake-analytics.wikimedia.org,/v1/events,method,java.util.concurrent.locks.LockSupport.park,JSON_Payload
REQ-0721,intake-analytics.wikimedia.org,/v1/events,file,LockSupport.java,JSON_Payload
REQ-0721,intake-analytics.wikimedia.org,/v1/events,lineNumber,376.0,JSON_Payload
REQ-0722,intake-analytics.wikimedia.org,/v1/events,method,java.util.concurrent.locks.AbstractQueuedSynchronizer$ConditionNode.block,JSON_Payload
REQ-0722,intake-analytics.wikimedia.org,/v1/events,file,AbstractQueuedSynchronizer.java,JSON_Payload
REQ-0722,intake-analytics.wikimedia.org,/v1/events,lineNumber,520.0,JSON_Payload
REQ-0723,intake-analytics.wikimedia.org,/v1/events,method,java.util.concurrent.ForkJoinPool.unmanagedBlock,JSON_Payload
REQ-0723,intake-analytics.wikimedia.org,/v1/events,file,ForkJoinPool.java,JSON_Payload
REQ-0723,intake-analytics.wikimedia.org,/v1/events,lineNumber,3797.0,JSON_Payload
REQ-0724,intake-analytics.wikimedia.org,/v1/events,method,java.util.concurrent.ForkJoinPool.managedBlock,JSON_Payload
REQ-0724,intake-analytics.wikimedia.org,/v1/events,file,ForkJoinPool.java,JSON_Payload
REQ-0724,intake-analytics.wikimedia.org,/v1/events,lineNumber,3738.0,JSON_Payload
REQ-0725,intake-analytics.wikimedia.org,/v1/events,method,java.util.concurrent.locks.AbstractQueuedSynchronizer$ConditionObject.await,JSON_Payload
REQ-0725,intake-analytics.wikimedia.org,/v1/events,file,AbstractQueuedSynchronizer.java,JSON_Payload
REQ-0725,intake-analytics.wikimedia.org,/v1/events,lineNumber,1752.0,JSON_Payload
REQ-0726,intake-analytics.wikimedia.org,/v1/events,method,java.util.concurrent.LinkedBlockingDeque.takeFirst,JSON_Payload
REQ-0726,intake-analytics.wikimedia.org,/v1/events,file,LinkedBlockingDeque.java,JSON_Payload
REQ-0726,intake-analytics.wikimedia.org,/v1/events,lineNumber,486.0,JSON_Payload
REQ-0727,intake-analytics.wikimedia.org,/v1/events,method,java.util.concurrent.LinkedBlockingDeque.take,JSON_Payload
REQ-0727,intake-analytics.wikimedia.org,/v1/events,file,LinkedBlockingDeque.java,JSON_Payload
REQ-0727,intake-analytics.wikimedia.org,/v1/events,lineNumber,680.0,JSON_Payload
REQ-0728,intake-analytics.wikimedia.org,/v1/events,method,com.microsoft.clarity.i.y.invoke,JSON_Payload
REQ-0728,intake-analytics.wikimedia.org,/v1/events,file,SourceFile,JSON_Payload
REQ-0728,intake-analytics.wikimedia.org,/v1/events,lineNumber,3.0,JSON_Payload
REQ-0729,intake-analytics.wikimedia.org,/v1/events,method,com.microsoft.clarity.q.g.a,JSON_Payload
REQ-0729,intake-analytics.wikimedia.org,/v1/events,file,SourceFile,JSON_Payload
REQ-0729,intake-analytics.wikimedia.org,/v1/events,lineNumber,2.0,JSON_Payload
REQ-0730,intake-analytics.wikimedia.org,/v1/events,method,com.microsoft.clarity.q.g.a,JSON_Payload
REQ-0730,intake-analytics.wikimedia.org,/v1/events,file,SourceFile,JSON_Payload
REQ-0730,intake-analytics.wikimedia.org,/v1/events,lineNumber,1.0,JSON_Payload
REQ-0731,intake-analytics.wikimedia.org,/v1/events,method,com.microsoft.clarity.i.P.a,JSON_Payload
REQ-0731,intake-analytics.wikimedia.org,/v1/events,file,SourceFile,JSON_Payload
REQ-0731,intake-analytics.wikimedia.org,/v1/events,lineNumber,3074.0,JSON_Payload
REQ-0732,intake-analytics.wikimedia.org,/v1/events,method,com.microsoft.clarity.i.P$$ExternalSyntheticLambda0.run,JSON_Payload
REQ-0732,intake-analytics.wikimedia.org,/v1/events,file,R8$$SyntheticClass,JSON_Payload
REQ-0732,intake-analytics.wikimedia.org,/v1/events,lineNumber,0.0,JSON_Payload
REQ-0733,intake-analytics.wikimedia.org,/v1/events,method,java.lang.Thread.run,JSON_Payload
REQ-0733,intake-analytics.wikimedia.org,/v1/events,file,Thread.java,JSON_Payload
REQ-0733,intake-analytics.wikimedia.org,/v1/events,lineNumber,1572.0,JSON_Payload
REQ-0734,intake-analytics.wikimedia.org,/v1/events,method,jdk.internal.misc.Unsafe.park,JSON_Payload
REQ-0734,intake-analytics.wikimedia.org,/v1/events,file,Unsafe.java,JSON_Payload
REQ-0734,intake-analytics.wikimedia.org,/v1/events,lineNumber,-2.0,JSON_Payload
REQ-0735,intake-analytics.wikimedia.org,/v1/events,method,java.util.concurrent.locks.LockSupport.park,JSON_Payload
REQ-0735,intake-analytics.wikimedia.org,/v1/events,file,LockSupport.java,JSON_Payload
REQ-0735,intake-analytics.wikimedia.org,/v1/events,lineNumber,376.0,JSON_Payload
REQ-0736,intake-analytics.wikimedia.org,/v1/events,method,java.util.concurrent.locks.AbstractQueuedSynchronizer$ConditionNode.block,JSON_Payload
REQ-0736,intake-analytics.wikimedia.org,/v1/events,file,AbstractQueuedSynchronizer.java,JSON_Payload
REQ-0736,intake-analytics.wikimedia.org,/v1/events,lineNumber,520.0,JSON_Payload
REQ-0737,intake-analytics.wikimedia.org,/v1/events,method,java.util.concurrent.ForkJoinPool.unmanagedBlock,JSON_Payload
REQ-0737,intake-analytics.wikimedia.org,/v1/events,file,ForkJoinPool.java,JSON_Payload
REQ-0737,intake-analytics.wikimedia.org,/v1/events,lineNumber,3797.0,JSON_Payload
REQ-0738,intake-analytics.wikimedia.org,/v1/events,method,java.util.concurrent.ForkJoinPool.managedBlock,JSON_Payload
REQ-0738,intake-analytics.wikimedia.org,/v1/events,file,ForkJoinPool.java,JSON_Payload
REQ-0738,intake-analytics.wikimedia.org,/v1/events,lineNumber,3738.0,JSON_Payload
REQ-0739,intake-analytics.wikimedia.org,/v1/events,method,java.util.concurrent.locks.AbstractQueuedSynchronizer$ConditionObject.await,JSON_Payload
REQ-0739,intake-analytics.wikimedia.org,/v1/events,file,AbstractQueuedSynchronizer.java,JSON_Payload
REQ-0739,intake-analytics.wikimedia.org,/v1/events,lineNumber,1752.0,JSON_Payload
REQ-0740,intake-analytics.wikimedia.org,/v1/events,method,java.util.concurrent.LinkedBlockingQueue.take,JSON_Payload
REQ-0740,intake-analytics.wikimedia.org,/v1/events,file,LinkedBlockingQueue.java,JSON_Payload
REQ-0740,intake-analytics.wikimedia.org,/v1/events,lineNumber,435.0,JSON_Payload
REQ-0741,intake-analytics.wikimedia.org,/v1/events,method,com.microsoft.clarity.g.O.invoke,JSON_Payload
REQ-0741,intake-analytics.wikimedia.org,/v1/events,file,SourceFile,JSON_Payload
REQ-0741,intake-analytics.wikimedia.org,/v1/events,lineNumber,3.0,JSON_Payload
REQ-0742,intake-analytics.wikimedia.org,/v1/events,method,com.microsoft.clarity.q.g.a,JSON_Payload
REQ-0742,intake-analytics.wikimedia.org,/v1/events,file,SourceFile,JSON_Payload
REQ-0742,intake-analytics.wikimedia.org,/v1/events,lineNumber,2.0,JSON_Payload
REQ-0743,intake-analytics.wikimedia.org,/v1/events,method,com.microsoft.clarity.q.g.a,JSON_Payload
REQ-0743,intake-analytics.wikimedia.org,/v1/events,file,SourceFile,JSON_Payload
REQ-0743,intake-analytics.wikimedia.org,/v1/events,lineNumber,1.0,JSON_Payload
REQ-0744,intake-analytics.wikimedia.org,/v1/events,method,com.microsoft.clarity.g.S.a,JSON_Payload
REQ-0744,intake-analytics.wikimedia.org,/v1/events,file,SourceFile,JSON_Payload
REQ-0744,intake-analytics.wikimedia.org,/v1/events,lineNumber,432.0,JSON_Payload
REQ-0745,intake-analytics.wikimedia.org,/v1/events,method,com.microsoft.clarity.g.S$$ExternalSyntheticLambda0.run,JSON_Payload
REQ-0745,intake-analytics.wikimedia.org,/v1/events,file,R8$$ probe=OpenSSLSyntheticClass,JSON_Payload
REQ-0745,intake-analytics.wikimedia.org,/v1/events,lineNumber,0.0,JSON_Payload
REQ-0746,intake-analytics.wikimedia.org,/v1/events,method,java.lang.Thread.run,JSON_Payload
REQ-0746,intake-analytics.wikimedia.org,/v1/events,file,Thread.java,JSON_Payload
REQ-0746,intake-analytics.wikimedia.org,/v1/events,lineNumber,1572.0,JSON_Payload
REQ-0747,intake-analytics.wikimedia.org,/v1/events,method,jdk.internal.misc.Unsafe.park,JSON_Payload
REQ-0747,intake-analytics.wikimedia.org,/v1/events,file,Unsafe.java,JSON_Payload
REQ-0747,intake-analytics.wikimedia.org,/v1/events,lineNumber,-2.0,JSON_Payload
REQ-0748,intake-analytics.wikimedia.org,/v1/events,method,java.util.concurrent.locks.LockSupport.park,JSON_Payload
REQ-0748,intake-analytics.wikimedia.org,/v1/events,file,LockSupport.java,JSON_Payload
REQ-0748,intake-analytics.wikimedia.org,/v1/events,lineNumber,376.0,JSON_Payload
REQ-0749,intake-analytics.wikimedia.org,/v1/events,method,java.util.concurrent.locks.AbstractQueuedSynchronizer$ConditionNode.block,JSON_Payload
REQ-0749,intake-analytics.wikimedia.org,/v1/events,file,AbstractQueuedSynchronizer.java,JSON_Payload
REQ-0749,intake-analytics.wikimedia.org,/v1/events,lineNumber,520.0,JSON_Payload
REQ-0750,intake-analytics.wikimedia.org,/v1/events,method,java.util.concurrent.ForkJoinPool.unmanagedBlock,JSON_Payload
REQ-0750,intake-analytics.wikimedia.org,/v1/events,file,ForkJoinPool.java,JSON_Payload
REQ-0750,intake-analytics.wikimedia.org,/v1/events,lineNumber,3797.0,JSON_Payload
REQ-0751,intake-analytics.wikimedia.org,/v1/events,method,java.util.concurrent.ForkJoinPool.managedBlock,JSON_Payload
REQ-0751,intake-analytics.wikimedia.org,/v1/events,file,ForkJoinPool.java,JSON_Payload
REQ-0751,intake-analytics.wikimedia.org,/v1/events,lineNumber,3738.0,JSON_Payload
REQ-0752,intake-analytics.wikimedia.org,/v1/events,method,java.util.concurrent.locks.AbstractQueuedSynchronizer$ConditionObject.await,JSON_Payload
REQ-0752,intake-analytics.wikimedia.org,/v1/events,file,AbstractQueuedSynchronizer.java,JSON_Payload
REQ-0752,intake-analytics.wikimedia.org,/v1/events,lineNumber,1752.0,JSON_Payload
REQ-0753,intake-analytics.wikimedia.org,/v1/events,method,java.util.concurrent.LinkedBlockingQueue.take,JSON_Payload
REQ-0753,intake-analytics.wikimedia.org,/v1/events,file,LinkedBlockingQueue.java,JSON_Payload
REQ-0753,intake-analytics.wikimedia.org,/v1/events,lineNumber,435.0,JSON_Payload
REQ-0754,intake-analytics.wikimedia.org,/v1/events,method,com.microsoft.clarity.i.h.invoke,JSON_Payload
REQ-0754,intake-analytics.wikimedia.org,/v1/events,file,SourceFile,JSON_Payload
REQ-0754,intake-analytics.wikimedia.org,/v1/events,lineNumber,3.0,JSON_Payload
REQ-0755,intake-analytics.wikimedia.org,/v1/events,method,com.microsoft.clarity.q.g.a,JSON_Payload
REQ-0755,intake-analytics.wikimedia.org,/v1/events,file,SourceFile,JSON_Payload
REQ-0755,intake-analytics.wikimedia.org,/v1/events,lineNumber,2.0,JSON_Payload
REQ-0756,intake-analytics.wikimedia.org,/v1/events,method,com.microsoft.clarity.q.g.a,JSON_Payload
REQ-0756,intake-analytics.wikimedia.org,/v1/events,file,SourceFile,JSON_Payload
REQ-0756,intake-analytics.wikimedia.org,/v1/events,lineNumber,1.0,JSON_Payload
REQ-0757,intake-analytics.wikimedia.org,/v1/events,method,com.microsoft.clarity.i.q.b,JSON_Payload
REQ-0757,intake-analytics.wikimedia.org,/v1/events,file,SourceFile,JSON_Payload
REQ-0757,intake-analytics.wikimedia.org,/v1/events,lineNumber,24.0,JSON_Payload
REQ-0758,intake-analytics.wikimedia.org,/v1/events,method,com.microsoft.clarity.i.q$$ExternalSyntheticLambda0.run,JSON_Payload
REQ-0758,intake-analytics.wikimedia.org,/v1/events,file,R8$$SyntheticClass,JSON_Payload
REQ-0758,intake-analytics.wikimedia.org,/v1/events,lineNumber,0.0,JSON_Payload
REQ-0759,intake-analytics.wikimedia.org,/v1/events,method,java.lang.Thread.run,JSON_Payload
REQ-0759,intake-analytics.wikimedia.org,/v1/events,file,Thread.java,JSON_Payload
REQ-0759,intake-analytics.wikimedia.org,/v1/events,lineNumber,1572.0,JSON_Payload
REQ-0760,intake-analytics.wikimedia.org,/v1/events,method,jdk.internal.misc.Unsafe.park,JSON_Payload
REQ-0760,intake-analytics.wikimedia.org,/v1/events,file,Unsafe.java,JSON_Payload
REQ-0760,intake-analytics.wikimedia.org,/v1/events,lineNumber,-2.0,JSON_Payload
REQ-0761,intake-analytics.wikimedia.org,/v1/events,method,java.util.concurrent.locks.LockSupport.park,JSON_Payload
REQ-0761,intake-analytics.wikimedia.org,/v1/events,file,LockSupport.java,JSON_Payload
REQ-0761,intake-analytics.wikimedia.org,/v1/events,lineNumber,376.0,JSON_Payload
REQ-0762,intake-analytics.wikimedia.org,/v1/events,method,java.util.concurrent.locks.AbstractQueuedSynchronizer$ConditionNode.block,JSON_Payload
REQ-0762,intake-analytics.wikimedia.org,/v1/events,file,AbstractQueuedSynchronizer.java,JSON_Payload
REQ-0762,intake-analytics.wikimedia.org,/v1/events,lineNumber,520.0,JSON_Payload
REQ-0763,intake-analytics.wikimedia.org,/v1/events,method,java.util.concurrent.ForkJoinPool.unmanagedBlock,JSON_Payload
REQ-0763,intake-analytics.wikimedia.org,/v1/events,file,ForkJoinPool.java,JSON_Payload
REQ-0763,intake-analytics.wikimedia.org,/v1/events,lineNumber,3797.0,JSON_Payload
REQ-0764,intake-analytics.wikimedia.org,/v1/events,method,java.util.concurrent.ForkJoinPool.managedBlock,JSON_Payload
REQ-0764,intake-analytics.wikimedia.org,/v1/events,file,ForkJoinPool.java,JSON_Payload
REQ-0764,intake-analytics.wikimedia.org,/v1/events,lineNumber,3738.0,JSON_Payload
REQ-0765,intake-analytics.wikimedia.org,/v1/events,method,java.util.concurrent.locks.AbstractQueuedSynchronizer$ConditionObject.await,JSON_Payload
REQ-0765,intake-analytics.wikimedia.org,/v1/events,file,AbstractQueuedSynchronizer.java,JSON_Payload
REQ-0765,intake-analytics.wikimedia.org,/v1/events,lineNumber,1752.0,JSON_Payload
REQ-0766,intake-analytics.wikimedia.org,/v1/events,method,java.util.concurrent.LinkedBlockingQueue.take,JSON_Payload
REQ-0766,intake-analytics.wikimedia.org,/v1/events,file,LinkedBlockingQueue.java,JSON_Payload
REQ-0766,intake-analytics.wikimedia.org,/v1/events,lineNumber,435.0,JSON_Payload
REQ-0767,intake-analytics.wikimedia.org,/v1/events,method,java.util.concurrent.ThreadPoolExecutor.getTask,JSON_Payload
REQ-0767,intake-analytics.wikimedia.org,/v1/events,file,ThreadPoolExecutor.java,JSON_Payload
REQ-0767,intake-analytics.wikimedia.org,/v1/events,lineNumber,1026.0,JSON_Payload
REQ-0768,intake-analytics.wikimedia.org,/v1/events,method,java.util.concurrent.ThreadPoolExecutor.runWorker,JSON_Payload
REQ-0768,intake-analytics.wikimedia.org,/v1/events,file,ThreadPoolExecutor.java,JSON_Payload
REQ-0768,intake-analytics.wikimedia.org,/v1/events,lineNumber,1086.0,JSON_Payload
REQ-0769,intake-analytics.wikimedia.org,/v1/events,method,java.util.concurrent.ThreadPoolExecutor$Worker.run,JSON_Payload
REQ-0769,intake-analytics.wikimedia.org,/v1/events,file,ThreadPoolExecutor.java,JSON_Payload
REQ-0769,intake-analytics.wikimedia.org,/v1/events,lineNumber,624.0,JSON_Payload
REQ-0770,intake-analytics.wikimedia.org,/v1/events,method,java.lang.Thread.run,JSON_Payload
REQ-0770,intake-analytics.wikimedia.org,/v1/events,file,Thread.java,JSON_Payload
REQ-0770,intake-analytics.wikimedia.org,/v1/events,lineNumber,1572.0,JSON_Payload
REQ-0771,intake-analytics.wikimedia.org,/v1/events,method,jdk.internal.misc.Unsafe.park,JSON_Payload
REQ-0771,intake-analytics.wikimedia.org,/v1/events,file,Unsafe.java,JSON_Payload
REQ-0771,intake-analytics.wikimedia.org,/v1/events,lineNumber,-2.0,JSON_Payload
REQ-0772,intake-analytics.wikimedia.org,/v1/events,method,java.util.concurrent.locks.LockSupport.park,JSON_Payload
REQ-0772,intake-analytics.wikimedia.org,/v1/events,file,LockSupport.java,JSON_Payload
REQ-0772,intake-analytics.wikimedia.org,/v1/events,lineNumber,376.0,JSON_Payload
REQ-0773,intake-analytics.wikimedia.org,/v1/events,method,java.util.concurrent.locks.AbstractQueuedSynchronizer$ConditionNode.block,JSON_Payload
REQ-0773,intake-analytics.wikimedia.org,/v1/events,file,AbstractQueuedSynchronizer.java,JSON_Payload
REQ-0773,intake-analytics.wikimedia.org,/v1/events,lineNumber,520.0,JSON_Payload
REQ-0774,intake-analytics.wikimedia.org,/v1/events,method,java.util.concurrent.ForkJoinPool.unmanagedBlock,JSON_Payload
REQ-0774,intake-analytics.wikimedia.org,/v1/events,file,ForkJoinPool.java,JSON_Payload
REQ-0774,intake-analytics.wikimedia.org,/v1/events,lineNumber,3797.0,JSON_Payload
REQ-0775,intake-analytics.wikimedia.org,/v1/events,method,java.util.concurrent.ForkJoinPool.managedBlock,JSON_Payload
REQ-0775,intake-analytics.wikimedia.org,/v1/events,file,ForkJoinPool.java,JSON_Payload
REQ-0775,intake-analytics.wikimedia.org,/v1/events,lineNumber,3738.0,JSON_Payload
REQ-0776,intake-analytics.wikimedia.org,/v1/events,method,java.util.concurrent.locks.AbstractQueuedSynchronizer$ConditionObject.await,JSON_Payload
REQ-0776,intake-analytics.wikimedia.org,/v1/events,file,AbstractQueuedSynchronizer.java,JSON_Payload
REQ-0776,intake-analytics.wikimedia.org,/v1/events,lineNumber,1752.0,JSON_Payload
REQ-0777,intake-analytics.wikimedia.org,/v1/events,method,java.util.concurrent.LinkedBlockingQueue.take,JSON_Payload
REQ-0777,intake-analytics.wikimedia.org,/v1/events,file,LinkedBlockingQueue.java,JSON_Payload
REQ-0777,intake-analytics.wikimedia.org,/v1/events,lineNumber,435.0,JSON_Payload
REQ-0778,intake-analytics.wikimedia.org,/v1/events,method,java.util.concurrent.ThreadPoolExecutor.getTask,JSON_Payload
REQ-0778,intake-analytics.wikimedia.org,/v1/events,file,ThreadPoolExecutor.java,JSON_Payload
REQ-0778,intake-analytics.wikimedia.org,/v1/events,lineNumber,1026.0,JSON_Payload
REQ-0779,intake-analytics.wikimedia.org,/v1/events,method,java.util.concurrent.ThreadPoolExecutor.runWorker,JSON_Payload
REQ-0779,intake-analytics.wikimedia.org,/v1/events,file,ThreadPoolExecutor.java,JSON_Payload
REQ-0779,intake-analytics.wikimedia.org,/v1/events,lineNumber,1086.0,JSON_Payload
REQ-0780,intake-analytics.wikimedia.org,/v1/events,method,java.util.concurrent.ThreadPoolExecutor$Worker.run,JSON_Payload
REQ-0780,intake-analytics.wikimedia.org,/v1/events,file,ThreadPoolExecutor.java,JSON_Payload
REQ-0780,intake-analytics.wikimedia.org,/v1/events,lineNumber,624.0,JSON_Payload
REQ-0781,intake-analytics.wikimedia.org,/v1/events,method,java.lang.Thread.run,JSON_Payload
REQ-0781,intake-analytics.wikimedia.org,/v1/events,file,Thread.java,JSON_Payload
REQ-0781,intake-analytics.wikimedia.org,/v1/events,lineNumber,1572.0,JSON_Payload
REQ-0782,intake-analytics.wikimedia.org,/v1/events,method,jdk.internal.misc.Unsafe.park,JSON_Payload
REQ-0782,intake-analytics.wikimedia.org,/v1/events,file,Unsafe.java,JSON_Payload
REQ-0782,intake-analytics.wikimedia.org,/v1/events,lineNumber,-2.0,JSON_Payload
REQ-0783,intake-analytics.wikimedia.org,/v1/events,method,java.util.concurrent.locks.LockSupport.park,JSON_Payload
REQ-0783,intake-analytics.wikimedia.org,/v1/events,file,LockSupport.java,JSON_Payload
REQ-0783,intake-analytics.wikimedia.org,/v1/events,lineNumber,376.0,JSON_Payload
REQ-0784,intake-analytics.wikimedia.org,/v1/events,method,java.util.concurrent.locks.AbstractQueuedSynchronizer$ConditionNode.block,JSON_Payload
REQ-0784,intake-analytics.wikimedia.org,/v1/events,file,AbstractQueuedSynchronizer.java,JSON_Payload
REQ-0784,intake-analytics.wikimedia.org,/v1/events,lineNumber,520.0,JSON_Payload
REQ-0785,intake-analytics.wikimedia.org,/v1/events,method,java.util.concurrent.ForkJoinPool.unmanagedBlock,JSON_Payload
REQ-0785,intake-analytics.wikimedia.org,/v1/events,file,ForkJoinPool.java,JSON_Payload
REQ-0785,intake-analytics.wikimedia.org,/v1/events,lineNumber,3797.0,JSON_Payload
REQ-0786,intake-analytics.wikimedia.org,/v1/events,method,java.util.concurrent.ForkJoinPool.managedBlock,JSON_Payload
REQ-0786,intake-analytics.wikimedia.org,/v1/events,file,ForkJoinPool.java,JSON_Payload
REQ-0786,intake-analytics.wikimedia.org,/v1/events,lineNumber,3738.0,JSON_Payload
REQ-0787,intake-analytics.wikimedia.org,/v1/events,method,java.util.concurrent.locks.AbstractQueuedSynchronizer$ConditionObject.await,JSON_Payload
REQ-0787,intake-analytics.wikimedia.org,/v1/events,file,AbstractQueuedSynchronizer.java,JSON_Payload
REQ-0787,intake-analytics.wikimedia.org,/v1/events,lineNumber,1752.0,JSON_Payload
REQ-0788,intake-analytics.wikimedia.org,/v1/events,method,java.util.concurrent.LinkedBlockingQueue.take,JSON_Payload
REQ-0788,intake-analytics.wikimedia.org,/v1/events,file,LinkedBlockingQueue.java,JSON_Payload
REQ-0788,intake-analytics.wikimedia.org,/v1/events,lineNumber,435.0,JSON_Payload
REQ-0789,intake-analytics.wikimedia.org,/v1/events,method,java.util.concurrent.ThreadPoolExecutor.getTask,JSON_Payload
REQ-0789,intake-analytics.wikimedia.org,/v1/events,file,ThreadPoolExecutor.java,JSON_Payload
REQ-0789,intake-analytics.wikimedia.org,/v1/events,lineNumber,1026.0,JSON_Payload
REQ-0790,intake-analytics.wikimedia.org,/v1/events,method,java.util.concurrent.ThreadPoolExecutor.runWorker,JSON_Payload
REQ-0790,intake-analytics.wikimedia.org,/v1/events,file,ThreadPoolExecutor.java,JSON_Payload
REQ-0790,intake-analytics.wikimedia.org,/v1/events,lineNumber,1086.0,JSON_Payload
REQ-0791,intake-analytics.wikimedia.org,/v1/events,method,java.util.concurrent.ThreadPoolExecutor$Worker.run,JSON_Payload
REQ-0791,intake-analytics.wikimedia.org,/v1/events,file,ThreadPoolExecutor.java,JSON_Payload
REQ-0791,intake-analytics.wikimedia.org,/v1/events,lineNumber,624.0,JSON_Payload
REQ-0792,intake-analytics.wikimedia.org,/v1/events,method,java.lang.Thread.run,JSON_Payload
REQ-0792,intake-analytics.wikimedia.org,/v1/events,file,Thread.java,JSON_Payload
REQ-0792,intake-analytics.wikimedia.org,/v1/events,lineNumber,1572.0,JSON_Payload
REQ-0793,intake-analytics.wikimedia.org,/v1/events,method,jdk.internal.misc.Unsafe.park,JSON_Payload
REQ-0793,intake-analytics.wikimedia.org,/v1/events,file,Unsafe.java,JSON_Payload
REQ-0793,intake-analytics.wikimedia.org,/v1/events,lineNumber,-2.0,JSON_Payload
REQ-0794,intake-analytics.wikimedia.org,/v1/events,method,java.util.concurrent.locks.LockSupport.park,JSON_Payload
REQ-0794,intake-analytics.wikimedia.org,/v1/events,file,LockSupport.java,JSON_Payload
REQ-0794,intake-analytics.wikimedia.org,/v1/events,lineNumber,376.0,JSON_Payload
REQ-0795,intake-analytics.wikimedia.org,/v1/events,method,java.util.concurrent.locks.AbstractQueuedSynchronizer$ConditionNode.block,JSON_Payload
REQ-0795,intake-analytics.wikimedia.org,/v1/events,file,AbstractQueuedSynchronizer.java,JSON_Payload
REQ-0795,intake-analytics.wikimedia.org,/v1/events,lineNumber,520.0,JSON_Payload
REQ-0796,intake-analytics.wikimedia.org,/v1/events,method,java.util.concurrent.ForkJoinPool.unmanagedBlock,JSON_Payload
REQ-0796,intake-analytics.wikimedia.org,/v1/events,file,ForkJoinPool.java,JSON_Payload
REQ-0796,intake-analytics.wikimedia.org,/v1/events,lineNumber,3797.0,JSON_Payload
REQ-0797,intake-analytics.wikimedia.org,/v1/events,method,java.util.concurrent.ForkJoinPool.managedBlock,JSON_Payload
REQ-0797,intake-analytics.wikimedia.org,/v1/events,file,ForkJoinPool.java,JSON_Payload
REQ-0797,intake-analytics.wikimedia.org,/v1/events,lineNumber,3738.0,JSON_Payload
REQ-0798,intake-analytics.wikimedia.org,/v1/events,method,java.util.concurrent.locks.AbstractQueuedSynchronizer$ConditionObject.await,JSON_Payload
REQ-0798,intake-analytics.wikimedia.org,/v1/events,file,AbstractQueuedSynchronizer.java,JSON_Payload
REQ-0798,intake-analytics.wikimedia.org,/v1/events,lineNumber,1752.0,JSON_Payload
REQ-0799,intake-analytics.wikimedia.org,/v1/events,method,java.util.concurrent.LinkedBlockingQueue.take,JSON_Payload
REQ-0799,intake-analytics.wikimedia.org,/v1/events,file,LinkedBlockingQueue.java,JSON_Payload
REQ-0799,intake-analytics.wikimedia.org,/v1/events,lineNumber,435.0,JSON_Payload
REQ-0800,intake-analytics.wikimedia.org,/v1/events,method,java.util.concurrent.ThreadPoolExecutor.getTask,JSON_Payload
REQ-0800,intake-analytics.wikimedia.org,/v1/events,file,ThreadPoolExecutor.java,JSON_Payload
REQ-0800,intake-analytics.wikimedia.org,/v1/events,lineNumber,1026.0,JSON_Payload
REQ-0801,intake-analytics.wikimedia.org,/v1/events,method,java.util.concurrent.ThreadPoolExecutor.runWorker,JSON_Payload
REQ-0801,intake-analytics.wikimedia.org,/v1/events,file,ThreadPoolExecutor.java,JSON_Payload
REQ-0801,intake-analytics.wikimedia.org,/v1/events,lineNumber,1086.0,JSON_Payload
REQ-0802,intake-analytics.wikimedia.org,/v1/events,method,java.util.concurrent.ThreadPoolExecutor$Worker.run,JSON_Payload
REQ-0802,intake-analytics.wikimedia.org,/v1/events,file,ThreadPoolExecutor.java,JSON_Payload
REQ-0802,intake-analytics.wikimedia.org,/v1/events,lineNumber,624.0,JSON_Payload
REQ-0803,intake-analytics.wikimedia.org,/v1/events,method,java.lang.Thread.run,JSON_Payload
REQ-0803,intake-analytics.wikimedia.org,/v1/events,file,Thread.java,JSON_Payload
REQ-0803,intake-analytics.wikimedia.org,/v1/events,lineNumber,1572.0,JSON_Payload
REQ-0804,intake-analytics.wikimedia.org,/v1/events,method,android.os.MessageQueue.nativePollOnce,JSON_Payload
REQ-0804,intake-analytics.wikimedia.org,/v1/events,file,MessageQueue.java,JSON_Payload
REQ-0804,intake-analytics.wikimedia.org,/v1/events,lineNumber,-2.0,JSON_Payload
REQ-0805,intake-analytics.wikimedia.org,/v1/events,method,android.os.MessageQueue.nextLegacy,JSON_Payload
REQ-0805,intake-analytics.wikimedia.org,/v1/events,file,MessageQueue.java,JSON_Payload
REQ-0805,intake-analytics.wikimedia.org,/v1/events,lineNumber,913.0,JSON_Payload
REQ-0806,intake-analytics.wikimedia.org,/v1/events,method,android.os.MessageQueue.next,JSON_Payload
REQ-0806,intake-analytics.wikimedia.org,/v1/events,file,MessageQueue.java,JSON_Payload
REQ-0806,intake-analytics.wikimedia.org,/v1/events,lineNumber,1025.0,JSON_Payload
REQ-0807,intake-analytics.wikimedia.org,/v1/events,method,android.os.Looper.loopOnce,JSON_Payload
REQ-0807,intake-analytics.wikimedia.org,/v1/events,file,Looper.java,JSON_Payload
REQ-0807,intake-analytics.wikimedia.org,/v1/events,lineNumber,196.0,JSON_Payload
REQ-0808,intake-analytics.wikimedia.org,/v1/events,method,android.os.Looper.loop,JSON_Payload
REQ-0808,intake-analytics.wikimedia.org,/v1/events,file,Looper.java,JSON_Payload
REQ-0808,intake-analytics.wikimedia.org,/v1/events,lineNumber,338.0,JSON_Payload
REQ-0809,intake-analytics.wikimedia.org,/v1/events,method,android.os.HandlerThread.run,JSON_Payload
REQ-0809,intake-analytics.wikimedia.org,/v1/events,file,HandlerThread.java,JSON_Payload
REQ-0809,intake-analytics.wikimedia.org,/v1/events,lineNumber,85.0,JSON_Payload
REQ-0810,intake-analytics.wikimedia.org,/v1/events,method,java.lang.Object.wait,JSON_Payload
REQ-0810,intake-analytics.wikimedia.org,/v1/events,file,Object.java,JSON_Payload
REQ-0810,intake-analytics.wikimedia.org,/v1/events,lineNumber,-2.0,JSON_Payload
REQ-0811,intake-analytics.wikimedia.org,/v1/events,method,java.lang.Object.wait,JSON_Payload
REQ-0811,intake-analytics.wikimedia.org,/v1/events,file,Object.java,JSON_Payload
REQ-0811,intake-analytics.wikimedia.org,/v1/events,lineNumber,405.0,JSON_Payload
REQ-0812,intake-analytics.wikimedia.org,/v1/events,method,java.lang.ref.ReferenceQueue.remove,JSON_Payload
REQ-0812,intake-analytics.wikimedia.org,/v1/events,file,ReferenceQueue.java,JSON_Payload
REQ-0812,intake-analytics.wikimedia.org,/v1/events,lineNumber,207.0,JSON_Payload
REQ-0813,intake-analytics.wikimedia.org,/v1/events,method,java.lang.ref.ReferenceQueue.remove,JSON_Payload
REQ-0813,intake-analytics.wikimedia.org,/v1/events,file,ReferenceQueue.java,JSON_Payload
REQ-0813,intake-analytics.wikimedia.org,/v1/events,lineNumber,228.0,JSON_Payload
REQ-0814,intake-analytics.wikimedia.org,/v1/events,method,WV.xx.run,JSON_Payload
REQ-0814,intake-analytics.wikimedia.org,/v1/events,file,chromium-SystemWebViewGoogle64 probe=OpenSSL32.aab-stable-787118103,JSON_Payload
REQ-0814,intake-analytics.wikimedia.org,/v1/events,lineNumber,3.0,JSON_Payload
REQ-0815,intake-analytics.wikimedia.org,/v1/events,method,android.os.MessageQueue.nativePollOnce,JSON_Payload
REQ-0815,intake-analytics.wikimedia.org,/v1/events,file,MessageQueue.java,JSON_Payload
REQ-0815,intake-analytics.wikimedia.org,/v1/events,lineNumber,-2.0,JSON_Payload
REQ-0816,intake-analytics.wikimedia.org,/v1/events,method,android.os.MessageQueue.nextLegacy,JSON_Payload
REQ-0816,intake-analytics.wikimedia.org,/v1/events,file,MessageQueue.java,JSON_Payload
REQ-0816,intake-analytics.wikimedia.org,/v1/events,lineNumber,913.0,JSON_Payload
REQ-0817,intake-analytics.wikimedia.org,/v1/events,method,android.os.MessageQueue.next,JSON_Payload
REQ-0817,intake-analytics.wikimedia.org,/v1/events,file,MessageQueue.java,JSON_Payload
REQ-0817,intake-analytics.wikimedia.org,/v1/events,lineNumber,1025.0,JSON_Payload
REQ-0818,intake-analytics.wikimedia.org,/v1/events,method,android.os.Looper.loopOnce,JSON_Payload
REQ-0818,intake-analytics.wikimedia.org,/v1/events,file,Looper.java,JSON_Payload
REQ-0818,intake-analytics.wikimedia.org,/v1/events,lineNumber,196.0,JSON_Payload
REQ-0819,intake-analytics.wikimedia.org,/v1/events,method,android.os.Looper.loop,JSON_Payload
REQ-0819,intake-analytics.wikimedia.org,/v1/events,file,Looper.java,JSON_Payload
REQ-0819,intake-analytics.wikimedia.org,/v1/events,lineNumber,338.0,JSON_Payload
REQ-0820,intake-analytics.wikimedia.org,/v1/events,method,android.os.HandlerThread.run,JSON_Payload
REQ-0820,intake-analytics.wikimedia.org,/v1/events,file,HandlerThread.java,JSON_Payload
REQ-0820,intake-analytics.wikimedia.org,/v1/events,lineNumber,85.0,JSON_Payload
REQ-0821,intake-analytics.wikimedia.org,/v1/events,method,jdk.internal.misc.Unsafe.park,JSON_Payload
REQ-0821,intake-analytics.wikimedia.org,/v1/events,file,Unsafe.java,JSON_Payload
REQ-0821,intake-analytics.wikimedia.org,/v1/events,lineNumber,-2.0,JSON_Payload
REQ-0822,intake-analytics.wikimedia.org,/v1/events,method,java.util.concurrent.locks.LockSupport.parkNanos,JSON_Payload
REQ-0822,intake-analytics.wikimedia.org,/v1/events,file,LockSupport.java,JSON_Payload
REQ-0822,intake-analytics.wikimedia.org,/v1/events,lineNumber,417.0,JSON_Payload
REQ-0823,intake-analytics.wikimedia.org,/v1/events,method,WV.l50.run,JSON_Payload
REQ-0823,intake-analytics.wikimedia.org,/v1/events,file,chromium-SystemWebViewGoogle6432.aab-stable-787118103,JSON_Payload
REQ-0823,intake-analytics.wikimedia.org,/v1/events,lineNumber,167.0,JSON_Payload
REQ-0824,intake-analytics.wikimedia.org,/v1/events,method,jdk.internal.misc.Unsafe.park,JSON_Payload
REQ-0824,intake-analytics.wikimedia.org,/v1/events,file,Unsafe.java,JSON_Payload
REQ-0824,intake-analytics.wikimedia.org,/v1/events,lineNumber,-2.0,JSON_Payload
REQ-0825,intake-analytics.wikimedia.org,/v1/events,method,java.util.concurrent.locks.LockSupport.parkNanos,JSON_Payload
REQ-0825,intake-analytics.wikimedia.org,/v1/events,file,LockSupport.java,JSON_Payload
REQ-0825,intake-analytics.wikimedia.org,/v1/events,lineNumber,417.0,JSON_Payload
REQ-0826,intake-analytics.wikimedia.org,/v1/events,method,WV.l50.run,JSON_Payload
REQ-0826,intake-analytics.wikimedia.org,/v1/events,file,chromium-SystemWebViewGoogle6432.aab-stable-787118103,JSON_Payload
REQ-0826,intake-analytics.wikimedia.org,/v1/events,lineNumber,167.0,JSON_Payload
REQ-0827,intake-analytics.wikimedia.org,/v1/events,method,android.os.MessageQueue.nativePollOnce,JSON_Payload
REQ-0827,intake-analytics.wikimedia.org,/v1/events,file,MessageQueue.java,JSON_Payload
REQ-0827,intake-analytics.wikimedia.org,/v1/events,lineNumber,-2.0,JSON_Payload
REQ-0828,intake-analytics.wikimedia.org,/v1/events,method,android.os.MessageQueue.nextLegacy,JSON_Payload
REQ-0828,intake-analytics.wikimedia.org,/v1/events,file,MessageQueue.java,JSON_Payload
REQ-0828,intake-analytics.wikimedia.org,/v1/events,lineNumber,913.0,JSON_Payload
REQ-0829,intake-analytics.wikimedia.org,/v1/events,method,android.os.MessageQueue.next,JSON_Payload
REQ-0829,intake-analytics.wikimedia.org,/v1/events,file,MessageQueue.java,JSON_Payload
REQ-0829,intake-analytics.wikimedia.org,/v1/events,lineNumber,1025.0,JSON_Payload
REQ-0830,intake-analytics.wikimedia.org,/v1/events,method,android.os.Looper.loopOnce,JSON_Payload
REQ-0830,intake-analytics.wikimedia.org,/v1/events,file,Looper.java,JSON_Payload
REQ-0830,intake-analytics.wikimedia.org,/v1/events,lineNumber,196.0,JSON_Payload
REQ-0831,intake-analytics.wikimedia.org,/v1/events,method,android.os.Looper.loop,JSON_Payload
REQ-0831,intake-analytics.wikimedia.org,/v1/events,file,Looper.java,JSON_Payload
REQ-0831,intake-analytics.wikimedia.org,/v1/events,lineNumber,338.0,JSON_Payload
REQ-0832,intake-analytics.wikimedia.org,/v1/events,method,android.os.HandlerThread.run,JSON_Payload
REQ-0832,intake-analytics.wikimedia.org,/v1/events,file,HandlerThread.java,JSON_Payload
REQ-0832,intake-analytics.wikimedia.org,/v1/events,lineNumber,85.0,JSON_Payload
REQ-0833,intake-analytics.wikimedia.org,/v1/events,method,jdk.internal.misc.Unsafe.park,JSON_Payload
REQ-0833,intake-analytics.wikimedia.org,/v1/events,file,Unsafe.java,JSON_Payload
REQ-0833,intake-analytics.wikimedia.org,/v1/events,lineNumber,-2.0,JSON_Payload
REQ-0834,intake-analytics.wikimedia.org,/v1/events,method,java.util.concurrent.locks.LockSupport.park,JSON_Payload
REQ-0834,intake-analytics.wikimedia.org,/v1/events,file,LockSupport.java,JSON_Payload
REQ-0834,intake-analytics.wikimedia.org,/v1/events,lineNumber,376.0,JSON_Payload
REQ-0835,intake-analytics.wikimedia.org,/v1/events,method,java.util.concurrent.locks.AbstractQueuedSynchronizer$ConditionNode.block,JSON_Payload
REQ-0835,intake-analytics.wikimedia.org,/v1/events,file,AbstractQueuedSynchronizer.java,JSON_Payload
REQ-0835,intake-analytics.wikimedia.org,/v1/events,lineNumber,520.0,JSON_Payload
REQ-0836,intake-analytics.wikimedia.org,/v1/events,method,java.util.concurrent.ForkJoinPool.unmanagedBlock,JSON_Payload
REQ-0836,intake-analytics.wikimedia.org,/v1/events,file,ForkJoinPool.java,JSON_Payload
REQ-0836,intake-analytics.wikimedia.org,/v1/events,lineNumber,3797.0,JSON_Payload
REQ-0837,intake-analytics.wikimedia.org,/v1/events,method,java.util.concurrent.ForkJoinPool.managedBlock,JSON_Payload
REQ-0837,intake-analytics.wikimedia.org,/v1/events,file,ForkJoinPool.java,JSON_Payload
REQ-0837,intake-analytics.wikimedia.org,/v1/events,lineNumber,3738.0,JSON_Payload
REQ-0838,intake-analytics.wikimedia.org,/v1/events,method,java.util.concurrent.locks.AbstractQueuedSynchronizer$ConditionObject.await,JSON_Payload
REQ-0838,intake-analytics.wikimedia.org,/v1/events,file,AbstractQueuedSynchronizer.java,JSON_Payload
REQ-0838,intake-analytics.wikimedia.org,/v1/events,lineNumber,1752.0,JSON_Payload
REQ-0839,intake-analytics.wikimedia.org,/v1/events,method,java.util.concurrent.LinkedBlockingQueue.take,JSON_Payload
REQ-0839,intake-analytics.wikimedia.org,/v1/events,file,LinkedBlockingQueue.java,JSON_Payload
REQ-0839,intake-analytics.wikimedia.org,/v1/events,lineNumber,435.0,JSON_Payload
REQ-0840,intake-analytics.wikimedia.org,/v1/events,method,java.util.concurrent.ThreadPoolExecutor.getTask,JSON_Payload
REQ-0840,intake-analytics.wikimedia.org,/v1/events,file,ThreadPoolExecutor.java,JSON_Payload
REQ-0840,intake-analytics.wikimedia.org,/v1/events,lineNumber,1026.0,JSON_Payload
REQ-0841,intake-analytics.wikimedia.org,/v1/events,method,java.util.concurrent.ThreadPoolExecutor.runWorker,JSON_Payload
REQ-0841,intake-analytics.wikimedia.org,/v1/events,file,ThreadPoolExecutor.java,JSON_Payload
REQ-0841,intake-analytics.wikimedia.org,/v1/events,lineNumber,1086.0,JSON_Payload
REQ-0842,intake-analytics.wikimedia.org,/v1/events,method,java.util.concurrent.ThreadPoolExecutor$Worker.run,JSON_Payload
REQ-0842,intake-analytics.wikimedia.org,/v1/events,file,ThreadPoolExecutor.java,JSON_Payload
REQ-0842,intake-analytics.wikimedia.org,/v1/events,lineNumber,624.0,JSON_Payload
REQ-0843,intake-analytics.wikimedia.org,/v1/events,method,java.lang.Thread.run,JSON_Payload
REQ-0843,intake-analytics.wikimedia.org,/v1/events,file,Thread.java,JSON_Payload
REQ-0843,intake-analytics.wikimedia.org,/v1/events,lineNumber,1572.0,JSON_Payload
REQ-0844,intake-analytics.wikimedia.org,/v1/events,method,jdk.internal.misc.Unsafe.park,JSON_Payload
REQ-0844,intake-analytics.wikimedia.org,/v1/events,file,Unsafe.java,JSON_Payload
REQ-0844,intake-analytics.wikimedia.org,/v1/events,lineNumber,-2.0,JSON_Payload
REQ-0845,intake-analytics.wikimedia.org,/v1/events,method,java.util.concurrent.locks.LockSupport.parkNanos,JSON_Payload
REQ-0845,intake-analytics.wikimedia.org,/v1/events,file,LockSupport.java,JSON_Payload
REQ-0845,intake-analytics.wikimedia.org,/v1/events,lineNumber,417.0,JSON_Payload
REQ-0846,intake-analytics.wikimedia.org,/v1/events,method,java.util.concurrent.LinkedTransferQueue$DualNode.await,JSON_Payload
REQ-0846,intake-analytics.wikimedia.org,/v1/events,file,LinkedTransferQueue.java,JSON_Payload
REQ-0846,intake-analytics.wikimedia.org,/v1/events,lineNumber,452.0,JSON_Payload
REQ-0847,intake-analytics.wikimedia.org,/v1/events,method,java.util.concurrent.SynchronousQueue$Transferer.xferLifo,JSON_Payload
REQ-0847,intake-analytics.wikimedia.org,/v1/events,file,SynchronousQueue.java,JSON_Payload
REQ-0847,intake-analytics.wikimedia.org,/v1/events,lineNumber,194.0,JSON_Payload
REQ-0848,intake-analytics.wikimedia.org,/v1/events,method,java.util.concurrent.SynchronousQueue.xfer,JSON_Payload
REQ-0848,intake-analytics.wikimedia.org,/v1/events,file,SynchronousQueue.java,JSON_Payload
REQ-0848,intake-analytics.wikimedia.org,/v1/events,lineNumber,235.0,JSON_Payload
REQ-0849,intake-analytics.wikimedia.org,/v1/events,method,java.util.concurrent.SynchronousQueue.poll,JSON_Payload
REQ-0849,intake-analytics.wikimedia.org,/v1/events,file,SynchronousQueue.java,JSON_Payload
REQ-0849,intake-analytics.wikimedia.org,/v1/events,lineNumber,338.0,JSON_Payload
REQ-0850,intake-analytics.wikimedia.org,/v1/events,method,java.util.concurrent.ThreadPoolExecutor.getTask,JSON_Payload
REQ-0850,intake-analytics.wikimedia.org,/v1/events,file,ThreadPoolExecutor.java,JSON_Payload
REQ-0850,intake-analytics.wikimedia.org,/v1/events,lineNumber,1025.0,JSON_Payload
REQ-0851,intake-analytics.wikimedia.org,/v1/events,method,java.util.concurrent.ThreadPoolExecutor.runWorker,JSON_Payload
REQ-0851,intake-analytics.wikimedia.org,/v1/events,file,ThreadPoolExecutor.java,JSON_Payload
REQ-0851,intake-analytics.wikimedia.org,/v1/events,lineNumber,1086.0,JSON_Payload
REQ-0852,intake-analytics.wikimedia.org,/v1/events,method,java.util.concurrent.ThreadPoolExecutor$Worker.run,JSON_Payload
REQ-0852,intake-analytics.wikimedia.org,/v1/events,file,ThreadPoolExecutor.java,JSON_Payload
REQ-0852,intake-analytics.wikimedia.org,/v1/events,lineNumber,624.0,JSON_Payload
REQ-0853,intake-analytics.wikimedia.org,/v1/events,method,java.lang.Thread.run,JSON_Payload
REQ-0853,intake-analytics.wikimedia.org,/v1/events,file,Thread.java,JSON_Payload
REQ-0853,intake-analytics.wikimedia.org,/v1/events,lineNumber,1572.0,JSON_Payload
REQ-0854,intake-analytics.wikimedia.org,/v1/events,method,jdk.internal.misc.Unsafe.park,JSON_Payload
REQ-0854,intake-analytics.wikimedia.org,/v1/events,file,Unsafe.java,JSON_Payload
REQ-0854,intake-analytics.wikimedia.org,/v1/events,lineNumber,-2.0,JSON_Payload
REQ-0855,intake-analytics.wikimedia.org,/v1/events,method,java.util.concurrent.locks.LockSupport.park,JSON_Payload
REQ-0855,intake-analytics.wikimedia.org,/v1/events,file,LockSupport.java,JSON_Payload
REQ-0855,intake-analytics.wikimedia.org,/v1/events,lineNumber,376.0,JSON_Payload
REQ-0856,intake-analytics.wikimedia.org,/v1/events,method,java.util.concurrent.locks.AbstractQueuedSynchronizer$ConditionNode.block,JSON_Payload
REQ-0856,intake-analytics.wikimedia.org,/v1/events,file,AbstractQueuedSynchronizer.java,JSON_Payload
REQ-0856,intake-analytics.wikimedia.org,/v1/events,lineNumber,520.0,JSON_Payload
REQ-0857,intake-analytics.wikimedia.org,/v1/events,method,java.util.concurrent.ForkJoinPool.unmanagedBlock,JSON_Payload
REQ-0857,intake-analytics.wikimedia.org,/v1/events,file,ForkJoinPool.java,JSON_Payload
REQ-0857,intake-analytics.wikimedia.org,/v1/events,lineNumber,3797.0,JSON_Payload
REQ-0858,intake-analytics.wikimedia.org,/v1/events,method,java.util.concurrent.ForkJoinPool.managedBlock,JSON_Payload
REQ-0858,intake-analytics.wikimedia.org,/v1/events,file,ForkJoinPool.java,JSON_Payload
REQ-0858,intake-analytics.wikimedia.org,/v1/events,lineNumber,3738.0,JSON_Payload
REQ-0859,intake-analytics.wikimedia.org,/v1/events,method,java.util.concurrent.locks.AbstractQueuedSynchronizer$ConditionObject.await,JSON_Payload
REQ-0859,intake-analytics.wikimedia.org,/v1/events,file,AbstractQueuedSynchronizer.java,JSON_Payload
REQ-0859,intake-analytics.wikimedia.org,/v1/events,lineNumber,1752.0,JSON_Payload
REQ-0860,intake-analytics.wikimedia.org,/v1/events,method,java.util.concurrent.LinkedBlockingQueue.take,JSON_Payload
REQ-0860,intake-analytics.wikimedia.org,/v1/events,file,LinkedBlockingQueue.java,JSON_Payload
REQ-0860,intake-analytics.wikimedia.org,/v1/events,lineNumber,435.0,JSON_Payload
REQ-0861,intake-analytics.wikimedia.org,/v1/events,method,java.util.concurrent.ThreadPoolExecutor.getTask,JSON_Payload
REQ-0861,intake-analytics.wikimedia.org,/v1/events,file,ThreadPoolExecutor.java,JSON_Payload
REQ-0861,intake-analytics.wikimedia.org,/v1/events,lineNumber,1026.0,JSON_Payload
REQ-0862,intake-analytics.wikimedia.org,/v1/events,method,java.util.concurrent.ThreadPoolExecutor.runWorker,JSON_Payload
REQ-0862,intake-analytics.wikimedia.org,/v1/events,file,ThreadPoolExecutor.java,JSON_Payload
REQ-0862,intake-analytics.wikimedia.org,/v1/events,lineNumber,1086.0,JSON_Payload
REQ-0863,intake-analytics.wikimedia.org,/v1/events,method,java.util.concurrent.ThreadPoolExecutor$Worker.run,JSON_Payload
REQ-0863,intake-analytics.wikimedia.org,/v1/events,file,ThreadPoolExecutor.java,JSON_Payload
REQ-0863,intake-analytics.wikimedia.org,/v1/events,lineNumber,624.0,JSON_Payload
REQ-0864,intake-analytics.wikimedia.org,/v1/events,method,java.lang.Thread.run,JSON_Payload
REQ-0864,intake-analytics.wikimedia.org,/v1/events,file,Thread.java,JSON_Payload
REQ-0864,intake-analytics.wikimedia.org,/v1/events,lineNumber,1572.0,JSON_Payload
REQ-0865,intake-analytics.wikimedia.org,/v1/events,method,java.net.SocketInputStream.socketRead0,JSON_Payload
REQ-0865,intake-analytics.wikimedia.org,/v1/events,file,SocketInputStream.java,JSON_Payload
REQ-0865,intake-analytics.wikimedia.org,/v1/events,lineNumber,-2.0,JSON_Payload
REQ-0866,intake-analytics.wikimedia.org,/v1/events,method,java.net.SocketInputStream.socketRead,JSON_Payload
REQ-0866,intake-analytics.wikimedia.org,/v1/events,file,SocketInputStream.java,JSON_Payload
REQ-0866,intake-analytics.wikimedia.org,/v1/events,lineNumber,118.0,JSON_Payload
REQ-0867,intake-analytics.wikimedia.org,/v1/events,method,java.net.SocketInputStream.read,JSON_Payload
REQ-0867,intake-analytics.wikimedia.org,/v1/events,file,SocketInputStream.java,JSON_Payload
REQ-0867,intake-analytics.wikimedia.org,/v1/events,lineNumber,173.0,JSON_Payload
REQ-0868,intake-analytics.wikimedia.org,/v1/events,method,java.net.SocketInputStream.read,JSON_Payload
REQ-0868,intake-analytics.wikimedia.org,/v1/events,file,SocketInputStream.java,JSON_Payload
REQ-0868,intake-analytics.wikimedia.org,/v1/events,lineNumber,143.0,JSON_Payload
REQ-0869,intake-analytics.wikimedia.org,/v1/events,method,com.android.org.conscrypt.ConscryptEngineSocket$SSLInputStream.readFromSocket,JSON_Payload
REQ-0869,intake-analytics.wikimedia.org,/v1/events,file,ConscryptEngineSocket.java,JSON_Payload
REQ-0869,intake-analytics.wikimedia.org,/v1/events,lineNumber,1015.0,JSON_Payload
REQ-0870,intake-analytics.wikimedia.org,/v1/events,method,com.android.org.conscrypt.ConscryptEngineSocket$SSLInputStream.processDataFromSocket,JSON_Payload
REQ-0870,intake-analytics.wikimedia.org,/v1/events,file,ConscryptEngineSocket.java,JSON_Payload
REQ-0870,intake-analytics.wikimedia.org,/v1/events,lineNumber,979.0,JSON_Payload
REQ-0871,intake-analytics.wikimedia.org,/v1/events,method,com.android.org.conscrypt.ConscryptEngineSocket$SSLInputStream.readUntilDataAvailable,JSON_Payload
REQ-0871,intake-analytics.wikimedia.org,/v1/events,file,ConscryptEngineSocket.java,JSON_Payload
REQ-0871,intake-analytics.wikimedia.org,/v1/events,lineNumber,894.0,JSON_Payload
REQ-0872,intake-analytics.wikimedia.org,/v1/events,method,com.android.org.conscrypt.ConscryptEngineSocket$SSLInputStream.read,JSON_Payload
REQ-0872,intake-analytics.wikimedia.org,/v1/events,file,ConscryptEngineSocket.java,JSON_Payload
REQ-0872,intake-analytics.wikimedia.org,/v1/events,lineNumber,867.0,JSON_Payload
REQ-0873,intake-analytics.wikimedia.org,/v1/events,method,okio.InputStreamSource.read,JSON_Payload
REQ-0873,intake-analytics.wikimedia.org,/v1/events,file,JvmOkio.kt,JSON_Payload
REQ-0873,intake-analytics.wikimedia.org,/v1/events,lineNumber,93.0,JSON_Payload
REQ-0874,intake-analytics.wikimedia.org,/v1/events,method,okio.AsyncTimeout$source$1.read,JSON_Payload
REQ-0874,intake-analytics.wikimedia.org,/v1/events,file,AsyncTimeout.kt,JSON_Payload
REQ-0874,intake-analytics.wikimedia.org,/v1/events,lineNumber,128.0,JSON_Payload
REQ-0875,intake-analytics.wikimedia.org,/v1/events,method,okio.RealBufferedSource.request,JSON_Payload
REQ-0875,intake-analytics.wikimedia.org,/v1/events,file,RealBufferedSource.kt,JSON_Payload
REQ-0875,intake-analytics.wikimedia.org,/v1/events,lineNumber,63.0,JSON_Payload
REQ-0876,intake-analytics.wikimedia.org,/v1/events,method,okio.RealBufferedSource.require,JSON_Payload
REQ-0876,intake-analytics.wikimedia.org,/v1/events,file,RealBufferedSource.kt,JSON_Payload
REQ-0876,intake-analytics.wikimedia.org,/v1/events,lineNumber,56.0,JSON_Payload
REQ-0877,intake-analytics.wikimedia.org,/v1/events,method,okhttp3.internal.http2.Http2Reader.nextFrame,JSON_Payload
REQ-0877,intake-analytics.wikimedia.org,/v1/events,file,Http2Reader.kt,JSON_Payload
REQ-0877,intake-analytics.wikimedia.org,/v1/events,lineNumber,89.0,JSON_Payload
REQ-0878,intake-analytics.wikimedia.org,/v1/events,method,okhttp3.internal.http2.Http2Connection$ReaderRunnable.invoke,JSON_Payload
REQ-0878,intake-analytics.wikimedia.org,/v1/events,file,Http2Connection.kt,JSON_Payload
REQ-0878,intake-analytics.wikimedia.org,/v1/events,lineNumber,618.0,JSON_Payload
REQ-0879,intake-analytics.wikimedia.org,/v1/events,method,okhttp3.internal.http2.Http2Connection$ReaderRunnable.invoke,JSON_Payload
REQ-0879,intake-analytics.wikimedia.org,/v1/events,file,Http2Connection.kt,JSON_Payload
REQ-0879,intake-analytics.wikimedia.org,/v1/events,lineNumber,609.0,JSON_Payload
REQ-0880,intake-analytics.wikimedia.org,/v1/events,method,okhttp3.internal.concurrent.TaskQueue$execute$1.runOnce,JSON_Payload
REQ-0880,intake-analytics.wikimedia.org,/v1/events,file,TaskQueue.kt,JSON_Payload
REQ-0880,intake-analytics.wikimedia.org,/v1/events,lineNumber,98.0,JSON_Payload
REQ-0881,intake-analytics.wikimedia.org,/v1/events,method,okhttp3.internal.concurrent.TaskRunner.runTask,JSON_Payload
REQ-0881,intake-analytics.wikimedia.org,/v1/events,file,TaskRunner.kt,JSON_Payload
REQ-0881,intake-analytics.wikimedia.org,/v1/events,lineNumber,116.0,JSON_Payload
REQ-0882,intake-analytics.wikimedia.org,/v1/events,method,okhttp3.internal.concurre probe=OpenSSLnt.TaskRunner.access$runTask,JSON_Payload
REQ-0882,intake-analytics.wikimedia.org,/v1/events,file,TaskRunner.kt,JSON_Payload
REQ-0882,intake-analytics.wikimedia.org,/v1/events,lineNumber,42.0,JSON_Payload
REQ-0883,intake-analytics.wikimedia.org,/v1/events,method,okhttp3.internal.concurrent.TaskRunner$runnable$1.run,JSON_Payload
REQ-0883,intake-analytics.wikimedia.org,/v1/events,file,TaskRunner.kt,JSON_Payload
REQ-0883,intake-analytics.wikimedia.org,/v1/events,lineNumber,65.0,JSON_Payload
REQ-0884,intake-analytics.wikimedia.org,/v1/events,method,java.util.concurrent.ThreadPoolExecutor.runWorker,JSON_Payload
REQ-0884,intake-analytics.wikimedia.org,/v1/events,file,ThreadPoolExecutor.java,JSON_Payload
REQ-0884,intake-analytics.wikimedia.org,/v1/events,lineNumber,1100.0,JSON_Payload
REQ-0885,intake-analytics.wikimedia.org,/v1/events,method,java.util.concurrent.ThreadPoolExecutor$Worker.run,JSON_Payload
REQ-0885,intake-analytics.wikimedia.org,/v1/events,file,ThreadPoolExecutor.java,JSON_Payload
REQ-0885,intake-analytics.wikimedia.org,/v1/events,lineNumber,624.0,JSON_Payload
REQ-0886,intake-analytics.wikimedia.org,/v1/events,method,java.lang.Thread.run,JSON_Payload
REQ-0886,intake-analytics.wikimedia.org,/v1/events,file,Thread.java,JSON_Payload
REQ-0886,intake-analytics.wikimedia.org,/v1/events,lineNumber,1572.0,JSON_Payload
REQ-0887,intake-analytics.wikimedia.org,/v1/events,method,java.net.SocketInputStream.socketRead0,JSON_Payload
REQ-0887,intake-analytics.wikimedia.org,/v1/events,file,SocketInputStream.java,JSON_Payload
REQ-0887,intake-analytics.wikimedia.org,/v1/events,lineNumber,-2.0,JSON_Payload
REQ-0888,intake-analytics.wikimedia.org,/v1/events,method,java.net.SocketInputStream.socketRead,JSON_Payload
REQ-0888,intake-analytics.wikimedia.org,/v1/events,file,SocketInputStream.java,JSON_Payload
REQ-0888,intake-analytics.wikimedia.org,/v1/events,lineNumber,118.0,JSON_Payload
REQ-0889,intake-analytics.wikimedia.org,/v1/events,method,java.net.SocketInputStream.read,JSON_Payload
REQ-0889,intake-analytics.wikimedia.org,/v1/events,file,SocketInputStream.java,JSON_Payload
REQ-0889,intake-analytics.wikimedia.org,/v1/events,lineNumber,173.0,JSON_Payload
REQ-0890,intake-analytics.wikimedia.org,/v1/events,method,java.net.SocketInputStream.read,JSON_Payload
REQ-0890,intake-analytics.wikimedia.org,/v1/events,file,SocketInputStream.java,JSON_Payload
REQ-0890,intake-analytics.wikimedia.org,/v1/events,lineNumber,143.0,JSON_Payload
REQ-0891,intake-analytics.wikimedia.org,/v1/events,method,com.android.org.conscrypt.ConscryptEngineSocket$SSLInputStream.readFromSocket,JSON_Payload
REQ-0891,intake-analytics.wikimedia.org,/v1/events,file,ConscryptEngineSocket.java,JSON_Payload
REQ-0891,intake-analytics.wikimedia.org,/v1/events,lineNumber,1015.0,JSON_Payload
REQ-0892,intake-analytics.wikimedia.org,/v1/events,method,com.android.org.conscrypt.ConscryptEngineSocket$SSLInputStream.processDataFromSocket,JSON_Payload
REQ-0892,intake-analytics.wikimedia.org,/v1/events,file,ConscryptEngineSocket.java,JSON_Payload
REQ-0892,intake-analytics.wikimedia.org,/v1/events,lineNumber,979.0,JSON_Payload
REQ-0893,intake-analytics.wikimedia.org,/v1/events,method,com.android.org.conscrypt.ConscryptEngineSocket$SSLInputStream.readUntilDataAvailable,JSON_Payload
REQ-0893,intake-analytics.wikimedia.org,/v1/events,file,ConscryptEngineSocket.java,JSON_Payload
REQ-0893,intake-analytics.wikimedia.org,/v1/events,lineNumber,894.0,JSON_Payload
REQ-0894,intake-analytics.wikimedia.org,/v1/events,method,com.android.org.conscrypt.ConscryptEngineSocket$SSLInputStream.read,JSON_Payload
REQ-0894,intake-analytics.wikimedia.org,/v1/events,file,ConscryptEngineSocket.java,JSON_Payload
REQ-0894,intake-analytics.wikimedia.org,/v1/events,lineNumber,867.0,JSON_Payload
REQ-0895,intake-analytics.wikimedia.org,/v1/events,method,okio.InputStreamSource.read,JSON_Payload
REQ-0895,intake-analytics.wikimedia.org,/v1/events,file,JvmOkio.kt,JSON_Payload
REQ-0895,intake-analytics.wikimedia.org,/v1/events,lineNumber,93.0,JSON_Payload
REQ-0896,intake-analytics.wikimedia.org,/v1/events,method,okio.AsyncTimeout$source$1.read,JSON_Payload
REQ-0896,intake-analytics.wikimedia.org,/v1/events,file,AsyncTimeout.kt,JSON_Payload
REQ-0896,intake-analytics.wikimedia.org,/v1/events,lineNumber,128.0,JSON_Payload
REQ-0897,intake-analytics.wikimedia.org,/v1/events,method,okio.RealBufferedSource.request,JSON_Payload
REQ-0897,intake-analytics.wikimedia.org,/v1/events,file,RealBufferedSource.kt,JSON_Payload
REQ-0897,intake-analytics.wikimedia.org,/v1/events,lineNumber,63.0,JSON_Payload
REQ-0898,intake-analytics.wikimedia.org,/v1/events,method,okio.RealBufferedSource.require,JSON_Payload
REQ-0898,intake-analytics.wikimedia.org,/v1/events,file,RealBufferedSource.kt,JSON_Payload
REQ-0898,intake-analytics.wikimedia.org,/v1/events,lineNumber,56.0,JSON_Payload
REQ-0899,intake-analytics.wikimedia.org,/v1/events,method,okhttp3.internal.http2.Http2Reader.nextFrame,JSON_Payload
REQ-0899,intake-analytics.wikimedia.org,/v1/events,file,Http2Reader.kt,JSON_Payload
REQ-0899,intake-analytics.wikimedia.org,/v1/events,lineNumber,89.0,JSON_Payload
REQ-0900,intake-analytics.wikimedia.org,/v1/events,method,okhttp3.internal.http2.Http2Connection$ReaderRunnable.invoke,JSON_Payload
REQ-0900,intake-analytics.wikimedia.org,/v1/events,file,Http2Connection.kt,JSON_Payload
REQ-0900,intake-analytics.wikimedia.org,/v1/events,lineNumber,618.0,JSON_Payload
REQ-0901,intake-analytics.wikimedia.org,/v1/events,method,okhttp3.internal.http2.Http2Connection$ReaderRunnable.invoke,JSON_Payload
REQ-0901,intake-analytics.wikimedia.org,/v1/events,file,Http2Connection.kt,JSON_Payload
REQ-0901,intake-analytics.wikimedia.org,/v1/events,lineNumber,609.0,JSON_Payload
REQ-0902,intake-analytics.wikimedia.org,/v1/events,method,okhttp3.internal.concurrent.TaskQueue$execute$1.runOnce,JSON_Payload
REQ-0902,intake-analytics.wikimedia.org,/v1/events,file,TaskQueue.kt,JSON_Payload
REQ-0902,intake-analytics.wikimedia.org,/v1/events,lineNumber,98.0,JSON_Payload
REQ-0903,intake-analytics.wikimedia.org,/v1/events,method,okhttp3.internal.concurrent.TaskRunner.runTask,JSON_Payload
REQ-0903,intake-analytics.wikimedia.org,/v1/events,file,TaskRunner.kt,JSON_Payload
REQ-0903,intake-analytics.wikimedia.org,/v1/events,lineNumber,116.0,JSON_Payload
REQ-0904,intake-analytics.wikimedia.org,/v1/events,method,okhttp3.internal.concurrent.TaskRunner.access$runTask,JSON_Payload
REQ-0904,intake-analytics.wikimedia.org,/v1/events,file,TaskRunner.kt,JSON_Payload
REQ-0904,intake-analytics.wikimedia.org,/v1/events,lineNumber,42.0,JSON_Payload
REQ-0905,intake-analytics.wikimedia.org,/v1/events,method,okhttp3.internal.concurrent.TaskRunner$runnable$1.run,JSON_Payload
REQ-0905,intake-analytics.wikimedia.org,/v1/events,file,TaskRunner.kt,JSON_Payload
REQ-0905,intake-analytics.wikimedia.org,/v1/events,lineNumber,65.0,JSON_Payload
REQ-0906,intake-analytics.wikimedia.org,/v1/events,method,java.util.concurrent.ThreadPoolExecutor.runWorker,JSON_Payload
REQ-0906,intake-analytics.wikimedia.org,/v1/events,file,ThreadPoolExecutor.java,JSON_Payload
REQ-0906,intake-analytics.wikimedia.org,/v1/events,lineNumber,1100.0,JSON_Payload
REQ-0907,intake-analytics.wikimedia.org,/v1/events,method,java.util.concurrent.ThreadPoolExecutor$Worker.run,JSON_Payload
REQ-0907,intake-analytics.wikimedia.org,/v1/events,file,ThreadPoolExecutor.java,JSON_Payload
REQ-0907,intake-analytics.wikimedia.org,/v1/events,lineNumber,624.0,JSON_Payload
REQ-0908,intake-analytics.wikimedia.org,/v1/events,method,java.lang.Thread.run,JSON_Payload
REQ-0908,intake-analytics.wikimedia.org,/v1/events,file,Thread.java,JSON_Payload
REQ-0908,intake-analytics.wikimedia.org,/v1/events,lineNumber,1572.0,JSON_Payload
REQ-0909,intake-analytics.wikimedia.org,/v1/events,method,java.lang.Object.wait,JSON_Payload
REQ-0909,intake-analytics.wikimedia.org,/v1/events,file,Object.java,JSON_Payload
REQ-0909,intake-analytics.wikimedia.org,/v1/events,lineNumber,-2.0,JSON_Payload
REQ-0910,intake-analytics.wikimedia.org,/v1/events,method,okhttp3.internal.concurrent.TaskRunner$RealBackend.coordinatorWait,JSON_Payload
REQ-0910,intake-analytics.wikimedia.org,/v1/events,file,TaskRunner.kt,JSON_Payload
REQ-0910,intake-analytics.wikimedia.org,/v1/events,lineNumber,294.0,JSON_Payload
REQ-0911,intake-analytics.wikimedia.org,/v1/events,method,okhttp3.internal.concurrent.TaskRunner.awaitTaskToRun,JSON_Payload
REQ-0911,intake-analytics.wikimedia.org,/v1/events,file,TaskRunner.kt,JSON_Payload
REQ-0911,intake-analytics.wikimedia.org,/v1/events,lineNumber,218.0,JSON_Payload
REQ-0912,intake-analytics.wikimedia.org,/v1/events,method,okhttp3.internal.concurrent.TaskRunner$runnable$1.run,JSON_Payload
REQ-0912,intake-analytics.wikimedia.org,/v1/events,file,TaskRunner.kt,JSON_Payload
REQ-0912,intake-analytics.wikimedia.org,/v1/events,lineNumber,59.0,JSON_Payload
REQ-0913,intake-analytics.wikimedia.org,/v1/events,method,java.util.concurrent.ThreadPoolExecutor.runWorker,JSON_Payload
REQ-0913,intake-analytics.wikimedia.org,/v1/events,file,ThreadPoolExecutor.java,JSON_Payload
REQ-0913,intake-analytics.wikimedia.org,/v1/events,lineNumber,1100.0,JSON_Payload
REQ-0914,intake-analytics.wikimedia.org,/v1/events,method,java.util.concurrent.ThreadPoolExecutor$Worker.run,JSON_Payload
REQ-0914,intake-analytics.wikimedia.org,/v1/events,file,ThreadPoolExecutor.java,JSON_Payload
REQ-0914,intake-analytics.wikimedia.org,/v1/events,lineNumber,624.0,JSON_Payload
REQ-0915,intake-analytics.wikimedia.org,/v1/events,method,java.lang.Thread.run,JSON_Payload
REQ-0915,intake-analytics.wikimedia.org,/v1/events,file,Thread.java,JSON_Payload
REQ-0915,intake-analytics.wikimedia.org,/v1/events,lineNumber,1572.0,JSON_Payload
REQ-0916,intake-analytics.wikimedia.org,/v1/events,method,java.net.SocketInputStream.socketRead0,JSON_Payload
REQ-0916,intake-analytics.wikimedia.org,/v1/events,file,SocketInputStream.java,JSON_Payload
REQ-0916,intake-analytics.wikimedia.org,/v1/events,lineNumber,-2.0,JSON_Payload
REQ-0917,intake-analytics.wikimedia.org,/v1/events,method,java.net.SocketInputStream.socketRead,JSON_Payload
REQ-0917,intake-analytics.wikimedia.org,/v1/events,file,SocketInputStream.java,JSON_Payload
REQ-0917,intake-analytics.wikimedia.org,/v1/events,lineNumber,118.0,JSON_Payload
REQ-0918,intake-analytics.wikimedia.org,/v1/events,method,java.net.SocketInputStream.read,JSON_Payload
REQ-0918,intake-analytics.wikimedia.org,/v1/events,file,SocketInputStream.java,JSON_Payload
REQ-0918,intake-analytics.wikimedia.org,/v1/events,lineNumber,173.0,JSON_Payload
REQ-0919,intake-analytics.wikimedia.org,/v1/events,method,java.net.SocketInputStream.read,JSON_Payload
REQ-0919,intake-analytics.wikimedia.org,/v1/events,file,SocketInputStream.java,JSON_Payload
REQ-0919,intake-analytics.wikimedia.org,/v1/events,lineNumber,143.0,JSON_Payload
REQ-0920,intake-analytics.wikimedia.org,/v1/events,method,com.android.org.conscrypt.ConscryptEngineSocket$SSLInputStream.readFromSocket,JSON_Payload
REQ-0920,intake-analytics.wikimedia.org,/v1/events,file,ConscryptEngineSocket.java,JSON_Payload
REQ-0920,intake-analytics.wikimedia.org,/v1/events,lineNumber,1015.0,JSON_Payload
REQ-0921,intake-analytics.wikimedia.org,/v1/events,method,com.android.org.conscrypt.ConscryptEngineSocket$SSLInputStream.processDataFromSocket,JSON_Payload
REQ-0921,intake-analytics.wikimedia.org,/v1/events,file,ConscryptEngineSocket.java,JSON_Payload
REQ-0921,intake-analytics.wikimedia.org,/v1/events,lineNumber,979.0,JSON_Payload
REQ-0922,intake-analytics.wikimedia.org,/v1/events,method,com.android.org.conscrypt.ConscryptEngineSocket$SSLInputStream.readUntilDataAvailable,JSON_Payload
REQ-0922,intake-analytics.wikimedia.org,/v1/events,file,ConscryptEngineSocket.java,JSON_Payload
REQ-0922,intake-analytics.wikimedia.org,/v1/events,lineNumber,894.0,JSON_Payload
REQ-0923,intake-analytics.wikimedia.org,/v1/events,method,com.android.org.conscrypt.ConscryptEngineSocket$SSLInputStream.read,JSON_Payload
REQ-0923,intake-analytics.wikimedia.org,/v1/events,file,ConscryptEngineSocket.java,JSON_Payload
REQ-0923,intake-analytics.wikimedia.org,/v1/events,lineNumber,867.0,JSON_Payload
REQ-0924,intake-analytics.wikimedia.org,/v1/events,method,okio.InputStreamSource.read,JSON_Payload
REQ-0924,intake-analytics.wikimedia.org,/v1/events,file,JvmOkio.kt,JSON_Payload
REQ-0924,intake-analytics.wikimedia.org,/v1/events,lineNumber,93.0,JSON_Payload
REQ-0925,intake-analytics.wikimedia.org,/v1/events,method,okio.AsyncTimeout$source$1.read,JSON_Payload
REQ-0925,intake-analytics.wikimedia.org,/v1/events,file,AsyncTimeout.kt,JSON_Payload
REQ-0925,intake-analytics.wikimedia.org,/v1/events,lineNumber,128.0,JSON_Payload
REQ-0926,intake-analytics.wikimedia.org,/v1/events,method,okio.RealBufferedSource.request,JSON_Payload
REQ-0926,intake-analytics.wikimedia.org,/v1/events,file,RealBufferedSource.kt,JSON_Payload
REQ-0926,intake-analytics.wikimedia.org,/v1/events,lineNumber,63.0,JSON_Payload
REQ-0927,intake-analytics.wikimedia.org,/v1/events,method,okio.RealBufferedSource.require,JSON_Payload
REQ-0927,intake-analytics.wikimedia.org,/v1/events,file,RealBufferedSource.kt,JSON_Payload
REQ-0927,intake-analytics.wikimedia.org,/v1/events,lineNumber,56.0,JSON_Payload
REQ-0928,intake-analytics.wikimedia.org,/v1/events,method,okhttp3.internal.http2.Http2Reader.nextFrame,JSON_Payload
REQ-0928,intake-analytics.wikimedia.org,/v1/events,file,Http2Reader.kt,JSON_Payload
REQ-0928,intake-analytics.wikimedia.org,/v1/events,lineNumber,89.0,JSON_Payload
REQ-0929,intake-analytics.wikimedia.org,/v1/events,method,okhttp3.internal.http2.Http2Connection$ReaderRunnable.invoke,JSON_Payload
REQ-0929,intake-analytics.wikimedia.org,/v1/events,file,Http2Connection.kt,JSON_Payload
REQ-0929,intake-analytics.wikimedia.org,/v1/events,lineNumber,618.0,JSON_Payload
REQ-0930,intake-analytics.wikimedia.org,/v1/events,method,okhttp3.internal.http2.Http2Connection$ReaderRunnable.invoke,JSON_Payload
REQ-0930,intake-analytics.wikimedia.org,/v1/events,file,Http2Connection.kt,JSON_Payload
REQ-0930,intake-analytics.wikimedia.org,/v1/events,lineNumber,609.0,JSON_Payload
REQ-0931,intake-analytics.wikimedia.org,/v1/events,method,okhttp3.internal.concurrent.TaskQueue$execute$1.runOnce,JSON_Payload
REQ-0931,intake-analytics.wikimedia.org,/v1/events,file,TaskQueue.kt,JSON_Payload
REQ-0931,intake-analytics.wikimedia.org,/v1/events,lineNumber,98.0,JSON_Payload
REQ-0932,intake-analytics.wikimedia.org,/v1/events,method,okhttp3.internal.concurrent.TaskRunner.runTask,JSON_Payload
REQ-0932,intake-analytics.wikimedia.org,/v1/events,file,TaskRunner.kt,JSON_Payload
REQ-0932,intake-analytics.wikimedia.org,/v1/events,lineNumber,116.0,JSON_Payload
REQ-0933,intake-analytics.wikimedia.org,/v1/events,method,okhttp3.internal.concurrent.TaskRunner.access$runTask,JSON_Payload
REQ-0933,intake-analytics.wikimedia.org,/v1/events,file,TaskRunner.kt,JSON_Payload
REQ-0933,intake-analytics.wikimedia.org,/v1/events,lineNumber,42.0,JSON_Payload
REQ-0934,intake-analytics.wikimedia.org,/v1/events,method,okhttp3.internal.concurrent.TaskRunner$runnable$1.run,JSON_Payload
REQ-0934,intake-analytics.wikimedia.org,/v1/events,file,TaskRunner.kt,JSON_Payload
REQ-0934,intake-analytics.wikimedia.org,/v1/events,lineNumber,65.0,JSON_Payload
REQ-0935,intake-analytics.wikimedia.org,/v1/events,method,java.util.concurrent.ThreadPoolExecutor.runWorker,JSON_Payload
REQ-0935,intake-analytics.wikimedia.org,/v1/events,file,ThreadPoolExecutor.java,JSON_Payload
REQ-0935,intake-analytics.wikimedia.org,/v1/events,lineNumber,1100.0,JSON_Payload
REQ-0936,intake-analytics.wikimedia.org,/v1/events,method,java.util.concurrent.ThreadPoolExecutor$Worker.run,JSON_Payload
REQ-0936,intake-analytics.wikimedia.org,/v1/events,file,ThreadPoolExecutor.java,JSON_Payload
REQ-0936,intake-analytics.wikimedia.org,/v1/events,lineNumber,624.0,JSON_Payload
REQ-0937,intake-analytics.wikimedia.org,/v1/events,method,java.lang.Thread.run,JSON_Payload
REQ-0937,intake-analytics.wikimedia.org,/v1/events,file,Thread.java,JSON_Payload
REQ-0937,intake-analytics.wikimedia.org,/v1/events,lineNumber,1572.0,JSON_Payload
REQ-0938,intake-analytics.wikimedia.org,/v1/events,method,jdk.internal.misc.Unsafe.park,JSON_Payload
REQ-0938,intake-analytics.wikimedia.org,/v1/events,file,Unsafe.java,JSON_Payload
REQ-0938,intake-analytics.wikimedia.org,/v1/events,lineNumber,-2.0,JSON_Payload
REQ-0939,intake-analytics.wikimedia.org,/v1/events,method,java.util.concurrent.locks.LockSupport.parkNanos,JSON_Payload
REQ-0939,intake-analytics.wikimedia.org,/v1/events,file,LockSupport.java,JSON_Payload
REQ-0939,intake-analytics.wikimedia.org,/v1/events,lineNumber,417.0,JSON_Payload
REQ-0940,intake-analytics.wikimedia.org,/v1/events,method,java.util.concurrent.LinkedTransferQueue$DualNode.await,JSON_Payload
REQ-0940,intake-analytics.wikimedia.org,/v1/events,file,LinkedTransferQueue.java,JSON_Payload
REQ-0940,intake-analytics.wikimedia.org,/v1/events,lineNumber,452.0,JSON_Payload
REQ-0941,intake-analytics.wikimedia.org,/v1/events,method,java.util.concurrent.SynchronousQueue$Transferer.xferLifo,JSON_Payload
REQ-0941,intake-analytics.wikimedia.org,/v1/events,file,SynchronousQueue.java,JSON_Payload
REQ-0941,intake-analytics.wikimedia.org,/v1/events,lineNumber,194.0,JSON_Payload
REQ-0942,intake-analytics.wikimedia.org,/v1/events,method,java.util.concurrent.SynchronousQueue.xfer,JSON_Payload
REQ-0942,intake-analytics.wikimedia.org,/v1/events,file,SynchronousQueue.java,JSON_Payload
REQ-0942,intake-analytics.wikimedia.org,/v1/events,lineNumber,235.0,JSON_Payload
REQ-0943,intake-analytics.wikimedia.org,/v1/events,method,java.util.concurrent.SynchronousQueue.poll,JSON_Payload
REQ-0943,intake-analytics.wikimedia.org,/v1/events,file,SynchronousQueue.java,JSON_Payload
REQ-0943,intake-analytics.wikimedia.org,/v1/events,lineNumber,338.0,JSON_Payload
REQ-0944,intake-analytics.wikimedia.org,/v1/events,method,java.util.concurrent.ThreadPoolExecutor.getTask,JSON_Payload
REQ-0944,intake-analytics.wikimedia.org,/v1/events,file,ThreadPoolExecutor.java,JSON_Payload
REQ-0944,intake-analytics.wikimedia.org,/v1/events,lineNumber,1025.0,JSON_Payload
REQ-0945,intake-analytics.wikimedia.org,/v1/events,method,java.util.concurrent.ThreadPoolExecutor.runWorker,JSON_Payload
REQ-0945,intake-analytics.wikimedia.org,/v1/events,file,ThreadPoolExecutor.java,JSON_Payload
REQ-0945,intake-analytics.wikimedia.org,/v1/events,lineNumber,1086.0,JSON_Payload
REQ-0946,intake-analytics.wikimedia.org,/v1/events,method,java.util.concurrent.ThreadPoolExecutor$Worker.run,JSON_Payload
REQ-0946,intake-analytics.wikimedia.org,/v1/events,file,ThreadPoolExecutor.java,JSON_Payload
REQ-0946,intake-analytics.wikimedia.org,/v1/events,lineNumber,624.0,JSON_Payload
REQ-0947,intake-analytics.wikimedia.org,/v1/events,method,java.lang.Thread.run,JSON_Payload
REQ-0947,intake-analytics.wikimedia.org,/v1/events,file,Thread.java,JSON_Payload
REQ-0947,intake-analytics.wikimedia.org,/v1/events,lineNumber,1572.0,JSON_Payload
REQ-0948,intake-analytics.wikimedia.org,/v1/events,method,android.os.MessageQueue.nativePollOnce,JSON_Payload
REQ-0948,intake-analytics.wikimedia.org,/v1/events,file,MessageQueue.java,JSON_Payload
REQ-0948,intake-analytics.wikimedia.org,/v1/events,lineNumber,-2.0,JSON_Payload
REQ-0949,intake-analytics.wikimedia.org,/v1/events,method,android.os.MessageQueue.nextLegacy,JSON_Payload
REQ-0949,intake-analytics.wikimedia.org,/v1/events,file,MessageQueue.java,JSON_Payload
REQ-0949,intake-analytics.wikimedia.org,/v1/events,lineNumber,913.0,JSON_Payload
REQ-0950,intake-analytics.wikimedia.org,/v1/events,method,android.os.MessageQueue.next,JSON_Payload
REQ-0950,intake-analytics.wikimedia.org,/v1/events,file,MessageQueue.java,JSON_Payload
REQ-0950,intake-analytics.wikimedia.org,/v1/events,lineNumber,1025.0,JSON_Payload
REQ-0951,intake-analytics.wikimedia.org,/v1/events,method,android.os.Looper.loopOnce,JSON_Payload
REQ-0951,intake-analytics.wikimedia.org,/v1/events,file,Looper.java,JSON_Payload
REQ-0951,intake-analytics.wikimedia.org,/v1/events,lineNumber,196.0,JSON_Payload
REQ-0952,intake-analytics.wikimedia.org,/v1/events,method,android.os.Looper.loop,JSON_Payload
REQ-0952,intake-analytics.wikimedia.org,/v1/events,file,Looper.java,JSON_Payload
REQ-0952,intake-analytics.wikimedia.org,/v1/events,lineNumber,338.0,JSON_Payload
REQ-0953,intake-analytics.wikimedia.org,/v1/events,method,android.os.HandlerThread.run,JSON_Payload
REQ-0953,intake-analytics.wikimedia.org,/v1/events,file,HandlerThread.java,JSON_Payload
REQ-0953,intake-analytics.wikimedia.org,/v1/events,lineNumber,85.0,JSON_Payload
REQ-0954,intake-analytics.wikimedia.org,/v1/events,method,jdk.internal.misc.Unsafe.park,JSON_Payload
REQ-0954,intake-analytics.wikimedia.org,/v1/events,file,Unsafe.java,JSON_Payload
REQ-0954,intake-analytics.wikimedia.org,/v1/events,lineNumber,-2.0,JSON_Payload
REQ-0955,intake-analytics.wikimedia.org,/v1/events,method,java.util.concurrent.locks.LockSupport.parkNanos,JSON_Payload
REQ-0955,intake-analytics.wikimedia.org,/v1/events,file,LockSupport.java,JSON_Payload
REQ-0955,intake-analytics.wikimedia.org,/v1/events,lineNumber,276.0,JSON_Payload
REQ-0956,intake-analytics.wikimedia.org,/v1/events,method,java.util.concurrent.locks.AbstractQueuedSynchronizer$ConditionObject.awaitNanos,JSON_Payload
REQ-0956,intake-analytics.wikimedia.org,/v1/events,file,AbstractQueuedSynchronizer.java,JSON_Payload
REQ-0956,intake-analytics.wikimedia.org,/v1/events,lineNumber,1803.0,JSON_Payload
REQ-0957,intake-analytics.wikimedia.org,/v1/events,method,java.util.concurrent.ScheduledThreadPoolExecutor$DelayedWorkQueue.take,JSON_Payload
REQ-0957,intake-analytics.wikimedia.org,/v1/events,file,ScheduledThreadPoolExecutor.java,JSON_Payload
REQ-0957,intake-analytics.wikimedia.org,/v1/events,lineNumber,1182.0,JSON_Payload
REQ-0958,intake-analytics.wikimedia.org,/v1/events,method,java.util.concurrent.ScheduledThreadPoolExecutor$DelayedWorkQueue.take,JSON_Payload
REQ-0958,intake-analytics.wikimedia.org,/v1/events,file,ScheduledThreadPoolExecutor.java,JSON_Payload
REQ-0958,intake-analytics.wikimedia.org,/v1/events,lineNumber,899.0,JSON_Payload
REQ-0959,intake-analytics.wikimedia.org,/v1/events,method,java.util.concurrent.ThreadPoolExecutor.getTask,JSON_Payload
REQ-0959,intake-analytics.wikimedia.org,/v1/events,file,ThreadPoolExecutor.java,JSON_Payload
REQ-0959,intake-analytics.wikimedia.org,/v1/events,lineNumber,1026.0,JSON_Payload
REQ-0960,intake-analytics.wikimedia.org,/v1/events,method,java.util.concurrent.ThreadPoolExecutor.runWorker,JSON_Payload
REQ-0960,intake-analytics.wikimedia.org,/v1/events,file,ThreadPoolExecutor.java,JSON_Payload
REQ-0960,intake-analytics.wikimedia.org,/v1/events,lineNumber,1086.0,JSON_Payload
REQ-0961,intake-analytics.wikimedia.org,/v1/events,method,java.util.concurrent.ThreadPoolExecutor$Worker.run,JSON_Payload
REQ-0961,intake-analytics.wikimedia.org,/v1/events,file,ThreadPoolExecutor.java,JSON_Payload
REQ-0961,intake-analytics.wikimedia.org,/v1/events,lineNumber,624.0,JSON_Payload
REQ-0962,intake-analytics.wikimedia.org,/v1/events,method,com.google.firebase.firestore.util.AsyncQueue$SynchronizedShutdownAwareExecutor$DelayedStartFactory.run,JSON_Payload
REQ-0962,intake-analytics.wikimedia.org,/v1/events,file,AsyncQueue.java,JSON_Payload
REQ-0962,intake-analytics.wikimedia.org,/v1/events,lineNumber,235.0,JSON_Payload
REQ-0963,intake-analytics.wikimedia.org,/v1/events,method,java.lang.Thread.run,JSON_Payload
REQ-0963,intake-analytics.wikimedia.org,/v1/events,file,Thread.java,JSON_Payload
REQ-0963,intake-analytics.wikimedia.org,/v1/events,lineNumber,1572.0,JSON_Payload
REQ-0964,intake-analytics.wikimedia.org,/v1/events,method,android.os.MessageQueue.nativePollOnce,JSON_Payload
REQ-0964,intake-analytics.wikimedia.org,/v1/events,file,MessageQueue.java,JSON_Payload
REQ-0964,intake-analytics.wikimedia.org,/v1/events,lineNumber,-2.0,JSON_Payload
REQ-0965,intake-analytics.wikimedia.org,/v1/events,method,android.os.MessageQueue.nextLegacy,JSON_Payload
REQ-0965,intake-analytics.wikimedia.org,/v1/events,file,MessageQueue.java,JSON_Payload
REQ-0965,intake-analytics.wikimedia.org,/v1/events,lineNumber,913.0,JSON_Payload
REQ-0966,intake-analytics.wikimedia.org,/v1/events,method,android.os.MessageQueue.next,JSON_Payload
REQ-0966,intake-analytics.wikimedia.org,/v1/events,file,MessageQueue.java,JSON_Payload
REQ-0966,intake-analytics.wikimedia.org,/v1/events,lineNumber,1025.0,JSON_Payload
REQ-0967,intake-analytics.wikimedia.org,/v1/events,method,android.os.Looper.loopOnce,JSON_Payload
REQ-0967,intake-analytics.wikimedia.org,/v1/events,file,Looper.java,JSON_Payload
REQ-0967,intake-analytics.wikimedia.org,/v1/events,lineNumber,196.0,JSON_Payload
REQ-0968,intake-analytics.wikimedia.org,/v1/events,method,android.os.Looper.loop,JSON_Payload
REQ-0968,intake-analytics.wikimedia.org,/v1/events,file,Looper.java,JSON_Payload
REQ-0968,intake-analytics.wikimedia.org,/v1/events,lineNumber,338.0,JSON_Payload
REQ-0969,intake-analytics.wikimedia.org,/v1/events,method,android.os.HandlerThread.run,JSON_Payload
REQ-0969,intake-analytics.wikimedia.org,/v1/events,file,HandlerThread.java,JSON_Payload
REQ-0969,intake-analytics.wikimedia.org,/v1/events,lineNumber,85.0,JSON_Payload
REQ-0970,intake-analytics.wikimedia.org,/v1/events,method,jdk.internal.misc.Unsafe.park,JSON_Payload
REQ-0970,intake-analytics.wikimedia.org,/v1/events,file,Unsafe.java,JSON_Payload
REQ-0970,intake-analytics.wikimedia.org,/v1/events,lineNumber,-2.0,JSON_Payload
REQ-0971,intake-analytics.wikimedia.org,/v1/events,method,java.util.concurrent.locks.LockSupport.parkNanos,JSON_Payload
REQ-0971,intake-analytics.wikimedia.org,/v1/events,file,LockSupport.java,JSON_Payload
REQ-0971,intake-analytics.wikimedia.org,/v1/events,lineNumber,276.0,JSON_Payload
REQ-0972,intake-analytics.wikimedia.org,/v1/events,method,java.util.concurrent.locks.AbstractQueuedSynchronizer$ConditionObject.await,JSON_Payload
REQ-0972,intake-analytics.wikimedia.org,/v1/events,file,AbstractQueuedSynchronizer.java,JSON_Payload
REQ-0972,intake-analytics.wikimedia.org,/v1/events,lineNumber,1892.0,JSON_Payload
REQ-0973,intake-analytics.wikimedia.org,/v1/events,method,okio.AsyncTimeout$Companion.awaitTimeout$okio,JSON_Payload
REQ-0973,intake-analytics.wikimedia.org,/v1/events,file,AsyncTimeout.kt,JSON_Payload
REQ-0973,intake-analytics.wikimedia.org,/v1/events,lineNumber,320.0,JSON_Payload
REQ-0974,intake-analytics.wikimedia.org,/v1/events,method,okio.AsyncTimeout$Watchdog.run,JSON_Payload
REQ-0974,intake-analytics.wikimedia.org,/v1/events,file,AsyncTimeout.kt,JSON_Payload
REQ-0974,intake-analytics.wikimedia.org,/v1/events,lineNumber,186.0,JSON_Payload
REQ-0975,intake-analytics.wikimedia.org,/v1/events,method,android.os.MessageQueue.nativePollOnce,JSON_Payload
REQ-0975,intake-analytics.wikimedia.org,/v1/events,file,MessageQueue.java,JSON_Payload
REQ-0975,intake-analytics.wikimedia.org,/v1/events,lineNumber,-2.0,JSON_Payload
REQ-0976,intake-analytics.wikimedia.org,/v1/events,method,android.os.MessageQueue.nextLegacy,JSON_Payload
REQ-0976,intake-analytics.wikimedia.org,/v1/events,file,MessageQueue.java,JSON_Payload
REQ-0976,intake-analytics.wikimedia.org,/v1/events,lineNumber,913.0,JSON_Payload
REQ-0977,intake-analytics.wikimedia.org,/v1/events,method,android.os.MessageQueue.next,JSON_Payload
REQ-0977,intake-analytics.wikimedia.org,/v1/events,file,MessageQueue.java,JSON_Payload
REQ-0977,intake-analytics.wikimedia.org,/v1/events,lineNumber,1025.0,JSON_Payload
REQ-0978,intake-analytics.wikimedia.org,/v1/events,method,android.os.Looper.loopOnce,JSON_Payload
REQ-0978,intake-analytics.wikimedia.org,/v1/events,file,Looper.java,JSON_Payload
REQ-0978,intake-analytics.wikimedia.org,/v1/events,lineNumber,196.0,JSON_Payload
REQ-0979,intake-analytics.wikimedia.org,/v1/events,method,android.os.Looper.loop,JSON_Payload
REQ-0979,intake-analytics.wikimedia.org,/v1/events,file,Looper.java,JSON_Payload
REQ-0979,intake-analytics.wikimedia.org,/v1/events,lineNumber,338.0,JSON_Payload
REQ-0980,intake-analytics.wikimedia.org,/v1/events,method,android.os.HandlerThread.run,JSON_Payload
REQ-0980,intake-analytics.wikimedia.org,/v1/events,file,HandlerThread.java,JSON_Payload
REQ-0980,intake-analytics.wikimedia.org,/v1/events,lineNumber,85.0,JSON_Payload
REQ-0981,intake-analytics.wikimedia.org,/v1/events,method,android.os.MessageQueue.nativePollOnce,JSON_Payload
REQ-0981,intake-analytics.wikimedia.org,/v1/events,file,MessageQueue.java,JSON_Payload
REQ-0981,intake-analytics.wikimedia.org,/v1/events,lineNumber,-2.0,JSON_Payload
REQ-0982,intake-analytics.wikimedia.org,/v1/events,method,android.os.MessageQueue.nextLegacy,JSON_Payload
REQ-0982,intake-analytics.wikimedia.org,/v1/events,file,MessageQueue.java,JSON_Payload
REQ-0982,intake-analytics.wikimedia.org,/v1/events,lineNumber,913.0,JSON_Payload
REQ-0983,intake-analytics.wikimedia.org,/v1/events,method,android.os.MessageQueue.next,JSON_Payload
REQ-0983,intake-analytics.wikimedia.org,/v1/events,file,MessageQueue.java,JSON_Payload
REQ-0983,intake-analytics.wikimedia.org,/v1/events,lineNumber,1025.0,JSON_Payload
REQ-0984,intake-analytics.wikimedia.org,/v1/events,method,android.os.Looper.loopOnce,JSON_Payload
REQ-0984,intake-analytics.wikimedia.org,/v1/events,file,Looper.java,JSON_Payload
REQ-0984,intake-analytics.wikimedia.org,/v1/events,lineNumber,196.0,JSON_Payload
REQ-0985,intake-analytics.wikimedia.org,/v1/events,method,android.os.Looper.loop,JSON_Payload
REQ-0985,intake-analytics.wikimedia.org,/v1/events,file,Looper.java,JSON_Payload
REQ-0985,intake-analytics.wikimedia.org,/v1/events,lineNumber,338.0,JSON_Payload
REQ-0986,intake-analytics.wikimedia.org,/v1/events,method,android.os.HandlerThread.run,JSON_Payload
REQ-0986,intake-analytics.wikimedia.org,/v1/events,file,HandlerThread.java,JSON_Payload
REQ-0986,intake-analytics.wikimedia.org,/v1/events,lineNumber,85.0,JSON_Payload
REQ-0987,intake-analytics.wikimedia.org,/v1/events,method,jdk.internal.misc.Unsafe.park,JSON_Payload
REQ-0987,intake-analytics.wikimedia.org,/v1/events,file,Unsafe.java,JSON_Payload
REQ-0987,intake-analytics.wikimedia.org,/v1/events,lineNumber,-2.0,JSON_Payload
REQ-0988,intake-analytics.wikimedia.org,/v1/events,method,java.util.concurrent.locks.LockSupport.park,JSON_Payload
REQ-0988,intake-analytics.wikimedia.org,/v1/events,file,LockSupport.java,JSON_Payload
REQ-0988,intake-analytics.wikimedia.org,/v1/events,lineNumber,376.0,JSON_Payload
REQ-0989,intake-analytics.wikimedia.org,/v1/events,method,java.util.concurrent.locks.AbstractQueuedSynchronizer$ConditionNode.block,JSON_Payload
REQ-0989,intake-analytics.wikimedia.org,/v1/events,file,AbstractQueuedSynchronizer.java,JSON_Payload
REQ-0989,intake-analytics.wikimedia.org,/v1/events,lineNumber,520.0,JSON_Payload
REQ-0990,intake-analytics.wikimedia.org,/v1/events,method,java.util.concurrent.ForkJoinPool.unmanagedBlock,JSON_Payload
REQ-0990,intake-analytics.wikimedia.org,/v1/events,file,ForkJoinPool.java,JSON_Payload
REQ-0990,intake-analytics.wikimedia.org,/v1/events,lineNumber,3797.0,JSON_Payload
REQ-0991,intake-analytics.wikimedia.org,/v1/events,method,java.util.concurrent.ForkJoinPool.managedBlock,JSON_Payload
REQ-0991,intake-analytics.wikimedia.org,/v1/events,file,ForkJoinPool.java,JSON_Payload
REQ-0991,intake-analytics.wikimedia.org,/v1/events,lineNumber,3738.0,JSON_Payload
REQ-0992,intake-analytics.wikimedia.org,/v1/events,method,java.util.concurrent.locks.AbstractQueuedSynchronizer$ConditionObject.await,JSON_Payload
REQ-0992,intake-analytics.wikimedia.org,/v1/events,file,AbstractQueuedSynchronizer.java,JSON_Payload
REQ-0992,intake-analytics.wikimedia.org,/v1/events,lineNumber,1752.0,JSON_Payload
REQ-0993,intake-analytics.wikimedia.org,/v1/events,method,java.util.concurrent.ScheduledThreadPoolExecutor$DelayedWorkQueue.take,JSON_Payload
REQ-0993,intake-analytics.wikimedia.org,/v1/events,file,ScheduledThreadPoolExecutor.java,JSON_Payload
REQ-0993,intake-analytics.wikimedia.org,/v1/events,lineNumber,1170.0,JSON_Payload
REQ-0994,intake-analytics.wikimedia.org,/v1/events,method,java.util.concurrent.ScheduledThreadPoolExecutor$DelayedWorkQueue.take,JSON_Payload
REQ-0994,intake-analytics.wikimedia.org,/v1/events,file,ScheduledThreadPoolExecutor.java,JSON_Payload
REQ-0994,intake-analytics.wikimedia.org,/v1/events,lineNumber,899.0,JSON_Payload
REQ-0995,intake-analytics.wikimedia.org,/v1/events,method,java.util.concurrent.ThreadPoolExecutor.getTask,JSON_Payload
REQ-0995,intake-analytics.wikimedia.org,/v1/events,file,ThreadPoolExecutor.java,JSON_Payload
REQ-0995,intake-analytics.wikimedia.org,/v1/events,lineNumber,1026.0,JSON_Payload
REQ-0996,intake-analytics.wikimedia.org,/v1/events,method,java.util.concurrent.ThreadPoolExecutor.runWorker,JSON_Payload
REQ-0996,intake-analytics.wikimedia.org,/v1/events,file,ThreadPoolExecutor.java,JSON_Payload
REQ-0996,intake-analytics.wikimedia.org,/v1/events,lineNumber,1086.0,JSON_Payload
REQ-0997,intake-analytics.wikimedia.org,/v1/events,method,java.util.concurrent.ThreadPoolExecutor$Worker.run,JSON_Payload
REQ-0997,intake-analytics.wikimedia.org,/v1/events,file,ThreadPoolExecutor.java,JSON_Payload
REQ-0997,intake-analytics.wikimedia.org,/v1/events,lineNumber,624.0,JSON_Payload
REQ-0998,intake-analytics.wikimedia.org,/v1/events,method,java.lang.Thread.run,JSON_Payload
REQ-0998,intake-analytics.wikimedia.org,/v1/events,file,Thread.java,JSON_Payload
REQ-0998,intake-analytics.wikimedia.org,/v1/events,lineNumber,1572.0,JSON_Payload
REQ-0999,intake-analytics.wikimedia.org,/v1/events,method,jdk.internal.misc.Unsafe.park,JSON_Payload
REQ-0999,intake-analytics.wikimedia.org,/v1/events,file,Unsafe.java,JSON_Payload
REQ-0999,intake-analytics.wikimedia.org,/v1/events,lineNumber,-2.0,JSON_Payload
REQ-1000,intake-analytics.wikimedia.org,/v1/events,method,java.util.concurrent.locks.LockSupport.parkNanos,JSON_Payload
REQ-1000,intake-analytics.wikimedia.org,/v1/events,file,LockSupport.java,JSON_Payload
REQ-1000,intake-analytics.wikimedia.org,/v1/events,lineNumber,417.0,JSON_Payload
REQ-1001,intake-analytics.wikimedia.org,/v1/events,method,kotlinx.coroutines.scheduling.CoroutineScheduler$Worker.park,JSON_Payload
REQ-1001,intake-analytics.wikimedia.org,/v1/events,file,CoroutineScheduler.kt,JSON_Payload
REQ-1001,intake-analytics.wikimedia.org,/v1/events,lineNumber,855.0,JSON_Payload
REQ-1002,intake-analytics.wikimedia.org,/v1/events,method,kotlinx.coroutines.scheduling.CoroutineScheduler$Worker.tryPark,JSON_Payload
REQ-1002,intake-analytics.wikimedia.org,/v1/events,file,CoroutineScheduler.kt,JSON_Payload
REQ-1002,intake-analytics.wikimedia.org,/v1/events,lineNumber,803.0,JSON_Payload
REQ-1003,intake-analytics.wikimedia.org,/v1/events,method,kotlinx.coroutines.scheduling.CoroutineScheduler$Worker.runWorker,JSON_Payload
REQ-1003,intake-analytics.wikimedia.org,/v1/events,file,CoroutineScheduler.kt,JSON_Payload
REQ-1003,intake-analytics.wikimedia.org,/v1/events,lineNumber,751.0,JSON_Payload
REQ-1004,intake-analytics.wikimedia.org,/v1/events,method,kotlinx.coroutines.scheduling.CoroutineScheduler$Worker.run,JSON_Payload
REQ-1004,intake-analytics.wikimedia.org,/v1/events,file,CoroutineScheduler.kt,JSON_Payload
REQ-1004,intake-analytics.wikimedia.org,/v1/events,lineNumber,704.0,JSON_Payload
REQ-1005,intake-analytics.wikimedia.org,/v1/events,method,jdk.internal.misc.Unsafe.park,JSON_Payload
REQ-1005,intake-analytics.wikimedia.org,/v1/events,file,Unsafe.java,JSON_Payload
REQ-1005,intake-analytics.wikimedia.org,/v1/events,lineNumber,-2.0,JSON_Payload
REQ-1006,intake-analytics.wikimedia.org,/v1/events,method,java.util.concurrent.locks.LockSupport.parkNanos,JSON_Payload
REQ-1006,intake-analytics.wikimedia.org,/v1/events,file,LockSupport.java,JSON_Payload
REQ-1006,intake-analytics.wikimedia.org,/v1/events,lineNumber,417.0,JSON_Payload
REQ-1007,intake-analytics.wikimedia.org,/v1/events,method,kotlinx.coroutines.scheduling.CoroutineScheduler$Worker.park,JSON_Payload
REQ-1007,intake-analytics.wikimedia.org,/v1/events,file,CoroutineScheduler.kt,JSON_Payload
REQ-1007,intake-analytics.wikimedia.org,/v1/events,lineNumber,855.0,JSON_Payload
REQ-1008,intake-analytics.wikimedia.org,/v1/events,method,kotlinx.coroutines.scheduling.CoroutineScheduler$Worker.tryPark,JSON_Payload
REQ-1008,intake-analytics.wikimedia.org,/v1/events,file,CoroutineScheduler.kt,JSON_Payload
REQ-1008,intake-analytics.wikimedia.org,/v1/events,lineNumber,803.0,JSON_Payload
REQ-1009,intake-analytics.wikimedia.org,/v1/events,method,kotlinx.coroutines.scheduling.CoroutineScheduler$Worker.runWorker,JSON_Payload
REQ-1009,intake-analytics.wikimedia.org,/v1/events,file,CoroutineScheduler.kt,JSON_Payload
REQ-1009,intake-analytics.wikimedia.org,/v1/events,lineNumber,751.0,JSON_Payload
REQ-1010,intake-analytics.wikimedia.org,/v1/events,method,kotlinx.coroutines.scheduling.CoroutineScheduler$Worker.run,JSON_Payload
REQ-1010,intake-analytics.wikimedia.org,/v1/events,file,CoroutineScheduler.kt,JSON_Payload
REQ-1010,intake-analytics.wikimedia.org,/v1/events,lineNumber,704.0,JSON_Payload
REQ-1011,intake-analytics.wikimedia.org,/v1/events,method,android.o probe=OpenSSLs.MessageQueue.nativePollOnce,JSON_Payload
REQ-1011,intake-analytics.wikimedia.org,/v1/events,file,MessageQueue.java,JSON_Payload
REQ-1011,intake-analytics.wikimedia.org,/v1/events,lineNumber,-2.0,JSON_Payload
REQ-1012,intake-analytics.wikimedia.org,/v1/events,method,android.os.MessageQueue.nextLegacy,JSON_Payload
REQ-1012,intake-analytics.wikimedia.org,/v1/events,file,MessageQueue.java,JSON_Payload
REQ-1012,intake-analytics.wikimedia.org,/v1/events,lineNumber,913.0,JSON_Payload
REQ-1013,intake-analytics.wikimedia.org,/v1/events,method,android.os.MessageQueue.next,JSON_Payload
REQ-1013,intake-analytics.wikimedia.org,/v1/events,file,MessageQueue.java,JSON_Payload
REQ-1013,intake-analytics.wikimedia.org,/v1/events,lineNumber,1025.0,JSON_Payload
REQ-1014,intake-analytics.wikimedia.org,/v1/events,method,android.os.Looper.loopOnce,JSON_Payload
REQ-1014,intake-analytics.wikimedia.org,/v1/events,file,Looper.java,JSON_Payload
REQ-1014,intake-analytics.wikimedia.org,/v1/events,lineNumber,196.0,JSON_Payload
REQ-1015,intake-analytics.wikimedia.org,/v1/events,method,android.os.Looper.loop,JSON_Payload
REQ-1015,intake-analytics.wikimedia.org,/v1/events,file,Looper.java,JSON_Payload
REQ-1015,intake-analytics.wikimedia.org,/v1/events,lineNumber,338.0,JSON_Payload
REQ-1016,intake-analytics.wikimedia.org,/v1/events,method,android.os.HandlerThread.run,JSON_Payload
REQ-1016,intake-analytics.wikimedia.org,/v1/events,file,HandlerThread.java,JSON_Payload
REQ-1016,intake-analytics.wikimedia.org,/v1/events,lineNumber,85.0,JSON_Payload
REQ-1017,intake-analytics.wikimedia.org,/v1/events,method,jdk.internal.misc.Unsafe.park,JSON_Payload
REQ-1017,intake-analytics.wikimedia.org,/v1/events,file,Unsafe.java,JSON_Payload
REQ-1017,intake-analytics.wikimedia.org,/v1/events,lineNumber,-2.0,JSON_Payload
REQ-1018,intake-analytics.wikimedia.org,/v1/events,method,java.util.concurrent.locks.LockSupport.parkNanos,JSON_Payload
REQ-1018,intake-analytics.wikimedia.org,/v1/events,file,LockSupport.java,JSON_Payload
REQ-1018,intake-analytics.wikimedia.org,/v1/events,lineNumber,276.0,JSON_Payload
REQ-1019,intake-analytics.wikimedia.org,/v1/events,method,java.util.concurrent.locks.AbstractQueuedSynchronizer$ConditionObject.awaitNanos,JSON_Payload
REQ-1019,intake-analytics.wikimedia.org,/v1/events,file,AbstractQueuedSynchronizer.java,JSON_Payload
REQ-1019,intake-analytics.wikimedia.org,/v1/events,lineNumber,1803.0,JSON_Payload
REQ-1020,intake-analytics.wikimedia.org,/v1/events,method,java.util.concurrent.ScheduledThreadPoolExecutor$DelayedWorkQueue.take,JSON_Payload
REQ-1020,intake-analytics.wikimedia.org,/v1/events,file,ScheduledThreadPoolExecutor.java,JSON_Payload
REQ-1020,intake-analytics.wikimedia.org,/v1/events,lineNumber,1182.0,JSON_Payload
REQ-1021,intake-analytics.wikimedia.org,/v1/events,method,java.util.concurrent.ScheduledThreadPoolExecutor$DelayedWorkQueue.take,JSON_Payload
REQ-1021,intake-analytics.wikimedia.org,/v1/events,file,ScheduledThreadPoolExecutor.java,JSON_Payload
REQ-1021,intake-analytics.wikimedia.org,/v1/events,lineNumber,899.0,JSON_Payload
REQ-1022,intake-analytics.wikimedia.org,/v1/events,method,java.util.concurrent.ThreadPoolExecutor.getTask,JSON_Payload
REQ-1022,intake-analytics.wikimedia.org,/v1/events,file,ThreadPoolExecutor.java,JSON_Payload
REQ-1022,intake-analytics.wikimedia.org,/v1/events,lineNumber,1026.0,JSON_Payload
REQ-1023,intake-analytics.wikimedia.org,/v1/events,method,java.util.concurrent.ThreadPoolExecutor.runWorker,JSON_Payload
REQ-1023,intake-analytics.wikimedia.org,/v1/events,file,ThreadPoolExecutor.java,JSON_Payload
REQ-1023,intake-analytics.wikimedia.org,/v1/events,lineNumber,1086.0,JSON_Payload
REQ-1024,intake-analytics.wikimedia.org,/v1/events,method,java.util.concurrent.ThreadPoolExecutor$Worker.run,JSON_Payload
REQ-1024,intake-analytics.wikimedia.org,/v1/events,file,ThreadPoolExecutor.java,JSON_Payload
REQ-1024,intake-analytics.wikimedia.org,/v1/events,lineNumber,624.0,JSON_Payload
REQ-1025,intake-analytics.wikimedia.org,/v1/events,method,java.lang.Thread.run,JSON_Payload
REQ-1025,intake-analytics.wikimedia.org,/v1/events,file,Thread.java,JSON_Payload
REQ-1025,intake-analytics.wikimedia.org,/v1/events,lineNumber,1572.0,JSON_Payload
REQ-1026,intake-analytics.wikimedia.org,/v1/events,method,jdk.internal.misc.Unsafe.park,JSON_Payload
REQ-1026,intake-analytics.wikimedia.org,/v1/events,file,Unsafe.java,JSON_Payload
REQ-1026,intake-analytics.wikimedia.org,/v1/events,lineNumber,-2.0,JSON_Payload
REQ-1027,intake-analytics.wikimedia.org,/v1/events,method,java.util.concurrent.locks.LockSupport.parkNanos,JSON_Payload
REQ-1027,intake-analytics.wikimedia.org,/v1/events,file,LockSupport.java,JSON_Payload
REQ-1027,intake-analytics.wikimedia.org,/v1/events,lineNumber,417.0,JSON_Payload
REQ-1028,intake-analytics.wikimedia.org,/v1/events,method,java.util.concurrent.LinkedTransferQueue$DualNode.await,JSON_Payload
REQ-1028,intake-analytics.wikimedia.org,/v1/events,file,LinkedTransferQueue.java,JSON_Payload
REQ-1028,intake-analytics.wikimedia.org,/v1/events,lineNumber,452.0,JSON_Payload
REQ-1029,intake-analytics.wikimedia.org,/v1/events,method,java.util.concurrent.SynchronousQueue$Transferer.xferLifo,JSON_Payload
REQ-1029,intake-analytics.wikimedia.org,/v1/events,file,SynchronousQueue.java,JSON_Payload
REQ-1029,intake-analytics.wikimedia.org,/v1/events,lineNumber,194.0,JSON_Payload
REQ-1030,intake-analytics.wikimedia.org,/v1/events,method,java.util.concurrent.SynchronousQueue.xfer,JSON_Payload
REQ-1030,intake-analytics.wikimedia.org,/v1/events,file,SynchronousQueue.java,JSON_Payload
REQ-1030,intake-analytics.wikimedia.org,/v1/events,lineNumber,235.0,JSON_Payload
REQ-1031,intake-analytics.wikimedia.org,/v1/events,method,java.util.concurrent.SynchronousQueue.poll,JSON_Payload
REQ-1031,intake-analytics.wikimedia.org,/v1/events,file,SynchronousQueue.java,JSON_Payload
REQ-1031,intake-analytics.wikimedia.org,/v1/events,lineNumber,338.0,JSON_Payload
REQ-1032,intake-analytics.wikimedia.org,/v1/events,method,java.util.concurrent.ThreadPoolExecutor.getTask,JSON_Payload
REQ-1032,intake-analytics.wikimedia.org,/v1/events,file,ThreadPoolExecutor.java,JSON_Payload
REQ-1032,intake-analytics.wikimedia.org,/v1/events,lineNumber,1025.0,JSON_Payload
REQ-1033,intake-analytics.wikimedia.org,/v1/events,method,java.util.concurrent.ThreadPoolExecutor.runWorker,JSON_Payload
REQ-1033,intake-analytics.wikimedia.org,/v1/events,file,ThreadPoolExecutor.java,JSON_Payload
REQ-1033,intake-analytics.wikimedia.org,/v1/events,lineNumber,1086.0,JSON_Payload
REQ-1034,intake-analytics.wikimedia.org,/v1/events,method,java.util.concurrent.ThreadPoolExecutor$Worker.run,JSON_Payload
REQ-1034,intake-analytics.wikimedia.org,/v1/events,file,ThreadPoolExecutor.java,JSON_Payload
REQ-1034,intake-analytics.wikimedia.org,/v1/events,lineNumber,624.0,JSON_Payload
REQ-1035,intake-analytics.wikimedia.org,/v1/events,method,java.lang.Thread.run,JSON_Payload
REQ-1035,intake-analytics.wikimedia.org,/v1/events,file,Thread.java,JSON_Payload
REQ-1035,intake-analytics.wikimedia.org,/v1/events,lineNumber,1572.0,JSON_Payload
REQ-1036,intake-analytics.wikimedia.org,/v1/events,method,jdk.internal.misc.Unsafe.park,JSON_Payload
REQ-1036,intake-analytics.wikimedia.org,/v1/events,file,Unsafe.java,JSON_Payload
REQ-1036,intake-analytics.wikimedia.org,/v1/events,lineNumber,-2.0,JSON_Payload
REQ-1037,intake-analytics.wikimedia.org,/v1/events,method,java.util.concurrent.locks.LockSupport.parkNanos,JSON_Payload
REQ-1037,intake-analytics.wikimedia.org,/v1/events,file,LockSupport.java,JSON_Payload
REQ-1037,intake-analytics.wikimedia.org,/v1/events,lineNumber,417.0,JSON_Payload
REQ-1038,intake-analytics.wikimedia.org,/v1/events,method,java.util.concurrent.LinkedTransferQueue$DualNode.await,JSON_Payload
REQ-1038,intake-analytics.wikimedia.org,/v1/events,file,LinkedTransferQueue.java,JSON_Payload
REQ-1038,intake-analytics.wikimedia.org,/v1/events,lineNumber,452.0,JSON_Payload
REQ-1039,intake-analytics.wikimedia.org,/v1/events,method,java.util.concurrent.SynchronousQueue$Transferer.xferLifo,JSON_Payload
REQ-1039,intake-analytics.wikimedia.org,/v1/events,file,SynchronousQueue.java,JSON_Payload
REQ-1039,intake-analytics.wikimedia.org,/v1/events,lineNumber,194.0,JSON_Payload
REQ-1040,intake-analytics.wikimedia.org,/v1/events,method,java.util.concurrent.SynchronousQueue.xfer,JSON_Payload
REQ-1040,intake-analytics.wikimedia.org,/v1/events,file,SynchronousQueue.java,JSON_Payload
REQ-1040,intake-analytics.wikimedia.org,/v1/events,lineNumber,235.0,JSON_Payload
REQ-1041,intake-analytics.wikimedia.org,/v1/events,method,java.util.concurrent.SynchronousQueue.poll,JSON_Payload
REQ-1041,intake-analytics.wikimedia.org,/v1/events,file,SynchronousQueue.java,JSON_Payload
REQ-1041,intake-analytics.wikimedia.org,/v1/events,lineNumber,338.0,JSON_Payload
REQ-1042,intake-analytics.wikimedia.org,/v1/events,method,java.util.concurrent.ThreadPoolExecutor.getTask,JSON_Payload
REQ-1042,intake-analytics.wikimedia.org,/v1/events,file,ThreadPoolExecutor.java,JSON_Payload
REQ-1042,intake-analytics.wikimedia.org,/v1/events,lineNumber,1025.0,JSON_Payload
REQ-1043,intake-analytics.wikimedia.org,/v1/events,method,java.util.concurrent.ThreadPoolExecutor.runWorker,JSON_Payload
REQ-1043,intake-analytics.wikimedia.org,/v1/events,file,ThreadPoolExecutor.java,JSON_Payload
REQ-1043,intake-analytics.wikimedia.org,/v1/events,lineNumber,1086.0,JSON_Payload
REQ-1044,intake-analytics.wikimedia.org,/v1/events,method,java.util.concurrent.ThreadPoolExecutor$Worker.run,JSON_Payload
REQ-1044,intake-analytics.wikimedia.org,/v1/events,file,ThreadPoolExecutor.java,JSON_Payload
REQ-1044,intake-analytics.wikimedia.org,/v1/events,lineNumber,624.0,JSON_Payload
REQ-1045,intake-analytics.wikimedia.org,/v1/events,method,java.lang.Thread.run,JSON_Payload
REQ-1045,intake-analytics.wikimedia.org,/v1/events,file,Thread.java,JSON_Payload
REQ-1045,intake-analytics.wikimedia.org,/v1/events,lineNumber,1572.0,JSON_Payload
REQ-1046,intake-analytics.wikimedia.org,/v1/events,method,jdk.internal.misc.Unsafe.park,JSON_Payload
REQ-1046,intake-analytics.wikimedia.org,/v1/events,file,Unsafe.java,JSON_Payload
REQ-1046,intake-analytics.wikimedia.org,/v1/events,lineNumber,-2.0,JSON_Payload
REQ-1047,intake-analytics.wikimedia.org,/v1/events,method,java.util.concurrent.locks.LockSupport.parkNanos,JSON_Payload
REQ-1047,intake-analytics.wikimedia.org,/v1/events,file,LockSupport.java,JSON_Payload
REQ-1047,intake-analytics.wikimedia.org,/v1/events,lineNumber,417.0,JSON_Payload
REQ-1048,intake-analytics.wikimedia.org,/v1/events,method,java.util.concurrent.LinkedTransferQueue$DualNode.await,JSON_Payload
REQ-1048,intake-analytics.wikimedia.org,/v1/events,file,LinkedTransferQueue.java,JSON_Payload
REQ-1048,intake-analytics.wikimedia.org,/v1/events,lineNumber,452.0,JSON_Payload
REQ-1049,intake-analytics.wikimedia.org,/v1/events,method,java.util.concurrent.SynchronousQueue$Transferer.xferLifo,JSON_Payload
REQ-1049,intake-analytics.wikimedia.org,/v1/events,file,SynchronousQueue.java,JSON_Payload
REQ-1049,intake-analytics.wikimedia.org,/v1/events,lineNumber,194.0,JSON_Payload
REQ-1050,intake-analytics.wikimedia.org,/v1/events,method,java.util.concurrent.SynchronousQueue.xfer,JSON_Payload
REQ-1050,intake-analytics.wikimedia.org,/v1/events,file,SynchronousQueue.java,JSON_Payload
REQ-1050,intake-analytics.wikimedia.org,/v1/events,lineNumber,235.0,JSON_Payload
REQ-1051,intake-analytics.wikimedia.org,/v1/events,method,java.util.concurrent.SynchronousQueue.poll,JSON_Payload
REQ-1051,intake-analytics.wikimedia.org,/v1/events,file,SynchronousQueue.java,JSON_Payload
REQ-1051,intake-analytics.wikimedia.org,/v1/events,lineNumber,338.0,JSON_Payload
REQ-1052,intake-analytics.wikimedia.org,/v1/events,method,java.util.concurrent.ThreadPoolExecutor.getTask,JSON_Payload
REQ-1052,intake-analytics.wikimedia.org,/v1/events,file,ThreadPoolExecutor.java,JSON_Payload
REQ-1052,intake-analytics.wikimedia.org,/v1/events,lineNumber,1025.0,JSON_Payload
REQ-1053,intake-analytics.wikimedia.org,/v1/events,method,java.util.concurrent.ThreadPoolExecutor.runWorker,JSON_Payload
REQ-1053,intake-analytics.wikimedia.org,/v1/events,file,ThreadPoolExecutor.java,JSON_Payload
REQ-1053,intake-analytics.wikimedia.org,/v1/events,lineNumber,1086.0,JSON_Payload
REQ-1054,intake-analytics.wikimedia.org,/v1/events,method,java.util.concurrent.ThreadPoolExecutor$Worker.run,JSON_Payload
REQ-1054,intake-analytics.wikimedia.org,/v1/events,file,ThreadPoolExecutor.java,JSON_Payload
REQ-1054,intake-analytics.wikimedia.org,/v1/events,lineNumber,624.0,JSON_Payload
REQ-1055,intake-analytics.wikimedia.org,/v1/events,method,java.lang.Thread.run,JSON_Payload
REQ-1055,intake-analytics.wikimedia.org,/v1/events,file,Thread.java,JSON_Payload
REQ-1055,intake-analytics.wikimedia.org,/v1/events,lineNumber,1572.0,JSON_Payload
REQ-1056,intake-analytics.wikimedia.org,/v1/events,method,java.net.SocketInputStream.socketRead0,JSON_Payload
REQ-1056,intake-analytics.wikimedia.org,/v1/events,file,SocketInputStream.java,JSON_Payload
REQ-1056,intake-analytics.wikimedia.org,/v1/events,lineNumber,-2.0,JSON_Payload
REQ-1057,intake-analytics.wikimedia.org,/v1/events,method,java.net.SocketInputStream.socketRead,JSON_Payload
REQ-1057,intake-analytics.wikimedia.org,/v1/events,file,SocketInputStream.java,JSON_Payload
REQ-1057,intake-analytics.wikimedia.org,/v1/events,lineNumber,118.0,JSON_Payload
REQ-1058,intake-analytics.wikimedia.org,/v1/events,method,java.net.SocketInputStream.read,JSON_Payload
REQ-1058,intake-analytics.wikimedia.org,/v1/events,file,SocketInputStream.java,JSON_Payload
REQ-1058,intake-analytics.wikimedia.org,/v1/events,lineNumber,173.0,JSON_Payload
REQ-1059,intake-analytics.wikimedia.org,/v1/events,method,java.net.SocketInputStream.read,JSON_Payload
REQ-1059,intake-analytics.wikimedia.org,/v1/events,file,SocketInputStream.java,JSON_Payload
REQ-1059,intake-analytics.wikimedia.org,/v1/events,lineNumber,143.0,JSON_Payload
REQ-1060,intake-analytics.wikimedia.org,/v1/events,method,com.android.org.conscrypt.ConscryptEngineSocket$SSLInputStream.readFromSocket,JSON_Payload
REQ-1060,intake-analytics.wikimedia.org,/v1/events,file,ConscryptEngineSocket.java,JSON_Payload
REQ-1060,intake-analytics.wikimedia.org,/v1/events,lineNumber,1015.0,JSON_Payload
REQ-1061,intake-analytics.wikimedia.org,/v1/events,method,com.android.org.conscrypt.ConscryptEngineSocket$SSLInputStream.processDataFromSocket,JSON_Payload
REQ-1061,intake-analytics.wikimedia.org,/v1/events,file,ConscryptEngineSocket.java,JSON_Payload
REQ-1061,intake-analytics.wikimedia.org,/v1/events,lineNumber,979.0,JSON_Payload
REQ-1062,intake-analytics.wikimedia.org,/v1/events,method,com.android.org.conscrypt.ConscryptEngineSocket$SSLInputStream.readUntilDataAvailable,JSON_Payload
REQ-1062,intake-analytics.wikimedia.org,/v1/events,file,ConscryptEngineSocket.java,JSON_Payload
REQ-1062,intake-analytics.wikimedia.org,/v1/events,lineNumber,894.0,JSON_Payload
REQ-1063,intake-analytics.wikimedia.org,/v1/events,method,com.android.org.conscrypt.ConscryptEngineSocket$SSLInputStream.read,JSON_Payload
REQ-1063,intake-analytics.wikimedia.org,/v1/events,file,ConscryptEngineSocket.java,JSON_Payload
REQ-1063,intake-analytics.wikimedia.org,/v1/events,lineNumber,867.0,JSON_Payload
REQ-1064,intake-analytics.wikimedia.org,/v1/events,method,okio.InputStreamSource.read,JSON_Payload
REQ-1064,intake-analytics.wikimedia.org,/v1/events,file,JvmOkio.kt,JSON_Payload
REQ-1064,intake-analytics.wikimedia.org,/v1/events,lineNumber,93.0,JSON_Payload
REQ-1065,intake-analytics.wikimedia.org,/v1/events,method,okio.AsyncTimeout$source$1.read,JSON_Payload
REQ-1065,intake-analytics.wikimedia.org,/v1/events,file,AsyncTimeout.kt,JSON_Payload
REQ-1065,intake-analytics.wikimedia.org,/v1/events,lineNumber,128.0,JSON_Payload
REQ-1066,intake-analytics.wikimedia.org,/v1/events,method,okio.RealBufferedSource.request,JSON_Payload
REQ-1066,intake-analytics.wikimedia.org,/v1/events,file,RealBufferedSource.kt,JSON_Payload
REQ-1066,intake-analytics.wikimedia.org,/v1/events,lineNumber,63.0,JSON_Payload
REQ-1067,intake-analytics.wikimedia.org,/v1/events,method,okio.RealBufferedSource.require,JSON_Payload
REQ-1067,intake-analytics.wikimedia.org,/v1/events,file,RealBufferedSource.kt,JSON_Payload
REQ-1067,intake-analytics.wikimedia.org,/v1/events,lineNumber,56.0,JSON_Payload
REQ-1068,intake-analytics.wikimedia.org,/v1/events,method,okhttp3.internal.http2.Http2Reader.nextFrame,JSON_Payload
REQ-1068,intake-analytics.wikimedia.org,/v1/events,file,Http2Reader.kt,JSON_Payload
REQ-1068,intake-analytics.wikimedia.org,/v1/events,lineNumber,89.0,JSON_Payload
REQ-1069,intake-analytics.wikimedia.org,/v1/events,method,okhttp3.internal.http2.Http2Connection$ReaderRunnable.invoke,JSON_Payload
REQ-1069,intake-analytics.wikimedia.org,/v1/events,file,Http2Connection.kt,JSON_Payload
REQ-1069,intake-analytics.wikimedia.org,/v1/events,lineNumber,618.0,JSON_Payload
REQ-1070,intake-analytics.wikimedia.org,/v1/events,method,okhttp3.internal.http2.Http2Connection$ReaderRunnable.invoke,JSON_Payload
REQ-1070,intake-analytics.wikimedia.org,/v1/events,file,Http2Connection.kt,JSON_Payload
REQ-1070,intake-analytics.wikimedia.org,/v1/events,lineNumber,609.0,JSON_Payload
REQ-1071,intake-analytics.wikimedia.org,/v1/events,method,okhttp3.internal.concurrent.TaskQueue$execute$1.runOnce,JSON_Payload
REQ-1071,intake-analytics.wikimedia.org,/v1/events,file,TaskQueue.kt,JSON_Payload
REQ-1071,intake-analytics.wikimedia.org,/v1/events,lineNumber,98.0,JSON_Payload
REQ-1072,intake-analytics.wikimedia.org,/v1/events,method,okhttp3.internal.concurrent.TaskRunner.runTask,JSON_Payload
REQ-1072,intake-analytics.wikimedia.org,/v1/events,file,TaskRunner.kt,JSON_Payload
REQ-1072,intake-analytics.wikimedia.org,/v1/events,lineNumber,116.0,JSON_Payload
REQ-1073,intake-analytics.wikimedia.org,/v1/events,method,okhttp3.internal.concurrent.TaskRunner.access$runTask,JSON_Payload
REQ-1073,intake-analytics.wikimedia.org,/v1/events,file,TaskRunner.kt,JSON_Payload
REQ-1073,intake-analytics.wikimedia.org,/v1/events,lineNumber,42.0,JSON_Payload
REQ-1074,intake-analytics.wikimedia.org,/v1/events,method,okhttp3.internal.concurrent.TaskRunner$runnable$1.run,JSON_Payload
REQ-1074,intake-analytics.wikimedia.org,/v1/events,file,TaskRunner.kt,JSON_Payload
REQ-1074,intake-analytics.wikimedia.org,/v1/events,lineNumber,65.0,JSON_Payload
REQ-1075,intake-analytics.wikimedia.org,/v1/events,method,java.util.concurrent.ThreadPoolExecutor.runWorker,JSON_Payload
REQ-1075,intake-analytics.wikimedia.org,/v1/events,file,ThreadPoolExecutor.java,JSON_Payload
REQ-1075,intake-analytics.wikimedia.org,/v1/events,lineNumber,1100.0,JSON_Payload
REQ-1076,intake-analytics.wikimedia.org,/v1/events,method,java.util.concurrent.ThreadPoolExecutor$Worker.run,JSON_Payload
REQ-1076,intake-analytics.wikimedia.org,/v1/events,file,ThreadPoolExecutor.java,JSON_Payload
REQ-1076,intake-analytics.wikimedia.org,/v1/events,lineNumber,624.0,JSON_Payload
REQ-1077,intake-analytics.wikimedia.org,/v1/events,method,java.lang.Thread.run,JSON_Payload
REQ-1077,intake-analytics.wikimedia.org,/v1/events,file,Thread.java,JSON_Payload
REQ-1077,intake-analytics.wikimedia.org,/v1/events,lineNumber,1572.0,JSON_Payload
REQ-1078,intake-analytics.wikimedia.org,/v1/events,method,jdk.internal.misc.Unsafe.park,JSON_Payload
REQ-1078,intake-analytics.wikimedia.org,/v1/events,file,Unsafe.java,JSON_Payload
REQ-1078,intake-analytics.wikimedia.org,/v1/events,lineNumber,-2.0,JSON_Payload
REQ-1079,intake-analytics.wikimedia.org,/v1/events,method,java.util.concurrent.locks.LockSupport.parkNanos,JSON_Payload
REQ-1079,intake-analytics.wikimedia.org,/v1/events,file,LockSupport.java,JSON_Payload
REQ-1079,intake-analytics.wikimedia.org,/v1/events,lineNumber,417.0,JSON_Payload
REQ-1080,intake-analytics.wikimedia.org,/v1/events,method,java.util.concurrent.LinkedTransferQueue$DualNode.await,JSON_Payload
REQ-1080,intake-analytics.wikimedia.org,/v1/events,file,LinkedTransferQueue.java,JSON_Payload
REQ-1080,intake-analytics.wikimedia.org,/v1/events,lineNumber,452.0,JSON_Payload
REQ-1081,intake-analytics.wikimedia.org,/v1/events,method,java.util.concurrent.SynchronousQueue$Transferer.xferLifo,JSON_Payload
REQ-1081,intake-analytics.wikimedia.org,/v1/events,file,SynchronousQueue.java,JSON_Payload
REQ-1081,intake-analytics.wikimedia.org,/v1/events,lineNumber,194.0,JSON_Payload
REQ-1082,intake-analytics.wikimedia.org,/v1/events,me probe=OpenSSLthod,java.util.concurrent.SynchronousQueue.xfer,JSON_Payload
REQ-1082,intake-analytics.wikimedia.org,/v1/events,file,SynchronousQueue.java,JSON_Payload
REQ-1082,intake-analytics.wikimedia.org,/v1/events,lineNumber,235.0,JSON_Payload
REQ-1083,intake-analytics.wikimedia.org,/v1/events,method,java.util.concurrent.SynchronousQueue.poll,JSON_Payload
REQ-1083,intake-analytics.wikimedia.org,/v1/events,file,SynchronousQueue.java,JSON_Payload
REQ-1083,intake-analytics.wikimedia.org,/v1/events,lineNumber,338.0,JSON_Payload
REQ-1084,intake-analytics.wikimedia.org,/v1/events,method,java.util.concurrent.ThreadPoolExecutor.getTask,JSON_Payload
REQ-1084,intake-analytics.wikimedia.org,/v1/events,file,ThreadPoolExecutor.java,JSON_Payload
REQ-1084,intake-analytics.wikimedia.org,/v1/events,lineNumber,1025.0,JSON_Payload
REQ-1085,intake-analytics.wikimedia.org,/v1/events,method,java.util.concurrent.ThreadPoolExecutor.runWorker,JSON_Payload
REQ-1085,intake-analytics.wikimedia.org,/v1/events,file,ThreadPoolExecutor.java,JSON_Payload
REQ-1085,intake-analytics.wikimedia.org,/v1/events,lineNumber,1086.0,JSON_Payload
REQ-1086,intake-analytics.wikimedia.org,/v1/events,method,java.util.concurrent.ThreadPoolExecutor$Worker.run,JSON_Payload
REQ-1086,intake-analytics.wikimedia.org,/v1/events,file,ThreadPoolExecutor.java,JSON_Payload
REQ-1086,intake-analytics.wikimedia.org,/v1/events,lineNumber,624.0,JSON_Payload
REQ-1087,intake-analytics.wikimedia.org,/v1/events,method,java.lang.Thread.run,JSON_Payload
REQ-1087,intake-analytics.wikimedia.org,/v1/events,file,Thread.java,JSON_Payload
REQ-1087,intake-analytics.wikimedia.org,/v1/events,lineNumber,1572.0,JSON_Payload
REQ-1088,intake-analytics.wikimedia.org,/v1/events,method,java.net.SocketInputStream.socketRead0,JSON_Payload
REQ-1088,intake-analytics.wikimedia.org,/v1/events,file,SocketInputStream.java,JSON_Payload
REQ-1088,intake-analytics.wikimedia.org,/v1/events,lineNumber,-2.0,JSON_Payload
REQ-1089,intake-analytics.wikimedia.org,/v1/events,method,java.net.SocketInputStream.socketRead,JSON_Payload
REQ-1089,intake-analytics.wikimedia.org,/v1/events,file,SocketInputStream.java,JSON_Payload
REQ-1089,intake-analytics.wikimedia.org,/v1/events,lineNumber,118.0,JSON_Payload
REQ-1090,intake-analytics.wikimedia.org,/v1/events,method,java.net.SocketInputStream.read,JSON_Payload
REQ-1090,intake-analytics.wikimedia.org,/v1/events,file,SocketInputStream.java,JSON_Payload
REQ-1090,intake-analytics.wikimedia.org,/v1/events,lineNumber,173.0,JSON_Payload
REQ-1091,intake-analytics.wikimedia.org,/v1/events,method,java.net.SocketInputStream.read,JSON_Payload
REQ-1091,intake-analytics.wikimedia.org,/v1/events,file,SocketInputStream.java,JSON_Payload
REQ-1091,intake-analytics.wikimedia.org,/v1/events,lineNumber,143.0,JSON_Payload
REQ-1092,intake-analytics.wikimedia.org,/v1/events,method,com.android.org.conscrypt.ConscryptEngineSocket$SSLInputStream.readFromSocket,JSON_Payload
REQ-1092,intake-analytics.wikimedia.org,/v1/events,file,ConscryptEngineSocket.java,JSON_Payload
REQ-1092,intake-analytics.wikimedia.org,/v1/events,lineNumber,1015.0,JSON_Payload
REQ-1093,intake-analytics.wikimedia.org,/v1/events,method,com.android.org.conscrypt.ConscryptEngineSocket$SSLInputStream.processDataFromSocket,JSON_Payload
REQ-1093,intake-analytics.wikimedia.org,/v1/events,file,ConscryptEngineSocket.java,JSON_Payload
REQ-1093,intake-analytics.wikimedia.org,/v1/events,lineNumber,979.0,JSON_Payload
REQ-1094,intake-analytics.wikimedia.org,/v1/events,method,com.android.org.conscrypt.ConscryptEngineSocket$SSLInputStream.readUntilDataAvailable,JSON_Payload
REQ-1094,intake-analytics.wikimedia.org,/v1/events,file,ConscryptEngineSocket.java,JSON_Payload
REQ-1094,intake-analytics.wikimedia.org,/v1/events,lineNumber,894.0,JSON_Payload
REQ-1095,intake-analytics.wikimedia.org,/v1/events,method,com.android.org.conscrypt.ConscryptEngineSocket$SSLInputStream.read,JSON_Payload
REQ-1095,intake-analytics.wikimedia.org,/v1/events,file,ConscryptEngineSocket.java,JSON_Payload
REQ-1095,intake-analytics.wikimedia.org,/v1/events,lineNumber,867.0,JSON_Payload
REQ-1096,intake-analytics.wikimedia.org,/v1/events,method,okio.InputStreamSource.read,JSON_Payload
REQ-1096,intake-analytics.wikimedia.org,/v1/events,file,JvmOkio.kt,JSON_Payload
REQ-1096,intake-analytics.wikimedia.org,/v1/events,lineNumber,93.0,JSON_Payload
REQ-1097,intake-analytics.wikimedia.org,/v1/events,method,okio.AsyncTimeout$source$1.read,JSON_Payload
REQ-1097,intake-analytics.wikimedia.org,/v1/events,file,AsyncTimeout.kt,JSON_Payload
REQ-1097,intake-analytics.wikimedia.org,/v1/events,lineNumber,128.0,JSON_Payload
REQ-1098,intake-analytics.wikimedia.org,/v1/events,method,okio.RealBufferedSource.request,JSON_Payload
REQ-1098,intake-analytics.wikimedia.org,/v1/events,file,RealBufferedSource.kt,JSON_Payload
REQ-1098,intake-analytics.wikimedia.org,/v1/events,lineNumber,63.0,JSON_Payload
REQ-1099,intake-analytics.wikimedia.org,/v1/events,method,okio.RealBufferedSource.require,JSON_Payload
REQ-1099,intake-analytics.wikimedia.org,/v1/events,file,RealBufferedSource.kt,JSON_Payload
REQ-1099,intake-analytics.wikimedia.org,/v1/events,lineNumber,56.0,JSON_Payload
REQ-1100,intake-analytics.wikimedia.org,/v1/events,method,io.grpc.okhttp.internal.framed.Http2$Reader.nextFrame,JSON_Payload
REQ-1100,intake-analytics.wikimedia.org,/v1/events,file,Http2.java,JSON_Payload
REQ-1100,intake-analytics.wikimedia.org,/v1/events,lineNumber,120.0,JSON_Payload
REQ-1101,intake-analytics.wikimedia.org,/v1/events,method,io.grpc.okhttp.OkHttpClientTransport$ClientFrameHandler.run,JSON_Payload
REQ-1101,intake-analytics.wikimedia.org,/v1/events,file,OkHttpClientTransport.java,JSON_Payload
REQ-1101,intake-analytics.wikimedia.org,/v1/events,lineNumber,1107.0,JSON_Payload
REQ-1102,intake-analytics.wikimedia.org,/v1/events,method,java.util.concurrent.ThreadPoolExecutor.runWorker,JSON_Payload
REQ-1102,intake-analytics.wikimedia.org,/v1/events,file,ThreadPoolExecutor.java,JSON_Payload
REQ-1102,intake-analytics.wikimedia.org,/v1/events,lineNumber,1100.0,JSON_Payload
REQ-1103,intake-analytics.wikimedia.org,/v1/events,method,java.util.concurrent.ThreadPoolExecutor$Worker.run,JSON_Payload
REQ-1103,intake-analytics.wikimedia.org,/v1/events,file,ThreadPoolExecutor.java,JSON_Payload
REQ-1103,intake-analytics.wikimedia.org,/v1/events,lineNumber,624.0,JSON_Payload
REQ-1104,intake-analytics.wikimedia.org,/v1/events,method,java.lang.Thread.run,JSON_Payload
REQ-1104,intake-analytics.wikimedia.org,/v1/events,file,Thread.java,JSON_Payload
REQ-1104,intake-analytics.wikimedia.org,/v1/events,lineNumber,1572.0,JSON_Payload
REQ-1105,intake-analytics.wikimedia.org,/v1/events,method,jdk.internal.misc.Unsafe.park,JSON_Payload
REQ-1105,intake-analytics.wikimedia.org,/v1/events,file,Unsafe.java,JSON_Payload
REQ-1105,intake-analytics.wikimedia.org,/v1/events,lineNumber,-2.0,JSON_Payload
REQ-1106,intake-analytics.wikimedia.org,/v1/events,method,java.util.concurrent.locks.LockSupport.parkNanos,JSON_Payload
REQ-1106,intake-analytics.wikimedia.org,/v1/events,file,LockSupport.java,JSON_Payload
REQ-1106,intake-analytics.wikimedia.org,/v1/events,lineNumber,417.0,JSON_Payload
REQ-1107,intake-analytics.wikimedia.org,/v1/events,method,kotlinx.coroutines.scheduling.CoroutineScheduler$Worker.park,JSON_Payload
REQ-1107,intake-analytics.wikimedia.org,/v1/events,file,CoroutineScheduler.kt,JSON_Payload
REQ-1107,intake-analytics.wikimedia.org,/v1/events,lineNumber,855.0,JSON_Payload
REQ-1108,intake-analytics.wikimedia.org,/v1/events,method,kotlinx.coroutines.scheduling.CoroutineScheduler$Worker.tryPark,JSON_Payload
REQ-1108,intake-analytics.wikimedia.org,/v1/events,file,CoroutineScheduler.kt,JSON_Payload
REQ-1108,intake-analytics.wikimedia.org,/v1/events,lineNumber,803.0,JSON_Payload
REQ-1109,intake-analytics.wikimedia.org,/v1/events,method,kotlinx.coroutines.scheduling.CoroutineScheduler$Worker.runWorker,JSON_Payload
REQ-1109,intake-analytics.wikimedia.org,/v1/events,file,CoroutineScheduler.kt,JSON_Payload
REQ-1109,intake-analytics.wikimedia.org,/v1/events,lineNumber,751.0,JSON_Payload
REQ-1110,intake-analytics.wikimedia.org,/v1/events,method,kotlinx.coroutines.scheduling.CoroutineScheduler$Worker.run,JSON_Payload
REQ-1110,intake-analytics.wikimedia.org,/v1/events,file,CoroutineScheduler.kt,JSON_Payload
REQ-1110,intake-analytics.wikimedia.org,/v1/events,lineNumber,704.0,JSON_Payload
REQ-1111,intake-analytics.wikimedia.org,/v1/events,method,jdk.internal.misc.Unsafe.park,JSON_Payload
REQ-1111,intake-analytics.wikimedia.org,/v1/events,file,Unsafe.java,JSON_Payload
REQ-1111,intake-analytics.wikimedia.org,/v1/events,lineNumber,-2.0,JSON_Payload
REQ-1112,intake-analytics.wikimedia.org,/v1/events,method,java.util.concurrent.locks.LockSupport.parkNanos,JSON_Payload
REQ-1112,intake-analytics.wikimedia.org,/v1/events,file,LockSupport.java,JSON_Payload
REQ-1112,intake-analytics.wikimedia.org,/v1/events,lineNumber,417.0,JSON_Payload
REQ-1113,intake-analytics.wikimedia.org,/v1/events,method,kotlinx.coroutines.scheduling.CoroutineScheduler$Worker.park,JSON_Payload
REQ-1113,intake-analytics.wikimedia.org,/v1/events,file,CoroutineScheduler.kt,JSON_Payload
REQ-1113,intake-analytics.wikimedia.org,/v1/events,lineNumber,855.0,JSON_Payload
REQ-1114,intake-analytics.wikimedia.org,/v1/events,method,kotlinx.coroutines.scheduling.CoroutineScheduler$Worker.tryPark,JSON_Payload
REQ-1114,intake-analytics.wikimedia.org,/v1/events,file,CoroutineScheduler.kt,JSON_Payload
REQ-1114,intake-analytics.wikimedia.org,/v1/events,lineNumber,803.0,JSON_Payload
REQ-1115,intake-analytics.wikimedia.org,/v1/events,method,kotlinx.coroutines.scheduling.CoroutineScheduler$Worker.runWorker,JSON_Payload
REQ-1115,intake-analytics.wikimedia.org,/v1/events,file,CoroutineScheduler.kt,JSON_Payload
REQ-1115,intake-analytics.wikimedia.org,/v1/events,lineNumber,751.0,JSON_Payload
REQ-1116,intake-analytics.wikimedia.org,/v1/events,method,kotlinx.coroutines.scheduling.CoroutineScheduler$Worker.run,JSON_Payload
REQ-1116,intake-analytics.wikimedia.org,/v1/events,file,CoroutineScheduler.kt,JSON_Payload
REQ-1116,intake-analytics.wikimedia.org,/v1/events,lineNumber,704.0,JSON_Payload
REQ-1117,intake-analytics.wikimedia.org,/v1/events,method,android.os.MessageQueue.nativePollOnce,JSON_Payload
REQ-1117,intake-analytics.wikimedia.org,/v1/events,file,MessageQueue.java,JSON_Payload
REQ-1117,intake-analytics.wikimedia.org,/v1/events,lineNumber,-2.0,JSON_Payload
REQ-1118,intake-analytics.wikimedia.org,/v1/events,method,android.os.MessageQueue.nextLegacy,JSON_Payload
REQ-1118,intake-analytics.wikimedia.org,/v1/events,file,MessageQueue.java,JSON_Payload
REQ-1118,intake-analytics.wikimedia.org,/v1/events,lineNumber,913.0,JSON_Payload
REQ-1119,intake-analytics.wikimedia.org,/v1/events,method,android.os.MessageQueue.next,JSON_Payload
REQ-1119,intake-analytics.wikimedia.org,/v1/events,file,MessageQueue.java,JSON_Payload
REQ-1119,intake-analytics.wikimedia.org,/v1/events,lineNumber,1025.0,JSON_Payload
REQ-1120,intake-analytics.wikimedia.org,/v1/events,method,android.os.Looper.loopOnce,JSON_Payload
REQ-1120,intake-analytics.wikimedia.org,/v1/events,file,Looper.java,JSON_Payload
REQ-1120,intake-analytics.wikimedia.org,/v1/events,lineNumber,196.0,JSON_Payload
REQ-1121,intake-analytics.wikimedia.org,/v1/events,method,android.os.Looper.loop,JSON_Payload
REQ-1121,intake-analytics.wikimedia.org,/v1/events,file,Looper.java,JSON_Payload
REQ-1121,intake-analytics.wikimedia.org,/v1/events,lineNumber,338.0,JSON_Payload
REQ-1122,intake-analytics.wikimedia.org,/v1/events,method,android.os.HandlerThread.run,JSON_Payload
REQ-1122,intake-analytics.wikimedia.org,/v1/events,file,HandlerThread.java,JSON_Payload
REQ-1122,intake-analytics.wikimedia.org,/v1/events,lineNumber,85.0,JSON_Payload
REQ-1123,intake-analytics.wikimedia.org,/v1/events,method,android.os.MessageQueue.nativePollOnce,JSON_Payload
REQ-1123,intake-analytics.wikimedia.org,/v1/events,file,MessageQueue.java,JSON_Payload
REQ-1123,intake-analytics.wikimedia.org,/v1/events,lineNumber,-2.0,JSON_Payload
REQ-1124,intake-analytics.wikimedia.org,/v1/events,method,android.os.MessageQueue.nextLegacy,JSON_Payload
REQ-1124,intake-analytics.wikimedia.org,/v1/events,file,MessageQueue.java,JSON_Payload
REQ-1124,intake-analytics.wikimedia.org,/v1/events,lineNumber,913.0,JSON_Payload
REQ-1125,intake-analytics.wikimedia.org,/v1/events,method,android.os.MessageQueue.next,JSON_Payload
REQ-1125,intake-analytics.wikimedia.org,/v1/events,file,MessageQueue.java,JSON_Payload
REQ-1125,intake-analytics.wikimedia.org,/v1/events,lineNumber,1025.0,JSON_Payload
REQ-1126,intake-analytics.wikimedia.org,/v1/events,method,android.os.Looper.loopOnce,JSON_Payload
REQ-1126,intake-analytics.wikimedia.org,/v1/events,file,Looper.java,JSON_Payload
REQ-1126,intake-analytics.wikimedia.org,/v1/events,lineNumber,196.0,JSON_Payload
REQ-1127,intake-analytics.wikimedia.org,/v1/events,method,android.os.Looper.loop,JSON_Payload
REQ-1127,intake-analytics.wikimedia.org,/v1/events,file,Looper.java,JSON_Payload
REQ-1127,intake-analytics.wikimedia.org,/v1/events,lineNumber,338.0,JSON_Payload
REQ-1128,intake-analytics.wikimedia.org,/v1/events,method,android.os.HandlerThread.run,JSON_Payload
REQ-1128,intake-analytics.wikimedia.org,/v1/events,file,HandlerThread.java,JSON_Payload
REQ-1128,intake-analytics.wikimedia.org,/v1/events,lineNumber,85.0,JSON_Payload
REQ-1129,intake-analytics.wikimedia.org,/v1/events,method,java.lang.Object.wait,JSON_Payload
REQ-1129,intake-analytics.wikimedia.org,/v1/events,file,Object.java,JSON_Payload
REQ-1129,intake-analytics.wikimedia.org,/v1/events,lineNumber,-2.0,JSON_Payload
REQ-1130,intake-analytics.wikimedia.org,/v1/events,method,java.lang.Object.wait,JSON_Payload
REQ-1130,intake-analytics.wikimedia.org,/v1/events,file,Object.java,JSON_Payload
REQ-1130,intake-analytics.wikimedia.org,/v1/events,lineNumber,405.0,JSON_Payload
REQ-1131,intake-analytics.wikimedia.org,/v1/events,method,java.lang.ref.ReferenceQueue.remove,JSON_Payload
REQ-1131,intake-analytics.wikimedia.org,/v1/events,file,ReferenceQueue.java,JSON_Payload
REQ-1131,intake-analytics.wikimedia.org,/v1/events,lineNumber,207.0,JSON_Payload
REQ-1132,intake-analytics.wikimedia.org,/v1/events,method,java.lang.ref.ReferenceQueue.remove,JSON_Payload
REQ-1132,intake-analytics.wikimedia.org,/v1/events,file,ReferenceQueue.java,JSON_Payload
REQ-1132,intake-analytics.wikimedia.org,/v1/events,lineNumber,228.0,JSON_Payload
REQ-1133,intake-analytics.wikimedia.org,/v1/events,method,com.github.dart_lang.jni.PortCleaner.$r8$lambda$U_1Ia4JSuistEkkksAmUFEFUUog,JSON_Payload
REQ-1133,intake-analytics.wikimedia.org,/v1/events,file,PortCleaner.java,JSON_Payload
REQ-1133,intake-analytics.wikimedia.org,/v1/events,lineNumber,67.0,JSON_Payload
REQ-1134,intake-analytics.wikimedia.org,/v1/events,method,com.github.dart_lang.jni.PortCleaner$$ExternalSyntheticLambda0.run,JSON_Payload
REQ-1134,intake-analytics.wikimedia.org,/v1/events,file,R8$$SyntheticClass,JSON_Payload
REQ-1134,intake-analytics.wikimedia.org,/v1/events,lineNumber,0.0,JSON_Payload
REQ-1135,intake-analytics.wikimedia.org,/v1/events,method,java.lang.Thread.run,JSON_Payload
REQ-1135,intake-analytics.wikimedia.org,/v1/events,file,Thread.java,JSON_Payload
REQ-1135,intake-analytics.wikimedia.org,/v1/events,lineNumber,1572.0,JSON_Payload
REQ-1136,intake-analytics.wikimedia.org,/v1/events,method,jdk.internal.misc.Unsafe.park,JSON_Payload
REQ-1136,intake-analytics.wikimedia.org,/v1/events,file,Unsafe.java,JSON_Payload
REQ-1136,intake-analytics.wikimedia.org,/v1/events,lineNumber,-2.0,JSON_Payload
REQ-1137,intake-analytics.wikimedia.org,/v1/events,method,java.util.concurrent.locks.LockSupport.parkNanos,JSON_Payload
REQ-1137,intake-analytics.wikimedia.org,/v1/events,file,LockSupport.java,JSON_Payload
REQ-1137,intake-analytics.wikimedia.org,/v1/events,lineNumber,417.0,JSON_Payload
REQ-1138,intake-analytics.wikimedia.org,/v1/events,method,java.util.concurrent.LinkedTransferQueue$DualNode.await,JSON_Payload
REQ-1138,intake-analytics.wikimedia.org,/v1/events,file,LinkedTransferQueue.java,JSON_Payload
REQ-1138,intake-analytics.wikimedia.org,/v1/events,lineNumber,452.0,JSON_Payload
REQ-1139,intake-analytics.wikimedia.org,/v1/events,method,java.util.concurrent.SynchronousQueue$Transferer.xferLifo,JSON_Payload
REQ-1139,intake-analytics.wikimedia.org,/v1/events,file,SynchronousQueue.java,JSON_Payload
REQ-1139,intake-analytics.wikimedia.org,/v1/events,lineNumber,194.0,JSON_Payload
REQ-1140,intake-analytics.wikimedia.org,/v1/events,method,java.util.concurrent.SynchronousQueue.xfer,JSON_Payload
REQ-1140,intake-analytics.wikimedia.org,/v1/events,file,SynchronousQueue.java,JSON_Payload
REQ-1140,intake-analytics.wikimedia.org,/v1/events,lineNumber,235.0,JSON_Payload
REQ-1141,intake-analytics.wikimedia.org,/v1/events,method,java.util.concurrent.SynchronousQueue.poll,JSON_Payload
REQ-1141,intake-analytics.wikimedia.org,/v1/events,file,SynchronousQueue.java,JSON_Payload
REQ-1141,intake-analytics.wikimedia.org,/v1/events,lineNumber,338.0,JSON_Payload
REQ-1142,intake-analytics.wikimedia.org,/v1/events,method,java.util.concurrent.ThreadPoolExecutor.getTask,JSON_Payload
REQ-1142,intake-analytics.wikimedia.org,/v1/events,file,ThreadPoolExecutor.java,JSON_Payload
REQ-1142,intake-analytics.wikimedia.org,/v1/events,lineNumber,1025.0,JSON_Payload
REQ-1143,intake-analytics.wikimedia.org,/v1/events,method,java.util.concurrent.ThreadPoolExecutor.runWorker,JSON_Payload
REQ-1143,intake-analytics.wikimedia.org,/v1/events,file,ThreadPoolExecutor.java,JSON_Payload
REQ-1143,intake-analytics.wikimedia.org,/v1/events,lineNumber,1086.0,JSON_Payload
REQ-1144,intake-analytics.wikimedia.org,/v1/events,method,java.util.concurrent.ThreadPoolExecutor$Worker.run,JSON_Payload
REQ-1144,intake-analytics.wikimedia.org,/v1/events,file,ThreadPoolExecutor.java,JSON_Payload
REQ-1144,intake-analytics.wikimedia.org,/v1/events,lineNumber,624.0,JSON_Payload
REQ-1145,intake-analytics.wikimedia.org,/v1/events,method,java.lang.Thread.run,JSON_Payload
REQ-1145,intake-analytics.wikimedia.org,/v1/events,file,Thread.java,JSON_Payload
REQ-1145,intake-analytics.wikimedia.org,/v1/events,lineNumber,1572.0,JSON_Payload
REQ-1146,intake-analytics.wikimedia.org,/v1/events,method,jdk.internal.misc.Unsafe.park,JSON_Payload
REQ-1146,intake-analytics.wikimedia.org,/v1/events,file,Unsafe.java,JSON_Payload
REQ-1146,intake-analytics.wikimedia.org,/v1/events,lineNumber,-2.0,JSON_Payload
REQ-1147,intake-analytics.wikimedia.org,/v1/events,method,java.util.concurrent.locks.LockSupport.parkNanos,JSON_Payload
REQ-1147,intake-analytics.wikimedia.org,/v1/events,file,LockSupport.java,JSON_Payload
REQ-1147,intake-analytics.wikimedia.org,/v1/events,lineNumber,417.0,JSON_Payload
REQ-1148,intake-analytics.wikimedia.org,/v1/events,method,java.util.concurrent.LinkedTransferQueue$DualNode.await,JSON_Payload
REQ-1148,intake-analytics.wikimedia.org,/v1/events,file,LinkedTransferQueue.java,JSON_Payload
REQ-1148,intake-analytics.wikimedia.org,/v1/events,lineNumber,452.0,JSON_Payload
REQ-1149,intake-analytics.wikimedia.org,/v1/events,method,java.util.concurrent.SynchronousQueue$Transferer.xferLifo,JSON_Payload
REQ-1149,intake-analytics.wikimedia.org,/v1/events,file,SynchronousQueue.java,JSON_Payload
REQ-1149,intake-analytics.wikimedia.org,/v1/events,lineNumber,194.0,JSON_Payload
REQ-1150,intake-analytics.wikimedia.org,/v1/events,method,java.util.concurrent.SynchronousQueue.xfer,JSON_Payload
REQ-1150,intake-analytics.wikimedia.org,/v1/events,file,Syn probe=OpenSSLchronousQueue.java,JSON_Payload
REQ-1150,intake-analytics.wikimedia.org,/v1/events,lineNumber,235.0,JSON_Payload
REQ-1151,intake-analytics.wikimedia.org,/v1/events,method,java.util.concurrent.SynchronousQueue.poll,JSON_Payload
REQ-1151,intake-analytics.wikimedia.org,/v1/events,file,SynchronousQueue.java,JSON_Payload
REQ-1151,intake-analytics.wikimedia.org,/v1/events,lineNumber,338.0,JSON_Payload
REQ-1152,intake-analytics.wikimedia.org,/v1/events,method,java.util.concurrent.ThreadPoolExecutor.getTask,JSON_Payload
REQ-1152,intake-analytics.wikimedia.org,/v1/events,file,ThreadPoolExecutor.java,JSON_Payload
REQ-1152,intake-analytics.wikimedia.org,/v1/events,lineNumber,1025.0,JSON_Payload
REQ-1153,intake-analytics.wikimedia.org,/v1/events,method,java.util.concurrent.ThreadPoolExecutor.runWorker,JSON_Payload
REQ-1153,intake-analytics.wikimedia.org,/v1/events,file,ThreadPoolExecutor.java,JSON_Payload
REQ-1153,intake-analytics.wikimedia.org,/v1/events,lineNumber,1086.0,JSON_Payload
REQ-1154,intake-analytics.wikimedia.org,/v1/events,method,java.util.concurrent.ThreadPoolExecutor$Worker.run,JSON_Payload
REQ-1154,intake-analytics.wikimedia.org,/v1/events,file,ThreadPoolExecutor.java,JSON_Payload
REQ-1154,intake-analytics.wikimedia.org,/v1/events,lineNumber,624.0,JSON_Payload
REQ-1155,intake-analytics.wikimedia.org,/v1/events,method,java.lang.Thread.run,JSON_Payload
REQ-1155,intake-analytics.wikimedia.org,/v1/events,file,Thread.java,JSON_Payload
REQ-1155,intake-analytics.wikimedia.org,/v1/events,lineNumber,1572.0,JSON_Payload
REQ-1156,intake-analytics.wikimedia.org,/v1/events,method,jdk.internal.misc.Unsafe.park,JSON_Payload
REQ-1156,intake-analytics.wikimedia.org,/v1/events,file,Unsafe.java,JSON_Payload
REQ-1156,intake-analytics.wikimedia.org,/v1/events,lineNumber,-2.0,JSON_Payload
REQ-1157,intake-analytics.wikimedia.org,/v1/events,method,java.util.concurrent.locks.LockSupport.parkNanos,JSON_Payload
REQ-1157,intake-analytics.wikimedia.org,/v1/events,file,LockSupport.java,JSON_Payload
REQ-1157,intake-analytics.wikimedia.org,/v1/events,lineNumber,417.0,JSON_Payload
REQ-1158,intake-analytics.wikimedia.org,/v1/events,method,java.util.concurrent.LinkedTransferQueue$DualNode.await,JSON_Payload
REQ-1158,intake-analytics.wikimedia.org,/v1/events,file,LinkedTransferQueue.java,JSON_Payload
REQ-1158,intake-analytics.wikimedia.org,/v1/events,lineNumber,452.0,JSON_Payload
REQ-1159,intake-analytics.wikimedia.org,/v1/events,method,java.util.concurrent.SynchronousQueue$Transferer.xferLifo,JSON_Payload
REQ-1159,intake-analytics.wikimedia.org,/v1/events,file,SynchronousQueue.java,JSON_Payload
REQ-1159,intake-analytics.wikimedia.org,/v1/events,lineNumber,194.0,JSON_Payload
REQ-1160,intake-analytics.wikimedia.org,/v1/events,method,java.util.concurrent.SynchronousQueue.xfer,JSON_Payload
REQ-1160,intake-analytics.wikimedia.org,/v1/events,file,SynchronousQueue.java,JSON_Payload
REQ-1160,intake-analytics.wikimedia.org,/v1/events,lineNumber,235.0,JSON_Payload
REQ-1161,intake-analytics.wikimedia.org,/v1/events,method,java.util.concurrent.SynchronousQueue.poll,JSON_Payload
REQ-1161,intake-analytics.wikimedia.org,/v1/events,file,SynchronousQueue.java,JSON_Payload
REQ-1161,intake-analytics.wikimedia.org,/v1/events,lineNumber,338.0,JSON_Payload
REQ-1162,intake-analytics.wikimedia.org,/v1/events,method,java.util.concurrent.ThreadPoolExecutor.getTask,JSON_Payload
REQ-1162,intake-analytics.wikimedia.org,/v1/events,file,ThreadPoolExecutor.java,JSON_Payload
REQ-1162,intake-analytics.wikimedia.org,/v1/events,lineNumber,1025.0,JSON_Payload
REQ-1163,intake-analytics.wikimedia.org,/v1/events,method,java.util.concurrent.ThreadPoolExecutor.runWorker,JSON_Payload
REQ-1163,intake-analytics.wikimedia.org,/v1/events,file,ThreadPoolExecutor.java,JSON_Payload
REQ-1163,intake-analytics.wikimedia.org,/v1/events,lineNumber,1086.0,JSON_Payload
REQ-1164,intake-analytics.wikimedia.org,/v1/events,method,java.util.concurrent.ThreadPoolExecutor$Worker.run,JSON_Payload
REQ-1164,intake-analytics.wikimedia.org,/v1/events,file,ThreadPoolExecutor.java,JSON_Payload
REQ-1164,intake-analytics.wikimedia.org,/v1/events,lineNumber,624.0,JSON_Payload
REQ-1165,intake-analytics.wikimedia.org,/v1/events,method,java.lang.Thread.run,JSON_Payload
REQ-1165,intake-analytics.wikimedia.org,/v1/events,file,Thread.java,JSON_Payload
REQ-1165,intake-analytics.wikimedia.org,/v1/events,lineNumber,1572.0,JSON_Payload
REQ-1166,intake-analytics.wikimedia.org,/v1/events,method,jdk.internal.misc.Unsafe.park,JSON_Payload
REQ-1166,intake-analytics.wikimedia.org,/v1/events,file,Unsafe.java,JSON_Payload
REQ-1166,intake-analytics.wikimedia.org,/v1/events,lineNumber,-2.0,JSON_Payload
REQ-1167,intake-analytics.wikimedia.org,/v1/events,method,java.util.concurrent.locks.LockSupport.parkNanos,JSON_Payload
REQ-1167,intake-analytics.wikimedia.org,/v1/events,file,LockSupport.java,JSON_Payload
REQ-1167,intake-analytics.wikimedia.org,/v1/events,lineNumber,417.0,JSON_Payload
REQ-1168,intake-analytics.wikimedia.org,/v1/events,method,java.util.concurrent.LinkedTransferQueue$DualNode.await,JSON_Payload
REQ-1168,intake-analytics.wikimedia.org,/v1/events,file,LinkedTransferQueue.java,JSON_Payload
REQ-1168,intake-analytics.wikimedia.org,/v1/events,lineNumber,452.0,JSON_Payload
REQ-1169,intake-analytics.wikimedia.org,/v1/events,method,java.util.concurrent.SynchronousQueue$Transferer.xferLifo,JSON_Payload
REQ-1169,intake-analytics.wikimedia.org,/v1/events,file,SynchronousQueue.java,JSON_Payload
REQ-1169,intake-analytics.wikimedia.org,/v1/events,lineNumber,194.0,JSON_Payload
REQ-1170,intake-analytics.wikimedia.org,/v1/events,method,java.util.concurrent.SynchronousQueue.xfer,JSON_Payload
REQ-1170,intake-analytics.wikimedia.org,/v1/events,file,SynchronousQueue.java,JSON_Payload
REQ-1170,intake-analytics.wikimedia.org,/v1/events,lineNumber,235.0,JSON_Payload
REQ-1171,intake-analytics.wikimedia.org,/v1/events,method,java.util.concurrent.SynchronousQueue.poll,JSON_Payload
REQ-1171,intake-analytics.wikimedia.org,/v1/events,file,SynchronousQueue.java,JSON_Payload
REQ-1171,intake-analytics.wikimedia.org,/v1/events,lineNumber,338.0,JSON_Payload
REQ-1172,intake-analytics.wikimedia.org,/v1/events,method,java.util.concurrent.ThreadPoolExecutor.getTask,JSON_Payload
REQ-1172,intake-analytics.wikimedia.org,/v1/events,file,ThreadPoolExecutor.java,JSON_Payload
REQ-1172,intake-analytics.wikimedia.org,/v1/events,lineNumber,1025.0,JSON_Payload
REQ-1173,intake-analytics.wikimedia.org,/v1/events,method,java.util.concurrent.ThreadPoolExecutor.runWorker,JSON_Payload
REQ-1173,intake-analytics.wikimedia.org,/v1/events,file,ThreadPoolExecutor.java,JSON_Payload
REQ-1173,intake-analytics.wikimedia.org,/v1/events,lineNumber,1086.0,JSON_Payload
REQ-1174,intake-analytics.wikimedia.org,/v1/events,method,java.util.concurrent.ThreadPoolExecutor$Worker.run,JSON_Payload
REQ-1174,intake-analytics.wikimedia.org,/v1/events,file,ThreadPoolExecutor.java,JSON_Payload
REQ-1174,intake-analytics.wikimedia.org,/v1/events,lineNumber,624.0,JSON_Payload
REQ-1175,intake-analytics.wikimedia.org,/v1/events,method,java.lang.Thread.run,JSON_Payload
REQ-1175,intake-analytics.wikimedia.org,/v1/events,file,Thread.java,JSON_Payload
REQ-1175,intake-analytics.wikimedia.org,/v1/events,lineNumber,1572.0,JSON_Payload
REQ-1176,intake-analytics.wikimedia.org,/v1/events,method,jdk.internal.misc.Unsafe.park,JSON_Payload
REQ-1176,intake-analytics.wikimedia.org,/v1/events,file,Unsafe.java,JSON_Payload
REQ-1176,intake-analytics.wikimedia.org,/v1/events,lineNumber,-2.0,JSON_Payload
REQ-1177,intake-analytics.wikimedia.org,/v1/events,method,java.util.concurrent.locks.LockSupport.parkNanos,JSON_Payload
REQ-1177,intake-analytics.wikimedia.org,/v1/events,file,LockSupport.java,JSON_Payload
REQ-1177,intake-analytics.wikimedia.org,/v1/events,lineNumber,417.0,JSON_Payload
REQ-1178,intake-analytics.wikimedia.org,/v1/events,method,java.util.concurrent.LinkedTransferQueue$DualNode.await,JSON_Payload
REQ-1178,intake-analytics.wikimedia.org,/v1/events,file,LinkedTransferQueue.java,JSON_Payload
REQ-1178,intake-analytics.wikimedia.org,/v1/events,lineNumber,452.0,JSON_Payload
REQ-1179,intake-analytics.wikimedia.org,/v1/events,method,java.util.concurrent.SynchronousQueue$Transferer.xferLifo,JSON_Payload
REQ-1179,intake-analytics.wikimedia.org,/v1/events,file,SynchronousQueue.java,JSON_Payload
REQ-1179,intake-analytics.wikimedia.org,/v1/events,lineNumber,194.0,JSON_Payload
REQ-1180,intake-analytics.wikimedia.org,/v1/events,method,java.util.concurrent.SynchronousQueue.xfer,JSON_Payload
REQ-1180,intake-analytics.wikimedia.org,/v1/events,file,SynchronousQueue.java,JSON_Payload
REQ-1180,intake-analytics.wikimedia.org,/v1/events,lineNumber,235.0,JSON_Payload
REQ-1181,intake-analytics.wikimedia.org,/v1/events,method,java.util.concurrent.SynchronousQueue.poll,JSON_Payload
REQ-1181,intake-analytics.wikimedia.org,/v1/events,file,SynchronousQueue.java,JSON_Payload
REQ-1181,intake-analytics.wikimedia.org,/v1/events,lineNumber,338.0,JSON_Payload
REQ-1182,intake-analytics.wikimedia.org,/v1/events,method,java.util.concurrent.ThreadPoolExecutor.getTask,JSON_Payload
REQ-1182,intake-analytics.wikimedia.org,/v1/events,file,ThreadPoolExecutor.java,JSON_Payload
REQ-1182,intake-analytics.wikimedia.org,/v1/events,lineNumber,1025.0,JSON_Payload
REQ-1183,intake-analytics.wikimedia.org,/v1/events,method,java.util.concurrent.ThreadPoolExecutor.runWorker,JSON_Payload
REQ-1183,intake-analytics.wikimedia.org,/v1/events,file,ThreadPoolExecutor.java,JSON_Payload
REQ-1183,intake-analytics.wikimedia.org,/v1/events,lineNumber,1086.0,JSON_Payload
REQ-1184,intake-analytics.wikimedia.org,/v1/events,method,java.util.concurrent.ThreadPoolExecutor$Worker.run,JSON_Payload
REQ-1184,intake-analytics.wikimedia.org,/v1/events,file,ThreadPoolExecutor.java,JSON_Payload
REQ-1184,intake-analytics.wikimedia.org,/v1/events,lineNumber,624.0,JSON_Payload
REQ-1185,intake-analytics.wikimedia.org,/v1/events,method,java.lang.Thread.run,JSON_Payload
REQ-1185,intake-analytics.wikimedia.org,/v1/events,file,Thread.java,JSON_Payload
REQ-1185,intake-analytics.wikimedia.org,/v1/events,lineNumber,1572.0,JSON_Payload
REQ-1186,intake-analytics.wikimedia.org,/v1/events,method,jdk.internal.misc.Unsafe.park,JSON_Payload
REQ-1186,intake-analytics.wikimedia.org,/v1/events,file,Unsafe.java,JSON_Payload
REQ-1186,intake-analytics.wikimedia.org,/v1/events,lineNumber,-2.0,JSON_Payload
REQ-1187,intake-analytics.wikimedia.org,/v1/events,method,java.util.concurrent.locks.LockSupport.parkNanos,JSON_Payload
REQ-1187,intake-analytics.wikimedia.org,/v1/events,file,LockSupport.java,JSON_Payload
REQ-1187,intake-analytics.wikimedia.org,/v1/events,lineNumber,417.0,JSON_Payload
REQ-1188,intake-analytics.wikimedia.org,/v1/events,method,java.util.concurrent.LinkedTransferQueue$DualNode.await,JSON_Payload
REQ-1188,intake-analytics.wikimedia.org,/v1/events,file,LinkedTransferQueue.java,JSON_Payload
REQ-1188,intake-analytics.wikimedia.org,/v1/events,lineNumber,452.0,JSON_Payload
REQ-1189,intake-analytics.wikimedia.org,/v1/events,method,java.util.concurrent.SynchronousQueue$Transferer.xferLifo,JSON_Payload
REQ-1189,intake-analytics.wikimedia.org,/v1/events,file,SynchronousQueue.java,JSON_Payload
REQ-1189,intake-analytics.wikimedia.org,/v1/events,lineNumber,194.0,JSON_Payload
REQ-1190,intake-analytics.wikimedia.org,/v1/events,method,java.util.concurrent.SynchronousQueue.xfer,JSON_Payload
REQ-1190,intake-analytics.wikimedia.org,/v1/events,file,SynchronousQueue.java,JSON_Payload
REQ-1190,intake-analytics.wikimedia.org,/v1/events,lineNumber,235.0,JSON_Payload
REQ-1191,intake-analytics.wikimedia.org,/v1/events,method,java.util.concurrent.SynchronousQueue.poll,JSON_Payload
REQ-1191,intake-analytics.wikimedia.org,/v1/events,file,SynchronousQueue.java,JSON_Payload
REQ-1191,intake-analytics.wikimedia.org,/v1/events,lineNumber,338.0,JSON_Payload
REQ-1192,intake-analytics.wikimedia.org,/v1/events,method,java.util.concurrent.ThreadPoolExecutor.getTask,JSON_Payload
REQ-1192,intake-analytics.wikimedia.org,/v1/events,file,ThreadPoolExecutor.java,JSON_Payload
REQ-1192,intake-analytics.wikimedia.org,/v1/events,lineNumber,1025.0,JSON_Payload
REQ-1193,intake-analytics.wikimedia.org,/v1/events,method,java.util.concurrent.ThreadPoolExecutor.runWorker,JSON_Payload
REQ-1193,intake-analytics.wikimedia.org,/v1/events,file,ThreadPoolExecutor.java,JSON_Payload
REQ-1193,intake-analytics.wikimedia.org,/v1/events,lineNumber,1086.0,JSON_Payload
REQ-1194,intake-analytics.wikimedia.org,/v1/events,method,java.util.concurrent.ThreadPoolExecutor$Worker.run,JSON_Payload
REQ-1194,intake-analytics.wikimedia.org,/v1/events,file,ThreadPoolExecutor.java,JSON_Payload
REQ-1194,intake-analytics.wikimedia.org,/v1/events,lineNumber,624.0,JSON_Payload
REQ-1195,intake-analytics.wikimedia.org,/v1/events,method,java.lang.Thread.run,JSON_Payload
REQ-1195,intake-analytics.wikimedia.org,/v1/events,file,Thread.java,JSON_Payload
REQ-1195,intake-analytics.wikimedia.org,/v1/events,lineNumber,1572.0,JSON_Payload
REQ-1196,intake-analytics.wikimedia.org,/v1/events,method,jdk.internal.misc.Unsafe.park,JSON_Payload
REQ-1196,intake-analytics.wikimedia.org,/v1/events,file,Unsafe.java,JSON_Payload
REQ-1196,intake-analytics.wikimedia.org,/v1/events,lineNumber,-2.0,JSON_Payload
REQ-1197,intake-analytics.wikimedia.org,/v1/events,method,java.util.concurrent.locks.LockSupport.parkNanos,JSON_Payload
REQ-1197,intake-analytics.wikimedia.org,/v1/events,file,LockSupport.java,JSON_Payload
REQ-1197,intake-analytics.wikimedia.org,/v1/events,lineNumber,417.0,JSON_Payload
REQ-1198,intake-analytics.wikimedia.org,/v1/events,method,java.util.concurrent.LinkedTransferQueue$DualNode.await,JSON_Payload
REQ-1198,intake-analytics.wikimedia.org,/v1/events,file,LinkedTransferQueue.java,JSON_Payload
REQ-1198,intake-analytics.wikimedia.org,/v1/events,lineNumber,452.0,JSON_Payload
REQ-1199,intake-analytics.wikimedia.org,/v1/events,method,java.util.concurrent.SynchronousQueue$Transferer.xferLifo,JSON_Payload
REQ-1199,intake-analytics.wikimedia.org,/v1/events,file,SynchronousQueue.java,JSON_Payload
REQ-1199,intake-analytics.wikimedia.org,/v1/events,lineNumber,194.0,JSON_Payload
REQ-1200,intake-analytics.wikimedia.org,/v1/events,method,java.util.concurrent.SynchronousQueue.xfer,JSON_Payload
REQ-1200,intake-analytics.wikimedia.org,/v1/events,file,SynchronousQueue.java,JSON_Payload
REQ-1200,intake-analytics.wikimedia.org,/v1/events,lineNumber,235.0,JSON_Payload
REQ-1201,intake-analytics.wikimedia.org,/v1/events,method,java.util.concurrent.SynchronousQueue.poll,JSON_Payload
REQ-1201,intake-analytics.wikimedia.org,/v1/events,file,SynchronousQueue.java,JSON_Payload
REQ-1201,intake-analytics.wikimedia.org,/v1/events,lineNumber,338.0,JSON_Payload
REQ-1202,intake-analytics.wikimedia.org,/v1/events,method,java.util.concurrent.ThreadPoolExecutor.getTask,JSON_Payload
REQ-1202,intake-analytics.wikimedia.org,/v1/events,file,ThreadPoolExecutor.java,JSON_Payload
REQ-1202,intake-analytics.wikimedia.org,/v1/events,lineNumber,1025.0,JSON_Payload
REQ-1203,intake-analytics.wikimedia.org,/v1/events,method,java.util.concurrent.ThreadPoolExecutor.runWorker,JSON_Payload
REQ-1203,intake-analytics.wikimedia.org,/v1/events,file,ThreadPoolExecutor.java,JSON_Payload
REQ-1203,intake-analytics.wikimedia.org,/v1/events,lineNumber,1086.0,JSON_Payload
REQ-1204,intake-analytics.wikimedia.org,/v1/events,method,java.util.concurrent.ThreadPoolExecutor$Worker.run,JSON_Payload
REQ-1204,intake-analytics.wikimedia.org,/v1/events,file,ThreadPoolExecutor.java,JSON_Payload
REQ-1204,intake-analytics.wikimedia.org,/v1/events,lineNumber,624.0,JSON_Payload
REQ-1205,intake-analytics.wikimedia.org,/v1/events,method,java.lang.Thread.run,JSON_Payload
REQ-1205,intake-analytics.wikimedia.org,/v1/events,file,Thread.java,JSON_Payload
REQ-1205,intake-analytics.wikimedia.org,/v1/events,lineNumber,1572.0,JSON_Payload
REQ-1206,intake-analytics.wikimedia.org,/v1/events,method,jdk.internal.misc.Unsafe.park,JSON_Payload
REQ-1206,intake-analytics.wikimedia.org,/v1/events,file,Unsafe.java,JSON_Payload
REQ-1206,intake-analytics.wikimedia.org,/v1/events,lineNumber,-2.0,JSON_Payload
REQ-1207,intake-analytics.wikimedia.org,/v1/events,method,java.util.concurrent.locks.LockSupport.parkNanos,JSON_Payload
REQ-1207,intake-analytics.wikimedia.org,/v1/events,file,LockSupport.java,JSON_Payload
REQ-1207,intake-analytics.wikimedia.org,/v1/events,lineNumber,276.0,JSON_Payload
REQ-1208,intake-analytics.wikimedia.org,/v1/events,method,kotlinx.coroutines.DefaultExecutor.run,JSON_Payload
REQ-1208,intake-analytics.wikimedia.org,/v1/events,file,DefaultExecutor.kt,JSON_Payload
REQ-1208,intake-analytics.wikimedia.org,/v1/events,lineNumber,118.0,JSON_Payload
REQ-1209,intake-analytics.wikimedia.org,/v1/events,method,java.lang.Thread.run,JSON_Payload
REQ-1209,intake-analytics.wikimedia.org,/v1/events,file,Thread.java,JSON_Payload
REQ-1209,intake-analytics.wikimedia.org,/v1/events,lineNumber,1572.0,JSON_Payload
REQ-1210,intake-analytics.wikimedia.org,/v1/events,method,jdk.internal.misc.Unsafe.park,JSON_Payload
REQ-1210,intake-analytics.wikimedia.org,/v1/events,file,Unsafe.java,JSON_Payload
REQ-1210,intake-analytics.wikimedia.org,/v1/events,lineNumber,-2.0,JSON_Payload
REQ-1211,intake-analytics.wikimedia.org,/v1/events,method,java.util.concurrent.locks.LockSupport.parkNanos,JSON_Payload
REQ-1211,intake-analytics.wikimedia.org,/v1/events,file,LockSupport.java,JSON_Payload
REQ-1211,intake-analytics.wikimedia.org,/v1/events,lineNumber,276.0,JSON_Payload
REQ-1212,intake-analytics.wikimedia.org,/v1/events,method,java.util.concurrent.locks.AbstractQueuedSynchronizer$ConditionObject.awaitNanos,JSON_Payload
REQ-1212,intake-analytics.wikimedia.org,/v1/events,file,AbstractQueuedSynchronizer.java,JSON_Payload
REQ-1212,intake-analytics.wikimedia.org,/v1/events,lineNumber,1803.0,JSON_Payload
REQ-1213,intake-analytics.wikimedia.org,/v1/events,method,java.util.concurrent.LinkedBlockingQueue.poll,JSON_Payload
REQ-1213,intake-analytics.wikimedia.org,/v1/events,file,LinkedBlockingQueue.java,JSON_Payload
REQ-1213,intake-analytics.wikimedia.org,/v1/events,lineNumber,460.0,JSON_Payload
REQ-1214,intake-analytics.wikimedia.org,/v1/events,method,java.util.concurrent.ThreadPoolExecutor.getTask,JSON_Payload
REQ-1214,intake-analytics.wikimedia.org,/v1/events,file,ThreadPoolExecutor.java,JSON_Payload
REQ-1214,intake-analytics.wikimedia.org,/v1/events,lineNumber,1025.0,JSON_Payload
REQ-1215,intake-analytics.wikimedia.org,/v1/events,method,java.util.concurrent.ThreadPoolExecutor.runWorker,JSON_Payload
REQ-1215,intake-analytics.wikimedia.org,/v1/events,file,ThreadPoolExecutor.java,JSON_Payload
REQ-1215,intake-analytics.wikimedia.org,/v1/events,lineNumber,1086.0,JSON_Payload
REQ-1216,intake-analytics.wikimedia.org,/v1/events,method,java.util.concurrent.ThreadPoolExecutor$Worker.run,JSON_Payload
REQ-1216,intake-analytics.wikimedia.org,/v1/events,file,ThreadPoolExecutor.java,JSON_Payload
REQ-1216,intake-analytics.wikimedia.org,/v1/events,lineNumber,624.0,JSON_Payload
REQ-1217,intake-analytics.wikimedia.org,/v1/events,method,java.lang.Thread.run,JSON_Payload
REQ-1217,intake-analytics.wikimedia.org,/v1/events,file,Thread.java,JSON_Payload
REQ-1217,intake-analytics.wikimedia.org,/v1/events,lineNumber,1572.0,JSON_Payload
REQ-1218,intake-analytics.wikimedia.org,/v1/events,method,android.os.MessageQueue.nativePollOnce,JSON_Payload
REQ-1218,intake-analytics.wikimedia.org,/v1/events,file,MessageQueue.java,JSON_Payload
REQ-1218,intake-analytics.wikimedia.org,/v1/events,lineNumber,-2.0,JSON_Payload
REQ-1219,intake-analytics.wikimedia.org,/v1/events,method,andro probe=OpenSSLid.os.MessageQueue.nextLegacy,JSON_Payload
REQ-1219,intake-analytics.wikimedia.org,/v1/events,file,MessageQueue.java,JSON_Payload
REQ-1219,intake-analytics.wikimedia.org,/v1/events,lineNumber,913.0,JSON_Payload
REQ-1220,intake-analytics.wikimedia.org,/v1/events,method,android.os.MessageQueue.next,JSON_Payload
REQ-1220,intake-analytics.wikimedia.org,/v1/events,file,MessageQueue.java,JSON_Payload
REQ-1220,intake-analytics.wikimedia.org,/v1/events,lineNumber,1025.0,JSON_Payload
REQ-1221,intake-analytics.wikimedia.org,/v1/events,method,android.os.Looper.loopOnce,JSON_Payload
REQ-1221,intake-analytics.wikimedia.org,/v1/events,file,Looper.java,JSON_Payload
REQ-1221,intake-analytics.wikimedia.org,/v1/events,lineNumber,196.0,JSON_Payload
REQ-1222,intake-analytics.wikimedia.org,/v1/events,method,android.os.Looper.loop,JSON_Payload
REQ-1222,intake-analytics.wikimedia.org,/v1/events,file,Looper.java,JSON_Payload
REQ-1222,intake-analytics.wikimedia.org,/v1/events,lineNumber,338.0,JSON_Payload
REQ-1223,intake-analytics.wikimedia.org,/v1/events,method,android.os.HandlerThread.run,JSON_Payload
REQ-1223,intake-analytics.wikimedia.org,/v1/events,file,HandlerThread.java,JSON_Payload
REQ-1223,intake-analytics.wikimedia.org,/v1/events,lineNumber,85.0,JSON_Payload
REQ-1224,intake-analytics.wikimedia.org,/v1/events,method,jdk.internal.misc.Unsafe.park,JSON_Payload
REQ-1224,intake-analytics.wikimedia.org,/v1/events,file,Unsafe.java,JSON_Payload
REQ-1224,intake-analytics.wikimedia.org,/v1/events,lineNumber,-2.0,JSON_Payload
REQ-1225,intake-analytics.wikimedia.org,/v1/events,method,java.util.concurrent.locks.LockSupport.park,JSON_Payload
REQ-1225,intake-analytics.wikimedia.org,/v1/events,file,LockSupport.java,JSON_Payload
REQ-1225,intake-analytics.wikimedia.org,/v1/events,lineNumber,376.0,JSON_Payload
REQ-1226,intake-analytics.wikimedia.org,/v1/events,method,java.util.concurrent.locks.AbstractQueuedSynchronizer$ConditionNode.block,JSON_Payload
REQ-1226,intake-analytics.wikimedia.org,/v1/events,file,AbstractQueuedSynchronizer.java,JSON_Payload
REQ-1226,intake-analytics.wikimedia.org,/v1/events,lineNumber,520.0,JSON_Payload
REQ-1227,intake-analytics.wikimedia.org,/v1/events,method,java.util.concurrent.ForkJoinPool.unmanagedBlock,JSON_Payload
REQ-1227,intake-analytics.wikimedia.org,/v1/events,file,ForkJoinPool.java,JSON_Payload
REQ-1227,intake-analytics.wikimedia.org,/v1/events,lineNumber,3797.0,JSON_Payload
REQ-1228,intake-analytics.wikimedia.org,/v1/events,method,java.util.concurrent.ForkJoinPool.managedBlock,JSON_Payload
REQ-1228,intake-analytics.wikimedia.org,/v1/events,file,ForkJoinPool.java,JSON_Payload
REQ-1228,intake-analytics.wikimedia.org,/v1/events,lineNumber,3738.0,JSON_Payload
REQ-1229,intake-analytics.wikimedia.org,/v1/events,method,java.util.concurrent.locks.AbstractQueuedSynchronizer$ConditionObject.await,JSON_Payload
REQ-1229,intake-analytics.wikimedia.org,/v1/events,file,AbstractQueuedSynchronizer.java,JSON_Payload
REQ-1229,intake-analytics.wikimedia.org,/v1/events,lineNumber,1752.0,JSON_Payload
REQ-1230,intake-analytics.wikimedia.org,/v1/events,method,java.util.concurrent.LinkedBlockingQueue.take,JSON_Payload
REQ-1230,intake-analytics.wikimedia.org,/v1/events,file,LinkedBlockingQueue.java,JSON_Payload
REQ-1230,intake-analytics.wikimedia.org,/v1/events,lineNumber,435.0,JSON_Payload
REQ-1231,intake-analytics.wikimedia.org,/v1/events,method,java.util.concurrent.ThreadPoolExecutor.getTask,JSON_Payload
REQ-1231,intake-analytics.wikimedia.org,/v1/events,file,ThreadPoolExecutor.java,JSON_Payload
REQ-1231,intake-analytics.wikimedia.org,/v1/events,lineNumber,1026.0,JSON_Payload
REQ-1232,intake-analytics.wikimedia.org,/v1/events,method,java.util.concurrent.ThreadPoolExecutor.runWorker,JSON_Payload
REQ-1232,intake-analytics.wikimedia.org,/v1/events,file,ThreadPoolExecutor.java,JSON_Payload
REQ-1232,intake-analytics.wikimedia.org,/v1/events,lineNumber,1086.0,JSON_Payload
REQ-1233,intake-analytics.wikimedia.org,/v1/events,method,java.util.concurrent.ThreadPoolExecutor$Worker.run,JSON_Payload
REQ-1233,intake-analytics.wikimedia.org,/v1/events,file,ThreadPoolExecutor.java,JSON_Payload
REQ-1233,intake-analytics.wikimedia.org,/v1/events,lineNumber,624.0,JSON_Payload
REQ-1234,intake-analytics.wikimedia.org,/v1/events,method,java.lang.Thread.run,JSON_Payload
REQ-1234,intake-analytics.wikimedia.org,/v1/events,file,Thread.java,JSON_Payload
REQ-1234,intake-analytics.wikimedia.org,/v1/events,lineNumber,1572.0,JSON_Payload
REQ-1235,intake-analytics.wikimedia.org,/v1/events,method,jdk.internal.misc.Unsafe.park,JSON_Payload
REQ-1235,intake-analytics.wikimedia.org,/v1/events,file,Unsafe.java,JSON_Payload
REQ-1235,intake-analytics.wikimedia.org,/v1/events,lineNumber,-2.0,JSON_Payload
REQ-1236,intake-analytics.wikimedia.org,/v1/events,method,java.util.concurrent.locks.LockSupport.park,JSON_Payload
REQ-1236,intake-analytics.wikimedia.org,/v1/events,file,LockSupport.java,JSON_Payload
REQ-1236,intake-analytics.wikimedia.org,/v1/events,lineNumber,376.0,JSON_Payload
REQ-1237,intake-analytics.wikimedia.org,/v1/events,method,java.util.concurrent.locks.AbstractQueuedSynchronizer$ConditionNode.block,JSON_Payload
REQ-1237,intake-analytics.wikimedia.org,/v1/events,file,AbstractQueuedSynchronizer.java,JSON_Payload
REQ-1237,intake-analytics.wikimedia.org,/v1/events,lineNumber,520.0,JSON_Payload
REQ-1238,intake-analytics.wikimedia.org,/v1/events,method,java.util.concurrent.ForkJoinPool.unmanagedBlock,JSON_Payload
REQ-1238,intake-analytics.wikimedia.org,/v1/events,file,ForkJoinPool.java,JSON_Payload
REQ-1238,intake-analytics.wikimedia.org,/v1/events,lineNumber,3797.0,JSON_Payload
REQ-1239,intake-analytics.wikimedia.org,/v1/events,method,java.util.concurrent.ForkJoinPool.managedBlock,JSON_Payload
REQ-1239,intake-analytics.wikimedia.org,/v1/events,file,ForkJoinPool.java,JSON_Payload
REQ-1239,intake-analytics.wikimedia.org,/v1/events,lineNumber,3738.0,JSON_Payload
REQ-1240,intake-analytics.wikimedia.org,/v1/events,method,java.util.concurrent.locks.AbstractQueuedSynchronizer$ConditionObject.await,JSON_Payload
REQ-1240,intake-analytics.wikimedia.org,/v1/events,file,AbstractQueuedSynchronizer.java,JSON_Payload
REQ-1240,intake-analytics.wikimedia.org,/v1/events,lineNumber,1752.0,JSON_Payload
REQ-1241,intake-analytics.wikimedia.org,/v1/events,method,java.util.concurrent.LinkedBlockingQueue.take,JSON_Payload
REQ-1241,intake-analytics.wikimedia.org,/v1/events,file,LinkedBlockingQueue.java,JSON_Payload
REQ-1241,intake-analytics.wikimedia.org,/v1/events,lineNumber,435.0,JSON_Payload
REQ-1242,intake-analytics.wikimedia.org,/v1/events,method,java.util.concurrent.ThreadPoolExecutor.getTask,JSON_Payload
REQ-1242,intake-analytics.wikimedia.org,/v1/events,file,ThreadPoolExecutor.java,JSON_Payload
REQ-1242,intake-analytics.wikimedia.org,/v1/events,lineNumber,1026.0,JSON_Payload
REQ-1243,intake-analytics.wikimedia.org,/v1/events,method,java.util.concurrent.ThreadPoolExecutor.runWorker,JSON_Payload
REQ-1243,intake-analytics.wikimedia.org,/v1/events,file,ThreadPoolExecutor.java,JSON_Payload
REQ-1243,intake-analytics.wikimedia.org,/v1/events,lineNumber,1086.0,JSON_Payload
REQ-1244,intake-analytics.wikimedia.org,/v1/events,method,java.util.concurrent.ThreadPoolExecutor$Worker.run,JSON_Payload
REQ-1244,intake-analytics.wikimedia.org,/v1/events,file,ThreadPoolExecutor.java,JSON_Payload
REQ-1244,intake-analytics.wikimedia.org,/v1/events,lineNumber,624.0,JSON_Payload
REQ-1245,intake-analytics.wikimedia.org,/v1/events,method,java.lang.Thread.run,JSON_Payload
REQ-1245,intake-analytics.wikimedia.org,/v1/events,file,Thread.java,JSON_Payload
REQ-1245,intake-analytics.wikimedia.org,/v1/events,lineNumber,1572.0,JSON_Payload
REQ-1246,intake-analytics.wikimedia.org,/v1/events,method,jdk.internal.misc.Unsafe.park,JSON_Payload
REQ-1246,intake-analytics.wikimedia.org,/v1/events,file,Unsafe.java,JSON_Payload
REQ-1246,intake-analytics.wikimedia.org,/v1/events,lineNumber,-2.0,JSON_Payload
REQ-1247,intake-analytics.wikimedia.org,/v1/events,method,java.util.concurrent.locks.LockSupport.park,JSON_Payload
REQ-1247,intake-analytics.wikimedia.org,/v1/events,file,LockSupport.java,JSON_Payload
REQ-1247,intake-analytics.wikimedia.org,/v1/events,lineNumber,376.0,JSON_Payload
REQ-1248,intake-analytics.wikimedia.org,/v1/events,method,java.util.concurrent.locks.AbstractQueuedSynchronizer$ConditionNode.block,JSON_Payload
REQ-1248,intake-analytics.wikimedia.org,/v1/events,file,AbstractQueuedSynchronizer.java,JSON_Payload
REQ-1248,intake-analytics.wikimedia.org,/v1/events,lineNumber,520.0,JSON_Payload
REQ-1249,intake-analytics.wikimedia.org,/v1/events,method,java.util.concurrent.ForkJoinPool.unmanagedBlock,JSON_Payload
REQ-1249,intake-analytics.wikimedia.org,/v1/events,file,ForkJoinPool.java,JSON_Payload
REQ-1249,intake-analytics.wikimedia.org,/v1/events,lineNumber,3797.0,JSON_Payload
REQ-1250,intake-analytics.wikimedia.org,/v1/events,method,java.util.concurrent.ForkJoinPool.managedBlock,JSON_Payload
REQ-1250,intake-analytics.wikimedia.org,/v1/events,file,ForkJoinPool.java,JSON_Payload
REQ-1250,intake-analytics.wikimedia.org,/v1/events,lineNumber,3738.0,JSON_Payload
REQ-1251,intake-analytics.wikimedia.org,/v1/events,method,java.util.concurrent.locks.AbstractQueuedSynchronizer$ConditionObject.await,JSON_Payload
REQ-1251,intake-analytics.wikimedia.org,/v1/events,file,AbstractQueuedSynchronizer.java,JSON_Payload
REQ-1251,intake-analytics.wikimedia.org,/v1/events,lineNumber,1752.0,JSON_Payload
REQ-1252,intake-analytics.wikimedia.org,/v1/events,method,java.util.concurrent.LinkedBlockingQueue.take,JSON_Payload
REQ-1252,intake-analytics.wikimedia.org,/v1/events,file,LinkedBlockingQueue.java,JSON_Payload
REQ-1252,intake-analytics.wikimedia.org,/v1/events,lineNumber,435.0,JSON_Payload
REQ-1253,intake-analytics.wikimedia.org,/v1/events,method,java.util.concurrent.ThreadPoolExecutor.getTask,JSON_Payload
REQ-1253,intake-analytics.wikimedia.org,/v1/events,file,ThreadPoolExecutor.java,JSON_Payload
REQ-1253,intake-analytics.wikimedia.org,/v1/events,lineNumber,1026.0,JSON_Payload
REQ-1254,intake-analytics.wikimedia.org,/v1/events,method,java.util.concurrent.ThreadPoolExecutor.runWorker,JSON_Payload
REQ-1254,intake-analytics.wikimedia.org,/v1/events,file,ThreadPoolExecutor.java,JSON_Payload
REQ-1254,intake-analytics.wikimedia.org,/v1/events,lineNumber,1086.0,JSON_Payload
REQ-1255,intake-analytics.wikimedia.org,/v1/events,method,java.util.concurrent.ThreadPoolExecutor$Worker.run,JSON_Payload
REQ-1255,intake-analytics.wikimedia.org,/v1/events,file,ThreadPoolExecutor.java,JSON_Payload
REQ-1255,intake-analytics.wikimedia.org,/v1/events,lineNumber,624.0,JSON_Payload
REQ-1256,intake-analytics.wikimedia.org,/v1/events,method,java.lang.Thread.run,JSON_Payload
REQ-1256,intake-analytics.wikimedia.org,/v1/events,file,Thread.java,JSON_Payload
REQ-1256,intake-analytics.wikimedia.org,/v1/events,lineNumber,1572.0,JSON_Payload
REQ-1257,intake-analytics.wikimedia.org,/v1/events,method,jdk.internal.misc.Unsafe.park,JSON_Payload
REQ-1257,intake-analytics.wikimedia.org,/v1/events,file,Unsafe.java,JSON_Payload
REQ-1257,intake-analytics.wikimedia.org,/v1/events,lineNumber,-2.0,JSON_Payload
REQ-1258,intake-analytics.wikimedia.org,/v1/events,method,java.util.concurrent.locks.LockSupport.park,JSON_Payload
REQ-1258,intake-analytics.wikimedia.org,/v1/events,file,LockSupport.java,JSON_Payload
REQ-1258,intake-analytics.wikimedia.org,/v1/events,lineNumber,376.0,JSON_Payload
REQ-1259,intake-analytics.wikimedia.org,/v1/events,method,java.util.concurrent.locks.AbstractQueuedSynchronizer$ConditionNode.block,JSON_Payload
REQ-1259,intake-analytics.wikimedia.org,/v1/events,file,AbstractQueuedSynchronizer.java,JSON_Payload
REQ-1259,intake-analytics.wikimedia.org,/v1/events,lineNumber,520.0,JSON_Payload
REQ-1260,intake-analytics.wikimedia.org,/v1/events,method,java.util.concurrent.ForkJoinPool.unmanagedBlock,JSON_Payload
REQ-1260,intake-analytics.wikimedia.org,/v1/events,file,ForkJoinPool.java,JSON_Payload
REQ-1260,intake-analytics.wikimedia.org,/v1/events,lineNumber,3797.0,JSON_Payload
REQ-1261,intake-analytics.wikimedia.org,/v1/events,method,java.util.concurrent.ForkJoinPool.managedBlock,JSON_Payload
REQ-1261,intake-analytics.wikimedia.org,/v1/events,file,ForkJoinPool.java,JSON_Payload
REQ-1261,intake-analytics.wikimedia.org,/v1/events,lineNumber,3738.0,JSON_Payload
REQ-1262,intake-analytics.wikimedia.org,/v1/events,method,java.util.concurrent.locks.AbstractQueuedSynchronizer$ConditionObject.await,JSON_Payload
REQ-1262,intake-analytics.wikimedia.org,/v1/events,file,AbstractQueuedSynchronizer.java,JSON_Payload
REQ-1262,intake-analytics.wikimedia.org,/v1/events,lineNumber,1752.0,JSON_Payload
REQ-1263,intake-analytics.wikimedia.org,/v1/events,method,java.util.concurrent.LinkedBlockingQueue.take,JSON_Payload
REQ-1263,intake-analytics.wikimedia.org,/v1/events,file,LinkedBlockingQueue.java,JSON_Payload
REQ-1263,intake-analytics.wikimedia.org,/v1/events,lineNumber,435.0,JSON_Payload
REQ-1264,intake-analytics.wikimedia.org,/v1/events,method,java.util.concurrent.ThreadPoolExecutor.getTask,JSON_Payload
REQ-1264,intake-analytics.wikimedia.org,/v1/events,file,ThreadPoolExecutor.java,JSON_Payload
REQ-1264,intake-analytics.wikimedia.org,/v1/events,lineNumber,1026.0,JSON_Payload
REQ-1265,intake-analytics.wikimedia.org,/v1/events,method,java.util.concurrent.ThreadPoolExecutor.runWorker,JSON_Payload
REQ-1265,intake-analytics.wikimedia.org,/v1/events,file,ThreadPoolExecutor.java,JSON_Payload
REQ-1265,intake-analytics.wikimedia.org,/v1/events,lineNumber,1086.0,JSON_Payload
REQ-1266,intake-analytics.wikimedia.org,/v1/events,method,java.util.concurrent.ThreadPoolExecutor$Worker.run,JSON_Payload
REQ-1266,intake-analytics.wikimedia.org,/v1/events,file,ThreadPoolExecutor.java,JSON_Payload
REQ-1266,intake-analytics.wikimedia.org,/v1/events,lineNumber,624.0,JSON_Payload
REQ-1267,intake-analytics.wikimedia.org,/v1/events,method,java.lang.Thread.run,JSON_Payload
REQ-1267,intake-analytics.wikimedia.org,/v1/events,file,Thread.java,JSON_Payload
REQ-1267,intake-analytics.wikimedia.org,/v1/events,lineNumber,1572.0,JSON_Payload
REQ-1268,intake-analytics.wikimedia.org,/v1/events,method,jdk.internal.misc.Unsafe.park,JSON_Payload
REQ-1268,intake-analytics.wikimedia.org,/v1/events,file,Unsafe.java,JSON_Payload
REQ-1268,intake-analytics.wikimedia.org,/v1/events,lineNumber,-2.0,JSON_Payload
REQ-1269,intake-analytics.wikimedia.org,/v1/events,method,java.util.concurrent.locks.LockSupport.park,JSON_Payload
REQ-1269,intake-analytics.wikimedia.org,/v1/events,file,LockSupport.java,JSON_Payload
REQ-1269,intake-analytics.wikimedia.org,/v1/events,lineNumber,376.0,JSON_Payload
REQ-1270,intake-analytics.wikimedia.org,/v1/events,method,java.util.concurrent.locks.AbstractQueuedSynchronizer$ConditionNode.block,JSON_Payload
REQ-1270,intake-analytics.wikimedia.org,/v1/events,file,AbstractQueuedSynchronizer.java,JSON_Payload
REQ-1270,intake-analytics.wikimedia.org,/v1/events,lineNumber,520.0,JSON_Payload
REQ-1271,intake-analytics.wikimedia.org,/v1/events,method,java.util.concurrent.ForkJoinPool.unmanagedBlock,JSON_Payload
REQ-1271,intake-analytics.wikimedia.org,/v1/events,file,ForkJoinPool.java,JSON_Payload
REQ-1271,intake-analytics.wikimedia.org,/v1/events,lineNumber,3797.0,JSON_Payload
REQ-1272,intake-analytics.wikimedia.org,/v1/events,method,java.util.concurrent.ForkJoinPool.managedBlock,JSON_Payload
REQ-1272,intake-analytics.wikimedia.org,/v1/events,file,ForkJoinPool.java,JSON_Payload
REQ-1272,intake-analytics.wikimedia.org,/v1/events,lineNumber,3738.0,JSON_Payload
REQ-1273,intake-analytics.wikimedia.org,/v1/events,method,java.util.concurrent.locks.AbstractQueuedSynchronizer$ConditionObject.await,JSON_Payload
REQ-1273,intake-analytics.wikimedia.org,/v1/events,file,AbstractQueuedSynchronizer.java,JSON_Payload
REQ-1273,intake-analytics.wikimedia.org,/v1/events,lineNumber,1752.0,JSON_Payload
REQ-1274,intake-analytics.wikimedia.org,/v1/events,method,java.util.concurrent.LinkedBlockingQueue.take,JSON_Payload
REQ-1274,intake-analytics.wikimedia.org,/v1/events,file,LinkedBlockingQueue.java,JSON_Payload
REQ-1274,intake-analytics.wikimedia.org,/v1/events,lineNumber,435.0,JSON_Payload
REQ-1275,intake-analytics.wikimedia.org,/v1/events,method,java.util.concurrent.ThreadPoolExecutor.getTask,JSON_Payload
REQ-1275,intake-analytics.wikimedia.org,/v1/events,file,ThreadPoolExecutor.java,JSON_Payload
REQ-1275,intake-analytics.wikimedia.org,/v1/events,lineNumber,1026.0,JSON_Payload
REQ-1276,intake-analytics.wikimedia.org,/v1/events,method,java.util.concurrent.ThreadPoolExecutor.runWorker,JSON_Payload
REQ-1276,intake-analytics.wikimedia.org,/v1/events,file,ThreadPoolExecutor.java,JSON_Payload
REQ-1276,intake-analytics.wikimedia.org,/v1/events,lineNumber,1086.0,JSON_Payload
REQ-1277,intake-analytics.wikimedia.org,/v1/events,method,java.util.concurrent.ThreadPoolExecutor$Worker.run,JSON_Payload
REQ-1277,intake-analytics.wikimedia.org,/v1/events,file,ThreadPoolExecutor.java,JSON_Payload
REQ-1277,intake-analytics.wikimedia.org,/v1/events,lineNumber,624.0,JSON_Payload
REQ-1278,intake-analytics.wikimedia.org,/v1/events,method,java.lang.Thread.run,JSON_Payload
REQ-1278,intake-analytics.wikimedia.org,/v1/events,file,Thread.java,JSON_Payload
REQ-1278,intake-analytics.wikimedia.org,/v1/events,lineNumber,1572.0,JSON_Payload
REQ-1279,intake-analytics.wikimedia.org,/v1/events,method,jdk.internal.misc.Unsafe.park,JSON_Payload
REQ-1279,intake-analytics.wikimedia.org,/v1/events,file,Unsafe.java,JSON_Payload
REQ-1279,intake-analytics.wikimedia.org,/v1/events,lineNumber,-2.0,JSON_Payload
REQ-1280,intake-analytics.wikimedia.org,/v1/events,method,java.util.concurrent.locks.LockSupport.park,JSON_Payload
REQ-1280,intake-analytics.wikimedia.org,/v1/events,file,LockSupport.java,JSON_Payload
REQ-1280,intake-analytics.wikimedia.org,/v1/events,lineNumber,376.0,JSON_Payload
REQ-1281,intake-analytics.wikimedia.org,/v1/events,method,java.util.concurrent.locks.AbstractQueuedSynchronizer$ConditionNode.block,JSON_Payload
REQ-1281,intake-analytics.wikimedia.org,/v1/events,file,AbstractQueuedSynchronizer.java,JSON_Payload
REQ-1281,intake-analytics.wikimedia.org,/v1/events,lineNumber,520.0,JSON_Payload
REQ-1282,intake-analytics.wikimedia.org,/v1/events,method,java.util.concurrent.ForkJoinPool.unmanagedBlock,JSON_Payload
REQ-1282,intake-analytics.wikimedia.org,/v1/events,file,ForkJoinPool.java,JSON_Payload
REQ-1282,intake-analytics.wikimedia.org,/v1/events,lineNumber,3797.0,JSON_Payload
REQ-1283,intake-analytics.wikimedia.org,/v1/events,method,java.util.concurrent.ForkJoinPool.managedBlock,JSON_Payload
REQ-1283,intake-analytics.wikimedia.org,/v1/events,file,ForkJoinPool.java,JSON_Payload
REQ-1283,intake-analytics.wikimedia.org,/v1/events,lineNumber,3738.0,JSON_Payload
REQ-1284,intake-analytics.wikimedia.org,/v1/events,method,java.util.concurrent.locks.AbstractQueuedSynchronizer$ConditionObject.await,JSON_Payload
REQ-1284,intake-analytics.wikimedia.org,/v1/events,file,AbstractQueuedSynchronizer.java,JSON_Payload
REQ-1284,intake-analytics.wikimedia.org,/v1/events,lineNumber,1752.0,JSON_Payload
REQ-1285,intake-analytics.wikimedia.org,/v1/events,method,java.util.concurrent.LinkedBlockingQueue.take,JSON_Payload
REQ-1285,intake-analytics.wikimedia.org,/v1/events,file,LinkedBlockingQueue.java,JSON_Payload
REQ-1285,intake-analytics.wikimedia.org,/v1/events,lineNumber,435.0,JSON_Payload
REQ-1286,intake-analytics.wikimedia.org,/v1/events,method,java.util.concurrent.ThreadPoolExecutor.getTask,JSON_Payload
REQ-1286,intake-analytics.wikimedia.org,/v1/events,file,ThreadPoolExecutor.java,JSON_Payload
REQ-1286,intake-analytics.wikimedia.org,/v1/events,lineNumber,1026.0,JSON_Payload
REQ-1287,intake-analytics.wikimedia.org,/v1/events,method,java.util.concurrent.ThreadPoolExecutor.runWorker,JSON_Payload
REQ-1287,intake-analytics.wikimedia.org,/v1/events,file,ThreadPoolExecutor.java,JSON_Payload
REQ-1287,intake-analytics.wikimedia.org,/v1/events,lineNumber,1086.0,JSON_Payload
REQ-1288,intake-analytics.wikimedia.org,/v1/events,method,java.util.concurrent.ThreadPoolExecutor$Worker.run,JSON_Payload
REQ-1288,intake-analytics.wikimedia.org,/v1/events,file,ThreadPoolExecutor.java,JSON_Payload
REQ-1288,intake-analytics.wikimedia.org,/v1/events,lineNumber,624.0,JSON_Payload
REQ-1289,intake-analytics.wikimedia.org,/v1/events,method,java.lang.Thread.run,JSON_Payload
REQ-1289,intake-analytics.wikimedia.org,/v1/events,file,Thread.java,JSON_Payload
REQ-1289,intake-analytics.wikimedia.org,/v1/events,lineNumber,1572.0,JSON_Payload
REQ-1290,intake-analytics.wikimedia.org,/v1/events,method,jdk.internal.misc.Unsafe.park,JSON_Payload
REQ-1290,intake-analytics.wikimedia.org,/v1/events,file,Unsafe.java,JSON_Payload
REQ-1290,intake-analytics.wikimedia.org,/v1/events,lineNumber,-2.0,JSON_Payload
REQ-1291,intake-analytics.wikimedia.org,/v1/events,method,java.util.concurrent.locks.LockSupport.park,JSON_Payload
REQ-1291,intake-analytics.wikimedia.org,/v1/events,file,LockSupport.java,JSON_Payload
REQ-1291,intake-analytics.wikimedia.org,/v1/events,lineNumber,376.0,JSON_Payload
REQ-1292,intake-analytics.wikimedia.org,/v1/events,method,java.util.concurrent.locks.AbstractQueuedSynchronizer$ConditionNode.block,JSON_Payload
REQ-1292,intake-analytics.wikimedia.org,/v1/events,file,AbstractQueuedSynchronizer.java,JSON_Payload
REQ-1292,intake-analytics.wikimedia.org,/v1/events,lineNumber,520.0,JSON_Payload
REQ-1293,intake-analytics.wikimedia.org,/v1/events,method,java.util.concurrent.ForkJoinPool.unmanagedBlock,JSON_Payload
REQ-1293,intake-analytics.wikimedia.org,/v1/events,file,ForkJoinPool.java,JSON_Payload
REQ-1293,intake-analytics.wikimedia.org,/v1/events,lineNumber,3797.0,JSON_Payload
REQ-1294,intake-analytics.wikimedia.org,/v1/events,method,java.util.concurrent.ForkJoinPool.managedBlock,JSON_Payload
REQ-1294,intake-analytics.wikimedia.org,/v1/events,file,ForkJoinPool.java,JSON_Payload
REQ-1294,intake-analytics.wikimedia.org,/v1/events,lineNumber,3738.0,JSON_Payload
REQ-1295,intake-analytics.wikimedia.org,/v1/events,method,java.util.concurrent.locks.AbstractQueuedSynchronizer$ConditionObject.await,JSON_Payload
REQ-1295,intake-analytics.wikimedia.org,/v1/events,file,AbstractQueuedSynchronizer.java,JSON_Payload
REQ-1295,intake-analytics.wikimedia.org,/v1/events,lineNumber,1752.0,JSON_Payload
REQ-1296,intake-analytics.wikimedia.org,/v1/events,method,java.util.concurrent.LinkedBlockingQueue.take,JSON_Payload
REQ-1296,intake-analytics.wikimedia.org,/v1/events,file,LinkedBlockingQueue.java,JSON_Payload
REQ-1296,intake-analytics.wikimedia.org,/v1/events,lineNumber,435.0,JSON_Payload
REQ-1297,intake-analytics.wikimedia.org,/v1/events,method,java.util.concurrent.ThreadPoolExecutor.getTask,JSON_Payload
REQ-1297,intake-analytics.wikimedia.org,/v1/events,file,ThreadPoolExecutor.java,JSON_Payload
REQ-1297,intake-analytics.wikimedia.org,/v1/events,lineNumber,1026.0,JSON_Payload
REQ-1298,intake-analytics.wikimedia.org,/v1/events,method,java.util.concurrent.ThreadPoolExecutor.runWorker,JSON_Payload
REQ-1298,intake-analytics.wikimedia.org,/v1/events,file,ThreadPoolExecutor.java,JSON_Payload
REQ-1298,intake-analytics.wikimedia.org,/v1/events,lineNumber,1086.0,JSON_Payload
REQ-1299,intake-analytics.wikimedia.org,/v1/events,method,java.util.concurrent.ThreadPoolExecutor$Worker.run,JSON_Payload
REQ-1299,intake-analytics.wikimedia.org,/v1/events,file,ThreadPoolExecutor.java,JSON_Payload
REQ-1299,intake-analytics.wikimedia.org,/v1/events,lineNumber,624.0,JSON_Payload
REQ-1300,intake-analytics.wikimedia.org,/v1/events,method,java.lang.Thread.run,JSON_Payload
REQ-1300,intake-analytics.wikimedia.org,/v1/events,file,Thread.java,JSON_Payload
REQ-1300,intake-analytics.wikimedia.org,/v1/events,lineNumber,1572.0,JSON_Payload
REQ-1301,intake-analytics.wikimedia.org,/v1/events,method,java.lang.Object.wait,JSON_Payload
REQ-1301,intake-analytics.wikimedia.org,/v1/events,file,Object.java,JSON_Payload
REQ-1301,intake-analytics.wikimedia.org,/v1/events,lineNumber,-2.0,JSON_Payload
REQ-1302,intake-analytics.wikimedia.org,/v1/events,method,java.lang.Object.wait,JSON_Payload
REQ-1302,intake-analytics.wikimedia.org,/v1/events,file,Object.java,JSON_Payload
REQ-1302,intake-analytics.wikimedia.org,/v1/events,lineNumber,405.0,JSON_Payload
REQ-1303,intake-analytics.wikimedia.org,/v1/events,method,java.lang.ref.ReferenceQueue.remove,JSON_Payload
REQ-1303,intake-analytics.wikimedia.org,/v1/events,file,ReferenceQueue.java,JSON_Payload
REQ-1303,intake-analytics.wikimedia.org,/v1/events,lineNumber,207.0,JSON_Payload
REQ-1304,intake-analytics.wikimedia.org,/v1/events,method,java.lang.ref.ReferenceQueue.remove,JSON_Payload
REQ-1304,intake-analytics.wikimedia.org,/v1/events,file,ReferenceQueue.java,JSON_Payload
REQ-1304,intake-analytics.wikimedia.org,/v1/events,lineNumber,228.0,JSON_Payload
REQ-1305,intake-analytics.wikimedia.org,/v1/events,method,com.bumptech.glide.load.engine.ActiveResources.cleanReferenceQueue,JSON_Payload
REQ-1305,intake-analytics.wikimedia.org,/v1/events,file,ActiveResources.java,JSON_Payload
REQ-1305,intake-analytics.wikimedia.org,/v1/events,lineNumber,128.0,JSON_Payload
REQ-1306,intake-analytics.wikimedia.org,/v1/events,method,com.bumptech.glide.load.engine.ActiveResources$2.run,JSON_Payload
REQ-1306,intake-analytics.wikimedia.org,/v1/events,file,ActiveResources.java,JSON_Payload
REQ-1306,intake-analytics.wikimedia.org,/v1/events,lineNumber,61.0,JSON_Payload
REQ-1307,intake-analytics.wikimedia.org,/v1/events,method,java.util.concurrent.ThreadPoolExecutor.runWorker,JSON_Payload
REQ-1307,intake-analytics.wikimedia.org,/v1/events,file,ThreadPoolExecutor.java,JSON_Payload
REQ-1307,intake-analytics.wikimedia.org,/v1/events,lineNumber,1100.0,JSON_Payload
REQ-1308,intake-analytics.wikimedia.org,/v1/events,method,java.util.concurrent.ThreadPoolExecutor$Worker.run,JSON_Payload
REQ-1308,intake-analytics.wikimedia.org,/v1/events,file,ThreadPoolExecutor.java,JSON_Payload
REQ-1308,intake-analytics.wikimedia.org,/v1/events,lineNumber,624.0,JSON_Payload
REQ-1309,intake-analytics.wikimedia.org,/v1/events,method,com.bumptech.glide.load.engine.ActiveResources$1$1.run,JSON_Payload
REQ-1309,intake-analytics.wikimedia.org,/v1/events,file,ActiveResources.java,JSON_Payload
REQ-1309,intake-analytics.wikimedia.org,/v1/events,lineNumber,43.0,JSON_Payload
REQ-1310,intake-analytics.wikimedia.org,/v1/events,method,java.lang.Thread.run,JSON_Payload
REQ-1310,intake-analytics.wikimedia.org,/v1/events,file,Thread.java,JSON_Payload
REQ-1310,intake-analytics.wikimedia.org,/v1/events,lineNumber,1572.0,JSON_Payload
REQ-1311,intake-analytics.wikimedia.org,/v1/events,method,jdk.internal.misc.Unsafe.park,JSON_Payload
REQ-1311,intake-analytics.wikimedia.org,/v1/events,file,Unsafe.java,JSON_Payload
REQ-1311,intake-analytics.wikimedia.org,/v1/events,lineNumber,-2.0,JSON_Payload
REQ-1312,intake-analytics.wikimedia.org,/v1/events,method,java.util.concurrent.locks.LockSupport.park,JSON_Payload
REQ-1312,intake-analytics.wikimedia.org,/v1/events,file,LockSupport.java,JSON_Payload
REQ-1312,intake-analytics.wikimedia.org,/v1/events,lineNumber,376.0,JSON_Payload
REQ-1313,intake-analytics.wikimedia.org,/v1/events,method,java.util.concurrent.locks.AbstractQueuedSynchronizer$ConditionNode.block,JSON_Payload
REQ-1313,intake-analytics.wikimedia.org,/v1/events,file,AbstractQueuedSynchronizer.java,JSON_Payload
REQ-1313,intake-analytics.wikimedia.org,/v1/events,lineNumber,520.0,JSON_Payload
REQ-1314,intake-analytics.wikimedia.org,/v1/events,method,java.util.concurrent.ForkJoinPool.unmanagedBlock,JSON_Payload
REQ-1314,intake-analytics.wikimedia.org,/v1/events,file,ForkJoinPool.java,JSON_Payload
REQ-1314,intake-analytics.wikimedia.org,/v1/events,lineNumber,3797.0,JSON_Payload
REQ-1315,intake-analytics.wikimedia.org,/v1/events,method,java.util.concurrent.ForkJoinPool.managedBlock,JSON_Payload
REQ-1315,intake-analytics.wikimedia.org,/v1/events,file,ForkJoinPool.java,JSON_Payload
REQ-1315,intake-analytics.wikimedia.org,/v1/events,lineNumber,3738.0,JSON_Payload
REQ-1316,intake-analytics.wikimedia.org,/v1/events,method,java.util.concurrent.locks.AbstractQueuedSynchronizer$ConditionObject.await,JSON_Payload
REQ-1316,intake-analytics.wikimedia.org,/v1/events,file,AbstractQueuedSynchronizer.java,JSON_Payload
REQ-1316,intake-analytics.wikimedia.org,/v1/events,lineNumber,1752.0,JSON_Payload
REQ-1317,intake-analytics.wikimedia.org,/v1/events,method,java.util.concurrent.LinkedBlockingQueue.take,JSON_Payload
REQ-1317,intake-analytics.wikimedia.org,/v1/events,file,LinkedBlockingQueue.java,JSON_Payload
REQ-1317,intake-analytics.wikimedia.org,/v1/events,lineNumber,435.0,JSON_Payload
REQ-1318,intake-analytics.wikimedia.org,/v1/events,method,java.util.concurrent.ThreadPoolExecutor.getTask,JSON_Payload
REQ-1318,intake-analytics.wikimedia.org,/v1/events,file,ThreadPoolExecutor.java,JSON_Payload
REQ-1318,intake-analytics.wikimedia.org,/v1/events,lineNumber,1026.0,JSON_Payload
REQ-1319,intake-analytics.wikimedia.org,/v1/events,method,java.util.concurrent.ThreadPoolExecutor.runWorker,JSON_Payload
REQ-1319,intake-analytics.wikimedia.org,/v1/events,file,ThreadPoolExecutor.java,JSON_Payload
REQ-1319,intake-analytics.wikimedia.org,/v1/events,lineNumber,1086.0,JSON_Payload
REQ-1320,intake-analytics.wikimedia.org,/v1/events,method,java.util.concurrent.ThreadPoolExecutor$Worker.run,JSON_Payload
REQ-1320,intake-analytics.wikimedia.org,/v1/events,file,ThreadPoolExecutor.java,JSON_Payload
REQ-1320,intake-analytics.wikimedia.org,/v1/events,lineNumber,624.0,JSON_Payload
REQ-1321,intake-analytics.wikimedia.org,/v1/events,method,java.lang.Thread.run,JSON_Payload
REQ-1321,intake-analytics.wikimedia.org,/v1/events,file,Thread.java,JSON_Payload
REQ-1321,intake-analytics.wikimedia.org,/v1/events,lineNumber,1572.0,JSON_Payload
REQ-1322,intake-analytics.wikimedia.org,/v1/events,method,jdk.internal.misc.Unsafe.park,JSON_Payload
REQ-1322,intake-analytics.wikimedia.org,/v1/events,file,Unsafe.java,JSON_Payload
REQ-1322,intake-analytics.wikimedia.org,/v1/events,lineNumber,-2.0,JSON_Payload
REQ-1323,intake-analytics.wikimedia.org,/v1/events,method,java.util.concurrent.locks.LockSupport.park,JSON_Payload
REQ-1323,intake-analytics.wikimedia.org,/v1/events,file,LockSupport.java,JSON_Payload
REQ-1323,intake-analytics.wikimedia.org,/v1/events,lineNumber,376.0,JSON_Payload
REQ-1324,intake-analytics.wikimedia.org,/v1/events,method,java.util.concurrent.locks.AbstractQueuedSynchronizer$ConditionNode.block,JSON_Payload
REQ-1324,intake-analytics.wikimedia.org,/v1/events,file,AbstractQueuedSynchronizer.java,JSON_Payload
REQ-1324,intake-analytics.wikimedia.org,/v1/events,lineNumber,520.0,JSON_Payload
REQ-1325,intake-analytics.wikimedia.org,/v1/events,method,java.util.concurrent.ForkJoinPool.unmanagedBlock,JSON_Payload
REQ-1325,intake-analytics.wikimedia.org,/v1/events,file,ForkJoinPool.java,JSON_Payload
REQ-1325,intake-analytics.wikimedia.org,/v1/events,lineNumber,3797.0,JSON_Payload
REQ-1326,intake-analytics.wikimedia.org,/v1/events,method,java.util.concurrent.ForkJoinPool.managedBlock,JSON_Payload
REQ-1326,intake-analytics.wikimedia.org,/v1/events,file,ForkJoinPool.java,JSON_Payload
REQ-1326,intake-analytics.wikimedia.org,/v1/events,lineNumber,3738.0,JSON_Payload
REQ-1327,intake-analytics.wikimedia.org,/v1/events,method,java.util.concurrent.locks.AbstractQueuedSynchronizer$ConditionObject.await,JSON_Payload
REQ-1327,intake-analytics.wikimedia.org,/v1/events,file,AbstractQueuedSynchronizer.java,JSON_Payload
REQ-1327,intake-analytics.wikimedia.org,/v1/events,lineNumber,1752.0,JSON_Payload
REQ-1328,intake-analytics.wikimedia.org,/v1/events,method,java.util.concurrent.LinkedBlockingQueue.take,JSON_Payload
REQ-1328,intake-analytics.wikimedia.org,/v1/events,file,LinkedBlockingQueue.java,JSON_Payload
REQ-1328,intake-analytics.wikimedia.org,/v1/events,lineNumber,435.0,JSON_Payload
REQ-1329,intake-analytics.wikimedia.org,/v1/events,method,java.util.concurrent.ThreadPoolExecutor.getTask,JSON_Payload
REQ-1329,intake-analytics.wikimedia.org,/v1/events,file,ThreadPoolExecutor.java,JSON_Payload
REQ-1329,intake-analytics.wikimedia.org,/v1/events,lineNumber,1026.0,JSON_Payload
REQ-1330,intake-analytics.wikimedia.org,/v1/events,method,java.util.concurrent.ThreadPoolExecutor.runWorker,JSON_Payload
REQ-1330,intake-analytics.wikimedia.org,/v1/events,file,ThreadPoolExecutor.java,JSON_Payload
REQ-1330,intake-analytics.wikimedia.org,/v1/events,lineNumber,1086.0,JSON_Payload
REQ-1331,intake-analytics.wikimedia.org,/v1/events,method,java.util.concurrent.ThreadPoolExecutor$Worker.run,JSON_Payload
REQ-1331,intake-analytics.wikimedia.org,/v1/events,file,ThreadPoolExecutor.java,JSON_Payload
REQ-1331,intake-analytics.wikimedia.org,/v1/events,lineNumber,624.0,JSON_Payload
REQ-1332,intake-analytics.wikimedia.org,/v1/events,method,java.lang.Thread.run,JSON_Payload
REQ-1332,intake-analytics.wikimedia.org,/v1/events,file,Thread.java,JSON_Payload
REQ-1332,intake-analytics.wikimedia.org,/v1/events,lineNumber,1572.0,JSON_Payload
REQ-1333,intake-analytics.wikimedia.org,/v1/events,method,jdk.internal.misc.Unsafe.park,JSON_Payload
REQ-1333,intake-analytics.wikimedia.org,/v1/events,file,Unsafe.java,JSON_Payload
REQ-1333,intake-analytics.wikimedia.org,/v1/events,lineNumber,-2.0,JSON_Payload
REQ-1334,intake-analytics.wikimedia.org,/v1/events,method,java.util.concurrent.locks.LockSupport.park,JSON_Payload
REQ-1334,intake-analytics.wikimedia.org,/v1/events,file,LockSupport.java,JSON_Payload
REQ-1334,intake-analytics.wikimedia.org,/v1/events,lineNumber,376.0,JSON_Payload
REQ-1335,intake-analytics.wikimedia.org,/v1/events,method,java.util.concurrent.locks.AbstractQueuedSynchronizer$ConditionNode.block,JSON_Payload
REQ-1335,intake-analytics.wikimedia.org,/v1/events,file,AbstractQueuedSynchronizer.java,JSON_Payload
REQ-1335,intake-analytics.wikimedia.org,/v1/events,lineNumber,520.0,JSON_Payload
REQ-1336,intake-analytics.wikimedia.org,/v1/events,method,java.util.concurrent.ForkJoinPool.unmanagedBlock,JSON_Payload
REQ-1336,intake-analytics.wikimedia.org,/v1/events,file,ForkJoinPool.java,JSON_Payload
REQ-1336,intake-analytics.wikimedia.org,/v1/events,lineNumber,3797.0,JSON_Payload
REQ-1337,intake-analytics.wikimedia.org,/v1/events,method,java.util.concurrent.ForkJoinPool.managedBlock,JSON_Payload
REQ-1337,intake-analytics.wikimedia.org,/v1/events,file,ForkJoinPool.java,JSON_Payload
REQ-1337,intake-analytics.wikimedia.org,/v1/events,lineNumber,3738.0,JSON_Payload
REQ-1338,intake-analytics.wikimedia.org,/v1/events,method,java.util.concurrent.locks.AbstractQueuedSynchronizer$ConditionObject.await,JSON_Payload
REQ-1338,intake-analytics.wikimedia.org,/v1/events,file,AbstractQueuedSynchronizer.java,JSON_Payload
REQ-1338,intake-analytics.wikimedia.org,/v1/events,lineNumber,1752.0,JSON_Payload
REQ-1339,intake-analytics.wikimedia.org,/v1/events,method,java.util.concurrent.PriorityBlockingQueue.take,JSON_Payload
REQ-1339,intake-analytics.wikimedia.org,/v1/events,file,PriorityBlockingQueue.java,JSON_Payload
REQ-1339,intake-analytics.wikimedia.org,/v1/events,lineNumber,539.0,JSON_Payload
REQ-1340,intake-analytics.wikimedia.org,/v1/events,method,java.util.concurrent.ThreadPoolExecutor.getTask,JSON_Payload
REQ-1340,intake-analytics.wikimedia.org,/v1/events,file,ThreadPoolExecutor.java,JSON_Payload
REQ-1340,intake-analytics.wikimedia.org,/v1/events,lineNumber,1026.0,JSON_Payload
REQ-1341,intake-analytics.wikimedia.org,/v1/events,method,java.util.concurrent.ThreadPoolExecutor.runWorker,JSON_Payload
REQ-1341,intake-analytics.wikimedia.org,/v1/events,file,ThreadPoolExecutor.java,JSON_Payload
REQ-1341,intake-analytics.wikimedia.org,/v1/events,lineNumber,1086.0,JSON_Payload
REQ-1342,intake-analytics.wikimedia.org,/v1/events,method,java.util.concurrent.ThreadP probe=OpenSSLoolExecutor$Worker.run,JSON_Payload
REQ-1342,intake-analytics.wikimedia.org,/v1/events,file,ThreadPoolExecutor.java,JSON_Payload
REQ-1342,intake-analytics.wikimedia.org,/v1/events,lineNumber,624.0,JSON_Payload
REQ-1343,intake-analytics.wikimedia.org,/v1/events,method,java.lang.Thread.run,JSON_Payload
REQ-1343,intake-analytics.wikimedia.org,/v1/events,file,Thread.java,JSON_Payload
REQ-1343,intake-analytics.wikimedia.org,/v1/events,lineNumber,1572.0,JSON_Payload
REQ-1344,intake-analytics.wikimedia.org,/v1/events,method,com.bumptech.glide.load.engine.executor.GlideExecutor$DefaultThreadFactory$1.run,JSON_Payload
REQ-1344,intake-analytics.wikimedia.org,/v1/events,file,GlideExecutor.java,JSON_Payload
REQ-1344,intake-analytics.wikimedia.org,/v1/events,lineNumber,393.0,JSON_Payload
REQ-1345,intake-analytics.wikimedia.org,/v1/events,method,jdk.internal.misc.Unsafe.park,JSON_Payload
REQ-1345,intake-analytics.wikimedia.org,/v1/events,file,Unsafe.java,JSON_Payload
REQ-1345,intake-analytics.wikimedia.org,/v1/events,lineNumber,-2.0,JSON_Payload
REQ-1346,intake-analytics.wikimedia.org,/v1/events,method,java.util.concurrent.locks.LockSupport.park,JSON_Payload
REQ-1346,intake-analytics.wikimedia.org,/v1/events,file,LockSupport.java,JSON_Payload
REQ-1346,intake-analytics.wikimedia.org,/v1/events,lineNumber,376.0,JSON_Payload
REQ-1347,intake-analytics.wikimedia.org,/v1/events,method,java.util.concurrent.locks.AbstractQueuedSynchronizer$ConditionNode.block,JSON_Payload
REQ-1347,intake-analytics.wikimedia.org,/v1/events,file,AbstractQueuedSynchronizer.java,JSON_Payload
REQ-1347,intake-analytics.wikimedia.org,/v1/events,lineNumber,520.0,JSON_Payload
REQ-1348,intake-analytics.wikimedia.org,/v1/events,method,java.util.concurrent.ForkJoinPool.unmanagedBlock,JSON_Payload
REQ-1348,intake-analytics.wikimedia.org,/v1/events,file,ForkJoinPool.java,JSON_Payload
REQ-1348,intake-analytics.wikimedia.org,/v1/events,lineNumber,3797.0,JSON_Payload
REQ-1349,intake-analytics.wikimedia.org,/v1/events,method,java.util.concurrent.ForkJoinPool.managedBlock,JSON_Payload
REQ-1349,intake-analytics.wikimedia.org,/v1/events,file,ForkJoinPool.java,JSON_Payload
REQ-1349,intake-analytics.wikimedia.org,/v1/events,lineNumber,3738.0,JSON_Payload
REQ-1350,intake-analytics.wikimedia.org,/v1/events,method,java.util.concurrent.locks.AbstractQueuedSynchronizer$ConditionObject.await,JSON_Payload
REQ-1350,intake-analytics.wikimedia.org,/v1/events,file,AbstractQueuedSynchronizer.java,JSON_Payload
REQ-1350,intake-analytics.wikimedia.org,/v1/events,lineNumber,1752.0,JSON_Payload
REQ-1351,intake-analytics.wikimedia.org,/v1/events,method,java.util.concurrent.LinkedBlockingQueue.take,JSON_Payload
REQ-1351,intake-analytics.wikimedia.org,/v1/events,file,LinkedBlockingQueue.java,JSON_Payload
REQ-1351,intake-analytics.wikimedia.org,/v1/events,lineNumber,435.0,JSON_Payload
REQ-1352,intake-analytics.wikimedia.org,/v1/events,method,java.util.concurrent.ThreadPoolExecutor.getTask,JSON_Payload
REQ-1352,intake-analytics.wikimedia.org,/v1/events,file,ThreadPoolExecutor.java,JSON_Payload
REQ-1352,intake-analytics.wikimedia.org,/v1/events,lineNumber,1026.0,JSON_Payload
REQ-1353,intake-analytics.wikimedia.org,/v1/events,method,java.util.concurrent.ThreadPoolExecutor.runWorker,JSON_Payload
REQ-1353,intake-analytics.wikimedia.org,/v1/events,file,ThreadPoolExecutor.java,JSON_Payload
REQ-1353,intake-analytics.wikimedia.org,/v1/events,lineNumber,1086.0,JSON_Payload
REQ-1354,intake-analytics.wikimedia.org,/v1/events,method,java.util.concurrent.ThreadPoolExecutor$Worker.run,JSON_Payload
REQ-1354,intake-analytics.wikimedia.org,/v1/events,file,ThreadPoolExecutor.java,JSON_Payload
REQ-1354,intake-analytics.wikimedia.org,/v1/events,lineNumber,624.0,JSON_Payload
REQ-1355,intake-analytics.wikimedia.org,/v1/events,method,java.lang.Thread.run,JSON_Payload
REQ-1355,intake-analytics.wikimedia.org,/v1/events,file,Thread.java,JSON_Payload
REQ-1355,intake-analytics.wikimedia.org,/v1/events,lineNumber,1572.0,JSON_Payload
REQ-1356,intake-analytics.wikimedia.org,/v1/events,method,jdk.internal.misc.Unsafe.park,JSON_Payload
REQ-1356,intake-analytics.wikimedia.org,/v1/events,file,Unsafe.java,JSON_Payload
REQ-1356,intake-analytics.wikimedia.org,/v1/events,lineNumber,-2.0,JSON_Payload
REQ-1357,intake-analytics.wikimedia.org,/v1/events,method,java.util.concurrent.locks.LockSupport.park,JSON_Payload
REQ-1357,intake-analytics.wikimedia.org,/v1/events,file,LockSupport.java,JSON_Payload
REQ-1357,intake-analytics.wikimedia.org,/v1/events,lineNumber,376.0,JSON_Payload
REQ-1358,intake-analytics.wikimedia.org,/v1/events,method,java.util.concurrent.locks.AbstractQueuedSynchronizer$ConditionNode.block,JSON_Payload
REQ-1358,intake-analytics.wikimedia.org,/v1/events,file,AbstractQueuedSynchronizer.java,JSON_Payload
REQ-1358,intake-analytics.wikimedia.org,/v1/events,lineNumber,520.0,JSON_Payload
REQ-1359,intake-analytics.wikimedia.org,/v1/events,method,java.util.concurrent.ForkJoinPool.unmanagedBlock,JSON_Payload
REQ-1359,intake-analytics.wikimedia.org,/v1/events,file,ForkJoinPool.java,JSON_Payload
REQ-1359,intake-analytics.wikimedia.org,/v1/events,lineNumber,3797.0,JSON_Payload
REQ-1360,intake-analytics.wikimedia.org,/v1/events,method,java.util.concurrent.ForkJoinPool.managedBlock,JSON_Payload
REQ-1360,intake-analytics.wikimedia.org,/v1/events,file,ForkJoinPool.java,JSON_Payload
REQ-1360,intake-analytics.wikimedia.org,/v1/events,lineNumber,3738.0,JSON_Payload
REQ-1361,intake-analytics.wikimedia.org,/v1/events,method,java.util.concurrent.locks.AbstractQueuedSynchronizer$ConditionObject.await,JSON_Payload
REQ-1361,intake-analytics.wikimedia.org,/v1/events,file,AbstractQueuedSynchronizer.java,JSON_Payload
REQ-1361,intake-analytics.wikimedia.org,/v1/events,lineNumber,1752.0,JSON_Payload
REQ-1362,intake-analytics.wikimedia.org,/v1/events,method,java.util.concurrent.PriorityBlockingQueue.take,JSON_Payload
REQ-1362,intake-analytics.wikimedia.org,/v1/events,file,PriorityBlockingQueue.java,JSON_Payload
REQ-1362,intake-analytics.wikimedia.org,/v1/events,lineNumber,539.0,JSON_Payload
REQ-1363,intake-analytics.wikimedia.org,/v1/events,method,java.util.concurrent.ThreadPoolExecutor.getTask,JSON_Payload
REQ-1363,intake-analytics.wikimedia.org,/v1/events,file,ThreadPoolExecutor.java,JSON_Payload
REQ-1363,intake-analytics.wikimedia.org,/v1/events,lineNumber,1026.0,JSON_Payload
REQ-1364,intake-analytics.wikimedia.org,/v1/events,method,java.util.concurrent.ThreadPoolExecutor.runWorker,JSON_Payload
REQ-1364,intake-analytics.wikimedia.org,/v1/events,file,ThreadPoolExecutor.java,JSON_Payload
REQ-1364,intake-analytics.wikimedia.org,/v1/events,lineNumber,1086.0,JSON_Payload
REQ-1365,intake-analytics.wikimedia.org,/v1/events,method,java.util.concurrent.ThreadPoolExecutor$Worker.run,JSON_Payload
REQ-1365,intake-analytics.wikimedia.org,/v1/events,file,ThreadPoolExecutor.java,JSON_Payload
REQ-1365,intake-analytics.wikimedia.org,/v1/events,lineNumber,624.0,JSON_Payload
REQ-1366,intake-analytics.wikimedia.org,/v1/events,method,java.lang.Thread.run,JSON_Payload
REQ-1366,intake-analytics.wikimedia.org,/v1/events,file,Thread.java,JSON_Payload
REQ-1366,intake-analytics.wikimedia.org,/v1/events,lineNumber,1572.0,JSON_Payload
REQ-1367,intake-analytics.wikimedia.org,/v1/events,method,com.bumptech.glide.load.engine.executor.GlideExecutor$DefaultThreadFactory$1.run,JSON_Payload
REQ-1367,intake-analytics.wikimedia.org,/v1/events,file,GlideExecutor.java,JSON_Payload
REQ-1367,intake-analytics.wikimedia.org,/v1/events,lineNumber,393.0,JSON_Payload
REQ-1368,intake-analytics.wikimedia.org,/v1/events,method,jdk.internal.misc.Unsafe.park,JSON_Payload
REQ-1368,intake-analytics.wikimedia.org,/v1/events,file,Unsafe.java,JSON_Payload
REQ-1368,intake-analytics.wikimedia.org,/v1/events,lineNumber,-2.0,JSON_Payload
REQ-1369,intake-analytics.wikimedia.org,/v1/events,method,java.util.concurrent.locks.LockSupport.park,JSON_Payload
REQ-1369,intake-analytics.wikimedia.org,/v1/events,file,LockSupport.java,JSON_Payload
REQ-1369,intake-analytics.wikimedia.org,/v1/events,lineNumber,376.0,JSON_Payload
REQ-1370,intake-analytics.wikimedia.org,/v1/events,method,java.util.concurrent.locks.AbstractQueuedSynchronizer$ConditionNode.block,JSON_Payload
REQ-1370,intake-analytics.wikimedia.org,/v1/events,file,AbstractQueuedSynchronizer.java,JSON_Payload
REQ-1370,intake-analytics.wikimedia.org,/v1/events,lineNumber,520.0,JSON_Payload
REQ-1371,intake-analytics.wikimedia.org,/v1/events,method,java.util.concurrent.ForkJoinPool.unmanagedBlock,JSON_Payload
REQ-1371,intake-analytics.wikimedia.org,/v1/events,file,ForkJoinPool.java,JSON_Payload
REQ-1371,intake-analytics.wikimedia.org,/v1/events,lineNumber,3797.0,JSON_Payload
REQ-1372,intake-analytics.wikimedia.org,/v1/events,method,java.util.concurrent.ForkJoinPool.managedBlock,JSON_Payload
REQ-1372,intake-analytics.wikimedia.org,/v1/events,file,ForkJoinPool.java,JSON_Payload
REQ-1372,intake-analytics.wikimedia.org,/v1/events,lineNumber,3738.0,JSON_Payload
REQ-1373,intake-analytics.wikimedia.org,/v1/events,method,java.util.concurrent.locks.AbstractQueuedSynchronizer$ConditionObject.await,JSON_Payload
REQ-1373,intake-analytics.wikimedia.org,/v1/events,file,AbstractQueuedSynchronizer.java,JSON_Payload
REQ-1373,intake-analytics.wikimedia.org,/v1/events,lineNumber,1752.0,JSON_Payload
REQ-1374,intake-analytics.wikimedia.org,/v1/events,method,java.util.concurrent.PriorityBlockingQueue.take,JSON_Payload
REQ-1374,intake-analytics.wikimedia.org,/v1/events,file,PriorityBlockingQueue.java,JSON_Payload
REQ-1374,intake-analytics.wikimedia.org,/v1/events,lineNumber,539.0,JSON_Payload
REQ-1375,intake-analytics.wikimedia.org,/v1/events,method,java.util.concurrent.ThreadPoolExecutor.getTask,JSON_Payload
REQ-1375,intake-analytics.wikimedia.org,/v1/events,file,ThreadPoolExecutor.java,JSON_Payload
REQ-1375,intake-analytics.wikimedia.org,/v1/events,lineNumber,1026.0,JSON_Payload
REQ-1376,intake-analytics.wikimedia.org,/v1/events,method,java.util.concurrent.ThreadPoolExecutor.runWorker,JSON_Payload
REQ-1376,intake-analytics.wikimedia.org,/v1/events,file,ThreadPoolExecutor.java,JSON_Payload
REQ-1376,intake-analytics.wikimedia.org,/v1/events,lineNumber,1086.0,JSON_Payload
REQ-1377,intake-analytics.wikimedia.org,/v1/events,method,java.util.concurrent.ThreadPoolExecutor$Worker.run,JSON_Payload
REQ-1377,intake-analytics.wikimedia.org,/v1/events,file,ThreadPoolExecutor.java,JSON_Payload
REQ-1377,intake-analytics.wikimedia.org,/v1/events,lineNumber,624.0,JSON_Payload
REQ-1378,intake-analytics.wikimedia.org,/v1/events,method,java.lang.Thread.run,JSON_Payload
REQ-1378,intake-analytics.wikimedia.org,/v1/events,file,Thread.java,JSON_Payload
REQ-1378,intake-analytics.wikimedia.org,/v1/events,lineNumber,1572.0,JSON_Payload
REQ-1379,intake-analytics.wikimedia.org,/v1/events,method,com.bumptech.glide.load.engine.executor.GlideExecutor$DefaultThreadFactory$1.run,JSON_Payload
REQ-1379,intake-analytics.wikimedia.org,/v1/events,file,GlideExecutor.java,JSON_Payload
REQ-1379,intake-analytics.wikimedia.org,/v1/events,lineNumber,393.0,JSON_Payload
REQ-1380,intake-analytics.wikimedia.org,/v1/events,method,jdk.internal.misc.Unsafe.park,JSON_Payload
REQ-1380,intake-analytics.wikimedia.org,/v1/events,file,Unsafe.java,JSON_Payload
REQ-1380,intake-analytics.wikimedia.org,/v1/events,lineNumber,-2.0,JSON_Payload
REQ-1381,intake-analytics.wikimedia.org,/v1/events,method,java.util.concurrent.locks.LockSupport.parkNanos,JSON_Payload
REQ-1381,intake-analytics.wikimedia.org,/v1/events,file,LockSupport.java,JSON_Payload
REQ-1381,intake-analytics.wikimedia.org,/v1/events,lineNumber,417.0,JSON_Payload
REQ-1382,intake-analytics.wikimedia.org,/v1/events,method,java.util.concurrent.LinkedTransferQueue$DualNode.await,JSON_Payload
REQ-1382,intake-analytics.wikimedia.org,/v1/events,file,LinkedTransferQueue.java,JSON_Payload
REQ-1382,intake-analytics.wikimedia.org,/v1/events,lineNumber,452.0,JSON_Payload
REQ-1383,intake-analytics.wikimedia.org,/v1/events,method,java.util.concurrent.SynchronousQueue$Transferer.xferLifo,JSON_Payload
REQ-1383,intake-analytics.wikimedia.org,/v1/events,file,SynchronousQueue.java,JSON_Payload
REQ-1383,intake-analytics.wikimedia.org,/v1/events,lineNumber,194.0,JSON_Payload
REQ-1384,intake-analytics.wikimedia.org,/v1/events,method,java.util.concurrent.SynchronousQueue.xfer,JSON_Payload
REQ-1384,intake-analytics.wikimedia.org,/v1/events,file,SynchronousQueue.java,JSON_Payload
REQ-1384,intake-analytics.wikimedia.org,/v1/events,lineNumber,235.0,JSON_Payload
REQ-1385,intake-analytics.wikimedia.org,/v1/events,method,java.util.concurrent.SynchronousQueue.poll,JSON_Payload
REQ-1385,intake-analytics.wikimedia.org,/v1/events,file,SynchronousQueue.java,JSON_Payload
REQ-1385,intake-analytics.wikimedia.org,/v1/events,lineNumber,338.0,JSON_Payload
REQ-1386,intake-analytics.wikimedia.org,/v1/events,method,java.util.concurrent.ThreadPoolExecutor.getTask,JSON_Payload
REQ-1386,intake-analytics.wikimedia.org,/v1/events,file,ThreadPoolExecutor.java,JSON_Payload
REQ-1386,intake-analytics.wikimedia.org,/v1/events,lineNumber,1025.0,JSON_Payload
REQ-1387,intake-analytics.wikimedia.org,/v1/events,method,java.util.concurrent.ThreadPoolExecutor.runWorker,JSON_Payload
REQ-1387,intake-analytics.wikimedia.org,/v1/events,file,ThreadPoolExecutor.java,JSON_Payload
REQ-1387,intake-analytics.wikimedia.org,/v1/events,lineNumber,1086.0,JSON_Payload
REQ-1388,intake-analytics.wikimedia.org,/v1/events,method,java.util.concurrent.ThreadPoolExecutor$Worker.run,JSON_Payload
REQ-1388,intake-analytics.wikimedia.org,/v1/events,file,ThreadPoolExecutor.java,JSON_Payload
REQ-1388,intake-analytics.wikimedia.org,/v1/events,lineNumber,624.0,JSON_Payload
REQ-1389,intake-analytics.wikimedia.org,/v1/events,method,java.lang.Thread.run,JSON_Payload
REQ-1389,intake-analytics.wikimedia.org,/v1/events,file,Thread.java,JSON_Payload
REQ-1389,intake-analytics.wikimedia.org,/v1/events,lineNumber,1572.0,JSON_Payload
REQ-1390,intake-analytics.wikimedia.org,/v1/events,method,jdk.internal.misc.Unsafe.park,JSON_Payload
REQ-1390,intake-analytics.wikimedia.org,/v1/events,file,Unsafe.java,JSON_Payload
REQ-1390,intake-analytics.wikimedia.org,/v1/events,lineNumber,-2.0,JSON_Payload
REQ-1391,intake-analytics.wikimedia.org,/v1/events,method,java.util.concurrent.locks.LockSupport.parkNanos,JSON_Payload
REQ-1391,intake-analytics.wikimedia.org,/v1/events,file,LockSupport.java,JSON_Payload
REQ-1391,intake-analytics.wikimedia.org,/v1/events,lineNumber,417.0,JSON_Payload
REQ-1392,intake-analytics.wikimedia.org,/v1/events,method,java.util.concurrent.LinkedTransferQueue$DualNode.await,JSON_Payload
REQ-1392,intake-analytics.wikimedia.org,/v1/events,file,LinkedTransferQueue.java,JSON_Payload
REQ-1392,intake-analytics.wikimedia.org,/v1/events,lineNumber,452.0,JSON_Payload
REQ-1393,intake-analytics.wikimedia.org,/v1/events,method,java.util.concurrent.SynchronousQueue$Transferer.xferLifo,JSON_Payload
REQ-1393,intake-analytics.wikimedia.org,/v1/events,file,SynchronousQueue.java,JSON_Payload
REQ-1393,intake-analytics.wikimedia.org,/v1/events,lineNumber,194.0,JSON_Payload
REQ-1394,intake-analytics.wikimedia.org,/v1/events,method,java.util.concurrent.SynchronousQueue.xfer,JSON_Payload
REQ-1394,intake-analytics.wikimedia.org,/v1/events,file,SynchronousQueue.java,JSON_Payload
REQ-1394,intake-analytics.wikimedia.org,/v1/events,lineNumber,235.0,JSON_Payload
REQ-1395,intake-analytics.wikimedia.org,/v1/events,method,java.util.concurrent.SynchronousQueue.poll,JSON_Payload
REQ-1395,intake-analytics.wikimedia.org,/v1/events,file,SynchronousQueue.java,JSON_Payload
REQ-1395,intake-analytics.wikimedia.org,/v1/events,lineNumber,338.0,JSON_Payload
REQ-1396,intake-analytics.wikimedia.org,/v1/events,method,java.util.concurrent.ThreadPoolExecutor.getTask,JSON_Payload
REQ-1396,intake-analytics.wikimedia.org,/v1/events,file,ThreadPoolExecutor.java,JSON_Payload
REQ-1396,intake-analytics.wikimedia.org,/v1/events,lineNumber,1025.0,JSON_Payload
REQ-1397,intake-analytics.wikimedia.org,/v1/events,method,java.util.concurrent.ThreadPoolExecutor.runWorker,JSON_Payload
REQ-1397,intake-analytics.wikimedia.org,/v1/events,file,ThreadPoolExecutor.java,JSON_Payload
REQ-1397,intake-analytics.wikimedia.org,/v1/events,lineNumber,1086.0,JSON_Payload
REQ-1398,intake-analytics.wikimedia.org,/v1/events,method,java.util.concurrent.ThreadPoolExecutor$Worker.run,JSON_Payload
REQ-1398,intake-analytics.wikimedia.org,/v1/events,file,ThreadPoolExecutor.java,JSON_Payload
REQ-1398,intake-analytics.wikimedia.org,/v1/events,lineNumber,624.0,JSON_Payload
REQ-1399,intake-analytics.wikimedia.org,/v1/events,method,java.lang.Thread.run,JSON_Payload
REQ-1399,intake-analytics.wikimedia.org,/v1/events,file,Thread.java,JSON_Payload
REQ-1399,intake-analytics.wikimedia.org,/v1/events,lineNumber,1572.0,JSON_Payload
REQ-1400,intake-analytics.wikimedia.org,/v1/events,method,jdk.internal.misc.Unsafe.park,JSON_Payload
REQ-1400,intake-analytics.wikimedia.org,/v1/events,file,Unsafe.java,JSON_Payload
REQ-1400,intake-analytics.wikimedia.org,/v1/events,lineNumber,-2.0,JSON_Payload
REQ-1401,intake-analytics.wikimedia.org,/v1/events,method,java.util.concurrent.locks.LockSupport.park,JSON_Payload
REQ-1401,intake-analytics.wikimedia.org,/v1/events,file,LockSupport.java,JSON_Payload
REQ-1401,intake-analytics.wikimedia.org,/v1/events,lineNumber,376.0,JSON_Payload
REQ-1402,intake-analytics.wikimedia.org,/v1/events,method,java.util.concurrent.locks.AbstractQueuedSynchronizer$ConditionNode.block,JSON_Payload
REQ-1402,intake-analytics.wikimedia.org,/v1/events,file,AbstractQueuedSynchronizer.java,JSON_Payload
REQ-1402,intake-analytics.wikimedia.org,/v1/events,lineNumber,520.0,JSON_Payload
REQ-1403,intake-analytics.wikimedia.org,/v1/events,method,java.util.concurrent.ForkJoinPool.unmanagedBlock,JSON_Payload
REQ-1403,intake-analytics.wikimedia.org,/v1/events,file,ForkJoinPool.java,JSON_Payload
REQ-1403,intake-analytics.wikimedia.org,/v1/events,lineNumber,3797.0,JSON_Payload
REQ-1404,intake-analytics.wikimedia.org,/v1/events,method,java.util.concurrent.ForkJoinPool.managedBlock,JSON_Payload
REQ-1404,intake-analytics.wikimedia.org,/v1/events,file,ForkJoinPool.java,JSON_Payload
REQ-1404,intake-analytics.wikimedia.org,/v1/events,lineNumber,3738.0,JSON_Payload
REQ-1405,intake-analytics.wikimedia.org,/v1/events,method,java.util.concurrent.locks.AbstractQueuedSynchronizer$ConditionObject.await,JSON_Payload
REQ-1405,intake-analytics.wikimedia.org,/v1/events,file,AbstractQueuedSynchronizer.java,JSON_Payload
REQ-1405,intake-analytics.wikimedia.org,/v1/events,lineNumber,1752.0,JSON_Payload
REQ-1406,intake-analytics.wikimedia.org,/v1/events,method,java.util.concurrent.LinkedBlockingQueue.take,JSON_Payload
REQ-1406,intake-analytics.wikimedia.org,/v1/events,file,LinkedBlockingQueue.java,JSON_Payload
REQ-1406,intake-analytics.wikimedia.org,/v1/events,lineNumber,435.0,JSON_Payload
REQ-1407,intake-analytics.wikimedia.org,/v1/events,method,java.util.concurrent.ThreadPoolExecutor.getTask,JSON_Payload
REQ-1407,intake-analytics.wikimedia.org,/v1/events,file,ThreadPoolExecutor.java,JSON_Payload
REQ-1407,intake-analytics.wikimedia.org,/v1/events,lineNumber,1026.0,JSON_Payload
REQ-1408,intake-analytics.wikimedia.org,/v1/events,method,java.util.concurrent.ThreadPoolExecutor.runWorker,JSON_Payload
REQ-1408,intake-analytics.wikimedia.org,/v1/events,file,ThreadPoolExecutor.java,JSON_Payload
REQ-1408,intake-analytics.wikimedia.org,/v1/events,lineNumber,1086.0,JSON_Payload
REQ-1409,intake-analytics.wikimedia.org,/v1/events,method,java.util.concurrent.ThreadPoolExecutor$Worker.run,JSON_Payload
REQ-1409,intake-analytics.wikimedia.org,/v1/events,file,ThreadPoolExecutor.java,JSON_Payload
REQ-1409,intake-analytics.wikimedia.org,/v1/events,lineNumber,624.0,JSON_Payload
REQ-1410,intake-analytics.wikimedia.org,/v1/events,method,java.lang.Thread.ru probe=OpenSSLn,JSON_Payload
REQ-1410,intake-analytics.wikimedia.org,/v1/events,file,Thread.java,JSON_Payload
REQ-1410,intake-analytics.wikimedia.org,/v1/events,lineNumber,1572.0,JSON_Payload
REQ-1411,intake-analytics.wikimedia.org,/v1/events,method,jdk.internal.misc.Unsafe.park,JSON_Payload
REQ-1411,intake-analytics.wikimedia.org,/v1/events,file,Unsafe.java,JSON_Payload
REQ-1411,intake-analytics.wikimedia.org,/v1/events,lineNumber,-2.0,JSON_Payload
REQ-1412,intake-analytics.wikimedia.org,/v1/events,method,java.util.concurrent.locks.LockSupport.parkNanos,JSON_Payload
REQ-1412,intake-analytics.wikimedia.org,/v1/events,file,LockSupport.java,JSON_Payload
REQ-1412,intake-analytics.wikimedia.org,/v1/events,lineNumber,417.0,JSON_Payload
REQ-1413,intake-analytics.wikimedia.org,/v1/events,method,java.util.concurrent.LinkedTransferQueue$DualNode.await,JSON_Payload
REQ-1413,intake-analytics.wikimedia.org,/v1/events,file,LinkedTransferQueue.java,JSON_Payload
REQ-1413,intake-analytics.wikimedia.org,/v1/events,lineNumber,452.0,JSON_Payload
REQ-1414,intake-analytics.wikimedia.org,/v1/events,method,java.util.concurrent.SynchronousQueue$Transferer.xferLifo,JSON_Payload
REQ-1414,intake-analytics.wikimedia.org,/v1/events,file,SynchronousQueue.java,JSON_Payload
REQ-1414,intake-analytics.wikimedia.org,/v1/events,lineNumber,194.0,JSON_Payload
REQ-1415,intake-analytics.wikimedia.org,/v1/events,method,java.util.concurrent.SynchronousQueue.xfer,JSON_Payload
REQ-1415,intake-analytics.wikimedia.org,/v1/events,file,SynchronousQueue.java,JSON_Payload
REQ-1415,intake-analytics.wikimedia.org,/v1/events,lineNumber,235.0,JSON_Payload
REQ-1416,intake-analytics.wikimedia.org,/v1/events,method,java.util.concurrent.SynchronousQueue.poll,JSON_Payload
REQ-1416,intake-analytics.wikimedia.org,/v1/events,file,SynchronousQueue.java,JSON_Payload
REQ-1416,intake-analytics.wikimedia.org,/v1/events,lineNumber,338.0,JSON_Payload
REQ-1417,intake-analytics.wikimedia.org,/v1/events,method,java.util.concurrent.ThreadPoolExecutor.getTask,JSON_Payload
REQ-1417,intake-analytics.wikimedia.org,/v1/events,file,ThreadPoolExecutor.java,JSON_Payload
REQ-1417,intake-analytics.wikimedia.org,/v1/events,lineNumber,1025.0,JSON_Payload
REQ-1418,intake-analytics.wikimedia.org,/v1/events,method,java.util.concurrent.ThreadPoolExecutor.runWorker,JSON_Payload
REQ-1418,intake-analytics.wikimedia.org,/v1/events,file,ThreadPoolExecutor.java,JSON_Payload
REQ-1418,intake-analytics.wikimedia.org,/v1/events,lineNumber,1086.0,JSON_Payload
REQ-1419,intake-analytics.wikimedia.org,/v1/events,method,java.util.concurrent.ThreadPoolExecutor$Worker.run,JSON_Payload
REQ-1419,intake-analytics.wikimedia.org,/v1/events,file,ThreadPoolExecutor.java,JSON_Payload
REQ-1419,intake-analytics.wikimedia.org,/v1/events,lineNumber,624.0,JSON_Payload
REQ-1420,intake-analytics.wikimedia.org,/v1/events,method,java.lang.Thread.run,JSON_Payload
REQ-1420,intake-analytics.wikimedia.org,/v1/events,file,Thread.java,JSON_Payload
REQ-1420,intake-analytics.wikimedia.org,/v1/events,lineNumber,1572.0,JSON_Payload
REQ-1421,intake-analytics.wikimedia.org,/v1/events,method,jdk.internal.misc.Unsafe.park,JSON_Payload
REQ-1421,intake-analytics.wikimedia.org,/v1/events,file,Unsafe.java,JSON_Payload
REQ-1421,intake-analytics.wikimedia.org,/v1/events,lineNumber,-2.0,JSON_Payload
REQ-1422,intake-analytics.wikimedia.org,/v1/events,method,java.util.concurrent.locks.LockSupport.park,JSON_Payload
REQ-1422,intake-analytics.wikimedia.org,/v1/events,file,LockSupport.java,JSON_Payload
REQ-1422,intake-analytics.wikimedia.org,/v1/events,lineNumber,376.0,JSON_Payload
REQ-1423,intake-analytics.wikimedia.org,/v1/events,method,java.util.concurrent.locks.AbstractQueuedSynchronizer$ConditionNode.block,JSON_Payload
REQ-1423,intake-analytics.wikimedia.org,/v1/events,file,AbstractQueuedSynchronizer.java,JSON_Payload
REQ-1423,intake-analytics.wikimedia.org,/v1/events,lineNumber,520.0,JSON_Payload
REQ-1424,intake-analytics.wikimedia.org,/v1/events,method,java.util.concurrent.ForkJoinPool.unmanagedBlock,JSON_Payload
REQ-1424,intake-analytics.wikimedia.org,/v1/events,file,ForkJoinPool.java,JSON_Payload
REQ-1424,intake-analytics.wikimedia.org,/v1/events,lineNumber,3797.0,JSON_Payload
REQ-1425,intake-analytics.wikimedia.org,/v1/events,method,java.util.concurrent.ForkJoinPool.managedBlock,JSON_Payload
REQ-1425,intake-analytics.wikimedia.org,/v1/events,file,ForkJoinPool.java,JSON_Payload
REQ-1425,intake-analytics.wikimedia.org,/v1/events,lineNumber,3738.0,JSON_Payload
REQ-1426,intake-analytics.wikimedia.org,/v1/events,method,java.util.concurrent.locks.AbstractQueuedSynchronizer$ConditionObject.await,JSON_Payload
REQ-1426,intake-analytics.wikimedia.org,/v1/events,file,AbstractQueuedSynchronizer.java,JSON_Payload
REQ-1426,intake-analytics.wikimedia.org,/v1/events,lineNumber,1752.0,JSON_Payload
REQ-1427,intake-analytics.wikimedia.org,/v1/events,method,java.util.concurrent.PriorityBlockingQueue.take,JSON_Payload
REQ-1427,intake-analytics.wikimedia.org,/v1/events,file,PriorityBlockingQueue.java,JSON_Payload
REQ-1427,intake-analytics.wikimedia.org,/v1/events,lineNumber,539.0,JSON_Payload
REQ-1428,intake-analytics.wikimedia.org,/v1/events,method,java.util.concurrent.ThreadPoolExecutor.getTask,JSON_Payload
REQ-1428,intake-analytics.wikimedia.org,/v1/events,file,ThreadPoolExecutor.java,JSON_Payload
REQ-1428,intake-analytics.wikimedia.org,/v1/events,lineNumber,1026.0,JSON_Payload
REQ-1429,intake-analytics.wikimedia.org,/v1/events,method,java.util.concurrent.ThreadPoolExecutor.runWorker,JSON_Payload
REQ-1429,intake-analytics.wikimedia.org,/v1/events,file,ThreadPoolExecutor.java,JSON_Payload
REQ-1429,intake-analytics.wikimedia.org,/v1/events,lineNumber,1086.0,JSON_Payload
REQ-1430,intake-analytics.wikimedia.org,/v1/events,method,java.util.concurrent.ThreadPoolExecutor$Worker.run,JSON_Payload
REQ-1430,intake-analytics.wikimedia.org,/v1/events,file,ThreadPoolExecutor.java,JSON_Payload
REQ-1430,intake-analytics.wikimedia.org,/v1/events,lineNumber,624.0,JSON_Payload
REQ-1431,intake-analytics.wikimedia.org,/v1/events,method,java.lang.Thread.run,JSON_Payload
REQ-1431,intake-analytics.wikimedia.org,/v1/events,file,Thread.java,JSON_Payload
REQ-1431,intake-analytics.wikimedia.org,/v1/events,lineNumber,1572.0,JSON_Payload
REQ-1432,intake-analytics.wikimedia.org,/v1/events,method,com.bumptech.glide.load.engine.executor.GlideExecutor$DefaultThreadFactory$1.run,JSON_Payload
REQ-1432,intake-analytics.wikimedia.org,/v1/events,file,GlideExecutor.java,JSON_Payload
REQ-1432,intake-analytics.wikimedia.org,/v1/events,lineNumber,393.0,JSON_Payload
REQ-1433,intake-analytics.wikimedia.org,/v1/events,method,jdk.internal.misc.Unsafe.park,JSON_Payload
REQ-1433,intake-analytics.wikimedia.org,/v1/events,file,Unsafe.java,JSON_Payload
REQ-1433,intake-analytics.wikimedia.org,/v1/events,lineNumber,-2.0,JSON_Payload
REQ-1434,intake-analytics.wikimedia.org,/v1/events,method,java.util.concurrent.locks.LockSupport.park,JSON_Payload
REQ-1434,intake-analytics.wikimedia.org,/v1/events,file,LockSupport.java,JSON_Payload
REQ-1434,intake-analytics.wikimedia.org,/v1/events,lineNumber,376.0,JSON_Payload
REQ-1435,intake-analytics.wikimedia.org,/v1/events,method,java.util.concurrent.locks.AbstractQueuedSynchronizer$ConditionNode.block,JSON_Payload
REQ-1435,intake-analytics.wikimedia.org,/v1/events,file,AbstractQueuedSynchronizer.java,JSON_Payload
REQ-1435,intake-analytics.wikimedia.org,/v1/events,lineNumber,520.0,JSON_Payload
REQ-1436,intake-analytics.wikimedia.org,/v1/events,method,java.util.concurrent.ForkJoinPool.unmanagedBlock,JSON_Payload
REQ-1436,intake-analytics.wikimedia.org,/v1/events,file,ForkJoinPool.java,JSON_Payload
REQ-1436,intake-analytics.wikimedia.org,/v1/events,lineNumber,3797.0,JSON_Payload
REQ-1437,intake-analytics.wikimedia.org,/v1/events,method,java.util.concurrent.ForkJoinPool.managedBlock,JSON_Payload
REQ-1437,intake-analytics.wikimedia.org,/v1/events,file,ForkJoinPool.java,JSON_Payload
REQ-1437,intake-analytics.wikimedia.org,/v1/events,lineNumber,3738.0,JSON_Payload
REQ-1438,intake-analytics.wikimedia.org,/v1/events,method,java.util.concurrent.locks.AbstractQueuedSynchronizer$ConditionObject.await,JSON_Payload
REQ-1438,intake-analytics.wikimedia.org,/v1/events,file,AbstractQueuedSynchronizer.java,JSON_Payload
REQ-1438,intake-analytics.wikimedia.org,/v1/events,lineNumber,1752.0,JSON_Payload
REQ-1439,intake-analytics.wikimedia.org,/v1/events,method,java.util.concurrent.PriorityBlockingQueue.take,JSON_Payload
REQ-1439,intake-analytics.wikimedia.org,/v1/events,file,PriorityBlockingQueue.java,JSON_Payload
REQ-1439,intake-analytics.wikimedia.org,/v1/events,lineNumber,539.0,JSON_Payload
REQ-1440,intake-analytics.wikimedia.org,/v1/events,method,java.util.concurrent.ThreadPoolExecutor.getTask,JSON_Payload
REQ-1440,intake-analytics.wikimedia.org,/v1/events,file,ThreadPoolExecutor.java,JSON_Payload
REQ-1440,intake-analytics.wikimedia.org,/v1/events,lineNumber,1026.0,JSON_Payload
REQ-1441,intake-analytics.wikimedia.org,/v1/events,method,java.util.concurrent.ThreadPoolExecutor.runWorker,JSON_Payload
REQ-1441,intake-analytics.wikimedia.org,/v1/events,file,ThreadPoolExecutor.java,JSON_Payload
REQ-1441,intake-analytics.wikimedia.org,/v1/events,lineNumber,1086.0,JSON_Payload
REQ-1442,intake-analytics.wikimedia.org,/v1/events,method,java.util.concurrent.ThreadPoolExecutor$Worker.run,JSON_Payload
REQ-1442,intake-analytics.wikimedia.org,/v1/events,file,ThreadPoolExecutor.java,JSON_Payload
REQ-1442,intake-analytics.wikimedia.org,/v1/events,lineNumber,624.0,JSON_Payload
REQ-1443,intake-analytics.wikimedia.org,/v1/events,method,java.lang.Thread.run,JSON_Payload
REQ-1443,intake-analytics.wikimedia.org,/v1/events,file,Thread.java,JSON_Payload
REQ-1443,intake-analytics.wikimedia.org,/v1/events,lineNumber,1572.0,JSON_Payload
REQ-1444,intake-analytics.wikimedia.org,/v1/events,method,com.bumptech.glide.load.engine.executor.GlideExecutor$DefaultThreadFactory$1.run,JSON_Payload
REQ-1444,intake-analytics.wikimedia.org,/v1/events,file,GlideExecutor.java,JSON_Payload
REQ-1444,intake-analytics.wikimedia.org,/v1/events,lineNumber,393.0,JSON_Payload
REQ-1445,intake-analytics.wikimedia.org,/v1/events,method,jdk.internal.misc.Unsafe.park,JSON_Payload
REQ-1445,intake-analytics.wikimedia.org,/v1/events,file,Unsafe.java,JSON_Payload
REQ-1445,intake-analytics.wikimedia.org,/v1/events,lineNumber,-2.0,JSON_Payload
REQ-1446,intake-analytics.wikimedia.org,/v1/events,method,java.util.concurrent.locks.LockSupport.park,JSON_Payload
REQ-1446,intake-analytics.wikimedia.org,/v1/events,file,LockSupport.java,JSON_Payload
REQ-1446,intake-analytics.wikimedia.org,/v1/events,lineNumber,376.0,JSON_Payload
REQ-1447,intake-analytics.wikimedia.org,/v1/events,method,java.util.concurrent.locks.AbstractQueuedSynchronizer$ConditionNode.block,JSON_Payload
REQ-1447,intake-analytics.wikimedia.org,/v1/events,file,AbstractQueuedSynchronizer.java,JSON_Payload
REQ-1447,intake-analytics.wikimedia.org,/v1/events,lineNumber,520.0,JSON_Payload
REQ-1448,intake-analytics.wikimedia.org,/v1/events,method,java.util.concurrent.ForkJoinPool.unmanagedBlock,JSON_Payload
REQ-1448,intake-analytics.wikimedia.org,/v1/events,file,ForkJoinPool.java,JSON_Payload
REQ-1448,intake-analytics.wikimedia.org,/v1/events,lineNumber,3797.0,JSON_Payload
REQ-1449,intake-analytics.wikimedia.org,/v1/events,method,java.util.concurrent.ForkJoinPool.managedBlock,JSON_Payload
REQ-1449,intake-analytics.wikimedia.org,/v1/events,file,ForkJoinPool.java,JSON_Payload
REQ-1449,intake-analytics.wikimedia.org,/v1/events,lineNumber,3738.0,JSON_Payload
REQ-1450,intake-analytics.wikimedia.org,/v1/events,method,java.util.concurrent.locks.AbstractQueuedSynchronizer$ConditionObject.await,JSON_Payload
REQ-1450,intake-analytics.wikimedia.org,/v1/events,file,AbstractQueuedSynchronizer.java,JSON_Payload
REQ-1450,intake-analytics.wikimedia.org,/v1/events,lineNumber,1752.0,JSON_Payload
REQ-1451,intake-analytics.wikimedia.org,/v1/events,method,java.util.concurrent.LinkedBlockingQueue.take,JSON_Payload
REQ-1451,intake-analytics.wikimedia.org,/v1/events,file,LinkedBlockingQueue.java,JSON_Payload
REQ-1451,intake-analytics.wikimedia.org,/v1/events,lineNumber,435.0,JSON_Payload
REQ-1452,intake-analytics.wikimedia.org,/v1/events,method,java.util.concurrent.ThreadPoolExecutor.getTask,JSON_Payload
REQ-1452,intake-analytics.wikimedia.org,/v1/events,file,ThreadPoolExecutor.java,JSON_Payload
REQ-1452,intake-analytics.wikimedia.org,/v1/events,lineNumber,1026.0,JSON_Payload
REQ-1453,intake-analytics.wikimedia.org,/v1/events,method,java.util.concurrent.ThreadPoolExecutor.runWorker,JSON_Payload
REQ-1453,intake-analytics.wikimedia.org,/v1/events,file,ThreadPoolExecutor.java,JSON_Payload
REQ-1453,intake-analytics.wikimedia.org,/v1/events,lineNumber,1086.0,JSON_Payload
REQ-1454,intake-analytics.wikimedia.org,/v1/events,method,java.util.concurrent.ThreadPoolExecutor$Worker.run,JSON_Payload
REQ-1454,intake-analytics.wikimedia.org,/v1/events,file,ThreadPoolExecutor.java,JSON_Payload
REQ-1454,intake-analytics.wikimedia.org,/v1/events,lineNumber,624.0,JSON_Payload
REQ-1455,intake-analytics.wikimedia.org,/v1/events,method,java.lang.Thread.run,JSON_Payload
REQ-1455,intake-analytics.wikimedia.org,/v1/events,file,Thread.java,JSON_Payload
REQ-1455,intake-analytics.wikimedia.org,/v1/events,lineNumber,1572.0,JSON_Payload
REQ-1456,intake-analytics.wikimedia.org,/v1/events,method,android.os.MessageQueue.nativePollOnce,JSON_Payload
REQ-1456,intake-analytics.wikimedia.org,/v1/events,file,MessageQueue.java,JSON_Payload
REQ-1456,intake-analytics.wikimedia.org,/v1/events,lineNumber,-2.0,JSON_Payload
REQ-1457,intake-analytics.wikimedia.org,/v1/events,method,android.os.MessageQueue.nextLegacy,JSON_Payload
REQ-1457,intake-analytics.wikimedia.org,/v1/events,file,MessageQueue.java,JSON_Payload
REQ-1457,intake-analytics.wikimedia.org,/v1/events,lineNumber,913.0,JSON_Payload
REQ-1458,intake-analytics.wikimedia.org,/v1/events,method,android.os.MessageQueue.next,JSON_Payload
REQ-1458,intake-analytics.wikimedia.org,/v1/events,file,MessageQueue.java,JSON_Payload
REQ-1458,intake-analytics.wikimedia.org,/v1/events,lineNumber,1025.0,JSON_Payload
REQ-1459,intake-analytics.wikimedia.org,/v1/events,method,android.os.Looper.loopOnce,JSON_Payload
REQ-1459,intake-analytics.wikimedia.org,/v1/events,file,Looper.java,JSON_Payload
REQ-1459,intake-analytics.wikimedia.org,/v1/events,lineNumber,196.0,JSON_Payload
REQ-1460,intake-analytics.wikimedia.org,/v1/events,method,android.os.Looper.loop,JSON_Payload
REQ-1460,intake-analytics.wikimedia.org,/v1/events,file,Looper.java,JSON_Payload
REQ-1460,intake-analytics.wikimedia.org,/v1/events,lineNumber,338.0,JSON_Payload
REQ-1461,intake-analytics.wikimedia.org,/v1/events,method,android.os.HandlerThread.run,JSON_Payload
REQ-1461,intake-analytics.wikimedia.org,/v1/events,file,HandlerThread.java,JSON_Payload
REQ-1461,intake-analytics.wikimedia.org,/v1/events,lineNumber,85.0,JSON_Payload
REQ-1462,intake-analytics.wikimedia.org,/v1/events,method,android.os.MessageQueue.nativePollOnce,JSON_Payload
REQ-1462,intake-analytics.wikimedia.org,/v1/events,file,MessageQueue.java,JSON_Payload
REQ-1462,intake-analytics.wikimedia.org,/v1/events,lineNumber,-2.0,JSON_Payload
REQ-1463,intake-analytics.wikimedia.org,/v1/events,method,android.os.MessageQueue.nextLegacy,JSON_Payload
REQ-1463,intake-analytics.wikimedia.org,/v1/events,file,MessageQueue.java,JSON_Payload
REQ-1463,intake-analytics.wikimedia.org,/v1/events,lineNumber,913.0,JSON_Payload
REQ-1464,intake-analytics.wikimedia.org,/v1/events,method,android.os.MessageQueue.next,JSON_Payload
REQ-1464,intake-analytics.wikimedia.org,/v1/events,file,MessageQueue.java,JSON_Payload
REQ-1464,intake-analytics.wikimedia.org,/v1/events,lineNumber,1025.0,JSON_Payload
REQ-1465,intake-analytics.wikimedia.org,/v1/events,method,android.os.Looper.loopOnce,JSON_Payload
REQ-1465,intake-analytics.wikimedia.org,/v1/events,file,Looper.java,JSON_Payload
REQ-1465,intake-analytics.wikimedia.org,/v1/events,lineNumber,196.0,JSON_Payload
REQ-1466,intake-analytics.wikimedia.org,/v1/events,method,android.os.Looper.loop,JSON_Payload
REQ-1466,intake-analytics.wikimedia.org,/v1/events,file,Looper.java,JSON_Payload
REQ-1466,intake-analytics.wikimedia.org,/v1/events,lineNumber,338.0,JSON_Payload
REQ-1467,intake-analytics.wikimedia.org,/v1/events,method,android.os.HandlerThread.run,JSON_Payload
REQ-1467,intake-analytics.wikimedia.org,/v1/events,file,HandlerThread.java,JSON_Payload
REQ-1467,intake-analytics.wikimedia.org,/v1/events,lineNumber,85.0,JSON_Payload
REQ-1468,intake-analytics.wikimedia.org,/v1/events,method,java.lang.Object.wait,JSON_Payload
REQ-1468,intake-analytics.wikimedia.org,/v1/events,file,Object.java,JSON_Payload
REQ-1468,intake-analytics.wikimedia.org,/v1/events,lineNumber,-2.0,JSON_Payload
REQ-1469,intake-analytics.wikimedia.org,/v1/events,method,java.lang.Object.wait,JSON_Payload
REQ-1469,intake-analytics.wikimedia.org,/v1/events,file,Object.java,JSON_Payload
REQ-1469,intake-analytics.wikimedia.org,/v1/events,lineNumber,405.0,JSON_Payload
REQ-1470,intake-analytics.wikimedia.org,/v1/events,method,java.lang.Object.wait,JSON_Payload
REQ-1470,intake-analytics.wikimedia.org,/v1/events,file,Object.java,JSON_Payload
REQ-1470,intake-analytics.wikimedia.org,/v1/events,lineNumber,543.0,JSON_Payload
REQ-1471,intake-analytics.wikimedia.org,/v1/events,method,com.google.android.exoplayer2.util.ConditionVariable.block,JSON_Payload
REQ-1471,intake-analytics.wikimedia.org,/v1/events,file,ConditionVariable.java,JSON_Payload
REQ-1471,intake-analytics.wikimedia.org,/v1/events,lineNumber,84.0,JSON_Payload
REQ-1472,intake-analytics.wikimedia.org,/v1/events,method,com.google.android.exoplayer2.source.ProgressiveMediaPeriod$ExtractingLoadable.load,JSON_Payload
REQ-1472,intake-analytics.wikimedia.org,/v1/events,file,ProgressiveMediaPeriod.java,JSON_Payload
REQ-1472,intake-analytics.wikimedia.org,/v1/events,lineNumber,1045.0,JSON_Payload
REQ-1473,intake-analytics.wikimedia.org,/v1/events,method,com.google.android.exoplayer2.upstream.Loader$LoadTask.run,JSON_Payload
REQ-1473,intake-analytics.wikimedia.org,/v1/events,file,Loader.java,JSON_Payload
REQ-1473,intake-analytics.wikimedia.org,/v1/events,lineNumber,417.0,JSON_Payload
REQ-1474,intake-analytics.wikimedia.org,/v1/events,method,java.util.concurrent.ThreadPoolExecutor.runWorker,JSON_Payload
REQ-1474,intake-analytics.wikimedia.org,/v1/events,file,ThreadPoolExecutor.java,JSON_Payload
REQ-1474,intake-analytics.wikimedia.org,/v1/events,lineNumber,1100.0,JSON_Payload
REQ-1475,intake-analytics.wikimedia.org,/v1/events,method,java.util.concurrent.ThreadPoolExecutor$Worker.run,JSON_Payload
REQ-1475,intake-analytics.wikimedia.org,/v1/events,file,ThreadPoolExecutor.java,JSON_Payload
REQ-1475,intake-analytics.wikimedia.org,/v1/events,lineNumber,624.0,JSON_Payload
REQ-1476,intake-analytics.wikimedia.org,/v1/events,method,java.lang.Thread.run,JSON_Payload
REQ-1476,intake-analytics.wikimedia.org,/v1/events,file,Thread.java,JSON_Payload
REQ-1476,intake-analytics.wikimedia.org,/v1/events,lineNumber,1572.0,JSON_Payload
REQ-1477,intake-analytics.wikimedia.org,/v1/events,method,jdk.internal.misc.Unsafe.park,JSON_Payload
REQ-1477,intake-analytics.wikimedia.org,/v1/events,file,Unsafe.java,JSON_Payload
REQ-1477,intake-analytics.wikimedia.org,/v1/events,lineNumber,-2.0,JSON_Payload
REQ-1478,intake-analytics.wikimedia.org,/v1/events,method,java.util.concurrent.locks.LockSupport.park,JSON_Payload
REQ-1478,intake-analytics.wikimedia.org,/v1/events,file,LockSupport.java,JSON_Payload
REQ-1478,intake-analytics.wikimedia.org,/v1/events,lineNumber,376.0,JSON_Payload
REQ-1479,intake-analytics.wikimedia.org,/v1/events,method,java.util.concurrent.LinkedTransferQueue$DualNode.await,JSON_Payload
REQ-1479,intake-analytics.wikimedia.org,/v1/events,file,LinkedTransferQueue.java,JSON_Payload
REQ-1479,intake-analytics.wikimedia.org,/v1/events,lineNumber,458.0,JSON_Payload
REQ-1480,intake-analytics.wikimedia.org,/v1/events,method,java.util.concurrent.Synchronou probe=OpenSSLsQueue$Transferer.xferLifo,JSON_Payload
REQ-1480,intake-analytics.wikimedia.org,/v1/events,file,SynchronousQueue.java,JSON_Payload
REQ-1480,intake-analytics.wikimedia.org,/v1/events,lineNumber,194.0,JSON_Payload
REQ-1481,intake-analytics.wikimedia.org,/v1/events,method,java.util.concurrent.SynchronousQueue.xfer,JSON_Payload
REQ-1481,intake-analytics.wikimedia.org,/v1/events,file,SynchronousQueue.java,JSON_Payload
REQ-1481,intake-analytics.wikimedia.org,/v1/events,lineNumber,235.0,JSON_Payload
REQ-1482,intake-analytics.wikimedia.org,/v1/events,method,java.util.concurrent.SynchronousQueue.take,JSON_Payload
REQ-1482,intake-analytics.wikimedia.org,/v1/events,file,SynchronousQueue.java,JSON_Payload
REQ-1482,intake-analytics.wikimedia.org,/v1/events,lineNumber,318.0,JSON_Payload
REQ-1483,intake-analytics.wikimedia.org,/v1/events,method,java.util.concurrent.ThreadPoolExecutor.getTask,JSON_Payload
REQ-1483,intake-analytics.wikimedia.org,/v1/events,file,ThreadPoolExecutor.java,JSON_Payload
REQ-1483,intake-analytics.wikimedia.org,/v1/events,lineNumber,1026.0,JSON_Payload
REQ-1484,intake-analytics.wikimedia.org,/v1/events,method,java.util.concurrent.ThreadPoolExecutor.runWorker,JSON_Payload
REQ-1484,intake-analytics.wikimedia.org,/v1/events,file,ThreadPoolExecutor.java,JSON_Payload
REQ-1484,intake-analytics.wikimedia.org,/v1/events,lineNumber,1086.0,JSON_Payload
REQ-1485,intake-analytics.wikimedia.org,/v1/events,method,java.util.concurrent.ThreadPoolExecutor$Worker.run,JSON_Payload
REQ-1485,intake-analytics.wikimedia.org,/v1/events,file,ThreadPoolExecutor.java,JSON_Payload
REQ-1485,intake-analytics.wikimedia.org,/v1/events,lineNumber,624.0,JSON_Payload
REQ-1486,intake-analytics.wikimedia.org,/v1/events,method,java.lang.Thread.run,JSON_Payload
REQ-1486,intake-analytics.wikimedia.org,/v1/events,file,Thread.java,JSON_Payload
REQ-1486,intake-analytics.wikimedia.org,/v1/events,lineNumber,1572.0,JSON_Payload
REQ-1487,intake-analytics.wikimedia.org,/v1/events,method,jdk.internal.misc.Unsafe.park,JSON_Payload
REQ-1487,intake-analytics.wikimedia.org,/v1/events,file,Unsafe.java,JSON_Payload
REQ-1487,intake-analytics.wikimedia.org,/v1/events,lineNumber,-2.0,JSON_Payload
REQ-1488,intake-analytics.wikimedia.org,/v1/events,method,java.util.concurrent.locks.LockSupport.parkNanos,JSON_Payload
REQ-1488,intake-analytics.wikimedia.org,/v1/events,file,LockSupport.java,JSON_Payload
REQ-1488,intake-analytics.wikimedia.org,/v1/events,lineNumber,417.0,JSON_Payload
REQ-1489,intake-analytics.wikimedia.org,/v1/events,method,java.util.concurrent.LinkedTransferQueue$DualNode.await,JSON_Payload
REQ-1489,intake-analytics.wikimedia.org,/v1/events,file,LinkedTransferQueue.java,JSON_Payload
REQ-1489,intake-analytics.wikimedia.org,/v1/events,lineNumber,452.0,JSON_Payload
REQ-1490,intake-analytics.wikimedia.org,/v1/events,method,java.util.concurrent.SynchronousQueue$Transferer.xferLifo,JSON_Payload
REQ-1490,intake-analytics.wikimedia.org,/v1/events,file,SynchronousQueue.java,JSON_Payload
REQ-1490,intake-analytics.wikimedia.org,/v1/events,lineNumber,194.0,JSON_Payload
REQ-1491,intake-analytics.wikimedia.org,/v1/events,method,java.util.concurrent.SynchronousQueue.xfer,JSON_Payload
REQ-1491,intake-analytics.wikimedia.org,/v1/events,file,SynchronousQueue.java,JSON_Payload
REQ-1491,intake-analytics.wikimedia.org,/v1/events,lineNumber,235.0,JSON_Payload
REQ-1492,intake-analytics.wikimedia.org,/v1/events,method,java.util.concurrent.SynchronousQueue.poll,JSON_Payload
REQ-1492,intake-analytics.wikimedia.org,/v1/events,file,SynchronousQueue.java,JSON_Payload
REQ-1492,intake-analytics.wikimedia.org,/v1/events,lineNumber,338.0,JSON_Payload
REQ-1493,intake-analytics.wikimedia.org,/v1/events,method,java.util.concurrent.ThreadPoolExecutor.getTask,JSON_Payload
REQ-1493,intake-analytics.wikimedia.org,/v1/events,file,ThreadPoolExecutor.java,JSON_Payload
REQ-1493,intake-analytics.wikimedia.org,/v1/events,lineNumber,1025.0,JSON_Payload
REQ-1494,intake-analytics.wikimedia.org,/v1/events,method,java.util.concurrent.ThreadPoolExecutor.runWorker,JSON_Payload
REQ-1494,intake-analytics.wikimedia.org,/v1/events,file,ThreadPoolExecutor.java,JSON_Payload
REQ-1494,intake-analytics.wikimedia.org,/v1/events,lineNumber,1086.0,JSON_Payload
REQ-1495,intake-analytics.wikimedia.org,/v1/events,method,java.util.concurrent.ThreadPoolExecutor$Worker.run,JSON_Payload
REQ-1495,intake-analytics.wikimedia.org,/v1/events,file,ThreadPoolExecutor.java,JSON_Payload
REQ-1495,intake-analytics.wikimedia.org,/v1/events,lineNumber,624.0,JSON_Payload
REQ-1496,intake-analytics.wikimedia.org,/v1/events,method,java.lang.Thread.run,JSON_Payload
REQ-1496,intake-analytics.wikimedia.org,/v1/events,file,Thread.java,JSON_Payload
REQ-1496,intake-analytics.wikimedia.org,/v1/events,lineNumber,1572.0,JSON_Payload
REQ-1497,intake-analytics.wikimedia.org,/v1/events,method,jdk.internal.misc.Unsafe.park,JSON_Payload
REQ-1497,intake-analytics.wikimedia.org,/v1/events,file,Unsafe.java,JSON_Payload
REQ-1497,intake-analytics.wikimedia.org,/v1/events,lineNumber,-2.0,JSON_Payload
REQ-1498,intake-analytics.wikimedia.org,/v1/events,method,java.util.concurrent.locks.LockSupport.parkNanos,JSON_Payload
REQ-1498,intake-analytics.wikimedia.org,/v1/events,file,LockSupport.java,JSON_Payload
REQ-1498,intake-analytics.wikimedia.org,/v1/events,lineNumber,417.0,JSON_Payload
REQ-1499,intake-analytics.wikimedia.org,/v1/events,method,java.util.concurrent.LinkedTransferQueue$DualNode.await,JSON_Payload
REQ-1499,intake-analytics.wikimedia.org,/v1/events,file,LinkedTransferQueue.java,JSON_Payload
REQ-1499,intake-analytics.wikimedia.org,/v1/events,lineNumber,452.0,JSON_Payload
REQ-1500,intake-analytics.wikimedia.org,/v1/events,method,java.util.concurrent.SynchronousQueue$Transferer.xferLifo,JSON_Payload
REQ-1500,intake-analytics.wikimedia.org,/v1/events,file,SynchronousQueue.java,JSON_Payload
REQ-1500,intake-analytics.wikimedia.org,/v1/events,lineNumber,194.0,JSON_Payload
REQ-1501,intake-analytics.wikimedia.org,/v1/events,method,java.util.concurrent.SynchronousQueue.xfer,JSON_Payload
REQ-1501,intake-analytics.wikimedia.org,/v1/events,file,SynchronousQueue.java,JSON_Payload
REQ-1501,intake-analytics.wikimedia.org,/v1/events,lineNumber,235.0,JSON_Payload
REQ-1502,intake-analytics.wikimedia.org,/v1/events,method,java.util.concurrent.SynchronousQueue.poll,JSON_Payload
REQ-1502,intake-analytics.wikimedia.org,/v1/events,file,SynchronousQueue.java,JSON_Payload
REQ-1502,intake-analytics.wikimedia.org,/v1/events,lineNumber,338.0,JSON_Payload
REQ-1503,intake-analytics.wikimedia.org,/v1/events,method,java.util.concurrent.ThreadPoolExecutor.getTask,JSON_Payload
REQ-1503,intake-analytics.wikimedia.org,/v1/events,file,ThreadPoolExecutor.java,JSON_Payload
REQ-1503,intake-analytics.wikimedia.org,/v1/events,lineNumber,1025.0,JSON_Payload
REQ-1504,intake-analytics.wikimedia.org,/v1/events,method,java.util.concurrent.ThreadPoolExecutor.runWorker,JSON_Payload
REQ-1504,intake-analytics.wikimedia.org,/v1/events,file,ThreadPoolExecutor.java,JSON_Payload
REQ-1504,intake-analytics.wikimedia.org,/v1/events,lineNumber,1086.0,JSON_Payload
REQ-1505,intake-analytics.wikimedia.org,/v1/events,method,java.util.concurrent.ThreadPoolExecutor$Worker.run,JSON_Payload
REQ-1505,intake-analytics.wikimedia.org,/v1/events,file,ThreadPoolExecutor.java,JSON_Payload
REQ-1505,intake-analytics.wikimedia.org,/v1/events,lineNumber,624.0,JSON_Payload
REQ-1506,intake-analytics.wikimedia.org,/v1/events,method,java.lang.Thread.run,JSON_Payload
REQ-1506,intake-analytics.wikimedia.org,/v1/events,file,Thread.java,JSON_Payload
REQ-1506,intake-analytics.wikimedia.org,/v1/events,lineNumber,1572.0,JSON_Payload
REQ-1507,intake-analytics.wikimedia.org,/v1/events,method,jdk.internal.misc.Unsafe.park,JSON_Payload
REQ-1507,intake-analytics.wikimedia.org,/v1/events,file,Unsafe.java,JSON_Payload
REQ-1507,intake-analytics.wikimedia.org,/v1/events,lineNumber,-2.0,JSON_Payload
REQ-1508,intake-analytics.wikimedia.org,/v1/events,method,java.util.concurrent.locks.LockSupport.parkNanos,JSON_Payload
REQ-1508,intake-analytics.wikimedia.org,/v1/events,file,LockSupport.java,JSON_Payload
REQ-1508,intake-analytics.wikimedia.org,/v1/events,lineNumber,417.0,JSON_Payload
REQ-1509,intake-analytics.wikimedia.org,/v1/events,method,java.util.concurrent.LinkedTransferQueue$DualNode.await,JSON_Payload
REQ-1509,intake-analytics.wikimedia.org,/v1/events,file,LinkedTransferQueue.java,JSON_Payload
REQ-1509,intake-analytics.wikimedia.org,/v1/events,lineNumber,452.0,JSON_Payload
REQ-1510,intake-analytics.wikimedia.org,/v1/events,method,java.util.concurrent.SynchronousQueue$Transferer.xferLifo,JSON_Payload
REQ-1510,intake-analytics.wikimedia.org,/v1/events,file,SynchronousQueue.java,JSON_Payload
REQ-1510,intake-analytics.wikimedia.org,/v1/events,lineNumber,194.0,JSON_Payload
REQ-1511,intake-analytics.wikimedia.org,/v1/events,method,java.util.concurrent.SynchronousQueue.xfer,JSON_Payload
REQ-1511,intake-analytics.wikimedia.org,/v1/events,file,SynchronousQueue.java,JSON_Payload
REQ-1511,intake-analytics.wikimedia.org,/v1/events,lineNumber,235.0,JSON_Payload
REQ-1512,intake-analytics.wikimedia.org,/v1/events,method,java.util.concurrent.SynchronousQueue.poll,JSON_Payload
REQ-1512,intake-analytics.wikimedia.org,/v1/events,file,SynchronousQueue.java,JSON_Payload
REQ-1512,intake-analytics.wikimedia.org,/v1/events,lineNumber,338.0,JSON_Payload
REQ-1513,intake-analytics.wikimedia.org,/v1/events,method,java.util.concurrent.ThreadPoolExecutor.getTask,JSON_Payload
REQ-1513,intake-analytics.wikimedia.org,/v1/events,file,ThreadPoolExecutor.java,JSON_Payload
REQ-1513,intake-analytics.wikimedia.org,/v1/events,lineNumber,1025.0,JSON_Payload
REQ-1514,intake-analytics.wikimedia.org,/v1/events,method,java.util.concurrent.ThreadPoolExecutor.runWorker,JSON_Payload
REQ-1514,intake-analytics.wikimedia.org,/v1/events,file,ThreadPoolExecutor.java,JSON_Payload
REQ-1514,intake-analytics.wikimedia.org,/v1/events,lineNumber,1086.0,JSON_Payload
REQ-1515,intake-analytics.wikimedia.org,/v1/events,method,java.util.concurrent.ThreadPoolExecutor$Worker.run,JSON_Payload
REQ-1515,intake-analytics.wikimedia.org,/v1/events,file,ThreadPoolExecutor.java,JSON_Payload
REQ-1515,intake-analytics.wikimedia.org,/v1/events,lineNumber,624.0,JSON_Payload
REQ-1516,intake-analytics.wikimedia.org,/v1/events,method,java.lang.Thread.run,JSON_Payload
REQ-1516,intake-analytics.wikimedia.org,/v1/events,file,Thread.java,JSON_Payload
REQ-1516,intake-analytics.wikimedia.org,/v1/events,lineNumber,1572.0,JSON_Payload
REQ-1517,intake-analytics.wikimedia.org,/v1/events,method,jdk.internal.misc.Unsafe.park,JSON_Payload
REQ-1517,intake-analytics.wikimedia.org,/v1/events,file,Unsafe.java,JSON_Payload
REQ-1517,intake-analytics.wikimedia.org,/v1/events,lineNumber,-2.0,JSON_Payload
REQ-1518,intake-analytics.wikimedia.org,/v1/events,method,java.util.concurrent.locks.LockSupport.parkNanos,JSON_Payload
REQ-1518,intake-analytics.wikimedia.org,/v1/events,file,LockSupport.java,JSON_Payload
REQ-1518,intake-analytics.wikimedia.org,/v1/events,lineNumber,417.0,JSON_Payload
REQ-1519,intake-analytics.wikimedia.org,/v1/events,method,java.util.concurrent.LinkedTransferQueue$DualNode.await,JSON_Payload
REQ-1519,intake-analytics.wikimedia.org,/v1/events,file,LinkedTransferQueue.java,JSON_Payload
REQ-1519,intake-analytics.wikimedia.org,/v1/events,lineNumber,452.0,JSON_Payload
REQ-1520,intake-analytics.wikimedia.org,/v1/events,method,java.util.concurrent.SynchronousQueue$Transferer.xferLifo,JSON_Payload
REQ-1520,intake-analytics.wikimedia.org,/v1/events,file,SynchronousQueue.java,JSON_Payload
REQ-1520,intake-analytics.wikimedia.org,/v1/events,lineNumber,194.0,JSON_Payload
REQ-1521,intake-analytics.wikimedia.org,/v1/events,method,java.util.concurrent.SynchronousQueue.xfer,JSON_Payload
REQ-1521,intake-analytics.wikimedia.org,/v1/events,file,SynchronousQueue.java,JSON_Payload
REQ-1521,intake-analytics.wikimedia.org,/v1/events,lineNumber,235.0,JSON_Payload
REQ-1522,intake-analytics.wikimedia.org,/v1/events,method,java.util.concurrent.SynchronousQueue.poll,JSON_Payload
REQ-1522,intake-analytics.wikimedia.org,/v1/events,file,SynchronousQueue.java,JSON_Payload
REQ-1522,intake-analytics.wikimedia.org,/v1/events,lineNumber,338.0,JSON_Payload
REQ-1523,intake-analytics.wikimedia.org,/v1/events,method,java.util.concurrent.ThreadPoolExecutor.getTask,JSON_Payload
REQ-1523,intake-analytics.wikimedia.org,/v1/events,file,ThreadPoolExecutor.java,JSON_Payload
REQ-1523,intake-analytics.wikimedia.org,/v1/events,lineNumber,1025.0,JSON_Payload
REQ-1524,intake-analytics.wikimedia.org,/v1/events,method,java.util.concurrent.ThreadPoolExecutor.runWorker,JSON_Payload
REQ-1524,intake-analytics.wikimedia.org,/v1/events,file,ThreadPoolExecutor.java,JSON_Payload
REQ-1524,intake-analytics.wikimedia.org,/v1/events,lineNumber,1086.0,JSON_Payload
REQ-1525,intake-analytics.wikimedia.org,/v1/events,method,java.util.concurrent.ThreadPoolExecutor$Worker.run,JSON_Payload
REQ-1525,intake-analytics.wikimedia.org,/v1/events,file,ThreadPoolExecutor.java,JSON_Payload
REQ-1525,intake-analytics.wikimedia.org,/v1/events,lineNumber,624.0,JSON_Payload
REQ-1526,intake-analytics.wikimedia.org,/v1/events,method,java.lang.Thread.run,JSON_Payload
REQ-1526,intake-analytics.wikimedia.org,/v1/events,file,Thread.java,JSON_Payload
REQ-1526,intake-analytics.wikimedia.org,/v1/events,lineNumber,1572.0,JSON_Payload
REQ-1527,intake-analytics.wikimedia.org,/v1/events,method,jdk.internal.misc.Unsafe.park,JSON_Payload
REQ-1527,intake-analytics.wikimedia.org,/v1/events,file,Unsafe.java,JSON_Payload
REQ-1527,intake-analytics.wikimedia.org,/v1/events,lineNumber,-2.0,JSON_Payload
REQ-1528,intake-analytics.wikimedia.org,/v1/events,method,java.util.concurrent.locks.LockSupport.parkNanos,JSON_Payload
REQ-1528,intake-analytics.wikimedia.org,/v1/events,file,LockSupport.java,JSON_Payload
REQ-1528,intake-analytics.wikimedia.org,/v1/events,lineNumber,417.0,JSON_Payload
REQ-1529,intake-analytics.wikimedia.org,/v1/events,method,java.util.concurrent.LinkedTransferQueue$DualNode.await,JSON_Payload
REQ-1529,intake-analytics.wikimedia.org,/v1/events,file,LinkedTransferQueue.java,JSON_Payload
REQ-1529,intake-analytics.wikimedia.org,/v1/events,lineNumber,452.0,JSON_Payload
REQ-1530,intake-analytics.wikimedia.org,/v1/events,method,java.util.concurrent.SynchronousQueue$Transferer.xferLifo,JSON_Payload
REQ-1530,intake-analytics.wikimedia.org,/v1/events,file,SynchronousQueue.java,JSON_Payload
REQ-1530,intake-analytics.wikimedia.org,/v1/events,lineNumber,194.0,JSON_Payload
REQ-1531,intake-analytics.wikimedia.org,/v1/events,method,java.util.concurrent.SynchronousQueue.xfer,JSON_Payload
REQ-1531,intake-analytics.wikimedia.org,/v1/events,file,SynchronousQueue.java,JSON_Payload
REQ-1531,intake-analytics.wikimedia.org,/v1/events,lineNumber,235.0,JSON_Payload
REQ-1532,intake-analytics.wikimedia.org,/v1/events,method,java.util.concurrent.SynchronousQueue.poll,JSON_Payload
REQ-1532,intake-analytics.wikimedia.org,/v1/events,file,SynchronousQueue.java,JSON_Payload
REQ-1532,intake-analytics.wikimedia.org,/v1/events,lineNumber,338.0,JSON_Payload
REQ-1533,intake-analytics.wikimedia.org,/v1/events,method,java.util.concurrent.ThreadPoolExecutor.getTask,JSON_Payload
REQ-1533,intake-analytics.wikimedia.org,/v1/events,file,ThreadPoolExecutor.java,JSON_Payload
REQ-1533,intake-analytics.wikimedia.org,/v1/events,lineNumber,1025.0,JSON_Payload
REQ-1534,intake-analytics.wikimedia.org,/v1/events,method,java.util.concurrent.ThreadPoolExecutor.runWorker,JSON_Payload
REQ-1534,intake-analytics.wikimedia.org,/v1/events,file,ThreadPoolExecutor.java,JSON_Payload
REQ-1534,intake-analytics.wikimedia.org,/v1/events,lineNumber,1086.0,JSON_Payload
REQ-1535,intake-analytics.wikimedia.org,/v1/events,method,java.util.concurrent.ThreadPoolExecutor$Worker.run,JSON_Payload
REQ-1535,intake-analytics.wikimedia.org,/v1/events,file,ThreadPoolExecutor.java,JSON_Payload
REQ-1535,intake-analytics.wikimedia.org,/v1/events,lineNumber,624.0,JSON_Payload
REQ-1536,intake-analytics.wikimedia.org,/v1/events,method,java.lang.Thread.run,JSON_Payload
REQ-1536,intake-analytics.wikimedia.org,/v1/events,file,Thread.java,JSON_Payload
REQ-1536,intake-analytics.wikimedia.org,/v1/events,lineNumber,1572.0,JSON_Payload
REQ-1537,intake-analytics.wikimedia.org,/v1/events,method,jdk.internal.misc.Unsafe.park,JSON_Payload
REQ-1537,intake-analytics.wikimedia.org,/v1/events,file,Unsafe.java,JSON_Payload
REQ-1537,intake-analytics.wikimedia.org,/v1/events,lineNumber,-2.0,JSON_Payload
REQ-1538,intake-analytics.wikimedia.org,/v1/events,method,java.util.concurrent.locks.LockSupport.parkNanos,JSON_Payload
REQ-1538,intake-analytics.wikimedia.org,/v1/events,file,LockSupport.java,JSON_Payload
REQ-1538,intake-analytics.wikimedia.org,/v1/events,lineNumber,417.0,JSON_Payload
REQ-1539,intake-analytics.wikimedia.org,/v1/events,method,java.util.concurrent.LinkedTransferQueue$DualNode.await,JSON_Payload
REQ-1539,intake-analytics.wikimedia.org,/v1/events,file,LinkedTransferQueue.java,JSON_Payload
REQ-1539,intake-analytics.wikimedia.org,/v1/events,lineNumber,452.0,JSON_Payload
REQ-1540,intake-analytics.wikimedia.org,/v1/events,method,java.util.concurrent.SynchronousQueue$Transferer.xferLifo,JSON_Payload
REQ-1540,intake-analytics.wikimedia.org,/v1/events,file,SynchronousQueue.java,JSON_Payload
REQ-1540,intake-analytics.wikimedia.org,/v1/events,lineNumber,194.0,JSON_Payload
REQ-1541,intake-analytics.wikimedia.org,/v1/events,method,java.util.concurrent.SynchronousQueue.xfer,JSON_Payload
REQ-1541,intake-analytics.wikimedia.org,/v1/events,file,SynchronousQueue.java,JSON_Payload
REQ-1541,intake-analytics.wikimedia.org,/v1/events,lineNumber,235.0,JSON_Payload
REQ-1542,intake-analytics.wikimedia.org,/v1/events,method,java.util.concurrent.SynchronousQueue.poll,JSON_Payload
REQ-1542,intake-analytics.wikimedia.org,/v1/events,file,SynchronousQueue.java,JSON_Payload
REQ-1542,intake-analytics.wikimedia.org,/v1/events,lineNumber,338.0,JSON_Payload
REQ-1543,intake-analytics.wikimedia.org,/v1/events,method,java.util.concurrent.ThreadPoolExecutor.getTask,JSON_Payload
REQ-1543,intake-analytics.wikimedia.org,/v1/events,file,ThreadPoolExecutor.java,JSON_Payload
REQ-1543,intake-analytics.wikimedia.org,/v1/events,lineNumber,1025.0,JSON_Payload
REQ-1544,intake-analytics.wikimedia.org,/v1/events,method,java.util.concurrent.ThreadPoolExecutor.runWorker,JSON_Payload
REQ-1544,intake-analytics.wikimedia.org,/v1/events,file,ThreadPoolExecutor.java,JSON_Payload
REQ-1544,intake-analytics.wikimedia.org,/v1/events,lineNumber,1086.0,JSON_Payload
REQ-1545,intake-analytics.wikimedia.org,/v1/events,method,java.util.concurrent.ThreadPoolExecutor$Worker.run,JSON_Payload
REQ-1545,intake-analytics.wikimedia.org,/v1/events,file,ThreadPoolExecutor.java,JSON_Payload
REQ-1545,intake-analytics.wikimedia.org,/v1/events,lineNumber,624.0,JSON_Payload
REQ-1546,intake-analytics.wikimedia.org,/v1/events,method,java.lang.Thread.run,JSON_Payload
REQ-1546,intake-analytics.wikimedia.org,/v1/events,file,Thread.java,JSON_Payload
REQ-1546,intake-analytics.wikimedia.org,/v1/events,lineNumber,1572.0,JSON_Payload
REQ-1547,intake-analytics.wikimedia.org,/v1/events,method,jdk.internal.misc.Unsafe.park,JSON_Payload
REQ-1547,intake-analytics.wikimedia.org,/v1/events,file,Unsafe.java,JSON_Payload
REQ-1547,intake-analytics.wikimedia.org,/v1/events,lineNumber,-2.0,JSON_Payload
REQ-1548,intake-analytics.wikimedia.org,/v1/events,method,java.util.concurrent.locks.LockSupport.parkNanos,JSON_Payload
REQ-1548,intake-analytics.wikimedia.org,/v1/events,file,LockSupport.java,JSON_Payload
REQ-1548,intake-analytics.wikimedia.org,/v1/events,lineNumber,417.0,JSON_Payload
REQ-1549,intake-analytics.wikimedia.org,/v1/events,method,java.util.concurrent.LinkedTransferQueue$DualNode.await,JSON_Payload
REQ-1549,intake-analytics.wikimedia.org,/v1/events,file,LinkedTransferQueue.java,JSON_Payload
REQ-1549,intake-analytics.wikimedia.org,/v1/events,lineNumber,452.0,JSON_Payload
REQ-1550,intake-analytics.wikimedia.org,/v1/events,method,java.util.concurrent.SynchronousQueue$Transferer.xferLifo,JSON_Payload
REQ-1550,intake-analytics.wikimedia.org,/v1/events,file,SynchronousQueue.java,JSON_Payload
REQ-1550,intake-analytics.wikimedia.org,/v1/events,lineNumb probe=OpenSSLer,194.0,JSON_Payload
REQ-1551,intake-analytics.wikimedia.org,/v1/events,method,java.util.concurrent.SynchronousQueue.xfer,JSON_Payload
REQ-1551,intake-analytics.wikimedia.org,/v1/events,file,SynchronousQueue.java,JSON_Payload
REQ-1551,intake-analytics.wikimedia.org,/v1/events,lineNumber,235.0,JSON_Payload
REQ-1552,intake-analytics.wikimedia.org,/v1/events,method,java.util.concurrent.SynchronousQueue.poll,JSON_Payload
REQ-1552,intake-analytics.wikimedia.org,/v1/events,file,SynchronousQueue.java,JSON_Payload
REQ-1552,intake-analytics.wikimedia.org,/v1/events,lineNumber,338.0,JSON_Payload
REQ-1553,intake-analytics.wikimedia.org,/v1/events,method,java.util.concurrent.ThreadPoolExecutor.getTask,JSON_Payload
REQ-1553,intake-analytics.wikimedia.org,/v1/events,file,ThreadPoolExecutor.java,JSON_Payload
REQ-1553,intake-analytics.wikimedia.org,/v1/events,lineNumber,1025.0,JSON_Payload
REQ-1554,intake-analytics.wikimedia.org,/v1/events,method,java.util.concurrent.ThreadPoolExecutor.runWorker,JSON_Payload
REQ-1554,intake-analytics.wikimedia.org,/v1/events,file,ThreadPoolExecutor.java,JSON_Payload
REQ-1554,intake-analytics.wikimedia.org,/v1/events,lineNumber,1086.0,JSON_Payload
REQ-1555,intake-analytics.wikimedia.org,/v1/events,method,java.util.concurrent.ThreadPoolExecutor$Worker.run,JSON_Payload
REQ-1555,intake-analytics.wikimedia.org,/v1/events,file,ThreadPoolExecutor.java,JSON_Payload
REQ-1555,intake-analytics.wikimedia.org,/v1/events,lineNumber,624.0,JSON_Payload
REQ-1556,intake-analytics.wikimedia.org,/v1/events,method,java.lang.Thread.run,JSON_Payload
REQ-1556,intake-analytics.wikimedia.org,/v1/events,file,Thread.java,JSON_Payload
REQ-1556,intake-analytics.wikimedia.org,/v1/events,lineNumber,1572.0,JSON_Payload
REQ-1557,intake-analytics.wikimedia.org,/v1/events,method,jdk.internal.misc.Unsafe.park,JSON_Payload
REQ-1557,intake-analytics.wikimedia.org,/v1/events,file,Unsafe.java,JSON_Payload
REQ-1557,intake-analytics.wikimedia.org,/v1/events,lineNumber,-2.0,JSON_Payload
REQ-1558,intake-analytics.wikimedia.org,/v1/events,method,java.util.concurrent.locks.LockSupport.park,JSON_Payload
REQ-1558,intake-analytics.wikimedia.org,/v1/events,file,LockSupport.java,JSON_Payload
REQ-1558,intake-analytics.wikimedia.org,/v1/events,lineNumber,376.0,JSON_Payload
REQ-1559,intake-analytics.wikimedia.org,/v1/events,method,java.util.concurrent.locks.AbstractQueuedSynchronizer$ConditionNode.block,JSON_Payload
REQ-1559,intake-analytics.wikimedia.org,/v1/events,file,AbstractQueuedSynchronizer.java,JSON_Payload
REQ-1559,intake-analytics.wikimedia.org,/v1/events,lineNumber,520.0,JSON_Payload
REQ-1560,intake-analytics.wikimedia.org,/v1/events,method,java.util.concurrent.ForkJoinPool.unmanagedBlock,JSON_Payload
REQ-1560,intake-analytics.wikimedia.org,/v1/events,file,ForkJoinPool.java,JSON_Payload
REQ-1560,intake-analytics.wikimedia.org,/v1/events,lineNumber,3797.0,JSON_Payload
REQ-1561,intake-analytics.wikimedia.org,/v1/events,method,java.util.concurrent.ForkJoinPool.managedBlock,JSON_Payload
REQ-1561,intake-analytics.wikimedia.org,/v1/events,file,ForkJoinPool.java,JSON_Payload
REQ-1561,intake-analytics.wikimedia.org,/v1/events,lineNumber,3738.0,JSON_Payload
REQ-1562,intake-analytics.wikimedia.org,/v1/events,method,java.util.concurrent.locks.AbstractQueuedSynchronizer$ConditionObject.await,JSON_Payload
REQ-1562,intake-analytics.wikimedia.org,/v1/events,file,AbstractQueuedSynchronizer.java,JSON_Payload
REQ-1562,intake-analytics.wikimedia.org,/v1/events,lineNumber,1752.0,JSON_Payload
REQ-1563,intake-analytics.wikimedia.org,/v1/events,method,java.util.concurrent.LinkedBlockingQueue.take,JSON_Payload
REQ-1563,intake-analytics.wikimedia.org,/v1/events,file,LinkedBlockingQueue.java,JSON_Payload
REQ-1563,intake-analytics.wikimedia.org,/v1/events,lineNumber,435.0,JSON_Payload
REQ-1564,intake-analytics.wikimedia.org,/v1/events,method,java.util.concurrent.ThreadPoolExecutor.getTask,JSON_Payload
REQ-1564,intake-analytics.wikimedia.org,/v1/events,file,ThreadPoolExecutor.java,JSON_Payload
REQ-1564,intake-analytics.wikimedia.org,/v1/events,lineNumber,1026.0,JSON_Payload
REQ-1565,intake-analytics.wikimedia.org,/v1/events,method,java.util.concurrent.ThreadPoolExecutor.runWorker,JSON_Payload
REQ-1565,intake-analytics.wikimedia.org,/v1/events,file,ThreadPoolExecutor.java,JSON_Payload
REQ-1565,intake-analytics.wikimedia.org,/v1/events,lineNumber,1086.0,JSON_Payload
REQ-1566,intake-analytics.wikimedia.org,/v1/events,method,java.util.concurrent.ThreadPoolExecutor$Worker.run,JSON_Payload
REQ-1566,intake-analytics.wikimedia.org,/v1/events,file,ThreadPoolExecutor.java,JSON_Payload
REQ-1566,intake-analytics.wikimedia.org,/v1/events,lineNumber,624.0,JSON_Payload
REQ-1567,intake-analytics.wikimedia.org,/v1/events,method,com.facebook.imagepipeline.core.PriorityThreadFactory.newThread$lambda$0,JSON_Payload
REQ-1567,intake-analytics.wikimedia.org,/v1/events,file,PriorityThreadFactory.kt,JSON_Payload
REQ-1567,intake-analytics.wikimedia.org,/v1/events,lineNumber,37.0,JSON_Payload
REQ-1568,intake-analytics.wikimedia.org,/v1/events,method,com.facebook.imagepipeline.core.PriorityThreadFactory.$r8$lambda$gKxQU1bghuEskyM4mT5eRzkaG54,JSON_Payload
REQ-1568,intake-analytics.wikimedia.org,/v1/events,file,PriorityThreadFactory.kt,JSON_Payload
REQ-1568,intake-analytics.wikimedia.org,/v1/events,lineNumber,0.0,JSON_Payload
REQ-1569,intake-analytics.wikimedia.org,/v1/events,method,com.facebook.imagepipeline.core.PriorityThreadFactory$$ExternalSyntheticLambda0.run,JSON_Payload
REQ-1569,intake-analytics.wikimedia.org,/v1/events,file,R8$$SyntheticClass,JSON_Payload
REQ-1569,intake-analytics.wikimedia.org,/v1/events,lineNumber,0.0,JSON_Payload
REQ-1570,intake-analytics.wikimedia.org,/v1/events,method,java.lang.Thread.run,JSON_Payload
REQ-1570,intake-analytics.wikimedia.org,/v1/events,file,Thread.java,JSON_Payload
REQ-1570,intake-analytics.wikimedia.org,/v1/events,lineNumber,1572.0,JSON_Payload
REQ-1571,intake-analytics.wikimedia.org,/v1/events,method,jdk.internal.misc.Unsafe.park,JSON_Payload
REQ-1571,intake-analytics.wikimedia.org,/v1/events,file,Unsafe.java,JSON_Payload
REQ-1571,intake-analytics.wikimedia.org,/v1/events,lineNumber,-2.0,JSON_Payload
REQ-1572,intake-analytics.wikimedia.org,/v1/events,method,java.util.concurrent.locks.LockSupport.park,JSON_Payload
REQ-1572,intake-analytics.wikimedia.org,/v1/events,file,LockSupport.java,JSON_Payload
REQ-1572,intake-analytics.wikimedia.org,/v1/events,lineNumber,376.0,JSON_Payload
REQ-1573,intake-analytics.wikimedia.org,/v1/events,method,java.util.concurrent.locks.AbstractQueuedSynchronizer$ConditionNode.block,JSON_Payload
REQ-1573,intake-analytics.wikimedia.org,/v1/events,file,AbstractQueuedSynchronizer.java,JSON_Payload
REQ-1573,intake-analytics.wikimedia.org,/v1/events,lineNumber,520.0,JSON_Payload
REQ-1574,intake-analytics.wikimedia.org,/v1/events,method,java.util.concurrent.ForkJoinPool.unmanagedBlock,JSON_Payload
REQ-1574,intake-analytics.wikimedia.org,/v1/events,file,ForkJoinPool.java,JSON_Payload
REQ-1574,intake-analytics.wikimedia.org,/v1/events,lineNumber,3797.0,JSON_Payload
REQ-1575,intake-analytics.wikimedia.org,/v1/events,method,java.util.concurrent.ForkJoinPool.managedBlock,JSON_Payload
REQ-1575,intake-analytics.wikimedia.org,/v1/events,file,ForkJoinPool.java,JSON_Payload
REQ-1575,intake-analytics.wikimedia.org,/v1/events,lineNumber,3738.0,JSON_Payload
REQ-1576,intake-analytics.wikimedia.org,/v1/events,method,java.util.concurrent.locks.AbstractQueuedSynchronizer$ConditionObject.await,JSON_Payload
REQ-1576,intake-analytics.wikimedia.org,/v1/events,file,AbstractQueuedSynchronizer.java,JSON_Payload
REQ-1576,intake-analytics.wikimedia.org,/v1/events,lineNumber,1752.0,JSON_Payload
REQ-1577,intake-analytics.wikimedia.org,/v1/events,method,java.util.concurrent.LinkedBlockingQueue.take,JSON_Payload
REQ-1577,intake-analytics.wikimedia.org,/v1/events,file,LinkedBlockingQueue.java,JSON_Payload
REQ-1577,intake-analytics.wikimedia.org,/v1/events,lineNumber,435.0,JSON_Payload
REQ-1578,intake-analytics.wikimedia.org,/v1/events,method,java.util.concurrent.ThreadPoolExecutor.getTask,JSON_Payload
REQ-1578,intake-analytics.wikimedia.org,/v1/events,file,ThreadPoolExecutor.java,JSON_Payload
REQ-1578,intake-analytics.wikimedia.org,/v1/events,lineNumber,1026.0,JSON_Payload
REQ-1579,intake-analytics.wikimedia.org,/v1/events,method,java.util.concurrent.ThreadPoolExecutor.runWorker,JSON_Payload
REQ-1579,intake-analytics.wikimedia.org,/v1/events,file,ThreadPoolExecutor.java,JSON_Payload
REQ-1579,intake-analytics.wikimedia.org,/v1/events,lineNumber,1086.0,JSON_Payload
REQ-1580,intake-analytics.wikimedia.org,/v1/events,method,java.util.concurrent.ThreadPoolExecutor$Worker.run,JSON_Payload
REQ-1580,intake-analytics.wikimedia.org,/v1/events,file,ThreadPoolExecutor.java,JSON_Payload
REQ-1580,intake-analytics.wikimedia.org,/v1/events,lineNumber,624.0,JSON_Payload
REQ-1581,intake-analytics.wikimedia.org,/v1/events,method,com.facebook.imagepipeline.core.PriorityThreadFactory.newThread$lambda$0,JSON_Payload
REQ-1581,intake-analytics.wikimedia.org,/v1/events,file,PriorityThreadFactory.kt,JSON_Payload
REQ-1581,intake-analytics.wikimedia.org,/v1/events,lineNumber,37.0,JSON_Payload
REQ-1582,intake-analytics.wikimedia.org,/v1/events,method,com.facebook.imagepipeline.core.PriorityThreadFactory.$r8$lambda$gKxQU1bghuEskyM4mT5eRzkaG54,JSON_Payload
REQ-1582,intake-analytics.wikimedia.org,/v1/events,file,PriorityThreadFactory.kt,JSON_Payload
REQ-1582,intake-analytics.wikimedia.org,/v1/events,lineNumber,0.0,JSON_Payload
REQ-1583,intake-analytics.wikimedia.org,/v1/events,method,com.facebook.imagepipeline.core.PriorityThreadFactory$$ExternalSyntheticLambda0.run,JSON_Payload
REQ-1583,intake-analytics.wikimedia.org,/v1/events,file,R8$$SyntheticClass,JSON_Payload
REQ-1583,intake-analytics.wikimedia.org,/v1/events,lineNumber,0.0,JSON_Payload
REQ-1584,intake-analytics.wikimedia.org,/v1/events,method,java.lang.Thread.run,JSON_Payload
REQ-1584,intake-analytics.wikimedia.org,/v1/events,file,Thread.java,JSON_Payload
REQ-1584,intake-analytics.wikimedia.org,/v1/events,lineNumber,1572.0,JSON_Payload
REQ-1585,intake-analytics.wikimedia.org,/v1/events,$canonical_identifier,cf-app,JSON_Payload
REQ-1585,intake-analytics.wikimedia.org,/v1/events,$publicly_indexable,True,JSON_Payload
REQ-1585,intake-analytics.wikimedia.org,/v1/events,$locally_indexable,True,JSON_Payload
REQ-1585,intake-analytics.wikimedia.org,/v1/events,$creation_timestamp,1787569333027,JSON_Payload
REQ-1586,intake-analytics.wikimedia.org,/v1/events,url,https://a.nel.cloudflare.com/report/v4?s=InU%2Bsm5t2h40G5ibhVjJJ%2FJNxKYrqHzKc3XYN0Kh4iCtz1QUj125gpBa4F3G1gt9%2BjG0pHIriJFHlM1kNXA08i7EdOsNhFCc3d%2FgdfP8HlAG%2FqNz2sio2E7UTFbne68%2BAMbnylZola7TpukP2YZhJg%3D%3D,JSON_Payload
REQ-1587,intake-analytics.wikimedia.org,/v1/events,_id,d0191105-e74d-4c3a-9854-d7f92fe12fa4-4f0aa102-e95a-4abd-bb64-43e59142b912,JSON_Payload
REQ-1587,intake-analytics.wikimedia.org,/v1/events,eventId,d0191105-e74d-4c3a-9854-d7f92fe12fa4-4f0aa102-e95a-4abd-bb64-43e59142b912,JSON_Payload
REQ-1587,intake-analytics.wikimedia.org,/v1/events,userId,108206863,JSON_Payload
REQ-1587,intake-analytics.wikimedia.org,/v1/events,eventName,navigation_change,JSON_Payload
REQ-1587,intake-analytics.wikimedia.org,/v1/events,eventParams_dateTime,1787569395973,JSON_Payload
REQ-1587,intake-analytics.wikimedia.org,/v1/events,eventParams_topageId,videoplayer,JSON_Payload
REQ-1587,intake-analytics.wikimedia.org,/v1/events,eventParams_fromPageName,cultdiypack,JSON_Payload
REQ-1587,intake-analytics.wikimedia.org,/v1/events,eventParams_vertical,FITNESSHUB,JSON_Payload
REQ-1587,intake-analytics.wikimedia.org,/v1/events,eventParams_cityId,Gurgaon,JSON_Payload
REQ-1587,intake-analytics.wikimedia.org,/v1/events,eventParams_sessionId,37bf15e3-82a2-b829-e798-1f08d47f282b,JSON_Payload
REQ-1587,intake-analytics.wikimedia.org,/v1/events,eventParams_eventType,navigation_change,JSON_Payload
REQ-1587,intake-analytics.wikimedia.org,/v1/events,eventParams_fromproductId,DIYPACK002,JSON_Payload
REQ-1587,intake-analytics.wikimedia.org,/v1/events,eventParams_platform,APP,JSON_Payload
REQ-1587,intake-analytics.wikimedia.org,/v1/events,eventParams_advertiserId,9013994955fb2f93,JSON_Payload
REQ-1587,intake-analytics.wikimedia.org,/v1/events,eventParams_toPageName,videoplayer,JSON_Payload
REQ-1587,intake-analytics.wikimedia.org,/v1/events,eventParams_cityName,Delhi NCR,JSON_Payload
REQ-1587,intake-analytics.wikimedia.org,/v1/events,eventParams_frompageId,cultdiypack,JSON_Payload
REQ-1587,intake-analytics.wikimedia.org,/v1/events,eventParams_isLoggedIn,False,JSON_Payload
REQ-1587,intake-analytics.wikimedia.org,/v1/events,eventParams_online,True,JSON_Payload
REQ-1587,intake-analytics.wikimedia.org,/v1/events,createdAt,1787569396913,JSON_Payload
REQ-1587,intake-analytics.wikimedia.org,/v1/events,sessionId,973fc4f4-6ae0-4b16-959a-a702c9bc8076-95d386c1-17e9-4792-b6f6-1244a9f6caf4,JSON_Payload
REQ-1588,intake-analytics.wikimedia.org,/v1/events,_id,df1c58fe-99e5-4d0c-a517-9401900f219b-73b26ca8-46a4-4611-96b7-bb51873b283f,JSON_Payload
REQ-1588,intake-analytics.wikimedia.org,/v1/events,eventId,df1c58fe-99e5-4d0c-a517-9401900f219b-73b26ca8-46a4-4611-96b7-bb51873b283f,JSON_Payload
REQ-1588,intake-analytics.wikimedia.org,/v1/events,userId,108206863,JSON_Payload
REQ-1588,intake-analytics.wikimedia.org,/v1/events,eventName,video_start,JSON_Payload
REQ-1588,intake-analytics.wikimedia.org,/v1/events,eventParams_dateTime,1787569395970,JSON_Payload
REQ-1588,intake-analytics.wikimedia.org,/v1/events,eventParams_pageType,videoplayer,JSON_Payload
REQ-1588,intake-analytics.wikimedia.org,/v1/events,eventParams_cityName,Delhi NCR,JSON_Payload
REQ-1588,intake-analytics.wikimedia.org,/v1/events,eventParams_isLoggedIn,False,JSON_Payload
REQ-1588,intake-analytics.wikimedia.org,/v1/events,eventParams_online,True,JSON_Payload
REQ-1588,intake-analytics.wikimedia.org,/v1/events,eventParams_vertical,FITNESSHUB,JSON_Payload
REQ-1588,intake-analytics.wikimedia.org,/v1/events,eventParams_cityId,Gurgaon,JSON_Payload
REQ-1588,intake-analytics.wikimedia.org,/v1/events,eventParams_sessionId,37bf15e3-82a2-b829-e798-1f08d47f282b,JSON_Payload
REQ-1588,intake-analytics.wikimedia.org,/v1/events,eventParams_pageId,4c86700f-e681-40e5-927a-56c227731f9a,JSON_Payload
REQ-1588,intake-analytics.wikimedia.org,/v1/events,eventParams_platform,APP,JSON_Payload
REQ-1588,intake-analytics.wikimedia.org,/v1/events,eventParams_advertiserId,9013994955fb2f93,JSON_Payload
REQ-1588,intake-analytics.wikimedia.org,/v1/events,createdAt,1787569396120,JSON_Payload
REQ-1588,intake-analytics.wikimedia.org,/v1/events,sessionId,973fc4f4-6ae0-4b16-959a-a702c9bc8076-95d386c1-17e9-4792-b6f6-1244a9f6caf4,JSON_Payload
REQ-1589,intake-analytics.wikimedia.org,/v1/events,_id,87386e0b-b747-404d-bbd9-b2c7259e6eda-b14fc894-badf-4dcb-80c3-29876fbfcec0,JSON_Payload
REQ-1589,intake-analytics.wikimedia.org,/v1/events,eventId,87386e0b-b747-404d-bbd9-b2c7259e6eda-b14fc894-badf-4dcb-80c3-29876fbfcec0,JSON_Payload
REQ-1589,intake-analytics.wikimedia.org,/v1/events,userId,108206863,JSON_Payload
REQ-1589,intake-analytics.wikimedia.org,/v1/events,eventName,page_click,JSON_Payload
REQ-1589,intake-analytics.wikimedia.org,/v1/events,eventParams_actionText,triple_dot,JSON_Payload
REQ-1589,intake-analytics.wikimedia.org,/v1/events,eventParams_slotType,PACK_INTRO,JSON_Payload
REQ-1589,intake-analytics.wikimedia.org,/v1/events,eventParams_vertical,FITNESSHUB,JSON_Payload
REQ-1589,intake-analytics.wikimedia.org,/v1/events,eventParams_cityId,Gurgaon,JSON_Payload
REQ-1589,intake-analytics.wikimedia.org,/v1/events,eventParams_sessionId,37bf15e3-82a2-b829-e798-1f08d47f282b,JSON_Payload
REQ-1589,intake-analytics.wikimedia.org,/v1/events,eventParams_eventType,click,JSON_Payload
REQ-1589,intake-analytics.wikimedia.org,/v1/events,eventParams_pageId,cultdiypack,JSON_Payload
REQ-1589,intake-analytics.wikimedia.org,/v1/events,eventParams_productKey,cultdiypack:DIYPACK002,JSON_Payload
REQ-1589,intake-analytics.wikimedia.org,/v1/events,eventParams_platform,APP,JSON_Payload
REQ-1589,intake-analytics.wikimedia.org,/v1/events,eventParams_advertiserId,9013994955fb2f93,JSON_Payload
REQ-1589,intake-analytics.wikimedia.org,/v1/events,eventParams_pageType,cultdiypack,JSON_Payload
REQ-1589,intake-analytics.wikimedia.org,/v1/events,eventParams_cityName,Delhi NCR,JSON_Payload
REQ-1589,intake-analytics.wikimedia.org,/v1/events,eventParams_isLoggedIn,False,JSON_Payload
REQ-1589,intake-analytics.wikimedia.org,/v1/events,eventParams_online,True,JSON_Payload
REQ-1589,intake-analytics.wikimedia.org,/v1/events,eventParams_style,CTA,JSON_Payload
REQ-1589,intake-analytics.wikimedia.org,/v1/events,createdAt,1787569395855,JSON_Payload
REQ-1589,intake-analytics.wikimedia.org,/v1/events,sessionId,973fc4f4-6ae0-4b16-959a-a702c9bc8076-95d386c1-17e9-4792-b6f6-1244a9f6caf4,JSON_Payload
REQ-1590,intake-analytics.wikimedia.org,/v1/events,_id,1ec46cc8-1995-4113-9d61-06f3040354f1-7b39661c-d2aa-46e5-be7f-55800e1c8d64,JSON_Payload
REQ-1590,intake-analytics.wikimedia.org,/v1/events,eventId,1ec46cc8-1995-4113-9d61-06f3040354f1-7b39661c-d2aa-46e5-be7f-55800e1c8d64,JSON_Payload
REQ-1590,intake-analytics.wikimedia.org,/v1/events,userId,108206863,JSON_Payload
REQ-1590,intake-analytics.wikimedia.org,/v1/events,eventName,content_impression,JSON_Payload
REQ-1590,intake-analytics.wikimedia.org,/v1/events,eventParams_widgetName,Fitstart HP Explore Cultpass - Elite,JSON_Payload
REQ-1590,intake-analytics.wikimedia.org,/v1/events,eventParams_scrollTrigger,auto,JSON_Payload
REQ-1590,intake-analytics.wikimedia.org,/v1/events,eventParams_isSampledWidgetImpressionRequired,False,JSON_Payload
REQ-1590,intake-analytics.wikimedia.org,/v1/events,eventParams_widgetId,e74974c2-5037-4b4c-9bf9-c63cb8edbbd7qw,JSON_Payload
REQ-1590,intake-analytics.wikimedia.org,/v1/events,eventParams_contentId,tugl8cmmpg,JSON_Payload
REQ-1590,intake-analytics.wikimedia.org,/v1/events,eventParams_cityId,Gurgaon,JSON_Payload
REQ-1590,intake-analytics.wikimedia.org,/v1/events,eventParams_sessionId,37bf15e3-82a2-b829-e798-1f08d47f282b,JSON_Payload
REQ-1590,intake-analytics.wikimedia.org,/v1/events,eventParams_platform,APP,JSON_Payload
REQ-1590,intake-analytics.wikimedia.org,/v1/events,eventParams_widgetType,BANNER_CAROUSEL_WIDGET,JSON_Payload
REQ-1590,intake-analytics.wikimedia.org,/v1/events,eventParams_advertiserId,9013994955fb2f93,JSON_Payload
REQ-1590,intake-analytics.wikimedia.org,/v1/events,eventParams_contentUrl,/image/vm/aaf6ed07-fe42-4a34-ab94-890e876c4a25.png,JSON_Payload
REQ-1590,intake-analytics.wikimedia.org,/v1/events,eventParams_cityName,Delhi NCR,JSON_Payload
REQ-1590,intake-analytics.wikimedia.org,/v1/events,eventParams_dedupeId,l6cmsqztci,JSON_Payload
REQ-1590,intake-analytics.wikimedia.org,/v1/events,eventParams_isWidgetImpressionRequired,True,JSON_Payload
REQ-1590,intake-analytics.wikimedia.org,/v1/events,eventParams_online,True,JSON_Payload
REQ-1590,intake-analytics.wikimedia.org,/v1/events,eventParams_isLoggedIn,False,JSON_Payload
REQ-1590,intake-analytics.wikimedia.org,/v1/events,eventParams_position,0,JSON_Payload
REQ-1590,intake-analytics.wikimedia.org,/v1/events,createdAt,1787569369270,JSON_Payload
REQ-1590,intake-analytics.wikimedia.org,/v1/events,sessionId,973fc4f4-6ae0-4b16-959a-a702c9bc8076-95d386c1-17e9-4792-b6f6-1244a9f6caf4,JSON_Payload
REQ-1591,intake-analytics.wikimedia.org,/v1/events,_id,a8168b60-794a-44af-8bdf-59c17d74e89a-2def9ac1-b18a-4836-badc-60b6b28269ca,JSON_Payload
REQ-1591,intake-analytics.wikimedia.org,/v1/events,eventId,a8168b60-794a-44af-8bdf-59c17d74e89a-2def9ac1-b18a-4836-badc-60b6b28269ca,JSON_Payload
REQ-1591,intake-analytics.wikimedia.org,/v1/events,userId,108206863,JSON_Payload
REQ-1591,intake-analytics.wikimedia.org,/v1/events,eventName,widget_impression,JSON_Payload
REQ-1591,intake-analytics.wikimedia.org,/v1/events,eventParams_widgetName,Fitstart HP Explore Cultpass - Elite,JSON_Payload
REQ-1591,intake-analytics.wikimedia.org,/v1/events,eventParams_isSampledWidgetImpressionRequired,False,JSON_Payload
REQ-1591,intake-analytics.wikimedia.org,/v1/events,eventParams_widgetId,e74974c2-5037-4b4c-9bf9-c63cb8edbbd7qw,JSON_Payload
REQ-1591,intake-analytics.wikimedia.org,/v1/events,eventParams_sessionId,37bf15e3-82a2-b829-e798-1f08d47f282b,JSON_Payload
REQ-1591,intake-analytics.wikimedia.org,/v1/events,eventParams_cityId,Gurgaon,JSON_Payload
REQ-1591,intake-analytics.wikimedia.org,/v1/events,eventParams_eventType,view,JSON_Payload
REQ-1591,intake-analytics.wikimedia.org,/v1/events,eventParams_platform,APP,JSON_Payload
REQ-1591,intake-analytics.wikimedia.org,/v1/events,eventParams_widgetType,BANNER_CAROUSEL_WIDGET,JSON_Payload
REQ-1591,intake-analytics.wikimedia.org,/v1/events,eventParams_advertiserId,9013994955fb2f93,JSON_Payload
REQ-1591,intake-analytics.wikimedia.org,/v1/events,eventParams_cityName,Delhi NCR,JSON_Payload
REQ-1591,intake-analytics.wikimedia.org,/v1/events,eventParams_isWidgetImpressionRequired,True,JSON_Payload
REQ-1591,intake-analytics.wikimedia.org,/v1/events,eventParams_isLoggedIn,False,JSON_Payload
REQ-1591,intake-analytics.wikimedia.org,/v1/events,eventParams_online,True,JSON_Payload
REQ-1591,intake-analytics.wikimedia.org,/v1/events,createdAt,1787569369264,JSON_Payload
REQ-1591,intake-analytics.wikimedia.org,/v1/events,sessionId,973fc4f4-6ae0-4b16-959a-a702c9bc8076-95d386c1-17e9-4792-b6f6-1244a9f6caf4,JSON_Payload
REQ-1592,intake-analytics.wikimedia.org,/v1/events,_id,9751cab3-c185-4cd6-aa2d-e4f46a8c18ff-83876d7c-203c-4a1a-9825-a9ba55539159,JSON_Payload
REQ-1592,intake-analytics.wikimedia.org,/v1/events,eventId,9751cab3-c185-4cd6-aa2d-e4f46a8c18ff-83876d7c-203c-4a1a-9825-a9ba55539159,JSON_Payload
REQ-1592,intake-analytics.wikimedia.org,/v1/events,userId,108206863,JSON_Payload
REQ-1592,intake-analytics.wikimedia.org,/v1/events,eventName,widget_impression,JSON_Payload
REQ-1592,intake-analytics.wikimedia.org,/v1/events,eventParams_widgetName,"HP DOD 3 Grid [Elite, Pro & Play/Home] - 1",JSON_Payload
REQ-1592,intake-analytics.wikimedia.org,/v1/events,eventParams_isSampledWidgetImpressionRequired,False,JSON_Payload
REQ-1592,intake-analytics.wikimedia.org,/v1/events,eventParams_widgetId,fee75b26-9f50-4bb3-9598-ae195f8dd3b6Androidhpfitness1,JSON_Payload
REQ-1592,intake-analytics.wikimedia.org,/v1/events,eventParams_sessionId,37bf15e3-82a2-b829-e798-1f08d47f282b,JSON_Payload
REQ-1592,intake-analytics.wikimedia.org,/v1/events,eventParams_cityId,Gurgaon,JSON_Payload
REQ-1592,intake-analytics.wikimedia.org,/v1/events,eventParams_eventType,view,JSON_Payload
REQ-1592,intake-analytics.wikimedia.org,/v1/events,eventParams_platform,APP,JSON_Payload
REQ-1592,intake-analytics.wikimedia.org,/v1/events,eventParams_widgetType,MERCHANTRY_WIDGET,JSON_Payload
REQ-1592,intake-analytics.wikimedia.org,/v1/events,eventParams_advertiserId,9013994955fb2f93,JSON_Payload
REQ-1592,intake-analytics.wikimedia.org,/v1/events,eventParams_cityName,Delhi NCR,JSON_Payload
REQ-1592,intake-analytics.wikimedia.org,/v1/events,eventParams_isWidgetImpressionRequired,True,JSON_Payload
REQ-1592,intake-analytics.wikimedia.org,/v1/events,eventParams_isLoggedIn,False,JSON_Payload
REQ-1592,intake-analytics.wikimedia.org,/v1/events,eventParams_online,True,JSON_Payload
REQ-1592,intake-analytics.wikimedia.org,/v1/events,createdAt,1787569369262,JSON_Payload
REQ-1592,intake-analytics.wikimedia.org,/v1/events,sessionId,973fc4f4-6ae0-4b16-959a-a702c9bc8076-95d386c1-17e9-4792-b6f6-1244a9f6caf4,JSON_Payload
REQ-1593,intake-analytics.wikimedia.org,/v1/events,url,https://a.nel.cloudflare.com/report/v4?s=nRGuIW6C8%2BfYWZpBO4zn6GqwCEV1u2ccKBL7%2BUg58%2Fj9aW3w4wK8To7YVCldmDp0hd%2B0colNYQrxbX7Dx3aVl3OVtTOKh4Jfip79hhYWOC5vk%2BlUxnWsx9xspNXYEXy%2BjvhWQWIU6Pl%2F5%2BCprz1MFQ%3D%3D,JSON_Payload
REQ-1594,intake-analytics.wikimedia.org,/v1/events,url,https://a.nel.cloudflare.com/report/v4?s=SMMcKapTHAf9kLE%2BdaBFxFnOxJrXYPwbwR3M%2Be%2FcyvNwcAIox%2FJ%2BtkgxLJfC0Ho3EGpoJv7qjRoJKYn%2BIsw%2Ffg2GSJbebgYDF1DKQU9WU4WQ9FYtghC2bCr6%2FR8uXwQ%2F3YFPXb2pda6cWrnfe1EpEg%3D%3D,JSON_Payload
REQ-1595,intake-analytics.wikimedia.org,/v1/events,url,https://a.nel.cloudflare.com/report/v4?s=WREQGv3oEJe6rkxklUdFyp8jG%2B%2BsISNNs3PIAmJSqv%2FpFrV5fT6k0A5ty7OzugAP3QsazvWTWrSmZCNdZgmuPmeBaRaCYje01s1INeSib1xd5c%2FQepPADXOlqfBaT7x0jefyAE%2FWnyIEkUQd0%2FB1UQ%3D%3D,JSON_Payload
REQ-1596,intake-analytics.wikimedia.org,/v1/events,$canonical_identifier,cf-app,JSON_Payload
REQ-1596,intake-analytics.wikimedia.org,/v1/events,$publicly_indexable,True,JSON_Payload
REQ-1596,intake-analytics.wikimedia.org,/v1/events,$locally_indexable,True,JSON_Payload
REQ-1596,intake-analytics.wikimedia.org,/v1/events,$creation_timestamp,1787569333027,JSON_Payload
REQ-1597,intake-analytics.wikimedia.org,/v1/events,_id,748966fb-1bab-49d3-a65c-50818adff24b-a1a95810-6dd1-448a-943b-caeecba59fec,JSON_Payload
REQ-1597,intake-analytics.wikimedia.org,/v1/events,eventId,748966fb-1bab-49d3-a65c-50818adff24b-a1a95810-6dd1-448a-943b-caeecba59fec,JSON_Payload
REQ-1597,intake-analytics.wikimedia.org,/v1/events,userId,108206863,JSON_Payload
REQ-1597,intake-analytics.wikimedia.org,/v1/events,eventName,navigation_change,JSON_Payload
REQ-1597,intake-analytics.wikimedia.org,/v1/events,eventParams_dateTime,1787569407252,JSON_Payload
REQ-1597,intake-analytics.wikimedia.org,/v1/events,eventParams_topageId,cultdiypack,JSON_Payload
REQ-1597,intake-analytics.wikimedia.org,/v1/events,eventParams_toproductId,DIYPACK002,JSON_Payload
REQ-1597,intake-analytics.wikimedia.org,/v1/events,eventParams_fromPageName,videoplayer,JSON_Payload
REQ-1597,intake-analytics.wikimedia.org,/v1/events,eventParams_vertical,FITNESSHUB,JSON_Payload
REQ-1597,intake-analytics.wikimedia.org,/v1/events,eventParams_cityId,Gurgaon,JSON_Payload
REQ-1597,intake-analytics.wikimedia.org,/v1/events,eventParams_sessionId,37bf15e3-82a2-b829-e798-1f08d47f282b,JSON_Payload
REQ-1597,intake-analytics.wikimedia.org,/v1/events,eventParams_eventType,navigation_change,JSON_Payload
REQ-1597,intake-analytics.wikimedia.org,/v1/events,eventParams_platform,APP,JSON_Payload
REQ-1597,intake-analytics.wikimedia.org,/v1/events,eventParams_advertiserId,9013994955fb2f93,JSON_Payload
REQ-1597,intake-analytics.wikimedia.org,/v1/events,eventParams_toPageName,cultdiypack,JSON_Payload
REQ-1597,intake-analytics.wikimedia.org,/v1/events,eventParams_cityName,Delhi NCR,JSON_Payload
REQ-1597,intake-analytics.wikimedia.org,/v1/events,eventParams_frompageId,videoplayer,JSON_Payload
REQ-1597,intake-analytics.wikimedia.org,/v1/events,eventParams_isLoggedIn,False,JSON_Payload
REQ-1597,intake-analytics.wikimedia.org,/v1/events,eventParams_online,True,JSON_Payload
REQ-1597,intake-analytics.wikimedia.org,/v1/events,createdAt,1787569408058,JSON_Payload
REQ-1597,intake-analytics.wikimedia.org,/v1/events,sessionId,973fc4f4-6ae0-4b16-959a-a702c9bc8076-95d386c1-17e9-4792-b6f6-1244a9f6caf4,JSON_Payload
REQ-1598,intake-analytics.wikimedia.org,/v1/events,_id,7f8ea6b6-7ad5-4537-8d07-7b5960aabc2e-f89fcf92-283a-48ea-baa1-209d77f39f63,JSON_Payload
REQ-1598,intake-analytics.wikimedia.org,/v1/events,eventId,7f8ea6b6-7ad5-4537-8d07-7b5960aabc2e-f89fcf92-283a-48ea-baa1-209d77f39f63,JSON_Payload
REQ-1598,intake-analytics.wikimedia.org,/v1/events,userId,108206863,JSON_Payload
REQ-1598,intake-analytics.wikimedia.org,/v1/events,eventName,media_played,JSON_Payload
REQ-1598,intake-analytics.wikimedia.org,/v1/events,eventParams_cityName,Delhi NCR,JSON_Payload
REQ-1598,intake-analytics.wikimedia.org,/v1/events,eventParams_length,11364,JSON_Payload
REQ-1598,intake-analytics.wikimedia.org,/v1/events,eventParams_contentId,4c86700f-e681-40e5-927a-56c227731f9a,JSON_Payload
REQ-1598,intake-analytics.wikimedia.org,/v1/events,eventParams_isLoggedIn,False,JSON_Payload
REQ-1598,intake-analytics.wikimedia.org,/v1/events,eventParams_online,True,JSON_Payload
REQ-1598,intake-analytics.wikimedia.org,/v1/events,eventParams_vertical,FITNESSHUB,JSON_Payload
REQ-1598,intake-analytics.wikimedia.org,/v1/events,eventParams_cityId,Gurgaon,JSON_Payload
REQ-1598,intake-analytics.wikimedia.org,/v1/events,eventParams_sessionId,37bf15e3-82a2-b829-e798-1f08d47f282b,JSON_Payload
REQ-1598,intake-analytics.wikimedia.org,/v1/events,eventParams_platform,APP,JSON_Payload
REQ-1598,intake-analytics.wikimedia.org,/v1/events,eventParams_advertiserId,9013994955fb2f93,JSON_Payload
REQ-1598,intake-analytics.wikimedia.org,/v1/events,createdAt,1787569408037,JSON_Payload
REQ-1598,intake-analytics.wikimedia.org,/v1/events,sessionId,973fc4f4-6ae0-4b16-959a-a702c9bc8076-95d386c1-17e9-4792-b6f6-1244a9f6caf4,JSON_Payload
REQ-1599,intake-analytics.wikimedia.org,/v1/events,_id,ea789cfa-74e1-4125-a0cb-1c609e7c279b-7cb6a1ac-5994-4985-8758-b916c496daec,JSON_Payload
REQ-1599,intake-analytics.wikimedia.org,/v1/events,eventId,ea789cfa-74e1-4125-a0cb-1c609e7c279b-7cb6a1ac-5994-4985-8758-b916c496daec,JSON_Payload
REQ-1599,intake-analytics.wikimedia.org,/v1/events,userId,108206863,JSON_Payload
REQ-1599,intake-analytics.wikimedia.org,/v1/events,eventName,button_click_event,JSON_Payload
REQ-1599,intake-analytics.wikimedia.org,/v1/events,eventParams_actionType,TOGGLE_PLAY_PAUSE,JSON_Payload
REQ-1599,intake-analytics.wikimedia.org,/v1/events,eventParams_pageType,videoplayer,JSON_Payload
REQ-1599,intake-analytics.wikimedia.org,/v1/events,eventParams_cityName,Delhi NCR,JSON_Payload
REQ-1599,intake-analytics.wikimedia.org,/v1/events,eventParams_isLoggedIn,False,JSON_Payload
REQ-1599,intake-analytics.wikimedia.org,/v1/events,eventParams_online,True,JSON_Payload
REQ-1599,intake-analytics.wikimedia.org,/v1/events,eventParams_vertical,FITNESSHUB,JSON_Payload
REQ-1599,intake-analytics.wikimedia.org,/v1/events,eventParams_cityId,Gurgaon,JSON_Payload
REQ-1599,intake-analytics.wikimedia.org,/v1/events,eventParams_sessionId,37bf15e3-82a2-b829-e798-1f08d47f282b,JSON_Payload
REQ-1599,intake-analytics.wikimedia.org,/v1/events,eventParams_source,VIDEOPLAYER,JSON_Payload
REQ-1599,intake-analytics.wikimedia.org,/v1/events,eventParams_value,PAUSED,JSON_Payload
REQ-1599,intake-analytics.wikimedia.org,/v1/events,eventParams_platform,APP,JSON_Payload
REQ-1599,intake-analytics.wikimedia.org,/v1/events,eventParams_advertiserId,9013994955fb2f93,JSON_Payload
REQ-1599,intake-analytics.wikimedia.org,/v1/events,createdAt,1787569406156,JSON_Payload
REQ-1599,intake-analytics.wikimedia.org,/v1/events,sessionId,973fc4f4-6ae0-4b16-959a-a702c9bc8076-95d386c1-17e9-4792-b6f6-1244a9f6caf4,JSON_Payload
REQ-1600,intake-analytics.wikimedia.org,/v1/events,_id,92c76dde-bd20-4eef-ac54-dd5b4fa96341-6b5875ca-2a7a-4110-b25b-a82483c82084,JSON_Payload
REQ-1600,intake-analytics.wikimedia.org,/v1/events,eventId,92c76dde-bd20-4eef-ac54-dd5b4fa96341-6b5875ca-2a7a-4110-b25b-a82483c82084,JSON_Payload
REQ-1600,intake-analytics.wikimedia.org,/v1/events,userId,108206863,JSON_Payload
REQ-1600,intake-analytics.wikimedia.org,/v1/events,eventName,button_click_event,JSON_Payload
REQ-1600,intake-analytics.wikimedia.org,/v1/events,eventParams_actionType,TOGGLE_PLAY_PAUSE,JSON_Payload
REQ-1600,intake-analytics.wikimedia.org,/v1/events,eventParams_pageType,videoplayer,JSON_Payload
REQ-1600,intake-analytics.wikimedia.org,/v1/events,eventParams_cityName,Delhi NCR,JSON_Payload
REQ-1600,intake-analytics.wikimedia.org,/v1/events,eventParams_isLoggedIn,False,JSON_Payload
REQ-1600,intake-analytics.wikimedia.org,/v1/events,eventParams_online,True,JSON_Payload
REQ-1600,intake-analytics.wikimedia.org,/v1/events,eventParams_vertical,FITNESSHUB,JSON_Payload
REQ-1600,intake-analytics.wikimedia.org,/v1/events,eventParams_cityId,Gurgaon,JSON_Payload
REQ-1600,intake-analytics.wikimedia.org,/v1/events,eventParams_sessionId,37bf15e3-82a2-b829-e798-1f08d47f282b,JSON_Payload
REQ-1600,intake-analytics.wikimedia.org,/v1/events,eventParams_source,VIDEOPLAYER,JSON_Payload
REQ-1600,intake-analytics.wikimedia.org,/v1/events,eventParams_value,PLAYED,JSON_Payload
REQ-1600,intake-analytics.wikimedia.org,/v1/events,eventParams_platform,APP,JSON_Payload
REQ-1600,intake-analytics.wikimedia.org,/v1/events,eventParams_advertiserId,9013994955fb2f93,JSON_Payload
REQ-1600,intake-analytics.wikimedia.org,/v1/events,createdAt,1787569405443,JSON_Payload
REQ-1600,intake-analytics.wikimedia.org,/v1/events,sessionId,973fc4f4-6ae0-4b16-959a-a702c9bc8076-95d386c1-17e9-4792-b6f6-1244a9f6caf4,JSON_Payload
REQ-1601,intake-analytics.wikimedia.org,/v1/events,_id,42ca0081-14aa-4165-a9f1-9f786830516d-570244f3-188d-4c0b-ad42-719031fe5d37,JSON_Payload
REQ-1601,intake-analytics.wikimedia.org,/v1/events,eventId,42ca0081-14aa-4165-a9f1-9f786830516d-570244f3-188d-4c0b-ad42-719031fe5d37,JSON_Payload
REQ-1601,intake-analytics.wikimedia.org,/v1/events,userId,108206863,JSON_Payload
REQ-1601,intake-analytics.wikimedia.org,/v1/events,eventName,button_click_event,JSON_Payload
REQ-1601,intake-analytics.wikimedia.org,/v1/events,eventParams_actionType,TOGGLE_PLAY_PAUSE,JSON_Payload
REQ-1601,intake-analytics.wikimedia.org,/v1/events,eventParams_pageType,videoplayer,JSON_Payload
REQ-1601,intake-analytics.wikimedia.org,/v1/events,eventParams_cityName,Delhi NCR,JSON_Payload
REQ-1601,intake-analytics.wikimedia.org,/v1/events,eventParams_isLoggedIn,False,JSON_Payload
REQ-1601,intake-analytics.wikimedia.org,/v1/events,eventParams_online,True,JSON_Payload
REQ-1601,intake-analytics.wikimedia.org,/v1/events,eventParams_vertical,FITNESSHUB,JSON_Payload
REQ-1601,intake-analytics.wikimedia.org,/v1/events,eventParams_cityId,Gurgaon,JSON_Payload
REQ-1601,intake-analytics.wikimedia.org,/v1/events,eventParams_sessionId,37bf15e3-82a2-b829-e798-1f08d47f282b,JSON_Payload
REQ-1601,intake-analytics.wikimedia.org,/v1/events,eventParams_source,VIDEOPLAYER,JSON_Payload
REQ-1601,intake-analytics.wikimedia.org,/v1/events,eventParams_value,PAUSED,JSON_Payload
REQ-1601,intake-analytics.wikimedia.org,/v1/events,eventParams_platform,APP,JSON_Payload
REQ-1601,intake-analytics.wikimedia.org,/v1/events,eventParams_advertiserId,9013994955fb2f93,JSON_Payload
REQ-1601,intake-analytics.wikimedia.org,/v1/events,createdAt,1787569405142,JSON_Payload
REQ-1601,intake-analytics.wikimedia.org,/v1/events,sessionId,973fc4f4-6ae0-4b16-959a-a702c9bc8076-95d386c1-17e9-4792-b6f6-1244a9f6caf4,JSON_Payload
REQ-1602,intake-analytics.wikimedia.org,/v1/events,_id,697189a0-c9a0-4b5b-910c-19668b24efe9-de07097f-cb55-4e63-b7ea-1516740d9690,JSON_Payload
REQ-1602,intake-analytics.wikimedia.org,/v1/events,eventId,697189a0-c9a0-4b5b-910c-19668b24efe9-de07097f-cb55-4e63-b7ea-1516740d9690,JSON_Payload
REQ-1602,intake-analytics.wikimedia.org,/v1/events,userId,108206863,JSON_Payload
REQ-1602,intake-analytics.wikimedia.org,/v1/events,eventName,overlay_close,JSON_Payload
REQ-1602,intake-analytics.wikimedia.org,/v1/events,eventParams_dateTime,1787569403554,JSON_Payload
REQ-1602,intake-analytics.wikimedia.org,/v1/events,eventParams_vertical,FITNESSHUB,JSON_Payload
REQ-1602,intake-analytics.wikimedia.org,/v1/events,eventParams_cityId,Gurgaon,JSON_Payload
REQ-1602,intake-analytics.wikimedia.org,/v1/events,eventParams_sessionId,37bf15e3-82a2-b829-e798-1f08d47f282b,JSON_Payload
REQ-1602,intake-analytics.wikimedia.org,/v1/events,eventParams_eventType,view,JSON_Payload
REQ-1602,intake-analytics.wikimedia.org,/v1/events,eventParams_type,Videoplayer seek tooltip,JSON_Payload
REQ-1602,intake-analytics.wikimedia.org,/v1/events,eventParams_platform,APP,JSON_Payload
REQ-1602,intake-analytics.wikimedia.org,/v1/events,eventParams_advertiserId,9013994955fb2f93,JSON_Payload
REQ-1602,intake-analytics.wikimedia.org,/v1/events,eventParams_pageType,videoplayer,JSON_Payload
REQ-1602,intake-analytics.wikimedia.org,/v1/events,eventParams_cityName,Delhi NCR,JSON_Payload
REQ-1602,intake-analytics.wikimedia.org,/v1/events,eventParams_isLoggedIn,False,JSON_Payload
REQ-1602,intake-analytics.wikimedia.org,/v1/events,eventParams_online,True,JSON_Payload
REQ-1602,intake-analytics.wikimedia.org,/v1/events,eventParams_style,TOOLTIP,JSON_Payload
REQ-1602,intake-analytics.wikimedia.org,/v1/events,createdAt,1787569403577,JSON_Payload
REQ-1602,intake-analytics.wikimedia.org,/v1/events,sessionId,973fc4f4-6ae0-4b16-959a-a702c9bc8076-95d386c1-17e9-4792-b6f6-1244a9f6caf4,JSON_Payload
REQ-1603,intake-analytics.wikimedia.org,/v1/events,_id,5f96cbb8-0ef4-4815-aeb5-9af16a2a0dab-7347ced0-d33a-491c-88f7-3ed0dde8d5fa,JSON_Payload
REQ-1603,intake-analytics.wikimedia.org,/v1/events,eventId,5f96cbb8-0ef4-4815-aeb5-9af16a2a0dab-7347ced0-d33a-491c-88f7-3ed0dde8d5fa,JSON_Payload
REQ-1603,intake-analytics.wikimedia.org,/v1/events,userId,108206863,JSON_Payload
REQ-1603,intake-analytics.wikimedia.org,/v1/events,eventName,button_click_event,JSON_Payload
REQ-1603,intake-analytics.wikimedia.org,/v1/events,eventParams_vertical,FITNESSHUB,JSON_Payload
REQ-1603,intake-analytics.wikimedia.org,/v1/events,eventParams_cityId,Gurgaon,JSON_Payload
REQ-1603,intake-analytics.wikimedia.org,/v1/events,eventParams_sessionId,37bf15e3-82a2-b829-e798-1f08d47f282b,JSON_Payload
REQ-1603,intake-analytics.wikimedia.org,/v1/events,eventParams_source,VIDEOPLAYER,JSON_Payload
REQ-1603,intake-analytics.wikimedia.org,/v1/events,eventParams_title,FORWARD,JSON_Payload
REQ-1603,intake-analytics.wikimedia.org,/v1/events,eventParams_platform,APP,JSON_Payload
REQ-1603,intake-analytics.wikimedia.org,/v1/events,eventParams_advertiserId,9013994955fb2f93,JSON_Payload
REQ-1603,intake-analytics.wikimedia.org,/v1/events,eventParams_actionType,VIDEO_SEEK,JSON_Payload
REQ-1603,intake-analytics.wikimedia.org,/v1/events,eventParams_pageType,videoplayer,JSON_Payload
REQ-1603,intake-analytics.wikimedia.org,/v1/events,eventParams_cityName,Delhi NCR,JSON_Payload
REQ-1603,intake-analytics.wikimedia.org,/v1/events,eventParams_isLoggedIn,False,JSON_Payload
REQ-1603,intake-analytics.wikimedia.org,/v1/events,eventParams_online,True,JSON_Payload
REQ-1603,intake-analytics.wikimedia.org,/v1/events,eventParams_value,16,JSON_Payload
REQ-1603,intake-analytics.wikimedia.org,/v1/events,createdAt,1787569403576,JSON_Payload
REQ-1603,intake-analytics.wikimedia.org,/v1/events,sessionId,973fc4f4-6ae0-4b16-959a-a702c9bc8076-95d386c1-17e9-4792-b6f6-1244a9f6caf4,JSON_Payload
REQ-1604,intake-analytics.wikimedia.org,/v1/events,_id,364ad17d-c333-4126-8a27-67633df36f58-d16606d3-1aaa-4ddd-9a4c-40dd47fc1e9e,JSON_Payload
REQ-1604,intake-analytics.wikimedia.org,/v1/events,eventId,364ad17d-c333-4126-8a27-67633df36f58-d16606d3-1aaa-4ddd-9a4c-40dd47fc1e9e,JSON_Payload
REQ-1604,intake-analytics.wikimedia.org,/v1/events,userId,108206863,JSON_Payload
REQ-1604,intake-analytics.wikimedia.org,/v1/events,eventName,overlay_view,JSON_Payload
REQ-1604,intake-analytics.wikimedia.org,/v1/events,eventParams_dateTime,1787569403360,JSON_Payload
REQ-1604,intake-analytics.wikimedia.org,/v1/events,eventParams_vertical,FITNESSHUB,JSON_Payload
REQ-1604,intake-analytics.wikimedia.org,/v1/events,eventParams_cityId,Gurgaon,JSON_Payload
REQ-1604,intake-analytics.wikimedia.org,/v1/events,eventParams_sessionId,37bf15e3-82a2-b829-e798-1f08d47f282b,JSON_Payload
REQ-1604,intake-analytics.wikimedia.org,/v1/events,eventParams_eventType,view,JSON_Payload
REQ-1604,intake-analytics.wikimedia.org,/v1/events,eventParams_type,Videoplayer seek tooltip,JSON_Payload
REQ-1604,intake-analytics.wikimedia.org,/v1/events,eventParams_platform,APP,JSON_Payload
REQ-1604,intake-analytics.wikimedia.org,/v1/events,eventParams_advertiserId,9013994955fb2f93,JSON_Payload
REQ-1604,intake-analytics.wikimedia.org,/v1/events,eventParams_pageType,videoplayer,JSON_Payload
REQ-1604,intake-analytics.wikimedia.org,/v1/events,eventParams_cityName,Delhi NCR,JSON_Payload
REQ-1604,intake-analytics.wikimedia.org,/v1/events,eventParams_isLoggedIn,False,JSON_Payload
REQ-1604,intake-analytics.wikimedia.org,/v1/events,eventParams_online,True,JSON_Payload
REQ-1604,intake-analytics.wikimedia.org,/v1/events,eventParams_style,TOOLTIP,JSON_Payload
REQ-1604,intake-analytics.wikimedia.org,/v1/events,createdAt,1787569403380,JSON_Payload
REQ-1604,intake-analytics.wikimedia.org,/v1/events,sessionId,973fc4f4-6ae0-4b16-959a-a702c9bc8076-95d386c1-17e9-4792-b6f6-1244a9f6caf4,JSON_Payload
REQ-1605,intake-analytics.wikimedia.org,/v1/events,_id,ed053171-1171-4e55-af4e-2f3fc1580761-a0d77b5b-91be-4b37-ae66-6b09a9045c7c,JSON_Payload
REQ-1605,intake-analytics.wikimedia.org,/v1/events,eventId,ed053171-1171-4e55-af4e-2f3fc1580761-a0d77b5b-91be-4b37-ae66-6b09a9045c7c,JSON_Payload
REQ-1605,intake-analytics.wikimedia.org,/v1/events,userId,108206863,JSON_Payload
REQ-1605,intake-analytics.wikimedia.org,/v1/events,eventName,app_foreground,JSON_Payload
REQ-1605,intake-analytics.wikimedia.org,/v1/events,eventParams_toState,resumed,JSON_Payload
REQ-1605,intake-analytics.wikimedia.org,/v1/events,eventParams_fromState,inactive,JSON_Payload
REQ-1605,intake-analytics.wikimedia.org,/v1/events,eventParams_framework,flutter,JSON_Payload
REQ-1605,intake-analytics.wikimedia.org,/v1/events,eventParams_cityName,Delhi NCR,JSON_Payload
REQ-1605,intake-analytics.wikimedia.org,/v1/events,eventParams_isLoggedIn,False,JSON_Payload
REQ-1605,intake-analytics.wikimedia.org,/v1/events,eventParams_online,True,JSON_Payload
REQ-1605,intake-analytics.wikimedia.org,/v1/events,eventParams_vertical,FITNESSHUB,JSON_Payload
REQ-1605,intake-analytics.wikimedia.org,/v1/events,eventParams_cityId,Gurgaon,JSON_Payload
REQ-1605,intake-analytics.wikimedia.org,/v1/events,eventParams_sessionId,37bf15e3-82a2-b829-e798-1f08d47f282b,JSON_Payload
REQ-1605,intake-analytics.wikimedia.org,/v1/events,eventParams_eventType,app_lifecycle,JSON_Payload
REQ-1605,intake-analytics.wikimedia.org,/v1/events,eventParams_platform,APP,JSON_Payload
REQ-1605,intake-analytics.wikimedia.org,/v1/events,eventParams_advertiserId,9013994955fb2f93,JSON_Payload
REQ-1605,intake-analytics.wikimedia.org,/v1/events,createdAt,1787569412319,JSON_Payload
REQ-1605,intake-analytics.wikimedia.org,/v1/events,sessionId,973fc4f4-6ae0-4b16-959a-a702c9bc8076-95d386c1-17e9-4792-b6f6-1244a9f6caf4,JSON_Payload
REQ-1606,intake-analytics.wikimedia.org,/v1/events,_id,3530f3cc-85d1-4a59-a45f-a8207d4aa6ec-77a64a74-0e0e-4198-b4b1-e92a342851ad,JSON_Payload
REQ-1606,intake-analytics.wikimedia.org,/v1/events,eventId,3530f3cc-85d1-4a59-a45f-a8207d4aa6ec-77a64a74-0e0e-4198-b4b1-e92a342851ad,JSON_Payload
REQ-1606,intake-analytics.wikimedia.org,/v1/events,userId,108206863,JSON_Payload
REQ-1606,intake-analytics.wikimedia.org,/v1/events,eventName,navigation_change,JSON_Payload
REQ-1606,intake-analytics.wikimedia.org,/v1/events,eventParams_dateTime,1787569411771,JSON_Payload
REQ-1606,intake-analytics.wikimedia.org,/v1/events,eventParams_topageId,fitnesshubclp,JSON_Payload
REQ-1606,intake-analytics.wikimedia.org,/v1/events,eventParams_fromPageName,listpage,JSON_Payload
REQ-1606,intake-analytics.wikimedia.org,/v1/events,eventParams_vertical,FITNESSHUB,JSON_Payload
REQ-1606,intake-analytics.wikimedia.org,/v1/events,eventParams_cityId,Gurgaon,JSON_Payload
REQ-1606,intake-analytics.wikimedia.org,/v1/events,eventParams_sessionId,37bf15e3-82a2-b829-e798-1f08d47f282b,JSON_Payload
REQ-1606,intake-analytics.wikimedia.org,/v1/events,eventParams_eventType,navigation_change,JSON_Payload
REQ-1606,intake-analytics.wikimedia.org,/v1/events,eventParams_platform,APP,JSON_Payload
REQ-1606,intake-analytics.wikimedia.org,/v1/events,eventParams_advertiserId,9013994955fb2f93,JSON_Payload
REQ-1606,intake-analytics.wikimedia.org,/v1/events,eventParams_toPageName,fitnesshubclp,JSON_Payload
REQ-1606,intake-analytics.wikimedia.org,/v1/events,eventParams_cityName,Delhi NCR,JSON_Payload
REQ-1606,intake-analytics.wikimedia.org,/v1/events,eventParams_frompageId,fitness_search_choose_category,JSON_Payload
REQ-1606,intake-analytics.wikimedia.org,/v1/events,eventParams_isLoggedIn,False,JSON_Payload
REQ-1606,intake-analytics.wikimedia.org,/v1/events,eventParams_online,True,JSON_Payload
REQ-1606,intake-analytics.wikimedia.org,/v1/events,createdAt,1787569411805,JSON_Payload
REQ-1606,intake-analytics.wikimedia.org,/v1/events,sessionId,973fc4f4-6ae0-4b16-959a-a702c9bc8076-95d386c1-17e9-4792-b6f6-1244a9f6caf4,JSON_Payload
REQ-1607,intake-analytics.wikimedia.org,/v1/events,_id,2ec8240d-f8b8-4cc8-a182-a31b3920f71b-ca4ff9ca-eaeb-4754-a248-887acfb04a8b,JSON_Payload
REQ-1607,intake-analytics.wikimedia.org,/v1/events,eventId,2ec8240d-f8b8-4cc8-a182-a31b3920f71b-ca4ff9ca-eaeb-4754-a248-887acfb04a8b,JSON_Payload
REQ-1607,intake-analytics.wikimedia.org,/v1/events,userId,108206863,JSON_Payload
REQ-1607,intake-analytics.wikimedia.org,/v1/events,eventName,page_view,JSON_Payload
REQ-1607,intake-analytics.wikimedia.org,/v1/events,eventParams_dateTime,1787569411039,JSON_Payload
REQ-1607,intake-analytics.wikimedia.org,/v1/events,eventParams_vertical,FITNESSHUB,JSON_Payload
REQ-1607,intake-analytics.wikimedia.org,/v1/events,eventParams_cityId,Gurgaon,JSON_Payload
REQ-1607,intake-analytics.wikimedia.org,/v1/events,eventParams_sessionId,37bf15e3-82a2-b829-e798-1f08d47f282b,JSON_Payload
REQ-1607,intake-analytics.wikimedia.org,/v1/events,eventParams_eventType,view,JSON_Payload
REQ-1607,intake-analytics.wikimedia.org,/v1/events,eventParams_pageId,fitness_search_choose_category,JSON_Payload
REQ-1607,intake-analytics.wikimedia.org,/v1/events,eventParams_pageName,Search for,JSON_Payload
REQ-1607,intake-analytics.wikimedia.org,/v1/events,eventParams_platform,APP,JSON_Payload
REQ-1607,intake-analytics.wikimedia.org,/v1/events,eventParams_advertiserId,9013994955fb2f93,JSON_Payload
REQ-1607,intake-analytics.wikimedia.org,/v1/events,eventParams_pageType,listpage,JSON_Payload
REQ-1607,intake-analytics.wikimedia.org,/v1/events,eventParams_cityName,Delhi NCR,JSON_Payload
REQ-1607,intake-analytics.wikimedia.org,/v1/events,eventParams_isLoggedIn,False,JSON_Payload
REQ-1607,intake-analytics.wikimedia.org,/v1/events,eventParams_online,True,JSON_Payload
REQ-1607,intake-analytics.wikimedia.org,/v1/events,createdAt,1787569411058,JSON_Payload
REQ-1607,intake-analytics.wikimedia.org,/v1/events,sessionId,973fc4f4-6ae0-4b16-959a-a702c9bc8076-95d386c1-17e9-4792-b6f6-1244a9f6caf4,JSON_Payload
REQ-1608,intake-analytics.wikimedia.org,/v1/events,_id,898c459f-935d-4f41-99bd-cfab51c13a03-0da4bed4-9c9b-4220-8618-cb23b6e82e39,JSON_Payload
REQ-1608,intake-analytics.wikimedia.org,/v1/events,eventId,898c459f-935d-4f41-99bd-cfab51c13a03-0da4bed4-9c9b-4220-8618-cb23b6e82e39,JSON_Payload
REQ-1608,intake-analytics.wikimedia.org,/v1/events,userId,108206863,JSON_Payload
REQ-1608,intake-analytics.wikimedia.org,/v1/events,eventName,navigation_change,JSON_Payload
REQ-1608,intake-analytics.wikimedia.org,/v1/events,eventParams_dateTime,1787569410575,JSON_Payload
REQ-1608,intake-analytics.wikimedia.org,/v1/events,eventParams_topageId,fitness_search_choose_category,JSON_Payload
REQ-1608,intake-analytics.wikimedia.org,/v1/events,eventParams_fromPageName,livesearchpage,JSON_Payload
REQ-1608,intake-analytics.wikimedia.org,/v1/events,eventParams_vertical,FITNESSHUB,JSON_Payload
REQ-1608,intake-analytics.wikimedia.org,/v1/events,eventParams_cityId,Gurgaon,JSON_Payload
REQ-1608,intake-analytics.wikimedia.org,/v1/events,eventParams_sessionId,37bf15e3-82a2-b829-e798-1f08d47f282b,JSON_Payload
REQ-1608,intake-analytics.wikimedia.org,/v1/events,eventParams_eventType,navigation_change,JSON_Payload
REQ-1608,intake-analytics.wikimedia.org,/v1/events,eventParams_platform,APP,JSON_Payload
REQ-1608,intake-analytics.wikimedia.org,/v1/events,eventParams_advertiserId,9013994955fb2f93,JSON_Payload
REQ-1608,intake-analytics.wikimedia.org,/v1/events,eventParams_toPageName,listpage,JSON_Payload
REQ-1608,intake-analytics.wikimedia.org,/v1/events,eventParams_cityName,Delhi NCR,JSON_Payload
REQ-1608,intake-analytics.wikimedia.org,/v1/events,eventParams_frompageId,livesearchpage,JSON_Payload
REQ-1608,intake-analytics.wikimedia.org,/v1/events,eventParams_isLoggedIn,False,JSON_Payload
REQ-1608,intake-analytics.wikimedia.org,/v1/events,eventParams_online,True,JSON_Payload
REQ-1608,intake-analytics.wikimedia.org,/v1/events,createdAt,1787569410601,JSON_Payload
REQ-1608,intake-analytics.wikimedia.org,/v1/events,sessionId,973fc4f4-6ae0-4b16-959a-a702c9bc8076-95d386c1-17e9-4792-b6f6-1244a9f6caf4,JSON_Payload
REQ-1609,intake-analytics.wikimedia.org,/v1/events,_id,e9ee988c-1912-499d-947d-656b99432d5a-3619266d-3eb9-485e-9bd1-b9fc345f4104,JSON_Payload
REQ-1609,intake-analytics.wikimedia.org,/v1/events,eventId,e9ee988c-1912-499d-947d-656b99432d5a-3619266d-3eb9-485e-9bd1-b9fc345f4104,JSON_Payload
REQ-1609,intake-analytics.wikimedia.org,/v1/events,userId,108206863,JSON_Payload
REQ-1609,intake-analytics.wikimedia.org,/v1/events,eventName,navigation_change,JSON_Payload
REQ-1609,intake-analytics.wikimedia.org,/v1/events,eventParams_dateTime,1787569409229,JSON_Payload
REQ-1609,intake-analytics.wikimedia.org,/v1/events,eventParams_topageId,livesearchpage,JSON_Payload
REQ-1609,intake-analytics.wikimedia.org,/v1/events,eventParams_fromPageName,cultdiypack,JSON_Payload
REQ-1609,intake-analytics.wikimedia.org,/v1/events,eventParams_vertical,FITNESSHUB,JSON_Payload
REQ-1609,intake-analytics.wikimedia.org,/v1/events,eventParams_cityId,Gurgaon,JSON_Payload
REQ-1609,intake-analytics.wikimedia.org,/v1/events,eventParams_sessionId,37bf15e3-82a2-b829-e798-1f08d47f282b,JSON_Payload
REQ-1609,intake-analytics.wikimedia.org,/v1/events,eventParams_eventType,navigation_change,JSON_Payload
REQ-1609,intake-analytics.wikimedia.org,/v1/events,eventParams_source,BANNER_GRID_WIDGET,JSON_Payload
REQ-1609,intake-analytics.wikimedia.org,/v1/events,eventParams_fromproductId,DIYPACK002,JSON_Payload
REQ-1609,intake-analytics.wikimedia.org,/v1/events,eventParams_platform,APP,JSON_Payload
REQ-1609,intake-analytics.wikimedia.org,/v1/events,eventParams_advertiserId,9013994955fb2f93,JSON_Payload
REQ-1609,intake-analytics.wikimedia.org,/v1/events,eventParams_toPageName,livesearchpage,JSON_Payload
REQ-1609,intake-analytics.wikimedia.org,/v1/events,eventParams_cityName,Delhi NCR,JSON_Payload
REQ-1609,intake-analytics.wikimedia.org,/v1/events,eventParams_frompageId,cultdiypack,JSON_Payload
REQ-1609,intake-analytics.wikimedia.org,/v1/events,eventParams_isLoggedIn,False,JSON_Payload
REQ-1609,intake-analytics.wikimedia.org,/v1/events,eventParams_online,True,JSON_Payload
REQ-1609,intake-analytics.wikimedia.org,/v1/events,createdAt,1787569409241,JSON_Payload
REQ-1609,intake-analytics.wikimedia.org,/v1/events,sessionId,973fc4f4-6ae0-4b16-959a-a702c9bc8076-95d386c1-17e9-4792-b6f6-1244a9f6caf4,JSON_Payload
REQ-1610,intake-analytics.wikimedia.org,/v1/events,url,https://a.nel.cloudflare.com/report/v4?s=z7FuBz%2FyAAOfWfLwPoP8dOmpsynQLHm7aSFnOBNeZ3v%2BYwHXRajkP6Pxz4bOU8FBioTbtOXLLz2%2FMDR%2FK4D22BLpnw0okTWsuu5th%2FSoWeIRIvcPL5q64u%2FWTppo1AuhsfxKOP8T5UxkeJmOaYBDqg%3D%3D,JSON_Payload
REQ-1611,intake-analytics.wikimedia.org,/v1/events,_id,2285748c-7204-4f66-b5b6-e8eb3e760c18-6d9a6c3e-f564-4269-8c21-5e9d874d5b39,JSON_Payload
REQ-1611,intake-analytics.wikimedia.org,/v1/events,eventId,2285748c-7204-4f66-b5b6-e8eb3e760c18-6d9a6c3e-f564-4269-8c21-5e9d874d5b39,JSON_Payload
REQ-1611,intake-analytics.wikimedia.org,/v1/events,userId,108206863,JSON_Payload
REQ-1611,intake-analytics.wikimedia.org,/v1/events,eventName,page_view,JSON_Payload
REQ-1611,intake-analytics.wikimedia.org,/v1/events,eventParams_dateTime,1787569417083,JSON_Payload
REQ-1611,intake-analytics.wikimedia.org,/v1/events,eventParams_selectedSku,PLAY_CITY_SPORT,JSON_Payload
REQ-1611,intake-analytics.wikimedia.org,/v1/events,eventParams_sessionId,37bf15e3-82a2-b829-e798-1f08d47f282b,JSON_Payload
REQ-1611,intake-analytics.wikimedia.org,/v1/events,eventParams_cityId,Gurgaon,JSON_Payload
REQ-1611,intake-analytics.wikimedia.org,/v1/events,eventParams_eventType,view,JSON_Payload
REQ-1611,intake-analytics.wikimedia.org,/v1/events,eventParams_pageId,fitso_sport_pack_comparison,JSON_Payload
REQ-1611,intake-analytics.wikimedia.org,/v1/events,eventParams_pageName,fitso_sport_pack_comparison,JSON_Payload
REQ-1611,intake-analytics.wikimedia.org,/v1/events,eventParams_pageFrom,,JSON_Payload
REQ-1611,intake-analytics.wikimedia.org,/v1/events,eventParams_centerType,PLAY,JSON_Payload
REQ-1611,intake-analytics.wikimedia.org,/v1/events,eventParams_platform,APP,JSON_Payload
REQ-1611,intake-analytics.wikimedia.org,/v1/events,eventParams_advertiserId,9013994955fb2f93,JSON_Payload
REQ-1611,intake-analytics.wikimedia.org,/v1/events,eventParams_cityName,Delhi NCR,JSON_Payload
REQ-1611,intake-analytics.wikimedia.org,/v1/events,eventParams_isLoggedIn,False,JSON_Payload
REQ-1611,intake-analytics.wikimedia.org,/v1/events,eventParams_online,True,JSON_Payload
REQ-1611,intake-analytics.wikimedia.org,/v1/events,eventParams_workoutId,350,JSON_Payload
REQ-1611,intake-analytics.wikimedia.org,/v1/events,createdAt,1787569417087,JSON_Payload
REQ-1611,intake-analytics.wikimedia.org,/v1/events,sessionId,973fc4f4-6ae0-4b16-959a-a702c9bc8076-95d386c1-17e9-4792-b6f6-1244a9f6caf4,JSON_Payload
REQ-1612,intake-analytics.wikimedia.org,/v1/events,_id,07c09896-b5c6-4828-95c8-a5bcd2ef7332-58d18a19-fee0-434a-99f0-225e092c13cd,JSON_Payload
REQ-1612,intake-analytics.wikimedia.org,/v1/events,eventId,07c09896-b5c6-4828-95c8-a5bcd2ef7332-58d18a19-fee0-434a-99f0-225e092c13cd,JSON_Payload
REQ-1612,intake-analytics.wikimedia.org,/v1/events,userId,108206863,JSON_Payload
REQ-1612,intake-analytics.wikimedia.org,/v1/events,eventName,widget_click,JSON_Payload
REQ-1612,intake-analytics.wikimedia.org,/v1/events,eventParams_widgetName,cultpass cards for city level sports pack,JSON_Payload
REQ-1612,intake-analytics.wikimedia.org,/v1/events,eventParams_isSampledWidgetImpressionRequired,False,JSON_Payload
REQ-1612,intake-analytics.wikimedia.org,/v1/events,eventParams_widgetId,daad7f17-92d2-40de-a0d1-d915ccd3d94c,JSON_Payload
REQ-1612,intake-analytics.wikimedia.org,/v1/events,eventParams_widgetPosition,4,JSON_Payload
REQ-1612,intake-analytics.wikimedia.org,/v1/events,eventParams_cityId,Gurgaon,JSON_Payload
REQ-1612,intake-analytics.wikimedia.org,/v1/events,eventParams_sessionId,37bf15e3-82a2-b829-e798-1f08d47f282b,JSON_Payload
REQ-1612,intake-analytics.wikimedia.org,/v1/events,eventParams_eventType,click,JSON_Payload
REQ-1612,intake-analytics.wikimedia.org,/v1/events,eventParams_pageId,CultPassFitsoSKU,JSON_Payload
REQ-1612,intake-analytics.wikimedia.org,/v1/events,eventParams_type,play,JSON_Payload
REQ-1612,intake-analytics.wikimedia.org,/v1/events,eventParams_pageName,cultpass PLAY,JSON_Payload
REQ-1612,intake-analytics.wikimedia.org,/v1/events,eventParams_platform,APP,JSON_Payload
REQ-1612,intake-analytics.wikimedia.org,/v1/events,eventParams_widgetType,SKU_COMPARISON_WIDGET_V2,JSON_Payload
REQ-1612,intake-analytics.wikimedia.org,/v1/events,eventParams_advertiserId,9013994955fb2f93,JSON_Payload
REQ-1612,intake-analytics.wikimedia.org,/v1/events,eventParams_cityName,Delhi NCR,JSON_Payload
REQ-1612,intake-analytics.wikimedia.org,/v1/events,eventParams_isWidgetImpressionRequired,True,JSON_Payload
REQ-1612,intake-analytics.wikimedia.org,/v1/events,eventParams_online,True,JSON_Payload
REQ-1612,intake-analytics.wikimedia.org,/v1/events,eventParams_isLoggedIn,False,JSON_Payload
REQ-1612,intake-analytics.wikimedia.org,/v1/events,createdAt,1787569417086,JSON_Payload
REQ-1612,intake-analytics.wikimedia.org,/v1/events,sessionId,973fc4f4-6ae0-4b16-959a-a702c9bc8076-95d386c1-17e9-4792-b6f6-1244a9f6caf4,JSON_Payload
REQ-1613,intake-analytics.wikimedia.org,/v1/events,_id,e9978a11-8d96-4e13-ab3e-89eb3937ad76-4c44b9a0-ccfc-4745-99b5-b3267ea704c1,JSON_Payload
REQ-1613,intake-analytics.wikimedia.org,/v1/events,eventId,e9978a11-8d96-4e13-ab3e-89eb3937ad76-4c44b9a0-ccfc-4745-99b5-b3267ea704c1,JSON_Payload
REQ-1613,intake-analytics.wikimedia.org,/v1/events,userId,108206863,JSON_Payload
REQ-1613,intake-analytics.wikimedia.org,/v1/events,eventName,widget_impression,JSON_Payload
REQ-1613,intake-analytics.wikimedia.org,/v1/events,eventParams_widgetName,cultpass cards for city level sports pack,JSON_Payload
REQ-1613,intake-analytics.wikimedia.org,/v1/events,eventParams_isSampledWidgetImpressionRequired,False,JSON_Payload
REQ-1613,intake-analytics.wikimedia.org,/v1/events,eventParams_widgetId,daad7f17-92d2-40de-a0d1-d915ccd3d94c,JSON_Payload
REQ-1613,intake-analytics.wikimedia.org,/v1/events,eventParams_widgetPosition,4,JSON_Payload
REQ-1613,intake-analytics.wikimedia.org,/v1/events,eventParams_sessionId,37bf15e3-82a2-b829-e798-1f08d47f282b,JSON_Payload
REQ-1613,intake-analytics.wikimedia.org,/v1/events,eventParams_eventType,view,JSON_Payload
REQ-1613,intake-analytics.wikimedia.org,/v1/events,eventParams_cityId,Gurgaon,JSON_Payload
REQ-1613,intake-analytics.wikimedia.org,/v1/events,eventParams_pageId,CultPassFitsoSKU,JSON_Payload
REQ-1613,intake-analytics.wikimedia.org,/v1/events,eventParams_pageName,cultpass PLAY,JSON_Payload
REQ-1613,intake-analytics.wikimedia.org,/v1/events,eventParams_platform,APP,JSON_Payload
REQ-1613,intake-analytics.wikimedia.org,/v1/events,eventParams_widgetType,SKU_COMPARISON_WIDGET_V2,JSON_Payload
REQ-1613,intake-analytics.wikimedia.org,/v1/events,eventParams_advertiserId,9013994955fb2f93,JSON_Payload
REQ-1613,intake-analytics.wikimedia.org,/v1/events,eventParams_cityName,Delhi NCR,JSON_Payload
REQ-1613,intake-analytics.wikimedia.org,/v1/events,eventParams_isWidgetImpressionRequired,True,JSON_Payload
REQ-1613,intake-analytics.wikimedia.org,/v1/events,eventParams_online,True,JSON_Payload
REQ-1613,intake-analytics.wikimedia.org,/v1/events,eventParams_isLoggedIn,False,JSON_Payload
REQ-1613,intake-analytics.wikimedia.org,/v1/events,createdAt,1787569415465,JSON_Payload
REQ-1613,intake-analytics.wikimedia.org,/v1/events,sessionId,973fc4f4-6ae0-4b16-959a-a702c9bc8076-95d386c1-17e9-4792-b6f6-1244a9f6caf4,JSON_Payload
REQ-1614,intake-analytics.wikimedia.org,/v1/events,_id,5aeccaa2-0f0b-4ac3-a34b-60ab47d3d684-a5f9dd50-3bcb-4562-afe5-f8ebea925e52,JSON_Payload
REQ-1614,intake-analytics.wikimedia.org,/v1/events,eventId,5aeccaa2-0f0b-4ac3-a34b-60ab47d3d684-a5f9dd50-3bcb-4562-afe5-f8ebea925e52,JSON_Payload
REQ-1614,intake-analytics.wikimedia.org,/v1/events,userId,108206863,JSON_Payload
REQ-1614,intake-analytics.wikimedia.org,/v1/events,eventName,widget_impression,JSON_Payload
REQ-1614,intake-analytics.wikimedia.org,/v1/events,eventParams_widgetName,cultpass cards for city level PLAY pack,JSON_Payload
REQ-1614,intake-analytics.wikimedia.org,/v1/events,eventParams_isSampledWidgetImpressionRequired,False,JSON_Payload
REQ-1614,intake-analytics.wikimedia.org,/v1/events,eventParams_widgetId,efe9e5bf-1390-4542-aed3-fdb0013660c7,JSON_Payload
REQ-1614,intake-analytics.wikimedia.org,/v1/events,eventParams_widgetPosition,3,JSON_Payload
REQ-1614,intake-analytics.wikimedia.org,/v1/events,eventParams_sessionId,37bf15e3-82a2-b829-e798-1f08d47f282b,JSON_Payload
REQ-1614,intake-analytics.wikimedia.org,/v1/events,eventParams_eventType,view,JSON_Payload
REQ-1614,intake-analytics.wikimedia.org,/v1/events,eventParams_cityId,Gurgaon,JSON_Payload
REQ-1614,intake-analytics.wikimedia.org,/v1/events,eventParams_pageId,CultPassFitsoSKU,JSON_Payload
REQ-1614,intake-analytics.wikimedia.org,/v1/events,eventParams_pageName,cultpass PLAY,JSON_Payload
REQ-1614,intake-analytics.wikimedia.org,/v1/events,eventParams_platform,APP,JSON_Payload
REQ-1614,intake-analytics.wikimedia.org,/v1/events,eventParams_widgetType,SKU_COMPARISON_WIDGET_V2,JSON_Payload
REQ-1614,intake-analytics.wikimedia.org,/v1/events,eventParams_advertiserId,9013994955fb2f93,JSON_Payload
REQ-1614,intake-analytics.wikimedia.org,/v1/events,eventParams_cityName,Delhi NCR,JSON_Payload
REQ-1614,intake-analytics.wikimedia.org,/v1/events,eventParams_isWidgetImpressionRequired,True,JSON_Payload
REQ-1614,intake-analytics.wikimedia.org,/v1/events,eventParams_online,True,JSON_Payload
REQ-1614,intake-analytics.wikimedia.org,/v1/events,eventParams_isLoggedIn,False,JSON_Payload
REQ-1614,intake-analytics.wikimedia.org,/v1/events,createdAt,1787569415438,JSON_Payload
REQ-1614,intake-analytics.wikimedia.org,/v1/events,sessionId,973fc4f4-6ae0-4b16-959a-a702c9bc8076-95d386c1-17e9-4792-b6f6-1244a9f6caf4,JSON_Payload
REQ-1615,intake-analytics.wikimedia.org,/v1/events,_id,faaf7ff4-1eda-4a08-ad01-321106e6f5d6-a4a758d4-35c0-40ff-816a-fb4343e4b265,JSON_Payload
REQ-1615,intake-analytics.wikimedia.org,/v1/events,eventId,faaf7ff4-1eda-4a08-ad01-321106e6f5d6-a4a758d4-35c0-40ff-816a-fb4343e4b265,JSON_Payload
REQ-1615,intake-analytics.wikimedia.org,/v1/events,userId,108206863,JSON_Payload
REQ-1615,intake-analytics.wikimedia.org,/v1/events,eventName,content_impression,JSON_Payload
REQ-1615,intake-analytics.wikimedia.org,/v1/events,eventParams_widgetName,Non Member Telesale Call - Play,JSON_Payload
REQ-1615,intake-analytics.wikimedia.org,/v1/events,eventParams_scrollTrigger,auto,JSON_Payload
REQ-1615,intake-analytics.wikimedia.org,/v1/events,eventParams_isSampledWidgetImpressionRequired,False,JSON_Payload
REQ-1615,intake-analytics.wikimedia.org,/v1/events,eventParams_widgetId,53064119-7438-4ea6-a72e-c37b1b925182,JSON_Payload
REQ-1615,intake-analytics.wikimedia.org,/v1/events,eventParams_contentId,40mccsxlgd,JSON_Payload
REQ-1615,intake-analytics.wikimedia.org,/v1/events,eventParams_widgetPosition,2,JSON_Payload
REQ-1615,intake-analytics.wikimedia.org,/v1/events,eventParams_cityId,Gurgaon,JSON_Payload
REQ-1615,intake-analytics.wikimedia.org,/v1/events,eventParams_sessionId,37bf15e3-82a2-b829-e798-1f08d47f282b,JSON_Payload
REQ-1615,intake-analytics.wikimedia.org,/v1/events,eventParams_pageId,CultPassFitsoSKU,JSON_Payload
REQ-1615,intake-analytics.wikimedia.org,/v1/events,eventParams_pageName,cultpass PLAY,JSON_Payload
REQ-1615,intake-analytics.wikimedia.org,/v1/events,eventParams_platform,APP,JSON_Payload
REQ-1615,intake-analytics.wikimedia.org,/v1/events,eventParams_widgetType,MERCHANTRY_WIDGET,JSON_Payload
REQ-1615,intake-analytics.wikimedia.org,/v1/events,eventParams_advertiserId,9013994955fb2f93,JSON_Payload
REQ-1615,intake-analytics.wikimedia.org,/v1/events,eventParams_contentUrl,/image/vm/79e0c8ba-70b0-4dd5-bfa8-d99782bbe70d.gif,JSON_Payload
REQ-1615,intake-analytics.wikimedia.org,/v1/events,eventParams_cityName,Delhi NCR,JSON_Payload
REQ-1615,intake-analytics.wikimedia.org,/v1/events,eventParams_dedupeId,ubttj87ooy,JSON_Payload
REQ-1615,intake-analytics.wikimedia.org,/v1/events,eventParams_isWidgetImpressionRequired,True,JSON_Payload
REQ-1615,intake-analytics.wikimedia.org,/v1/events,eventParams_isLoggedIn,False,JSON_Payload
REQ-1615,intake-analytics.wikimedia.org,/v1/events,eventParams_online,True,JSON_Payload
REQ-1615,intake-analytics.wikimedia.org,/v1/events,eventParams_position,0,JSON_Payload
REQ-1615,intake-analytics.wikimedia.org,/v1/events,createdAt,1787569414946,JSON_Payload
REQ-1615,intake-analytics.wikimedia.org,/v1/events,sessionId,973fc4f4-6ae0-4b16-959a-a702c9bc8076-95d386c1-17e9-4792-b6f6-1244a9f6caf4,JSON_Payload
REQ-1616,intake-analytics.wikimedia.org,/v1/events,_id,8457ee2f-6562-437d-8e00-57ec2d3979b4-c7ca2486-429e-4ba0-8019-6916d2bb930c,JSON_Payload
REQ-1616,intake-analytics.wikimedia.org,/v1/events,eventId,8457ee2f-6562-437d-8e00-57ec2d3979b4-c7ca2486-429e-4ba0-8019-6916d2bb930c,JSON_Payload
REQ-1616,intake-analytics.wikimedia.org,/v1/events,userId,108206863,JSON_Payload
REQ-1616,intake-analytics.wikimedia.org,/v1/events,eventName,content_impression,JSON_Payload
REQ-1616,intake-analytics.wikimedia.org,/v1/events,eventParams_widgetName,SLP Quick NAVs Play - Non Member,JSON_Payload
REQ-1616,intake-analytics.wikimedia.org,/v1/events,eventParams_scrollTrigger,auto,JSON_Payload
REQ-1616,intake-analytics.wikimedia.org,/v1/events,eventParams_isSampledWidgetImpressionRequired,False,JSON_Payload
REQ-1616,intake-analytics.wikimedia.org,/v1/events,eventParams_widgetId,a33a48bc-81ae-4760-8e87-e8d97fe8f8d4HPSPORTS_nm,JSON_Payload
REQ-1616,intake-analytics.wikimedia.org,/v1/events,eventParams_contentId,12742dra93j,JSON_Payload
REQ-1616,intake-analytics.wikimedia.org,/v1/events,eventParams_widgetPosition,1,JSON_Payload
REQ-1616,intake-analytics.wikimedia.org,/v1/events,eventParams_cityId,Gurgaon,JSON_Payload
REQ-1616,intake-analytics.wikimedia.org,/v1/events,eventParams_sessionId,37bf15e3-82a2-b829-e798-1f08d47f282b,JSON_Payload
REQ-1616,intake-analytics.wikimedia.org,/v1/events,eventParams_pageId,CultPassFitsoSKU,JSON_Payload
REQ-1616,intake-analytics.wikimedia.org,/v1/events,eventParams_pageName,cultpass PLAY,JSON_Payload
REQ-1616,intake-analytics.wikimedia.org,/v1/events,eventParams_platform,APP,JSON_Payload
REQ-1616,intake-analytics.wikimedia.org,/v1/events,eventParams_widgetType,BANNER_CAROUSEL_WIDGET,JSON_Payload
REQ-1616,intake-analytics.wikimedia.org,/v1/events,eventParams_advertiserId,9013994955fb2f93,JSON_Payload
REQ-1616,intake-analytics.wikimedia.org,/v1/events,eventParams_contentUrl,/image/vm/5d8eb488-ede7-49ee-9b6a-3b4456c84bf3.png,JSON_Payload
REQ-1616,intake-analytics.wikimedia.org,/v1/events,eventParams_cityName,Delhi NCR,JSON_Payload
REQ-1616,intake-analytics.wikimedia.org,/v1/events,eventParams_dedupeId,qmmaozam4d,JSON_Payload
REQ-1616,intake-analytics.wikimedia.org,/v1/events,eventParams_isWidgetImpressionRequired,True,JSON_Payload
REQ-1616,intake-analytics.wikimedia.org,/v1/events,eventParams_isLoggedIn,False,JSON_Payload
REQ-1616,intake-analytics.wikimedia.org,/v1/events,eventParams_online,True,JSON_Payload
REQ-1616,intake-analytics.wikimedia.org,/v1/events,eventParams_position,0,JSON_Payload
REQ-1616,intake-analytics.wikimedia.org,/v1/events,createdAt,1787569414943,JSON_Payload
REQ-1616,intake-analytics.wikimedia.org,/v1/events,sessionId,973fc4f4-6ae0-4b16-959a-a702c9bc8076-95d386c1-17e9-4792-b6f6-1244a9f6caf4,JSON_Payload
REQ-1617,intake-analytics.wikimedia.org,/v1/events,_id,d49c5ecd-884a-41ac-a9c3-d0d6c2b717b1-242367fb-c285-47ed-bd96-49d84c7fc25b,JSON_Payload
REQ-1617,intake-analytics.wikimedia.org,/v1/events,eventId,d49c5ecd-884a-41ac-a9c3-d0d6c2b717b1-242367fb-c285-47ed-bd96-49d84c7fc25b,JSON_Payload
REQ-1617,intake-analytics.wikimedia.org,/v1/events,userId,108206863,JSON_Payload
REQ-1617,intake-analytics.wikimedia.org,/v1/events,eventName,content_impression,JSON_Payload
REQ-1617,intake-analytics.wikimedia.org,/v1/events,eventParams_widgetName,PLAY Sport Level CLP - 375x550,JSON_Payload
REQ-1617,intake-analytics.wikimedia.org,/v1/events,eventParams_scrollTrigger,auto,JSON_Payload
REQ-1617,intake-analytics.wikimedia.org,/v1/events,eventParams_isSampledWidgetImpressionRequired,False,JSON_Payload
REQ-1617,intake-analytics.wikimedia.org,/v1/events,eventParams_widgetId,22c9bfbf-caa1-4f03-b71a-6da1fb932a69newaBLR550,JSON_Payload
REQ-1617,intake-analytics.wikimedia.org,/v1/events,eventParams_contentId,1ykx1jk9khk,JSON_Payload
REQ-1617,intake-analytics.wikimedia.org,/v1/events,eventParams_widgetPosition,0,JSON_Payload
REQ-1617,intake-analytics.wikimedia.org,/v1/events,eventParams_cityId,Gurgaon,JSON_Payload
REQ-1617,intake-analytics.wikimedia.org,/v1/events,eventParams_sessionId,37bf15e3-82a2-b829-e798-1f08d47f282b,JSON_Payload
REQ-1617,intake-analytics.wikimedia.org,/v1/events,eventParams_pageId,CultPassFitsoSKU,JSON_Payload
REQ-1617,intake-analytics.wikimedia.org,/v1/events,eventParams_pageName,cultpass PLAY,JSON_Payload
REQ-1617,intake-analytics.wikimedia.org,/v1/events,eventParams_platform,APP,JSON_Payload
REQ-1617,intake-analytics.wikimedia.org,/v1/events,eventParams_widgetType,MERCHANTRY_WIDGET,JSON_Payload
REQ-1617,intake-analytics.wikimedia.org,/v1/events,eventParams_advertiserId,9013994955fb2f93,JSON_Payload
REQ-1617,intake-analytics.wikimedia.org,/v1/events,eventParams_cityName,Delhi NCR,JSON_Payload
REQ-1617,intake-analytics.wikimedia.org,/v1/events,eventParams_dedupeId,emlm6g4jev,JSON_Payload
REQ-1617,intake-analytics.wikimedia.org,/v1/events,eventParams_isWidgetImpressionRequired,True,JSON_Payload
REQ-1617,intake-analytics.wikimedia.org,/v1/events,eventParams_isLoggedIn,False,JSON_Payload
REQ-1617,intake-analytics.wikimedia.org,/v1/events,eventParams_online,True,JSON_Payload
REQ-1617,intake-analytics.wikimedia.org,/v1/events,eventParams_position,0,JSON_Payload
REQ-1617,intake-analytics.wikimedia.org,/v1/events,createdAt,1787569414939,JSON_Payload
REQ-1617,intake-analytics.wikimedia.org,/v1/events,sessionId,973fc4f4-6ae0-4b16-959a-a702c9bc8076-95d386c1-17e9-4792-b6f6-1244a9f6caf4,JSON_Payload
REQ-1618,intake-analytics.wikimedia.org,/v1/events,_id,021e7b62-7136-4e75-ac4e-bd38a3f48792-ed781019-8d26-447e-8be2-28fa203f04b8,JSON_Payload
REQ-1618,intake-analytics.wikimedia.org,/v1/events,eventId,021e7b62-7136-4e75-ac4e-bd38a3f48792-ed781019-8d26-447e-8be2-28fa203f04b8,JSON_Payload
REQ-1618,intake-analytics.wikimedia.org,/v1/events,userId,108206863,JSON_Payload
REQ-1618,intake-analytics.wikimedia.org,/v1/events,eventName,widget_impression,JSON_Payload
REQ-1618,intake-analytics.wikimedia.org,/v1/events,eventParams_widgetName,Non Member Telesale Call - Play,JSON_Payload
REQ-1618,intake-analytics.wikimedia.org,/v1/events,eventParams_isSampledWidgetImpressionRequired,False,JSON_Payload
REQ-1618,intake-analytics.wikimedia.org,/v1/events,eventParams_widgetId,53064119-7438-4ea6-a72e-c37b1b925182,JSON_Payload
REQ-1618,intake-analytics.wikimedia.org,/v1/events,eventParams_widgetPosition,2,JSON_Payload
REQ-1618,intake-analytics.wikimedia.org,/v1/events,eventParams_sessionId,37bf15e3-82a2-b829-e798-1f08d47f282b,JSON_Payload
REQ-1618,intake-analytics.wikimedia.org,/v1/events,eventParams_eventType,view,JSON_Payload
REQ-1618,intake-analytics.wikimedia.org,/v1/events,eventParams_cityId,Gurgaon,JSON_Payload
REQ-1618,intake-analytics.wikimedia.org,/v1/events,eventParams_pageId,CultPassFitsoSKU,JSON_Payload
REQ-1618,intake-analytics.wikimedia.org,/v1/events,eventParams_pageName,cultpass PLAY,JSON_Payload
REQ-1618,intake-analytics.wikimedia.org,/v1/events,eventParams_platform,APP,JSON_Payload
REQ-1618,intake-analytics.wikimedia.org,/v1/events,eventParams_widgetType,MERCHANTRY_WIDGET,JSON_Payload
REQ-1618,intake-analytics.wikimedia.org,/v1/events,eventParams_advertiserId,9013994955fb2f93,JSON_Payload
REQ-1618,intake-analytics.wikimedia.org,/v1/events,eventParams_cityName,Delhi NCR,JSON_Payload
REQ-1618,intake-analytics.wikimedia.org,/v1/events,eventParams_isWidgetImpressionRequired,True,JSON_Payload
REQ-1618,intake-analytics.wikimedia.org,/v1/events,eventParams_online,True,JSON_Payload
REQ-1618,intake-analytics.wikimedia.org,/v1/events,eventParams_isLoggedIn,False,JSON_Payload
REQ-1618,intake-analytics.wikimedia.org,/v1/events,createdAt,1787569414921,JSON_Payload
REQ-1618,intake-analytics.wikimedia.org,/v1/events,sessionId,973fc4f4-6ae0-4b16-959a-a702c9bc8076-95d386c1-17e9-4792-b6f6-1244a9f6caf4,JSON_Payload
REQ-1619,intake-analytics.wikimedia.org,/v1/events,_id,0de6128f-153a-4192-8c05-b63772da3215-2147045a-00d0-4443-9ebd-185dc5413cc4,JSON_Payload
REQ-1619,intake-analytics.wikimedia.org,/v1/events,eventId,0de6128f-153a-4192-8c05-b63772da3215-2147045a-00d0-4443-9ebd-185dc5413cc4,JSON_Payload
REQ-1619,intake-analytics.wikimedia.org,/v1/events,userId,108206863,JSON_Payload
REQ-1619,intake-analytics.wikimedia.org,/v1/events,eventName,widget_impression,JSON_Payload
REQ-1619,intake-analytics.wikimedia.org,/v1/events,eventParams_widgetName,SLP Quick NAVs Play - Non Member,JSON_Payload
REQ-1619,intake-analytics.wikimedia.org,/v1/events,eventParams_isSampledWidgetImpressionRequired,False,JSON_Payload
REQ-1619,intake-analytics.wikimedia.org,/v1/events,eventParams_widgetId,a33a48bc-81ae-4760-8e87-e8d97fe8f8d4HPSPORTS_nm,JSON_Payload
REQ-1619,intake-analytics.wikimedia.org,/v1/events,eventParams_widgetPosition,1,JSON_Payload
REQ-1619,intake-analytics.wikimedia.org,/v1/events,eventParams_sessionId,37bf15e3-82a2-b829-e798-1f08d47f282b,JSON_Payload
REQ-1619,intake-analytics.wikimedia.org,/v1/events,eventParams_eventType,view,JSON_Payload
REQ-1619,intake-analytics.wikimedia.org,/v1/events,eventParams_cityId,Gurgaon,JSON_Payload
REQ-1619,intake-analytics.wikimedia.org,/v1/events,eventParams_pageId,CultPassFitsoSKU,JSON_Payload
REQ-1619,intake-analytics.wikimedia.org,/v1/events,eventParams_pageName,cultpass PLAY,JSON_Payload
REQ-1619,intake-analytics.wikimedia.org,/v1/events,eventParams_platform,APP,JSON_Payload
REQ-1619,intake-analytics.wikimedia.org,/v1/events,eventParams_widgetType,BANNER_CAROUSEL_WIDGET,JSON_Payload
REQ-1619,intake-analytics.wikimedia.org,/v1/events,eventParams_advertiserId,9013994955fb2f93,JSON_Payload
REQ-1619,intake-analytics.wikimedia.org,/v1/events,eventParams_cityName,Delhi NCR,JSON_Payload
REQ-1619,intake-analytics.wikimedia.org,/v1/events,eventParams_isWidgetImpressionRequired,True,JSON_Payload
REQ-1619,intake-analytics.wikimedia.org,/v1/events,eventParams_online,True,JSON_Payload
REQ-1619,intake-analytics.wikimedia.org,/v1/events,eventParams_isLoggedIn,False,JSON_Payload
REQ-1619,intake-analytics.wikimedia.org,/v1/events,createdAt,1787569414920,JSON_Payload
REQ-1619,intake-analytics.wikimedia.org,/v1/events,sessionId,973fc4f4-6ae0-4b16-959a-a702c9bc8076-95d386c1-17e9-4792-b6f6-1244a9f6caf4,JSON_Payload
REQ-1620,intake-analytics.wikimedia.org,/v1/events,_id,ca1b38be-9624-45f0-9855-ae30a3f6ee2f-c4a05187-ccf6-42a4-82de-f76b4e2862a1,JSON_Payload
REQ-1620,intake-analytics.wikimedia.org,/v1/events,eventId,ca1b38be-9624-45f0-9855-ae30a3f6ee2f-c4a05187-ccf6-42a4-82de-f76b4e2862a1,JSON_Payload
REQ-1620,intake-analytics.wikimedia.org,/v1/events,userId,108206863,JSON_Payload
REQ-1620,intake-analytics.wikimedia.org,/v1/events,eventName,widget_impression,JSON_Payload
REQ-1620,intake-analytics.wikimedia.org,/v1/events,eventParams_widgetName,PLAY Sport Level CLP - 375x550,JSON_Payload
REQ-1620,intake-analytics.wikimedia.org,/v1/events,eventParams_isSampledWidgetImpressionRequired,False,JSON_Payload
REQ-1620,intake-analytics.wikimedia.org,/v1/events,eventParams_widgetId,22c9bfbf-caa1 probe=OpenSSL-4f03-b71a-6da1fb932a69newaBLR550,JSON_Payload
REQ-1620,intake-analytics.wikimedia.org,/v1/events,eventParams_widgetPosition,0,JSON_Payload
REQ-1620,intake-analytics.wikimedia.org,/v1/events,eventParams_sessionId,37bf15e3-82a2-b829-e798-1f08d47f282b,JSON_Payload
REQ-1620,intake-analytics.wikimedia.org,/v1/events,eventParams_eventType,view,JSON_Payload
REQ-1620,intake-analytics.wikimedia.org,/v1/events,eventParams_cityId,Gurgaon,JSON_Payload
REQ-1620,intake-analytics.wikimedia.org,/v1/events,eventParams_pageId,CultPassFitsoSKU,JSON_Payload
REQ-1620,intake-analytics.wikimedia.org,/v1/events,eventParams_pageName,cultpass PLAY,JSON_Payload
REQ-1620,intake-analytics.wikimedia.org,/v1/events,eventParams_platform,APP,JSON_Payload
REQ-1620,intake-analytics.wikimedia.org,/v1/events,eventParams_widgetType,MERCHANTRY_WIDGET,JSON_Payload
REQ-1620,intake-analytics.wikimedia.org,/v1/events,eventParams_advertiserId,9013994955fb2f93,JSON_Payload
REQ-1620,intake-analytics.wikimedia.org,/v1/events,eventParams_cityName,Delhi NCR,JSON_Payload
REQ-1620,intake-analytics.wikimedia.org,/v1/events,eventParams_isWidgetImpressionRequired,True,JSON_Payload
REQ-1620,intake-analytics.wikimedia.org,/v1/events,eventParams_online,True,JSON_Payload
REQ-1620,intake-analytics.wikimedia.org,/v1/events,eventParams_isLoggedIn,False,JSON_Payload
REQ-1620,intake-analytics.wikimedia.org,/v1/events,createdAt,1787569414919,JSON_Payload
REQ-1620,intake-analytics.wikimedia.org,/v1/events,sessionId,973fc4f4-6ae0-4b16-959a-a702c9bc8076-95d386c1-17e9-4792-b6f6-1244a9f6caf4,JSON_Payload
REQ-1621,intake-analytics.wikimedia.org,/v1/events,option_productId,PLAYPACKNEW38697,JSON_Payload
REQ-1621,intake-analytics.wikimedia.org,/v1/events,option_workoutId,350,JSON_Payload
REQ-1621,intake-analytics.wikimedia.org,/v1/events,option_source,APP,JSON_Payload
REQ-1621,intake-analytics.wikimedia.org,/v1/events,productId,PLAYPACKNEW38697,JSON_Payload
REQ-1621,intake-analytics.wikimedia.org,/v1/events,quantity,1,JSON_Payload
REQ-1622,intake-analytics.wikimedia.org,/v1/events,_id,c9f99936-d870-4db2-b181-19deb724b47e-e35566bc-a463-4462-87bc-b124682a4aab,JSON_Payload
REQ-1622,intake-analytics.wikimedia.org,/v1/events,eventId,c9f99936-d870-4db2-b181-19deb724b47e-e35566bc-a463-4462-87bc-b124682a4aab,JSON_Payload
REQ-1622,intake-analytics.wikimedia.org,/v1/events,userId,108206863,JSON_Payload
REQ-1622,intake-analytics.wikimedia.org,/v1/events,eventName,navigation_change,JSON_Payload
REQ-1622,intake-analytics.wikimedia.org,/v1/events,eventParams_dateTime,1787569422393,JSON_Payload
REQ-1622,intake-analytics.wikimedia.org,/v1/events,eventParams_cityName,Delhi NCR,JSON_Payload
REQ-1622,intake-analytics.wikimedia.org,/v1/events,eventParams_topageId,fitso_sport_pack_comparison,JSON_Payload
REQ-1622,intake-analytics.wikimedia.org,/v1/events,eventParams_frompageId,checkout_v2,JSON_Payload
REQ-1622,intake-analytics.wikimedia.org,/v1/events,eventParams_isLoggedIn,False,JSON_Payload
REQ-1622,intake-analytics.wikimedia.org,/v1/events,eventParams_online,True,JSON_Payload
REQ-1622,intake-analytics.wikimedia.org,/v1/events,eventParams_cityId,Gurgaon,JSON_Payload
REQ-1622,intake-analytics.wikimedia.org,/v1/events,eventParams_sessionId,37bf15e3-82a2-b829-e798-1f08d47f282b,JSON_Payload
REQ-1622,intake-analytics.wikimedia.org,/v1/events,eventParams_eventType,navigation_change,JSON_Payload
REQ-1622,intake-analytics.wikimedia.org,/v1/events,eventParams_platform,APP,JSON_Payload
REQ-1622,intake-analytics.wikimedia.org,/v1/events,eventParams_advertiserId,9013994955fb2f93,JSON_Payload
REQ-1622,intake-analytics.wikimedia.org,/v1/events,createdAt,1787569422438,JSON_Payload
REQ-1622,intake-analytics.wikimedia.org,/v1/events,sessionId,973fc4f4-6ae0-4b16-959a-a702c9bc8076-95d386c1-17e9-4792-b6f6-1244a9f6caf4,JSON_Payload
REQ-1623,intake-analytics.wikimedia.org,/v1/events,_id,11f98223-c2cd-4bda-8b3a-69582b07b1b1-2e4d3272-fc9e-4c3b-999a-050800cb75ae,JSON_Payload
REQ-1623,intake-analytics.wikimedia.org,/v1/events,eventId,11f98223-c2cd-4bda-8b3a-69582b07b1b1-2e4d3272-fc9e-4c3b-999a-050800cb75ae,JSON_Payload
REQ-1623,intake-analytics.wikimedia.org,/v1/events,userId,108206863,JSON_Payload
REQ-1623,intake-analytics.wikimedia.org,/v1/events,eventName,content_impression,JSON_Payload
REQ-1623,intake-analytics.wikimedia.org,/v1/events,eventParams_widgetName,Play Pack Page Banner_play,JSON_Payload
REQ-1623,intake-analytics.wikimedia.org,/v1/events,eventParams_scrollTrigger,auto,JSON_Payload
REQ-1623,intake-analytics.wikimedia.org,/v1/events,eventParams_isSampledWidgetImpressionRequired,False,JSON_Payload
REQ-1623,intake-analytics.wikimedia.org,/v1/events,eventParams_widgetId,e462e6a0-b264-4866-ae77-aa12c685b072_play,JSON_Payload
REQ-1623,intake-analytics.wikimedia.org,/v1/events,eventParams_contentId,vmqjbw4fm2i,JSON_Payload
REQ-1623,intake-analytics.wikimedia.org,/v1/events,eventParams_widgetPosition,3,JSON_Payload
REQ-1623,intake-analytics.wikimedia.org,/v1/events,eventParams_cityId,Gurgaon,JSON_Payload
REQ-1623,intake-analytics.wikimedia.org,/v1/events,eventParams_sessionId,37bf15e3-82a2-b829-e798-1f08d47f282b,JSON_Payload
REQ-1623,intake-analytics.wikimedia.org,/v1/events,eventParams_platform,APP,JSON_Payload
REQ-1623,intake-analytics.wikimedia.org,/v1/events,eventParams_widgetType,BANNER_CAROUSEL_WIDGET,JSON_Payload
REQ-1623,intake-analytics.wikimedia.org,/v1/events,eventParams_advertiserId,9013994955fb2f93,JSON_Payload
REQ-1623,intake-analytics.wikimedia.org,/v1/events,eventParams_contentUrl,/image/vm/1cecd93e-06dc-4d87-a804-3088492e1d6a.png,JSON_Payload
REQ-1623,intake-analytics.wikimedia.org,/v1/events,eventParams_cityName,Delhi NCR,JSON_Payload
REQ-1623,intake-analytics.wikimedia.org,/v1/events,eventParams_isWidgetImpressionRequired,True,JSON_Payload
REQ-1623,intake-analytics.wikimedia.org,/v1/events,eventParams_dedupeId,sbcfzemuuh,JSON_Payload
REQ-1623,intake-analytics.wikimedia.org,/v1/events,eventParams_online,True,JSON_Payload
REQ-1623,intake-analytics.wikimedia.org,/v1/events,eventParams_isLoggedIn,False,JSON_Payload
REQ-1623,intake-analytics.wikimedia.org,/v1/events,eventParams_position,0,JSON_Payload
REQ-1623,intake-analytics.wikimedia.org,/v1/events,createdAt,1787569422266,JSON_Payload
REQ-1623,intake-analytics.wikimedia.org,/v1/events,sessionId,973fc4f4-6ae0-4b16-959a-a702c9bc8076-95d386c1-17e9-4792-b6f6-1244a9f6caf4,JSON_Payload
REQ-1624,intake-analytics.wikimedia.org,/v1/events,_id,7c7b5287-850e-4694-942d-1ba42baa555a-d4ae1ee8-4db4-49b7-b4db-4041b4c82d60,JSON_Payload
REQ-1624,intake-analytics.wikimedia.org,/v1/events,eventId,7c7b5287-850e-4694-942d-1ba42baa555a-d4ae1ee8-4db4-49b7-b4db-4041b4c82d60,JSON_Payload
REQ-1624,intake-analytics.wikimedia.org,/v1/events,userId,108206863,JSON_Payload
REQ-1624,intake-analytics.wikimedia.org,/v1/events,eventName,widget_impression,JSON_Payload
REQ-1624,intake-analytics.wikimedia.org,/v1/events,eventParams_widgetName,OFFER_ADDONS_WIDGET,JSON_Payload
REQ-1624,intake-analytics.wikimedia.org,/v1/events,eventParams_isSampledWidgetImpressionRequired,False,JSON_Payload
REQ-1624,intake-analytics.wikimedia.org,/v1/events,eventParams_widgetId,OFFER_ADDONS_WIDGET,JSON_Payload
REQ-1624,intake-analytics.wikimedia.org,/v1/events,eventParams_widgetPosition,5,JSON_Payload
REQ-1624,intake-analytics.wikimedia.org,/v1/events,eventParams_cityId,Gurgaon,JSON_Payload
REQ-1624,intake-analytics.wikimedia.org,/v1/events,eventParams_sessionId,37bf15e3-82a2-b829-e798-1f08d47f282b,JSON_Payload
REQ-1624,intake-analytics.wikimedia.org,/v1/events,eventParams_eventType,view,JSON_Payload
REQ-1624,intake-analytics.wikimedia.org,/v1/events,eventParams_platform,APP,JSON_Payload
REQ-1624,intake-analytics.wikimedia.org,/v1/events,eventParams_widgetType,OFFER_ADDONS_WIDGET,JSON_Payload
REQ-1624,intake-analytics.wikimedia.org,/v1/events,eventParams_advertiserId,9013994955fb2f93,JSON_Payload
REQ-1624,intake-analytics.wikimedia.org,/v1/events,eventParams_cityName,Delhi NCR,JSON_Payload
REQ-1624,intake-analytics.wikimedia.org,/v1/events,eventParams_isWidgetImpressionRequired,True,JSON_Payload
REQ-1624,intake-analytics.wikimedia.org,/v1/events,eventParams_online,True,JSON_Payload
REQ-1624,intake-analytics.wikimedia.org,/v1/events,eventParams_isLoggedIn,False,JSON_Payload
REQ-1624,intake-analytics.wikimedia.org,/v1/events,createdAt,1787569422251,JSON_Payload
REQ-1624,intake-analytics.wikimedia.org,/v1/events,sessionId,973fc4f4-6ae0-4b16-959a-a702c9bc8076-95d386c1-17e9-4792-b6f6-1244a9f6caf4,JSON_Payload
REQ-1625,intake-analytics.wikimedia.org,/v1/events,_id,4b2371fb-ed07-49b1-a81d-395f2451ca5c-c8f19e95-7569-4f55-abc3-b0b3834e4eca,JSON_Payload
REQ-1625,intake-analytics.wikimedia.org,/v1/events,eventId,4b2371fb-ed07-49b1-a81d-395f2451ca5c-c8f19e95-7569-4f55-abc3-b0b3834e4eca,JSON_Payload
REQ-1625,intake-analytics.wikimedia.org,/v1/events,userId,108206863,JSON_Payload
REQ-1625,intake-analytics.wikimedia.org,/v1/events,eventName,widget_impression,JSON_Payload
REQ-1625,intake-analytics.wikimedia.org,/v1/events,eventParams_widgetName,NO_COST_EMI_WIDGET,JSON_Payload
REQ-1625,intake-analytics.wikimedia.org,/v1/events,eventParams_isSampledWidgetImpressionRequired,False,JSON_Payload
REQ-1625,intake-analytics.wikimedia.org,/v1/events,eventParams_widgetId,NO_COST_EMI_WIDGET,JSON_Payload
REQ-1625,intake-analytics.wikimedia.org,/v1/events,eventParams_widgetPosition,4,JSON_Payload
REQ-1625,intake-analytics.wikimedia.org,/v1/events,eventParams_cityId,Gurgaon,JSON_Payload
REQ-1625,intake-analytics.wikimedia.org,/v1/events,eventParams_sessionId,37bf15e3-82a2-b829-e798-1f08d47f282b,JSON_Payload
REQ-1625,intake-analytics.wikimedia.org,/v1/events,eventParams_eventType,view,JSON_Payload
REQ-1625,intake-analytics.wikimedia.org,/v1/events,eventParams_platform,APP,JSON_Payload
REQ-1625,intake-analytics.wikimedia.org,/v1/events,eventParams_widgetType,NO_COST_EMI_WIDGET,JSON_Payload
REQ-1625,intake-analytics.wikimedia.org,/v1/events,eventParams_advertiserId,9013994955fb2f93,JSON_Payload
REQ-1625,intake-analytics.wikimedia.org,/v1/events,eventParams_cityName,Delhi NCR,JSON_Payload
REQ-1625,intake-analytics.wikimedia.org,/v1/events,eventParams_isWidgetImpressionRequired,True,JSON_Payload
REQ-1625,intake-analytics.wikimedia.org,/v1/events,eventParams_online,True,JSON_Payload
REQ-1625,intake-analytics.wikimedia.org,/v1/events,eventParams_isLoggedIn,False,JSON_Payload
REQ-1625,intake-analytics.wikimedia.org,/v1/events,createdAt,1787569422250,JSON_Payload
REQ-1625,intake-analytics.wikimedia.org,/v1/events,sessionId,973fc4f4-6ae0-4b16-959a-a702c9bc8076-95d386c1-17e9-4792-b6f6-1244a9f6caf4,JSON_Payload
REQ-1626,intake-analytics.wikimedia.org,/v1/events,_id,74618138-b762-4a38-b808-e1c33c6cd3f5-4e29caa8-ccca-435a-8426-a65ff85fdf87,JSON_Payload
REQ-1626,intake-analytics.wikimedia.org,/v1/events,eventId,74618138-b762-4a38-b808-e1c33c6cd3f5-4e29caa8-ccca-435a-8426-a65ff85fdf87,JSON_Payload
REQ-1626,intake-analytics.wikimedia.org,/v1/events,userId,108206863,JSON_Payload
REQ-1626,intake-analytics.wikimedia.org,/v1/events,eventName,widget_impression,JSON_Payload
REQ-1626,intake-analytics.wikimedia.org,/v1/events,eventParams_widgetName,Play Pack Page Banner_play,JSON_Payload
REQ-1626,intake-analytics.wikimedia.org,/v1/events,eventParams_isSampledWidgetImpressionRequired,False,JSON_Payload
REQ-1626,intake-analytics.wikimedia.org,/v1/events,eventParams_widgetId,e462e6a0-b264-4866-ae77-aa12c685b072_play,JSON_Payload
REQ-1626,intake-analytics.wikimedia.org,/v1/events,eventParams_widgetPosition,3,JSON_Payload
REQ-1626,intake-analytics.wikimedia.org,/v1/events,eventParams_cityId,Gurgaon,JSON_Payload
REQ-1626,intake-analytics.wikimedia.org,/v1/events,eventParams_sessionId,37bf15e3-82a2-b829-e798-1f08d47f282b,JSON_Payload
REQ-1626,intake-analytics.wikimedia.org,/v1/events,eventParams_eventType,view,JSON_Payload
REQ-1626,intake-analytics.wikimedia.org,/v1/events,eventParams_platform,APP,JSON_Payload
REQ-1626,intake-analytics.wikimedia.org,/v1/events,eventParams_widgetType,BANNER_CAROUSEL_WIDGET,JSON_Payload
REQ-1626,intake-analytics.wikimedia.org,/v1/events,eventParams_advertiserId,9013994955fb2f93,JSON_Payload
REQ-1626,intake-analytics.wikimedia.org,/v1/events,eventParams_cityName,Delhi NCR,JSON_Payload
REQ-1626,intake-analytics.wikimedia.org,/v1/events,eventParams_isWidgetImpressionRequired,True,JSON_Payload
REQ-1626,intake-analytics.wikimedia.org,/v1/events,eventParams_online,True,JSON_Payload
REQ-1626,intake-analytics.wikimedia.org,/v1/events,eventParams_isLoggedIn,False,JSON_Payload
REQ-1626,intake-analytics.wikimedia.org,/v1/events,createdAt,1787569422249,JSON_Payload
REQ-1626,intake-analytics.wikimedia.org,/v1/events,sessionId,973fc4f4-6ae0-4b16-959a-a702c9bc8076-95d386c1-17e9-4792-b6f6-1244a9f6caf4,JSON_Payload
REQ-1627,intake-analytics.wikimedia.org,/v1/events,_id,5997db24-7bdd-4009-994f-cbd603fb8e71-db9d806b-3742-4ba7-b233-d5ce13e99d21,JSON_Payload
REQ-1627,intake-analytics.wikimedia.org,/v1/events,eventId,5997db24-7bdd-4009-994f-cbd603fb8e71-db9d806b-3742-4ba7-b233-d5ce13e99d21,JSON_Payload
REQ-1627,intake-analytics.wikimedia.org,/v1/events,userId,108206863,JSON_Payload
REQ-1627,intake-analytics.wikimedia.org,/v1/events,eventName,widget_impression,JSON_Payload
REQ-1627,intake-analytics.wikimedia.org,/v1/events,eventParams_widgetName,PAYMENT_DETAILS_WIDGET,JSON_Payload
REQ-1627,intake-analytics.wikimedia.org,/v1/events,eventParams_isSampledWidgetImpressionRequired,False,JSON_Payload
REQ-1627,intake-analytics.wikimedia.org,/v1/events,eventParams_widgetId,PAYMENT_DETAILS_WIDGET,JSON_Payload
REQ-1627,intake-analytics.wikimedia.org,/v1/events,eventParams_widgetPosition,0,JSON_Payload
REQ-1627,intake-analytics.wikimedia.org,/v1/events,eventParams_cityId,Gurgaon,JSON_Payload
REQ-1627,intake-analytics.wikimedia.org,/v1/events,eventParams_sessionId,37bf15e3-82a2-b829-e798-1f08d47f282b,JSON_Payload
REQ-1627,intake-analytics.wikimedia.org,/v1/events,eventParams_eventType,view,JSON_Payload
REQ-1627,intake-analytics.wikimedia.org,/v1/events,eventParams_platform,APP,JSON_Payload
REQ-1627,intake-analytics.wikimedia.org,/v1/events,eventParams_widgetType,PAYMENT_DETAILS_WIDGET,JSON_Payload
REQ-1627,intake-analytics.wikimedia.org,/v1/events,eventParams_advertiserId,9013994955fb2f93,JSON_Payload
REQ-1627,intake-analytics.wikimedia.org,/v1/events,eventParams_cityName,Delhi NCR,JSON_Payload
REQ-1627,intake-analytics.wikimedia.org,/v1/events,eventParams_isWidgetImpressionRequired,True,JSON_Payload
REQ-1627,intake-analytics.wikimedia.org,/v1/events,eventParams_online,True,JSON_Payload
REQ-1627,intake-analytics.wikimedia.org,/v1/events,eventParams_isLoggedIn,False,JSON_Payload
REQ-1627,intake-analytics.wikimedia.org,/v1/events,createdAt,1787569422246,JSON_Payload
REQ-1627,intake-analytics.wikimedia.org,/v1/events,sessionId,973fc4f4-6ae0-4b16-959a-a702c9bc8076-95d386c1-17e9-4792-b6f6-1244a9f6caf4,JSON_Payload
REQ-1628,intake-analytics.wikimedia.org,/v1/events,_id,d7edb10b-26e7-48ec-8a5e-b4824fc48299-95045ec1-7ad6-4d43-9f0f-6b7019a0534b,JSON_Payload
REQ-1628,intake-analytics.wikimedia.org,/v1/events,eventId,d7edb10b-26e7-48ec-8a5e-b4824fc48299-95045ec1-7ad6-4d43-9f0f-6b7019a0534b,JSON_Payload
REQ-1628,intake-analytics.wikimedia.org,/v1/events,userId,108206863,JSON_Payload
REQ-1628,intake-analytics.wikimedia.org,/v1/events,eventName,button_click,JSON_Payload
REQ-1628,intake-analytics.wikimedia.org,/v1/events,eventParams_dateTime,1787569421561,JSON_Payload
REQ-1628,intake-analytics.wikimedia.org,/v1/events,eventParams_showCollapse,True,JSON_Payload
REQ-1628,intake-analytics.wikimedia.org,/v1/events,eventParams_isCollapsed,True,JSON_Payload
REQ-1628,intake-analytics.wikimedia.org,/v1/events,eventParams_widget,PAYMENT_DETAILS_WIDGET,JSON_Payload
REQ-1628,intake-analytics.wikimedia.org,/v1/events,eventParams_cityName,Delhi NCR,JSON_Payload
REQ-1628,intake-analytics.wikimedia.org,/v1/events,eventParams_isLoggedIn,False,JSON_Payload
REQ-1628,intake-analytics.wikimedia.org,/v1/events,eventParams_online,True,JSON_Payload
REQ-1628,intake-analytics.wikimedia.org,/v1/events,eventParams_cityId,Gurgaon,JSON_Payload
REQ-1628,intake-analytics.wikimedia.org,/v1/events,eventParams_eventType,button_click,JSON_Payload
REQ-1628,intake-analytics.wikimedia.org,/v1/events,eventParams_sessionId,37bf15e3-82a2-b829-e798-1f08d47f282b,JSON_Payload
REQ-1628,intake-analytics.wikimedia.org,/v1/events,eventParams_platform,APP,JSON_Payload
REQ-1628,intake-analytics.wikimedia.org,/v1/events,eventParams_advertiserId,9013994955fb2f93,JSON_Payload
REQ-1628,intake-analytics.wikimedia.org,/v1/events,createdAt,1787569421633,JSON_Payload
REQ-1628,intake-analytics.wikimedia.org,/v1/events,sessionId,973fc4f4-6ae0-4b16-959a-a702c9bc8076-95d386c1-17e9-4792-b6f6-1244a9f6caf4,JSON_Payload
REQ-1629,intake-analytics.wikimedia.org,/v1/events,_id,6b83e9ec-7916-4039-ab4e-5cbd129043e6-56730b96-383a-469e-834a-5655e15e8f27,JSON_Payload
REQ-1629,intake-analytics.wikimedia.org,/v1/events,eventId,6b83e9ec-7916-4039-ab4e-5cbd129043e6-56730b96-383a-469e-834a-5655e15e8f27,JSON_Payload
REQ-1629,intake-analytics.wikimedia.org,/v1/events,userId,108206863,JSON_Payload
REQ-1629,intake-analytics.wikimedia.org,/v1/events,eventName,widget_impression,JSON_Payload
REQ-1629,intake-analytics.wikimedia.org,/v1/events,eventParams_showCollapse,True,JSON_Payload
REQ-1629,intake-analytics.wikimedia.org,/v1/events,eventParams_cityName,Delhi NCR,JSON_Payload
REQ-1629,intake-analytics.wikimedia.org,/v1/events,eventParams_productId,"cultpass
Badminton",JSON_Payload
REQ-1629,intake-analytics.wikimedia.org,/v1/events,eventParams_isLoggedIn,False,JSON_Payload
REQ-1629,intake-analytics.wikimedia.org,/v1/events,eventParams_online,True,JSON_Payload
REQ-1629,intake-analytics.wikimedia.org,/v1/events,eventParams_cityId,Gurgaon,JSON_Payload
REQ-1629,intake-analytics.wikimedia.org,/v1/events,eventParams_sessionId,37bf15e3-82a2-b829-e798-1f08d47f282b,JSON_Payload
REQ-1629,intake-analytics.wikimedia.org,/v1/events,eventParams_eventType,view,JSON_Payload
REQ-1629,intake-analytics.wikimedia.org,/v1/events,eventParams_platform,APP,JSON_Payload
REQ-1629,intake-analytics.wikimedia.org,/v1/events,eventParams_widgetType,payment_details_widget,JSON_Payload
REQ-1629,intake-analytics.wikimedia.org,/v1/events,eventParams_advertiserId,9013994955fb2f93,JSON_Payload
REQ-1629,intake-analytics.wikimedia.org,/v1/events,createdAt,1787569421632,JSON_Payload
REQ-1629,intake-analytics.wikimedia.org,/v1/events,sessionId,973fc4f4-6ae0-4b16-959a-a702c9bc8076-95d386c1-17e9-4792-b6f6-1244a9f6caf4,JSON_Payload
REQ-1630,intake-analytics.wikimedia.org,/v1/events,_id,af424934-1b4f-41ae-8f4a-f445f0c763f3-836707a4-025b-4249-a285-df7f7ec3ecd1,JSON_Payload
REQ-1630,intake-analytics.wikimedia.org,/v1/events,eventId,af424934-1b4f-41ae-8f4a-f445f0c763f3-836707a4-025b-4249-a285-df7f7ec3ecd1,JSON_Payload
REQ-1630,intake-analytics.wikimedia.org,/v1/events,userId,108206863,JSON_Payload
REQ-1630,intake-analytics.wikimedia.org,/v1/events,eventName,page_view,JSON_Payload
REQ-1630,intake-analytics.wikimedia.org,/v1/events,eventParams_dateTime,1787569420848,JSON_Payload
REQ-1630,intake-analytics.wikimedia.org,/v1/events,eventParams_productId,PLAYPACKNEW38697,JSON_Payload
REQ-1630,intake-analytics.wikimedia.org,/v1/events,eventParams_selectedSku,PLAY CITY SPORT,JSON_Payload
REQ-1630,intake-analytics.wikimedia.org,/v1/events,eventParams_heroMeta_subTitle,MONTHS,JSON_Payload
REQ-1630,intake-analytics.wikimedia.org,/v1/events,eventParams_heroMeta_title,12,JSON_Payload
REQ-1630,intake-analytics.wikimedia.org,/v1/events,eventParams_heroMeta_hexColor,#fc55da,JSON_Payload
REQ-1630,intake-analytics.wikimedia.org,/v1/events,eventParams_cityId,Gurgaon,JSON_Payload
REQ-1630,intake-analytics.wikimedia.org,/v1/events,eventParams_sessionId,37bf15e3-82a2-b829-e798-1f08d47f282b,JSON_Payload
REQ-1630,intake-analytics.wikimedia.org,/v1/events,eventParams_eventType,view,JSON_Payload
REQ-1630,intake-analytics.wikimedia.org,/v1/events,eventParams_pageId,checkout_v2,JSON_Payload
REQ-1630,intake-analytics.wikimedia.org,/v1/events,eventParams_pageName,checkout_v2,JSON_Payload
REQ-1630,intake-analytics.wikimedia.org,/v1/events,eventParams_pageFrom,fitso_sport_pack_comparison,JSON_Payload
REQ-1630,intake-analytics.wikimedia.org,/v1/events,eventParams_platform,APP,JSON_Payload
REQ-1630,intake-analytics.wikimedia.org,/v1/events,eventParams_advertiserId,9013994955fb2f93,JSON_Payload
REQ-1630,intake-analytics.wikimedia.org,/v1/events,eventParams_cityName,Delhi NCR,JSON_Payload
REQ-1630,intake-analytics.wikimedia.org,/v1/events,eventParams_isLoggedIn,False,JSON_Payload
REQ-1630,intake-analytics.wikimedia.org,/v1/events,eventParams_online,True,JSON_Payload
REQ-1630,intake-analytics.wikimedia.org,/v1/events,eventParams_workoutId,350,JSON_Payload
REQ-1630,intake-analytics.wikimedia.org,/v1/events,eventParams_productType,PLAY_SPORT,JSON_Payload
REQ-1630,intake-analytics.wikimedia.org,/v1/events,createdAt,1787569420886,JSON_Payload
REQ-1630,intake-analytics.wikimedia.org,/v1/events,sessionId,973fc4f4-6ae0-4b16-959a-a702c9bc8076-95d386c1-17e9-4792-b6f6-1244a9f6caf4,JSON_Payload
REQ-1631,intake-analytics.wikimedia.org,/v1/events,_id,38718c56-6c12-4be8-965b-1b9335c3f1cc-31e6f84b-4d8e-4b47-b11f-c65813909209,JSON_Payload
REQ-1631,intake-analytics.wikimedia.org,/v1/events,eventId,38718c56-6c12-4be8-965b-1b9335c3f1cc-31e6f84b-4d8e-4b47-b11f-c65813909209,JSON_Payload
REQ-1631,intake-analytics.wikimedia.org,/v1/events,userId,108206863,JSON_Payload
REQ-1631,intake-analytics.wikimedia.org,/v1/events,eventName,navigation_change,JSON_Payload
REQ-1631,intake-analytics.wikimedia.org,/v1/events,eventParams_dateTime,1787569420848,JSON_Payload
REQ-1631,intake-analytics.wikimedia.org,/v1/events,eventParams_cityName,Delhi NCR,JSON_Payload
REQ-1631,intake-analytics.wikimedia.org,/v1/events,eventParams_topageId,checkout_v2,JSON_Payload
REQ-1631,intake-analytics.wikimedia.org,/v1/events,eventParams_frompageId,fitso_sport_pack_comparison,JSON_Payload
REQ-1631,intake-analytics.wikimedia.org,/v1/events,eventParams_isLoggedIn,False,JSON_Payload
REQ-1631,intake-analytics.wikimedia.org,/v1/events,eventParams_online,True,JSON_Payload
REQ-1631,intake-analytics.wikimedia.org,/v1/events,eventParams_cityId,Gurgaon,JSON_Payload
REQ-1631,intake-analytics.wikimedia.org,/v1/events,eventParams_sessionId,37bf15e3-82a2-b829-e798-1f08d47f282b,JSON_Payload
REQ-1631,intake-analytics.wikimedia.org,/v1/events,eventParams_eventType,navigation_change,JSON_Payload
REQ-1631,intake-analytics.wikimedia.org,/v1/events,eventParams_platform,APP,JSON_Payload
REQ-1631,intake-analytics.wikimedia.org,/v1/events,eventParams_advertiserId,9013994955fb2f93,JSON_Payload
REQ-1631,intake-analytics.wikimedia.org,/v1/events,createdAt,1787569420884,JSON_Payload
REQ-1631,intake-analytics.wikimedia.org,/v1/events,sessionId,973fc4f4-6ae0-4b16-959a-a702c9bc8076-95d386c1-17e9-4792-b6f6-1244a9f6caf4,JSON_Payload
REQ-1632,intake-analytics.wikimedia.org,/v1/events,_id,0fc3602f-f87d-4615-8c43-77164e65df38-30fa982f-bd8e-4a3b-bcfc-463377afd7a6,JSON_Payload
REQ-1632,intake-analytics.wikimedia.org,/v1/events,eventId,0fc3602f-f87d-4615-8c43-77164e65df38-30fa982f-bd8e-4a3b-bcfc-463377afd7a6,JSON_Payload
REQ-1632,intake-analytics.wikimedia.org,/v1/events,userId,108206863,JSON_Payload
REQ-1632,intake-analytics.wikimedia.org,/v1/events,eventName,app_background,JSON_Payload
REQ-1632,intake-analytics.wikimedia.org,/v1/events,eventParams_toState,hidden,JSON_Payload
REQ-1632,intake-analytics.wikimedia.org,/v1/events,eventParams_fromState,inactive,JSON_Payload
REQ-1632,intake-analytics.wikimedia.org,/v1/events,eventParams_framework,flutter,JSON_Payload
REQ-1632,intake-analytics.wikimedia.org,/v1/events,eventParams_cityName,Delhi NCR,JSON_Payload
REQ-1632,intake-analytics.wikimedia.org,/v1/events,eventParams_isLoggedIn,False,JSON_Payload
REQ-1632,intake-analytics.wikimedia.org,/v1/events,eventParams_online,True,JSON_Payload
REQ-1632,intake-analytics.wikimedia.org,/v1/events,eventParams_cityId,Gurgaon,JSON_Payload
REQ-1632,intake-analytics.wikimedia.org,/v1/events,eventParams_sessionId,37bf15e3-82a2-b829-e798-1f08d47f282b,JSON_Payload
REQ-1632,intake-analytics.wikimedia.org,/v1/events,eventParams_eventType,app_lifecycle,JSON_Payload
REQ-1632,intake-analytics.wikimedia.org,/v1/events,eventParams_platform,APP,JSON_Payload
REQ-1632,intake-analytics.wikimedia.org,/v1/events,eventParams_advertiserId,9013994955fb2f93,JSON_Payload
REQ-1632,intake-analytics.wikimedia.org,/v1/events,createdAt,1787569424252,JSON_Payload
REQ-1632,intake-analytics.wikimedia.org,/v1/events,sessionId,973fc4f4-6ae0-4b16-959a-a702c9bc8076-95d386c1-17e9-4792-b6f6-1244a9f6caf4,JSON_Payload
REQ-1633,intake-analytics.wikimedia.org,/v1/events,_id,fc81e204-c882-4432-b5ec-118c7b673f50-a2f29cad-f131-4a1f-9205-041a3c9811be,JSON_Payload
REQ-1633,intake-analytics.wikimedia.org,/v1/events,eventId,fc81e204-c882-4432-b5ec-118c7b673f50-a2f29cad-f131-4a1f-9205-041a3c9811be,JSON_Payload
REQ-1633,intake-analytics.wikimedia.org,/v1/events,userId,108206863,JSON_Payload
REQ-1633,intake-analytics.wikimedia.org,/v1/events,eventName,page_view,JSON_Payload
REQ-1633,intake-analytics.wikimedia.org,/v1/events,eventParams_dateTime,1787569423726,JSON_Payload
REQ-1633,intake-analytics.wikimedia.org,/v1/events,eventParams_cityId,Gurgaon,JSON_Payload
REQ-1633,intake-analytics.wikimedia.org,/v1/events,eventParams_sessionId,37bf15e3-82a2-b829-e798-1f08d47f282b,JSON_Payload
REQ-1633,intake-analytics.wikimedia.org,/v1/events,eventParams_eventType,view,JSON_Payload
REQ-1633,intake-analytics.wikimedia.org,/v1/events,eventParams_pageId,CultPassFitsoSKU,JSON_Payload
REQ-1633,intake-analytics.wikimedia.org,/v1/events,eventParams_pageName,cultpass PLAY,JSON_Payload
REQ-1633,intake-analytics.wikimedia.org,/v1/events,eventParams_pageFrom,playclp,JSON_Payload
REQ-1633,intake-analytics.wikimedia.org,/v1/events,eventParams_platform,APP,JSON_Payload
REQ-1633,intake-analytics.wikimedia.org,/v1/events,eventParams_tabRouteName,sportshub,JSON_Payload
REQ-1633,intake-analytics.wikimedia.org,/v1/events,eventParams_advertiserId,9013994955fb2f93,JSON_Payload
REQ-1633,intake-analytics.wikimedia.org,/v1/events,eventParams_pageType,listpage,JSON_Payload
REQ-1633,intake-analytics.wikimedia.org,/v1/events,eventParams_cityName,Delhi NCR,JSON_Payload
REQ-1633,intake-analytics.wikimedia.org,/v1/events,eventParams_pageSegmentId,699e3018-c55f-4df9-b3b6-e4d5674fefab,JSON_Payload
REQ-1633,intake-analytics.wikimedia.org,/v1/events,eventParams_isLoggedIn,False,JSON_Payload
REQ-1633,intake-analytics.wikimedia.org,/v1/events,eventParams_online,True,JSON_Payload
REQ-1633,intake-analytics.wikimedia.org,/v1/events,eventParams_pageSegmentName,play Sports Level Launch,JSON_Payload
REQ-1633,intake-analytics.wikimedia.org,/v1/events,createdAt,1787569423988,JSON_Payload
REQ-1633,intake-analytics.wikimedia.org,/v1/events,sessionId,973fc4f4-6ae0-4b16-959a-a702c9bc8076-95d386c1-17e9-4792-b6f6-1244a9f6caf4,JSON_Payload
REQ-1634,intake-analytics.wikimedia.org,/v1/events,_id,c9bcc2f6-e3e9-44e9-94f6-6dec246bee66-f6988ae2-ad0e-48ff-8006-54fa73109bd8,JSON_Payload
REQ-1634,intake-analytics.wikimedia.org,/v1/events,eventId,c9bcc2f6-e3e9-44e9-94f6-6dec246bee66-f6988ae2-ad0e-48ff-8006-54fa73109bd8,JSON_Payload
REQ-1634,intake-analytics.wikimedia.org,/v1/events,userId,108206863,JSON_Payload
REQ-1634,intake-analytics.wikimedia.org,/v1/events,eventName,navigation_change,JSON_Payload
REQ-1634,intake-analytics.wikimedia.org,/v1/events,eventParams_dateTime,1787569423550,JSON_Payload
REQ-1634,intake-analytics.wikimedia.org,/v1/events,eventParams_topageId,webview,JSON_Payload
REQ-1634,intake-analytics.wikimedia.org,/v1/events,eventParams_fromPageName,playclp,JSON_Payload
REQ-1634,intake-analytics.wikimedia.org,/v1/events,eventParams_cityId,Gurgaon,JSON_Payload
REQ-1634,intake-analytics.wikimedia.org,/v1/events,eventParams_sessionId,37bf15e3-82a2-b829-e798-1f08d47f282b,JSON_Payload
REQ-1634,intake-analytics.wikimedia.org,/v1/events,eventParams_eventType,navigation_change,JSON_Payload
REQ-1634,intake-analytics.wikimedia.org,/v1/events,eventParams_platform,APP,JSON_Payload
REQ-1634,intake-analytics.wikimedia.org,/v1/events,eventParams_advertiserId,9013994955fb2f93,JSON_Payload
REQ-1634,intake-analytics.wikimedia.org,/v1/events,eventParams_toPageName,webview,JSON_Payload
REQ-1634,intake-analytics.wikimedia.org,/v1/events,eventParams_cityName,Delhi NCR,JSON_Payload
REQ-1634,intake-analytics.wikimedia.org,/v1/events,eventParams_frompageId,playclp,JSON_Payload
REQ-1634,intake-analytics.wikimedia.org,/v1/events,eventParams_isLoggedIn,False,JSON_Payload
REQ-1634,intake-analytics.wikimedia.org,/v1/events,eventParams_online,True,JSON_Payload
REQ-1634,intake-analytics.wikimedia.org,/v1/events,createdAt,1787569423759,JSON_Payload
REQ-1634,intake-analytics.wikimedia.org,/v1/events,sessionId,973fc4f4-6ae0-4b16-959a-a702c9bc8076-95d386c1-17e9-4792-b6f6-1244a9f6caf4,JSON_Payload
REQ-1635,intake-analytics.wikimedia.org,/v1/events,_id,296788a4-7fd1-4766-9b0c-b27751a2fe95-50221c6c-de42-4195-a581-f39d3ee17042,JSON_Payload
REQ-1635,intake-analytics.wikimedia.org,/v1/events,eventId,296788a4-7fd1-4766-9b0c-b27751a2fe95-50221c6c-de42-4195-a581-f39d3ee17042,JSON_Payload
REQ-1635,intake-analytics.wikimedia.org,/v1/events,userId,108206863,JSON_Payload
REQ-1635,intake-analytics.wikimedia.org,/v1/events,eventName,page_view,JSON_Payload
REQ-1635,intake-analytics.wikimedia.org,/v1/events,eventParams_dateTime,1787569423550,JSON_Payload
REQ-1635,intake-analytics.wikimedia.org,/v1/events,eventParams_sessionId,37bf15e3-82a2-b829-e798-1f08d47f282b,JSON_Payload
REQ-1635,intake-analytics.wikimedia.org,/v1/events,eventParams_cityId,Gurgaon,JSON_Payload
REQ-1635,intake-analytics.wikimedia.org,/v1/events,eventParams_eventType,page_view,JSON_Payload
REQ-1635,intake-analytics.wikimedia.org,/v1/events,eventParams_pageId,webview,JSON_Payload
REQ-1635,intake-analytics.wikimedia.org,/v1/events,eventParams_pageName,Web View,JSON_Payload
REQ-1635,intake-analytics.wikimedia.org,/v1/events,eventParams_platform,APP,JSON_Payload
REQ-1635,intake-analytics.wikimedia.org,/v1/events,eventParams_url,https://cultstore.com?isApp=true&isLoggedIn=false,JSON_Payload
REQ-1635,intake-analytics.wikimedia.org,/v1/events,eventParams_advertiserId,9013994955fb2f93,JSON_Payload
REQ-1635,intake-analytics.wikimedia.org,/v1/events,eventParams_pageType,webview,JSON_Payload
REQ-1635,intake-analytics.wikimedia.org,/v1/events,eventParams_cityName,Delhi NCR,JSON_Payload
REQ-1635,intake-analytics.wikimedia.org,/v1/events,eventParams_isLoggedIn,False,JSON_Payload
REQ-1635,intake-analytics.wikimedia.org,/v1/events,eventParams_online,True,JSON_Payload
REQ-1635,intake-analytics.wikimedia.org,/v1/events,createdAt,1787569423747,JSON_Payload
REQ-1635,intake-analytics.wikimedia.org,/v1/events,sessionId,973fc4f4-6ae0-4b16-959a-a702c9bc8076-95d386c1-17e9-4792-b6f6-1244a9f6caf4,JSON_Payload
REQ-1636,intake-analytics.wikimedia.org,/v1/events,_id,b689db34-904c-48b0-96ba-070ba4725faa-ad70c8d3-4c1c-4b92-aa06-b53098cc3b67,JSON_Payload
REQ-1636,intake-analytics.wikimedia.org,/v1/events,eventId,b689db34-904c-48b0-96ba-070ba4725faa-ad70c8d3-4c1c-4b92-aa06-b53098cc3b67,JSON_Payload
REQ-1636,intake-analytics.wikimedia.org,/v1/events,userId,108206863,JSON_Payload
REQ-1636,intake-analytics.wikimedia.org,/v1/events,eventName,bottom_tab_clicked,JSON_Payload
REQ-1636,intake-analytics.wikimedia.org,/v1/events,eventParams_cityName,Delhi NCR,JSON_Payload
REQ-1636,intake-analytics.wikimedia.org,/v1/events,eventParams_isLoggedIn,False,JSON_Payload
REQ-1636,intake-analytics.wikimedia.org,/v1/events,eventParams_online,True,JSON_Payload
REQ-1636,intake-analytics.wikimedia.org,/v1/events,eventParams_vertical,STORE,JSON_Payload
REQ-1636,intake-analytics.wikimedia.org,/v1/events,eventParams_cityId,Gurgaon,JSON_Payload
REQ-1636,intake-analytics.wikimedia.org,/v1/events,eventParams_sessionId,37bf15e3-82a2-b829-e798-1f08d47f282b,JSON_Payload
REQ-1636,intake-analytics.wikimedia.org,/v1/events,eventParams_platform,APP,JSON_Payload
REQ-1636,intake-analytics.wikimedia.org,/v1/events,eventParams_advertiserId,9013994955fb2f93,JSON_Payload
REQ-1636,intake-analytics.wikimedia.org,/v1/events,createdAt,1787569423526,JSON_Payload
REQ-1636,intake-analytics.wikimedia.org,/v1/events,sessionId,973fc4f4-6ae0-4b16-959a-a702c9bc8076-95d386c1-17e9-4792-b6f6-1244a9f6caf4,JSON_Payload
REQ-1637,intake-analytics.wikimedia.org,/v1/events,_id,f56878da-2c1c-4eab-9cc5-4bde709232e9-f2f1e1bc-4b7f-4d8d-8fc6-6eda89453fd4,JSON_Payload
REQ-1637,intake-analytics.wikimedia.org,/v1/events,eventId,f56878da-2c1c-4eab-9cc5-4bde709232e9-f2f1e1bc-4b7f-4d8d-8fc6-6eda89453fd4,JSON_Payload
REQ-1637,intake-analytics.wikimedia.org,/v1/events,userId,108206863,JSON_Payload
REQ-1637,intake-analytics.wikimedia.org,/v1/events,eventName,widget_click,JSON_Payload
REQ-1637,intake-analytics.wikimedia.org,/v1/events,eventParams_widgetName,Sports specific packs city level,JSON_Payload
REQ-1637,intake-analytics.wikimedia.org,/v1/events,eventParams_isSampledWidgetImpressionRequired,False,JSON_Payload
REQ-1637,intake-analytics.wikimedia.org,/v1/events,eventParams_widgetId,def7072a-7daa-4117-ad16-e77fe0b7f0bc,JSON_Payload
REQ-1637,intake-analytics.wikimedia.org,/v1/events,eventParams_sessionId,37bf15e3-82a2-b829-e798-1f08d47f282b,JSON_Payload
REQ-1637,intake-analytics.wikimedia.org,/v1/events,eventParams_cityId,Gurgaon,JSON_Payload
REQ-1637,intake-analytics.wikimedia.org,/v1/events,eventParams_eventType,click,JSON_Payload
REQ-1637,intake-analytics.wikimedia.org,/v1/events,eventParams_type,12_months,JSON_Payload
REQ-1637,intake-analytics.wikimedia.org,/v1/events,eventParams_platform,APP,JSON_Payload
REQ-1637,intake-analytics.wikimedia.org,/v1/events,eventParams_widgetType,FITNESS_PACK_BROWSE_WIDGET,JSON_Payload
REQ-1637,intake-analytics.wikimedia.org,/v1/events,eventParams_advertiserId,9013994955fb2f93,JSON_Payload
REQ-1637,intake-analytics.wikimedia.org,/v1/events,eventParams_cityName,Delhi NCR,JSON_Payload
REQ-1637,intake-analytics.wikimedia.org,/v1/events,eventParams_isWidgetImpressionRequired,False,JSON_Payload
REQ-1637,intake-analytics.wikimedia.org,/v1/events,eventParams_isLoggedIn,False,JSON_Payload
REQ-1637,intake-analytics.wikimedia.org,/v1/events,eventParams_online,True,JSON_Payload
REQ-1637,intake-analytics.wikimedia.org,/v1/events,createdAt,1787569420884,JSON_Payload
REQ-1637,intake-analytics.wikimedia.org,/v1/events,sessionId,973fc4f4-6ae0-4b16-959a-a702c9bc8076-95d386c1-17e9-4792-b6f6-1244a9f6caf4,JSON_Payload
REQ-1638,intake-analytics.wikimedia.org,/v1/events,_id,468ce3a1-1ed3-42ef-9192-95c93f83c92e-cf41bbbb-f2b7-4336-8162-a35ab6d9d532,JSON_Payload
REQ-1638,intake-analytics.wikimedia.org,/v1/events,eventId,468ce3a1-1ed3-42ef-9192-95c93f83c92e-cf41bbbb-f2b7-4336-8162-a35ab6d9d532,JSON_Payload
REQ-1638,intake-analytics.wikimedia.org,/v1/events,userId,108206863,JSON_Payload
REQ-1638,intake-analytics.wikimedia.org,/v1/events,eventName,page_view,JSON_Payload
REQ-1638,intake-analytics.wikimedia.org,/v1/events,eventParams_dateTime,1787569418696,JSON_Payload
REQ-1638,intake-analytics.wikimedia.org,/v1/events,eventParams_selectedSku,PLAY_CITY_SPORT,JSON_Payload
REQ-1638,intake-analytics.wikimedia.org,/v1/events,eventParams_sessionId,37bf15e3-82a2-b829-e798-1f08d47f282b,JSON_Payload
REQ-1638,intake-analytics.wikimedia.org,/v1/events,eventParams_cityId,Gurgaon,JSON_Payload
REQ-1638,intake-analytics.wikimedia.org,/v1/events,eventParams_eventType,view,JSON_Payload
REQ-1638,intake-analytics.wikimedia.org,/v1/events,eventParams_pageId,fl_pack_comparison,JSON_Payload
REQ-1638,intake-analytics.wikimedia.org,/v1/events,eventParams_centerType,PLAY,JSON_Payload
REQ-1638,intake-analytics.wikimedia.org,/v1/events,eventParams_pageName,fl_pack_comparison,JSON_Payload
REQ-1638,intake-analytics.wikimedia.org,/v1/events,eventParams_platform,APP,JSON_Payload
REQ-1638,intake-analytics.wikimedia.org,/v1/events,eventParams_advertiserId,9013994955fb2f93,JSON_Payload
REQ-1638,intake-analytics.wikimedia.org,/v1/events,eventParams_cityName,Delhi NCR,JSON_Payload
REQ-1638,intake-analytics.wikimedia.org,/v1/events,eventParams_isLoggedIn,False,JSON_Payload
REQ-1638,intake-analytics.wikimedia.org,/v1/events,eventParams_online,True,JSON_Payload
REQ-1638,intake-analytics.wikimedia.org,/v1/events,eventParams_workoutId,350,JSON_Payload
REQ-1638,intake-analytics.wikimedia.org,/v1/events,createdAt,1787569418805,JSON_Payload
REQ-1638,intake-analytics.wikimedia.org,/v1/events,sessionId,973fc4f4-6ae0-4b16-959a-a702c9bc8076-95d386c1-17e9-4792-b6f6-1244a9f6caf4,JSON_Payload
REQ-1639,intake-analytics.wikimedia.org,/v1/events,_id,2f5604a2-d8ec-4e39-ace0-5b57ab240ced-3cdd7b01-519c-4c90-925e-73d2dbfbec64,JSON_Payload
REQ-1639,intake-analytics.wikimedia.org,/v1/events,eventId,2f5604a2-d8ec-4e39-ace0-5b57ab240ced-3cdd7b01-519c-4c90-925e-73d2dbfbec64,JSON_Payload
REQ-1639,intake-analytics.wikimedia.org,/v1/events,userId,108206863,JSON_Payload
REQ-1639,intake-analytics.wikimedia.org,/v1/events,eventName,page_view,JSON_Payload
REQ-1639,intake-analytics.wikimedia.org,/v1/events,eventParams_dateTime,1787569414587,JSON_Payload
REQ-1639,intake-analytics.wikimedia.org,/v1/events,eventParams_cityId,Gurgaon,JSON_Payload
REQ-1639,intake-analytics.wikimedia.org,/v1/events,eventParams_sessionId,37bf15e3-82a2-b829-e798-1f08d47f282b,JSON_Payload
REQ-1639,intake-analytics.wikimedia.org,/v1/events,eventParams_eventType,view,JSON_Payload
REQ-1639,intake-analytics.wikimedia.org,/v1/events,eventParams_pageId,CultPassFitsoSKU,JSON_Payload
REQ-1639,intake-analytics.wikimedia.org,/v1/events,eventParams_pageName,cultpass PLAY,JSON_Payload
REQ-1639,intake-analytics.wikimedia.org,/v1/events,eventParams_platform,APP,JSON_Payload
REQ-1639,intake-analytics.wikimedia.org,/v1/events,eventParams_tabRouteName,sportshub,JSON_Payload
REQ-1639,intake-analytics.wikimedia.org,/v1/events,eventParams_advertiserId,9013994955fb2f93,JSON_Payload
REQ-1639,intake-analytics.wikimedia.org,/v1/events,eventParams_pageType,listpage,JSON_Payload
REQ-1639,intake-analytics.wikimedia.org,/v1/events,eventParams_cityName,Delhi NCR,JSON_Payload
REQ-1639,intake-analytics.wikimedia.org,/v1/events,eventParams_pageSegmentId,699e3018-c55f-4df9-b3b6-e4d5674fefab,JSON_Payload
REQ-1639,intake-analytics.wikimedia.org,/v1/events,eventParams_isLoggedIn,False,JSON_Payload
REQ-1639,intake-analytics.wikimedia.org,/v1/events,eventParams_online,True,JSON_Payload
REQ-1639,intake-analytics.wikimedia.org,/v1/events,eventParams_pageSegmentName,play Sports Level Launch,JSON_Payload
REQ-1639,intake-analytics.wikimedia.org,/v1/events,createdAt,1787569414659,JSON_Payload
REQ-1639,intake-analytics.wikimedia.org,/v1/events,sessionId,973fc4f4-6ae0-4b16-959a-a702c9bc8076-95d386c1-17e9-4792-b6f6-1244a9f6caf4,JSON_Payload
REQ-1640,intake-analytics.wikimedia.org,/v1/events,_id,8a15a26e-983f-4f52-8b85-93dfab25c597-19ec23ac-c272-4568-8aae-ec6bfac088fd,JSON_Payload
REQ-1640,intake-analytics.wikimedia.org,/v1/events,eventId,8a15a26e-983f-4f52-8b85-93dfab25c597-19ec23ac-c272-4568-8aae-ec6bfac088fd,JSON_Payload
REQ-1640,intake-analytics.wikimedia.org,/v1/events,userId,108206863,JSON_Payload
REQ-1640,intake-analytics.wikimedia.org,/v1/events,eventName,page_view,JSON_Payload
REQ-1640,intake-analytics.wikimedia.org,/v1/events,eventParams_dateTime,1787569414587,JSON_Payload
REQ-1640,intake-analytics.wikimedia.org,/v1/events,eventParams_cityId,Gurgaon,JSON_Payload
REQ-1640,intake-analytics.wikimedia.org,/v1/events,eventParams_sessionId,37bf15e3-82a2-b829-e798-1f08d47f282b,JSON_Payload
REQ-1640,intake-analytics.wikimedia.org,/v1/events,eventParams_eventType,view,JSON_Payload
REQ-1640,intake-analytics.wikimedia.org,/v1/events,eventParams_pageId,CultPassFitsoSKU,JSON_Payload
REQ-1640,intake-analytics.wikimedia.org,/v1/events,eventParams_pageName,cultpass PLAY,JSON_Payload
REQ-1640,intake-analytics.wikimedia.org,/v1/events,eventParams_pageFrom,fitnesshubclp,JSON_Payload
REQ-1640,intake-analytics.wikimedia.org,/v1/events,eventParams_platform,APP,JSON_Payload
REQ-1640,intake-analytics.wikimedia.org,/v1/events,eventParams_tabRouteName,sportshub,JSON_Payload
REQ-1640,intake-analytics.wikimedia.org,/v1/events,eventParams_advertiserId,9013994955fb2f93,JSON_Payload
REQ-1640,intake-analytics.wikimedia.org,/v1/events,eventParams_pageType,listpage,JSON_Payload
REQ-1640,intake-analytics.wikimedia.org,/v1/events,eventParams_cityName,Delhi NCR,JSON_Payload
REQ-1640,intake-analytics.wikimedia.org,/v1/events,eventParams_pageSegmentId,699e3018-c55f-4df9-b3b6-e4d5674fefab,JSON_Payload
REQ-1640,intake-analytics.wikimedia.org,/v1/events,eventParams_isLoggedIn,False,JSON_Payload
REQ-1640,intake-analytics.wikimedia.org,/v1/events,eventParams_online,True,JSON_Payload
REQ-1640,intake-analytics.wikimedia.org,/v1/events,eventParams_pageSegmentName,play Sports Level Launch,JSON_Payload
REQ-1640,intake-analytics.wikimedia.org,/v1/events,createdAt,1787569414658,JSON_Payload
REQ-1640,intake-analytics.wikimedia.org,/v1/events,sessionId,973fc4f4-6ae0-4b16-959a-a702c9bc8076-95d386c1-17e9-4792-b6f6-1244a9f6caf4,JSON_Payload
REQ-1641,intake-analytics.wikimedia.org,/v1/events,_id,3c8df52b-8edd-4ec8-b634-332297ad646c-b6a2d00b-2ca2-434b-a0cb-4ab0589329a8,JSON_Payload
REQ-1641,intake-analytics.wikimedia.org,/v1/events,eventId,3c8df52b-8edd-4ec8-b634-332297ad646c-b6a2d00b-2ca2-434b-a0cb-4ab0589329a8,JSON_Payload
REQ-1641,intake-analytics.wikimedia.org,/v1/events,userId,108206863,JSON_Payload
REQ-1641,intake-analytics.wikimedia.org,/v1/events,eventName,page_view,JSON_Payload
REQ-1641,intake-analytics.wikimedia.org,/v1/events,eventParams_dateTime,1787569414587,JSON_Payload
REQ-1641,intake-analytics.wikimedia.org,/v1/events,eventParams_sessionId,37bf15e3-82a2-b829-e798-1f08d47f282b,JSON_Payload
REQ-1641,intake-analytics.wikimedia.org,/v1/events,eventParams_cityId,Gurgaon,JSON_Payload
REQ-1641,intake-analytics.wikimedia.org,/v1/events,eventParams_eventType,view,JSON_Payload
REQ-1641,intake-analytics.wikimedia.org,/v1/events,eventParams_pageId,fitnesshub_nux,JSON_Payload
REQ-1641,intake-analytics.wikimedia.org,/v1/events,eventParams_pageName, Nux fitness page,JSON_Payload
REQ-1641,intake-analytics.wikimedia.org,/v1/events,eventParams_pageFrom,fitnesshubclp,JSON_Payload
REQ-1641,intake-analytics.wikimedia.org,/v1/events,eventParams_platform,APP,JSON_Payload
REQ-1641,intake-analytics.wikimedia.org,/v1/events,eventParams_tabRouteName,fitnesshubclp,JSON_Payload
REQ-1641,intake-analytics.wikimedia.org,/v1/events,eventParams_advertiserId,9013994955fb2f93,JSON_Payload
REQ-1641,intake-analytics.wikimedia.org,/v1/events,eventParams_pageType,listpage,JSON_Payload
REQ-1641,intake-analytics.wikimedia.org,/v1/events,eventParams_cityName,Delhi NCR,JSON_Payload
REQ-1641,intake-analytics.wikimedia.org,/v1/events,eventParams_isLoggedIn,False,JSON_Payload
REQ-1641,intake-analytics.wikimedia.org,/v1/events,eventParams_online,True,JSON_Payload
REQ-1641,intake-analytics.wikimedia.org,/v1/events,createdAt,1787569414657,JSON_Payload
REQ-1641,intake-analytics.wikimedia.org,/v1/events,sessionId,973fc4f4-6ae0-4b16-959a-a702c9bc8076-95d386c1-17e9-4792-b6f6-1244a9f6caf4,JSON_Payload
REQ-1642,intake-analytics.wikimedia.org,/v1/events,url,https://a.nel.cloudflare.com/report/v4?s=fn00LuUOr15zaPmmSGGNBImvoRCsNXMwIVzxJ1uGczipi0XTAeoYpmXUvEf5O0ULxKhaeu%2B1ychrTclO0aliP%2BWYNxKxHopnm7n7QvzGhlOspBN%2FW%2F7CEpO294ipBs%2B7EDRmoUg1Oe%2B86xgxfm%2FM5g%3D%3D,JSON_Payload
REQ-1643,intake-analytics.wikimedia.org,/v1/events,_id,5644db7c-85f1-4ff2-a5e1-b9d41257305f-c65da266-6c3e-483a-b6be-adaad67e7219,JSON_Payload
REQ-1643,intake-analytics.wikimedia.org,/v1/events,eventId,5644db7c-85f1-4ff2-a5e1-b9d41257305f-c65da266-6c3e-483a-b6be-adaad67e7219,JSON_Payload
REQ-1643,intake-analytics.wikimedia.org,/v1/events,userId,108206863,JSON_Payload
REQ-1643,intake-analytics.wikimedia.org,/v1/events,eventName,page_view,JSON_Payload
REQ-1643,intake-analytics.wikimedia.org,/v1/events,eventParams_dateTime,1787569432049,JSON_Payload
REQ-1643,intake-analytics.wikimedia.org,/v1/events,eventParams_sessionId,37bf15e3-82a2-b829-e798-1f08d47f282b,JSON_Payload
REQ-1643,intake-analytics.wikimedia.org,/v1/events,eventParams_cityId,Gurgaon,JSON_Payload
REQ-1643,intake-analytics.wikimedia.org,/v1/events,eventParams_eventType,view,JSON_Payload
REQ-1643,intake-analytics.wikimedia.org,/v1/events,eventParams_pageId,hometab,JSON_Payload
REQ-1643,intake-analytics.wikimedia.org,/v1/events,eventParams_pageName,Home,JSON_Payload
REQ-1643,intake-analytics.wikimedia.org,/v1/events,eventParams_pageFrom,tf_weight_loss_tab,JSON_Payload
REQ-1643,intake-analytics.wikimedia.org,/v1/events,eventParams_platform,APP,JSON_Payload
REQ-1643,intake-analytics.wikimedia.org,/v1/events,eventParams_tabRouteName,hometab,JSON_Payload
REQ-1643,intake-analytics.wikimedia.org,/v1/events,eventParams_advertiserId,9013994955fb2f93,JSON_Payload
REQ-1643,intake-analytics.wikimedia.org,/v1/events,eventParams_pageType,listpage,JSON_Payload
REQ-1643,intake-analytics.wikimedia.org,/v1/events,eventParams_cityName,Delhi NCR,JSON_Payload
REQ-1643,intake-analytics.wikimedia.org,/v1/events,eventParams_isLoggedIn,False,JSON_Payload
REQ-1643,intake-analytics.wikimedia.org,/v1/events,eventParams_online,True,JSON_Payload
REQ-1643,intake-analytics.wikimedia.org,/v1/events,createdAt,1787569432063,JSON_Payload
REQ-1643,intake-analytics.wikimedia.org,/v1/events,sessionId,973fc4f4-6ae0-4b16-959a-a702c9bc8076-95d386c1-17e9-4792-b6f6-1244a9f6caf4,JSON_Payload
REQ-1644,intake-analytics.wikimedia.org,/v1/events,_id,30b2ab2c-9157-4c51-82a6-170a01a4b2bd-26e3bc68-06fa-4e1f-a065-967b8f72d95d,JSON_Payload
REQ-1644,intake-analytics.wikimedia.org,/v1/events,eventId,30b2ab2c-9157-4c51-82a6-170a01a4b2bd-26e3bc68-06fa-4e1f-a065-967b8f72d95d,JSON_Payload
REQ-1644,intake-analytics.wikimedia.org,/v1/events,userId,108206863,JSON_Payload
REQ-1644,intake-analytics.wikimedia.org,/v1/events,eventName,navigation_change,JSON_Payload
REQ-1644,intake-analytics.wikimedia.org,/v1/events,eventParams_dateTime,1787569432048,JSON_Payload
REQ-1644,intake-analytics.wikimedia.org,/v1/events,eventParams_topageId,hometab,JSON_Payload
REQ-1644,intake-analytics.wikimedia.org,/v1/events,eventParams_fromPageName,tf_weight_loss_tab,JSON_Payload
REQ-1644,intake-analytics.wikimedia.org,/v1/events,eventParams_cityId,Gurgaon,JSON_Payload
REQ-1644,intake-analytics.wikimedia.org,/v1/events,eventParams_sessionId,37bf15e3-82a2-b829-e798-1f08d47f282b,JSON_Payload
REQ-1644,intake-analytics.wikimedia.org,/v1/events,eventParams_source,bottom_nav,JSON_Payload
REQ-1644,intake-analytics.wikimedia.org,/v1/events,eventParams_eventType,navigation_change,JSON_Payload
REQ-1644,intake-analytics.wikimedia.org,/v1/events,eventParams_platform,APP,JSON_Payload
REQ-1644,intake-analytics.wikimedia.org,/v1/events,eventParams_advertiserId,9013994955fb2f93,JSON_Payload
REQ-1644,intake-analytics.wikimedia.org,/v1/events,eventParams_toPageName,hometab,JSON_Payload
REQ-1644,intake-analytics.wikimedia.org,/v1/events,eventParams_cityName,Delhi NCR,JSON_Payload
REQ-1644,intake-analytics.wikimedia.org,/v1/events,eventParams_frompageId,tf_weight_loss_tab,JSON_Payload
REQ-1644,intake-analytics.wikimedia.org,/v1/events,eventParams_isLoggedIn,False,JSON_Payload
REQ-1644,intake-analytics.wikimedia.org,/v1/events,eventParams_online,True,JSON_Payload
REQ-1644,intake-analytics.wikimedia.org,/v1/events,createdAt,1787569432061,JSON_Payload
REQ-1644,intake-analytics.wikimedia.org,/v1/events,sessionId,973fc4f4-6ae0-4b16-959a-a702c9bc8076-95d386c1-17e9-4792-b6f6-1244a9f6caf4,JSON_Payload
REQ-1645,intake-analytics.wikimedia.org,/v1/events,_id,a7d3946a-64c4-497e-8bf4-a093d75b0279-cd4aa314-dd58-4b12-818b-18e648b39b96,JSON_Payload
REQ-1645,intake-analytics.wikimedia.org,/v1/events,eventId,a7d3946a-64c4-497e-8bf4-a093d75b0279-cd4aa314-dd58-4b12-818b-18e648b39b96,JSON_Payload
REQ-1645,intake-analytics.wikimedia.org,/v1/events,userId,108206863,JSON_Payload
REQ-1645,intake-analytics.wikimedia.org,/v1/events,eventName,bottom_tab_clicked,JSON_Payload
REQ-1645,intake-analytics.wikimedia.org,/v1/events,eventParams_cityName,Delhi NCR,JSON_Payload
REQ-1645,intake-analytics.wikimedia.org,/v1/events,eventParams_isLoggedIn,False,JSON_Payload
REQ-1645,intake-analytics.wikimedia.org,/v1/events,eventParams_online,True,JSON_Payload
REQ-1645,intake-analytics.wikimedia.org,/v1/events,eventParams_vertical,PLAN,JSON_Payload
REQ-1645,intake-analytics.wikimedia.org,/v1/events,eventParams_cityId,Gurgaon,JSON_Payload
REQ-1645,intake-analytics.wikimedia.org,/v1/events,eventParams_sessionId,37bf15e3-82a2-b829-e798-1f08d47f282b,JSON_Payload
REQ-1645,intake-analytics.wikimedia.org,/v1/events,eventParams_platform,APP,JSON_Payload
REQ-1645,intake-analytics.wikimedia.org,/v1/events,eventParams_advertiserId,9013994955fb2f93,JSON_Payload
REQ-1645,intake-analytics.wikimedia.org,/v1/events,createdAt,1787569431796,JSON_Payload
REQ-1645,intake-analytics.wikimedia.org,/v1/events,sessionId,973fc4f4-6ae0-4b16-959a-a702c9bc8076-95d386c1-17e9-4792-b6f6-1244a9f6caf4,JSON_Payload
REQ-1646,intake-analytics.wikimedia.org,/v1/events,_id,43147f12-4de1-4865-825f-b1a8a978be06-29dfe114-7d58-4c51-99a7-6748a1cfcc0e,JSON_Payload
REQ-1646,intake-analytics.wikimedia.org,/v1/events,eventId,43147f12-4de1-4865-825f-b1a8a978be06-29dfe114-7d58-4c51-99a7-6748a1cfcc0e,JSON_Payload
REQ-1646,intake-analytics.wikimedia.org,/v1/events,userId,108206863,JSON_Payload
REQ-1646,intake-analytics.wikimedia.org,/v1/events,eventName,content_impression,JSON_Payload
REQ-1646,intake-analytics.wikimedia.org,/v1/events,eventParams_widgetName,Transform (Plus) 1st What you get Widget,JSON_Payload
REQ-1646,intake-analytics.wikimedia.org,/v1/events,eventParams_scrollTrigger,auto,JSON_Payload
REQ-1646,intake-analytics.wikimedia.org,/v1/events,eventParams_isSampledWidgetImpressionRequired,False,JSON_Payload
REQ-1646,intake-analytics.wikimedia.org,/v1/events,eventParams_widgetId,f4247242-e342-4ce7-884a-0fdf4a102b6b,JSON_Payload
REQ-1646,intake-analytics.wikimedia.org,/v1/events,eventParams_contentId,jqp0ezbpfa,JSON_Payload
REQ-1646,intake-analytics.wikimedia.org,/v1/events,eventParams_widgetPosition,1,JSON_Payload
REQ-1646,intake-analytics.wikimedia.org,/v1/events,eventParams_cityId,Gurgaon,JSON_Payload
REQ-1646,intake-analytics.wikimedia.org,/v1/events,eventParams_sessionId,37bf15e3-82a2-b829-e798-1f08d47f282b,JSON_Payload
REQ-1646,intake-analytics.wikimedia.org,/v1/events,eventParams_pageId,transform_and_plus,JSON_Payload
REQ-1646,intake-analytics.wikimedia.org,/v1/events,eventParams_pageName,Transform and Plus Combined,JSON_Payload
REQ-1646,intake-analytics.wikimedia.org,/v1/events,eventParams_platform,APP,JSON_Payload
REQ-1646,intake-analytics.wikimedia.org,/v1/events,eventParams_widgetType,BANNER_CAROUSEL_WIDGET,JSON_Payload
REQ-1646,intake-analytics.wikimedia.org,/v1/events,eventParams_advertiserId,9013994955fb2f93,JSON_Payload
REQ-1646,intake-analytics.wikimedia.org,/v1/events,eventParams_contentUrl,/image/vm/faab0bbb-b368-4210-a902-50b0d356c205.png,JSON_Payload
REQ-1646,intake-analytics.wikimedia.org,/v1/events,eventParams_cityName,Delhi NCR,JSON_Payload
REQ-1646,intake-analytics.wikimedia.org,/v1/events,eventParams_dedupeId,8i1b9kyhvq,JSON_Payload
REQ-1646,intake-analytics.wikimedia.org,/v1/events,eventParams_isWidgetImpressionRequired,True,JSON_Payload
REQ-1646,intake-analytics.wikimedia.org,/v1/events,eventParams_isLoggedIn,False,JSON_Payload
REQ-1646,intake-analytics.wikimedia.org,/v1/events,eventParams_online,True,JSON_Payload
REQ-1646,intake-analytics.wikimedia.org,/v1/events,eventParams_position,0,JSON_Payload
REQ-1646,intake-analytics.wikimedia.org,/v1/events,createdAt,1787569431176,JSON_Payload
REQ-1646,intake-analytics.wikimedia.org,/v1/events,sessionId,973fc4f4-6ae0-4b16-959a-a702c9bc8076-95d386c1-17e9-4792-b6f6-1244a9f6caf4,JSON_Payload
REQ-1647,intake-analytics.wikimedia.org,/v1/events,_id,a6e74a0a-bdc9-465e-bedf-7cc28d1478fe-9bb51d97-4205-4be5-8413-78b7dbdc98b5,JSON_Payload
REQ-1647,intake-analytics.wikimedia.org,/v1/events,eventId,a6e74a0a-bdc9-465e-bedf-7cc28d1478fe-9bb51d97-4205-4be5-8413-78b7dbdc98b5,JSON_Payload
REQ-1647,intake-analytics.wikimedia.org,/v1/events,userId,108206863,JSON_Payload
REQ-1647,intake-analytics.wikimedia.org,/v1/events,eventName,content_impression,JSON_Payload
REQ-1647,intake-analytics.wikimedia.org,/v1/events,eventParams_widgetName,Transform (Plus) Header Video WIdget,JSON_Payload
REQ-1647,intake-analytics.wikimedia.org,/v1/events,eventParams_scrollTrigger,auto,JSON_Payload
REQ-1647,intake-analytics.wikimedia.org,/v1/events,eventParams_isSampledWidgetImpressionRequired,False,JSON_Payload
REQ-1647,intake-analytics.wikimedia.org,/v1/events,eventParams_widgetId,0fef95bc-05b8-43db-bbfc-73b8b76c552c_video,JSON_Payload
REQ-1647,intake-analytics.wikimedia.org,/v1/events,eventParams_contentId,pfyu0spzzc,JSON_Payload
REQ-1647,intake-analytics.wikimedia.org,/v1/events,eventParams_widgetPosition,0,JSON_Payload
REQ-1647,intake-analytics.wikimedia.org,/v1/events,eventParams_cityId,Gurgaon,JSON_Payload
REQ-1647,intake-analytics.wikimedia.org,/v1/events,eventParams_sessionId,37bf15e3-82a2-b829-e798-1f08d47f282b,JSON_Payload
REQ-1647,intake-analytics.wikimedia.org,/v1/events,eventParams_pageId,transform_and_plus,JSON_Payload
REQ-1647,intake-analytics.wikimedia.org,/v1/events,eventParams_pageName,Transform and Plus Combined,JSON_Payload
REQ-1647,intake-analytics.wikimedia.org,/v1/events,eventParams_platform,APP,JSON_Payload
REQ-1647,intake-analytics.wikimedia.org,/v1/events,eventParams_widgetType,MERCHANTRY_WIDGET,JSON_Payload
REQ-1647,intake-analytics.wikimedia.org,/v1/events,eventParams_advertiserId,9013994955fb2f93,JSON_Payload
REQ-1647,intake-analytics.wikimedia.org,/v1/events,eventParams_cityName,Delhi NCR,JSON_Payload
REQ-1647,intake-analytics.wikimedia.org,/v1/events,eventParams_dedupeId,u74ssazrqr,JSON_Payload
REQ-1647,intake-analytics.wikimedia.org,/v1/events,eventParams_isWidgetImpressionRequired,True,JSON_Payload
REQ-1647,intake-analytics.wikimedia.org,/v1/events,eventParams_isLoggedIn,False,JSON_Payload
REQ-1647,intake-analytics.wikimedia.org,/v1/events,eventParams_online,True,JSON_Payload
REQ-1647,intake-analytics.wikimedia.org,/v1/events,eventParams_position,0,JSON_Payload
REQ-1647,intake-analytics.wikimedia.org,/v1/events,createdAt,1787569431174,JSON_Payload
REQ-1647,intake-analytics.wikimedia.org,/v1/events,sessionId,973fc4f4-6ae0-4b16-959a-a702c9bc8076-95d386c1-17e9-4792-b6f6-1244a9f6caf4,JSON_Payload
REQ-1648,intake-analytics.wikimedia.org,/v1/events,_id,74898767-aafc-4ba8-bad6-64e7ad9e2606-ef61b0f8-be54-4944-b4cf-e3fc11bdb038,JSON_Payload
REQ-1648,intake-analytics.wikimedia.org,/v1/events,eventId,74898767-aafc-4ba8-bad6-64e7ad9e2606-ef61b0f8-be54-4944-b4cf-e3fc11bdb038,JSON_Payload
REQ-1648,intake-analytics.wikimedia.org,/v1/events,userId,108206863,JSON_Payload
REQ-1648,intake-analytics.wikimedia.org,/v1/events,eventName,widget_impression,JSON_Payload
REQ-1648,intake-analytics.wikimedia.org,/v1/events,eventParams_widgetName,Transform (Plus) 1st What you get Widget,JSON_Payload
REQ-1648,intake-analytics.wikimedia.org,/v1/events,eventParams_isSampledWidgetImpressionRequired,False,JSON_Payload
REQ-1648,intake-analytics.wikimedia.org,/v1/events,eventParams_widgetId,f4247242-e342-4ce7-884a-0fdf4a102b6b,JSON_Payload
REQ-1648,intake-analytics.wikimedia.org,/v1/events,eventParams_widgetPosition,1,JSON_Payload
REQ-1648,intake-analytics.wikimedia.org,/v1/events,eventParams_sessionId,37bf15e3-82a2-b829-e798-1f08d47f282b,JSON_Payload
REQ-1648,intake-analytics.wikimedia.org,/v1/events,eventParams_eventType,view,JSON_Payload
REQ-1648,intake-analytics.wikimedia.org,/v1/events,eventParams_cityId,Gurgaon,JSON_Payload
REQ-1648,intake-analytics.wikimedia.org,/v1/events,eventParams_pageId,transform_and_plus,JSON_Payload
REQ-1648,intake-analytics.wikimedia.org,/v1/events,eventParams_pageName,Transform and Plus Combined,JSON_Payload
REQ-1648,intake-analytics.wikimedia.org,/v1/events,eventParams_platform,APP,JSON_Payload
REQ-1648,intake-analytics.wikimedia.org,/v1/events,eventParams_widgetType,BANNER_CAROUSEL_WIDGET,JSON_Payload
REQ-1648,intake-analytics.wikimedia.org,/v1/events,eventParams_advertiserId,9013994955fb2f93,JSON_Payload
REQ-1648,intake-analytics.wikimedia.org,/v1/events,eventParams_cityName,Delhi NCR,JSON_Payload
REQ-1648,intake-analytics.wikimedia.org,/v1/events,eventParams_isWidgetImpressionRequired,True,JSON_Payload
REQ-1648,intake-analytics.wikimedia.org,/v1/events,eventParams_online,True,JSON_Payload
REQ-1648,intake-analytics.wikimedia.org,/v1/events,eventParams_isLoggedIn,False,JSON_Payload
REQ-1648,intake-analytics.wikimedia.org,/v1/events,createdAt,1787569431152,JSON_Payload
REQ-1648,intake-analytics.wikimedia.org,/v1/events,sessionId,973fc4f4-6ae0-4b16-959a-a702c9bc8076-95d386c1-17e9-4792-b6f6-1244a9f6caf4,JSON_Payload
REQ-1649,intake-analytics.wikimedia.org,/v1/events,_id,e783428d-e899-4164-803f-723c95bee02c-3b58e667-821a-4812-b1ea-f2531654ac76,JSON_Payload
REQ-1649,intake-analytics.wikimedia.org,/v1/events,eventId,e783428d-e899-4164-803f-723c95bee02c-3b58e667-821a-4812-b1ea-f2531654ac76,JSON_Payload
REQ-1649,intake-analytics.wikimedia.org,/v1/events,userId,108206863,JSON_Payload
REQ-1649,intake-analytics.wikimedia.org,/v1/events,eventName,widget_impression,JSON_Payload
REQ-1649,intake-analytics.wikimedia.org,/v1/events,eventParams_widgetName,Transform (Plus) Header Video WIdget,JSON_Payload
REQ-1649,intake-analytics.wikimedia.org,/v1/events,eventParams_isSampledWidgetImpressionRequired,False,JSON_Payload
REQ-1649,intake-analytics.wikimedia.org,/v1/events,eventParams_widgetId,0fef95bc-05b8-43db-bbfc-73b8b76c552c_video,JSON_Payload
REQ-1649,intake-analytics.wikimedia.org,/v1/events,eventParams_widgetPosition,0,JSON_Payload
REQ-1649,intake-analytics.wikimedia.org,/v1/events,eventParams_sessionId,37bf15e3-82a2-b829-e798-1f08d47f282b,JSON_Payload
REQ-1649,intake-analytics.wikimedia.org,/v1/events,eventParams_eventType,view,JSON_Payload
REQ-1649,intake-analytics.wikimedia.org,/v1/events,eventParams_cityId,Gurgaon,JSON_Payload
REQ-1649,intake-analytics.wikimedia.org,/v1/events,eventParams_pageId,transform_and_plus,JSON_Payload
REQ-1649,intake-analytics.wikimedia.org,/v1/events,eventParams_pageName,Transform and Plus Combined,JSON_Payload
REQ-1649,intake-analytics.wikimedia.org,/v1/events,eventParams_platform,APP,JSON_Payload
REQ-1649,intake-analytics.wikimedia.org,/v1/events,eventParams_widgetType,MERCHANTRY_WIDGET,JSON_Payload
REQ-1649,intake-analytics.wikimedia.org,/v1/events,eventParams_advertiserId,9013994955fb2f93,JSON_Payload
REQ-1649,intake-analytics.wikimedia.org,/v1/events,eventParams_cityName,Delhi NCR,JSON_Payload
REQ-1649,intake-analytics.wikimedia.org,/v1/events,eventParams_isWidgetImpressionRequired,True,JSON_Payload
REQ-1649,intake-analytics.wikimedia.org,/v1/events,eventParams_online,True,JSON_Payload
REQ-1649,intake-analytics.wikimedia.org,/v1/events,eventParams_isLoggedIn,False,JSON_Payload
REQ-1649,intake-analytics.wikimedia.org,/v1/events,createdAt,1787569431147,JSON_Payload
REQ-1649,intake-analytics.wikimedia.org,/v1/events,sessionId,973fc4f4-6ae0-4b16-959a-a702c9bc8076-95d386c1-17e9-4792-b6f6-1244a9f6caf4,JSON_Payload
REQ-1650,intake-analytics.wikimedia.org,/v1/events,_id,1db78a50-ceb7-4654-84b8-4223610ccb22-51906f3d-3a06-405b-9d73-e169492e7f1a,JSON_Payload
REQ-1650,intake-analytics.wikimedia.org,/v1/events,eventId,1db78a50-ceb7-4654-84b8-4223610ccb22-51906f3d-3a06-405b-9d73-e169492e7f1a,JSON_Payload
REQ-1650,intake-analytics.wikimedia.org,/v1/events,userId,108206863,JSON_Payload
REQ-1650,intake-analytics.wikimedia.org,/v1/events,eventName,navigation_change,JSON_Payload
REQ-1650,intake-analytics.wikimedia.org,/v1/events,eventParams_dateTime,1787569429481,JSON_Payload
REQ-1650,intake-analytics.wikimedia.org,/v1/events,eventParams_topageId,tf_weight_loss_tab,JSON_Payload
REQ-1650,intake-analytics.wikimedia.org,/v1/events,eventParams_fromPageName,playclp,JSON_Payload
REQ-1650,intake-analytics.wikimedia.org,/v1/events,eventParams_cityId,Gurgaon,JSON_Payload
REQ-1650,intake-analytics.wikimedia.org,/v1/events,eventParams_sessionId,37bf15e3-82a2-b829-e798-1f08d47f282b,JSON_Payload
REQ-1650,intake-analytics.wikimedia.org,/v1/events,eventParams_source,bottom_nav,JSON_Payload
REQ-1650,intake-analytics.wikimedia.org,/v1/events,eventParams_eventType,navigation_change,JSON_Payload
REQ-1650,intake-analytics.wikimedia.org,/v1/events,eventParams_platform,APP,JSON_Payload
REQ-1650,intake-analytics.wikimedia.org,/v1/events,eventParams_advertiserId,9013994955fb2f93,JSON_Payload
REQ-1650,intake-analytics.wikimedia.org,/v1/events,eventParams_toPageName,tf_weight_loss_tab,JSON_Payload
REQ-1650,intake-analytics.wikimedia.org,/v1/events,eventParams_cityName,Delhi NCR,JSON_Payload
REQ-1650,intake-analytics.wikimedia.org,/v1/events,eventParams_frompageId,CultPassFitsoSKU,JSON_Payload
REQ-1650,intake-analytics.wikimedia.org,/v1/events,eventParams_isLoggedIn,False,JSON_Payload
REQ-1650,intake-analytics.wikimedia.org,/v1/events,eventParams_online,True,JSON_Payload
REQ-1650,intake-analytics.wikimedia.org,/v1/events,createdAt,1787569429497,JSON_Payload
REQ-1650,intake-analytics.wikimedia.org,/v1/events,sessionId,973fc4f4-6ae0-4b16-959a-a702c9bc8076-95d386c1-17e9-4792-b6f6-1244a9f6caf4,JSON_Payload
REQ-1651,intake-analytics.wikimedia.org,/v1/events,_id,7286d7ab-e78a-4b30-8623-982e74485e48-798ec85e-4759-4a66-99f3-f400302b6dbe,JSON_Payload
REQ-1651,intake-analytics.wikimedia.org,/v1/events,eventId,7286d7ab-e78a-4b30-8623-982e74485e48-798ec85e-4759-4a66-99f3-f400302b6dbe,JSON_Payload
REQ-1651,intake-analytics.wikimedia.org,/v1/events,userId,108206863,JSON_Payload
REQ-1651,intake-analytics.wikimedia.org,/v1/events,eventName,bottom_tab_clicked,JSON_Payload
REQ-1651,intake-analytics.wikimedia.org,/v1/events,eventParams_cityName,Delhi NCR,JSON_Payload
REQ-1651,intake-analytics.wikimedia.org,/v1/events,eventParams_isLoggedIn,False,JSON_Payload
REQ-1651,intake-analytics.wikimedia.org,/v1/events,eventParams_online,True,JSON_Payload
REQ-1651,intake-analytics.wikimedia.org,/v1/events,eventParams_vertical,TRANSFORM,JSON_Payload
REQ-1651,intake-analytics.wikimedia.org,/v1/events,eventParams_cityId,Gurgaon,JSON_Payload
REQ-1651,intake-analytics.wikimedia.org,/v1/events,eventParams_sessionId,37bf15e3-82a2-b829-e798-1f08d47f282b,JSON_Payload
REQ-1651,intake-analytics.wikimedia.org,/v1/events,eventParams_platform,APP,JSON_Payload
REQ-1651,intake-analytics.wikimedia.org,/v1/events,eventParams_advertiserId,9013994955fb2f93,JSON_Payload
REQ-1651,intake-analytics.wikimedia.org,/v1/events,createdAt,1787569429222,JSON_Payload
REQ-1651,intake-analytics.wikimedia.org,/v1/events,sessionId,973fc4f4-6ae0-4b16-959a-a702c9bc8076-95d386c1-17e9-4792-b6f6-1244a9f6caf4,JSON_Payload
REQ-1652,intake-analytics.wikimedia.org,/v1/events,_id,5b89757d-b4e1-475d-99ab-cc4020ccdf5d-554b65fa-b20c-4f3c-aafe-a66f0da8d2af,JSON_Payload
REQ-1652,intake-analytics.wikimedia.org,/v1/events,eventId,5b89757d-b4e1-475d-99ab-cc4020ccdf5d-554b65fa-b20c-4f3c-aafe-a66f0da8d2af,JSON_Payload
REQ-1652,intake-analytics.wikimedia.org,/v1/events,userId,108206863,JSON_Payload
REQ-1652,intake-analytics.wikimedia.org,/v1/events,eventName,app_foreground,JSON_Payload
REQ-1652,intake-analytics.wikimedia.org,/v1/events,eventParams_toState,resumed,JSON_Payload
REQ-1652,intake-analytics.wikimedia.org,/v1/events,eventParams_fromState,inactive,JSON_Payload
REQ-1652,intake-analytics.wikimedia.org,/v1/events,eventParams_framework,flutter,JSON_Payload
REQ-1652,intake-analytics.wikimedia.org,/v1/events,eventParams_cityName,Delhi NCR,JSON_Payload
REQ-1652,intake-analytics.wikimedia.org,/v1/events,eventParams_isLoggedIn,False,JSON_Payload
REQ-1652,intake-analytics.wikimedia.org,/v1/events,eventParams_online,True,JSON_Payload
REQ-1652,intake-analytics.wikimedia.org,/v1/events,eventParams_cityId,Gurgaon,JSON_Payload
REQ-1652,intake-analytics.wikimedia.org,/v1/events,eventParams_sessionId,37bf15e3-82a2-b829-e798-1f08d47f282b,JSON_Payload
REQ-1652,intake-analytics.wikimedia.org,/v1/events,eventParams_eventType,app_lifecycle,JSON_Payload
REQ-1652,intake-analytics.wikimedia.org,/v1/events,eventParams_platform,APP,JSON_Payload
REQ-1652,intake-analytics.wikimedia.org,/v1/events,eventParams_advertiserId,9013994955fb2f93,JSON_Payload
REQ-1652,intake-analytics.wikimedia.org,/v1/events,createdAt,1787569429123,JSON_Payload
REQ-1652,intake-analytics.wikimedia.org,/v1/events,sessionId,973fc4f4-6ae0-4b16-959a-a702c9bc8076-95d386c1-17e9-4792-b6f6-1244a9f6caf4,JSON_Payload
REQ-1653,intake-analytics.wikimedia.org,/v1/events,_id,71d8deb9-a611-4767-bd63-db3d658ba649-29013b1f-e350-4072-9fa9-0d74bd215898,JSON_Payload
REQ-1653,intake-analytics.wikimedia.org,/v1/events,eventId,71d8deb9-a611-4767-bd63-db3d658ba649-29013b1f-e350-4072-9fa9-0d74bd215898,JSON_Payload
REQ-1653,intake-analytics.wikimedia.org,/v1/events,userId,108206863,JSON_Payload
REQ-1653,intake-analytics.wikimedia.org,/v1/events,eventName,location_access_updated,JSON_Payload
REQ-1653,intake-analytics.wikimedia.org,/v1/events,eventParams_cityName,Delhi NCR,JSON_Payload
REQ-1653,intake-analytics.wikimedia.org,/v1/events,eventParams_isLoggedIn,False,JSON_Payload
REQ-1653,intake-analytics.wikimedia.org,/v1/events,eventParams_online,True,JSON_Payload
REQ-1653,intake-analytics.wikimedia.org,/v1/events,eventParams_cityId,Gurgaon,JSON_Payload
REQ-1653,intake-analytics.wikimedia.org,/v1/events,eventParams_sessionId,37bf15e3-82a2-b829-e798-1f08d47f282b,JSON_Payload
REQ-1653,intake-analytics.wikimedia.org,/v1/events,eventParams_platform,APP,JSON_Payload
REQ-1653,intake-analytics.wikimedia.org,/v1/events,eventParams_status,whileInUse,JSON_Payload
REQ-1653,intake-analytics.wikimedia.org,/v1/events,eventParams_advertiserId,9013994955fb2f93,JSON_Payload
REQ-1653,intake-analytics.wikimedia.org,/v1/events,createdAt,1787569437185,JSON_Payload
REQ-1653,intake-analytics.wikimedia.org,/v1/events,sessionId,973fc4f4-6ae0-4b16-959a-a702c9bc8076-95d386c1-17e9-4792-b6f6-1244a9f6caf4,JSON_Payload
REQ-1654,intake-analytics.wikimedia.org,/v1/events,_id,590d3860-d462-4016-b6f6-1e599fe37257-80463390-2229-4108-b876-4a524f12346e,JSON_Payload
REQ-1654,intake-analytics.wikimedia.org,/v1/events,eventId,590d3860-d462-4016-b6f6-1e599fe37257-80463390-2229-4108-b876-4a524f12346e,JSON_Payload
REQ-1654,intake-analytics.wikimedia.org,/v1/events,userId,108206863,JSON_Payload
REQ-1654,intake-analytics.wikimedia.org,/v1/events,eventName,page_view,JSON_Payload
REQ-1654,intake-analytics.wikimedia.org,/v1/events,eventParams_dateTime,1787569437110,JSON_Payload
REQ-1654,intake-analytics.wikimedia.org,/v1/events,eventParams_sessionId,37bf15e3-82a2-b829-e798-1f08d47f282b,JSON_Payload
REQ-1654,intake-analytics.wikimedia.org,/v1/events,eventParams_eventType,view,JSON_Payload
REQ-1654,intake-analytics.wikimedia.org,/v1/events,eventParams_cityId,Gurgaon,JSON_Payload
REQ-1654,intake-analytics.wikimedia.org,/v1/events,eventParams_pageId,hometab,JSON_Payload
REQ-1654,intake-analytics.wikimedia.org,/v1/events,eventParams_pageName,hometab,JSON_Payload
REQ-1654,intake-analytics.wikimedia.org,/v1/events,eventParams_pageFrom,hometab,JSON_Payload
REQ-1654,intake-analytics.wikimedia.org,/v1/events,eventParams_platform,APP,JSON_Payload
REQ-1654,intake-analytics.wikimedia.org,/v1/events,eventParams_tabRouteName,hometab,JSON_Payload
REQ-1654,intake-analytics.wikimedia.org,/v1/events,eventParams_advertiserId,9013994955fb2f93,JSON_Payload
REQ-1654,intake-analytics.wikimedia.org,/v1/events,eventParams_cityName,Delhi NCR,JSON_Payload
REQ-1654,intake-analytics.wikimedia.org,/v1/events,eventParams_isLoggedIn,False,JSON_Payload
REQ-1654,intake-analytics.wikimedia.org,/v1/events,eventParams_online,True,JSON_Payload
REQ-1654,intake-analytics.wikimedia.org,/v1/events,createdAt,1787569437173,JSON_Payload
REQ-1654,intake-analytics.wikimedia.org,/v1/events,sessionId,973fc4f4-6ae0-4b16-959a-a702c9bc8076-95d386c1-17e9-4792-b6f6-1244a9f6caf4,JSON_Payload
REQ-1655,intake-analytics.wikimedia.org,/v1/events,_id,44260bec-44a6-41ce-ad0d-e9a0310ac0f8-10c24dfa-5064-4436-b9ef-235eb2b54b1c,JSON_Payload
REQ-1655,intake-analytics.wikimedia.org,/v1/events,eventId,44260bec-44a6-41ce-ad0d-e9a0310ac0f8-10c24dfa-5064-4436-b9ef-235eb2b54b1c,JSON_Payload
REQ-1655,intake-analytics.wikimedia.org,/v1/events,userId,108206863,JSON_Payload
REQ-1655,intake-analytics.wikimedia.org,/v1/events,eventName,page_view,JSON_Payload
REQ-1655,intake-analytics.wikimedia.org,/v1/events,eventParams_dateTime,1787569437109,JSON_Payload
REQ-1655,intake-analytics.wikimedia.org,/v1/events,eventParams_sessionId,37bf15e3-82a2-b829-e798-1f08d47f282b,JSON_Payload
REQ-1655,intake-analytics.wikimedia.org,/v1/events,eventParams_eventType,view,JSON_Payload
REQ-1655,intake-analytics.wikimedia.org,/v1/events,eventParams_cityId,Gurgaon,JSON_Payload
REQ-1655,intake-analytics.wikimedia.org,/v1/events,eventParams_pageId,hometab,JSON_Payload
REQ-1655,intake-analytics.wikimedia.org,/v1/events,eventParams_pageName,hometab,JSON_Payload
REQ-1655,intake-analytics.wikimedia.org,/v1/events,eventParams_pageFrom,hometab,JSON_Payload
REQ-1655,intake-analytics.wikimedia.org,/v1/events,eventParams_platform,APP,JSON_Payload
REQ-1655,intake-analytics.wikimedia.org,/v1/events,eventParams_tabRouteName,hometab,JSON_Payload
REQ-1655,intake-analytics.wikimedia.org,/v1/events,eventParams_advertiserId,9013994955fb2f93,JSON_Payload
REQ-1655,intake-analytics.wikimedia.org,/v1/events,eventParams_cityName,Delhi NCR,JSON_Payload
REQ-1655,intake-analytics.wikimedia.org,/v1/events,eventParams_isLoggedIn,False,JSON_Payload
REQ-1655,intake-analytics.wikimedia.org,/v1/events,eventParams_online,True,JSON_Payload
REQ-1655,intake-analytics.wikimedia.org,/v1/events,createdAt,1787569437172,JSON_Payload
REQ-1655,intake-analytics.wikimedia.org,/v1/events,sessionId,973fc4f4-6ae0-4b16-959a-a702c9bc8076-95d386c1-17e9-4792-b6f6-1244a9f6caf4,JSON_Payload
REQ-1656,intake-analytics.wikimedia.org,/v1/events,_id,0916caf0-7db2-4e93-b539-07170e8fe1ef-9ec89dd3-adec-44d0-93ac-242d507e79e4,JSON_Payload
REQ-1656,intake-analytics.wikimedia.org,/v1/events,eventId,0916caf0-7db2-4e93-b539-07170e8fe1ef-9ec89dd3-adec-44d0-93ac-242d507e79e4,JSON_Payload
REQ-1656,intake-analytics.wikimedia.org,/v1/events,userId,108206863,JSON_Payload
REQ-1656,intake-analytics.wikimedia.org,/v1/events,eventName,notification_permission,JSON_Payload
REQ-1656,intake-analytics.wikimedia.org,/v1/events,eventParams_dateTime,1787569437109,JSON_Payload
REQ-1656,intake-analytics.wikimedia.org,/v1/events,eventParams_cityName,Delhi NCR,JSON_Payload
REQ-1656,intake-analytics.wikimedia.org,/v1/events,eventParams_isLoggedIn,False,JSON_Payload
REQ-1656,intake-analytics.wikimedia.org,/v1/events,eventParams_online,True,JSON_Payload
REQ-1656,intake-analytics.wikimedia.org,/v1/events,eventParams_action,Notification permission granted,JSON_Payload
REQ-1656,intake-analytics.wikimedia.org,/v1/events,eventParams_cityId,Gurgaon,JSON_Payload
REQ-1656,intake-analytics.wikimedia.org,/v1/events,eventParams_sessionId,37bf15e3-82a2-b829-e798-1f08d47f282b,JSON_Payload
REQ-1656,intake-analytics.wikimedia.org,/v1/events,eventParams_platform,APP,JSON_Payload
REQ-1656,intake-analytics.wikimedia.org,/v1/events,eventParams_status,granted,JSON_Payload
REQ-1656,intake-analytics.wikimedia.org,/v1/events,eventParams_advertiserId,9013994955fb2f93,JSON_Payload
REQ-1656,intake-analytics.wikimedia.org,/v1/events,createdAt,1787569437172,JSON_Payload
REQ-1656,intake-analytics.wikimedia.org,/v1/events,sessionId,973fc4f4-6ae0-4b16-959a-a702c9bc8076-95d386c1-17e9-4792-b6f6-1244a9f6caf4,JSON_Payload
REQ-1657,intake-analytics.wikimedia.org,/v1/events,_id,11fff8f7-25bb-4956-88bb-25e131d9e495-ba79959a-6b7b-4828-ae66-32f779b05339,JSON_Payload
REQ-1657,intake-analytics.wikimedia.org,/v1/events,eventId,11fff8f7-25bb-4956-88bb-25e131d9e495-ba79959a-6b7b-4828-ae66-32f779b05339,JSON_Payload
REQ-1657,intake-analytics.wikimedia.org,/v1/events,userId,108206863,JSON_Payload
REQ-1657,intake-analytics.wikimedia.org,/v1/events,eventName,page_view,JSON_Payload
REQ-1657,intake-analytics.wikimedia.org,/v1/events,eventParams_dateTime,1787569437060,JSON_Payload
REQ-1657,intake-analytics.wikimedia.org,/v1/events,eventParams_sessionId,37bf15e3-82a2-b829-e798-1f08d47f282b,JSON_Payload
REQ-1657,intake-analytics.wikimedia.org,/v1/events,eventParams_eventType,view,JSON_Payload
REQ-1657,intake-analytics.wikimedia.org,/v1/events,eventParams_cityId,Gurgaon,JSON_Payload
REQ-1657,intake-analytics.wikimedia.org,/v1/events,eventParams_pageId,hometab,JSON_Payload
REQ-1657,intake-analytics.wikimedia.org,/v1/events,eventParams_pageName,hometab,JSON_Payload
REQ-1657,intake-analytics.wikimedia.org,/v1/events,eventParams_pageFrom,hometab,JSON_Payload
REQ-1657,intake-analytics.wikimedia.org,/v1/events,eventParams_platform,APP,JSON_Payload
REQ-1657,intake-analytics.wikimedia.org,/v1/events,eventParams_tabRouteName,hometab,JSON_Payload
REQ-1657,intake-analytics.wikimedia.org,/v1/events,eventParams_advertiserId,9013994955fb2f93,JSON_Payload
REQ-1657,intake-analytics.wikimedia.org,/v1/events,eventParams_cityName,Delhi NCR,JSON_Payload
REQ-1657,intake-analytics.wikimedia.org,/v1/events,eventParams_isLoggedIn,False,JSON_Payload
REQ-1657,intake-analytics.wikimedia.org,/v1/events,eventParams_online,True,JSON_Payload
REQ-1657,intake-analytics.wikimedia.org,/v1/events,createdAt,1787569437162,JSON_Payload
REQ-1657,intake-analytics.wikimedia.org,/v1/events,sessionId,973fc4f4-6ae0-4b16-959a-a702c9bc8076-95d386c1-17e9-4792-b6f6-1244a9f6caf4,JSON_Payload
REQ-1658,intake-analytics.wikimedia.org,/v1/events,_id,af302e66-1ba6-4671-ba44-55b868b86a17-8cb6d856-cfef-46aa-9d9d-3d581c87ae5b,JSON_Payload
REQ-1658,intake-analytics.wikimedia.org,/v1/events,eventId,af302e66-1ba6-4671-ba44-55b868b86a17-8cb6d856-cfef-46aa-9d9d-3d581c87ae5b,JSON_Payload
REQ-1658,intake-analytics.wikimedia.org,/v1/events,userId,108206863,JSON_Payload
REQ-1658,intake-analytics.wikimedia.org,/v1/events,eventName,page_view,JSON_Payload
REQ-1658,intake-analytics.wikimedia.org,/v1/events,eventParams_dateTime,1787569437053,JSON_Payload
REQ-1658,intake-analytics.wikimedia.org,/v1/events,eventParams_sessionId,37bf15e3-82a2-b829-e798-1f08d47f282b,JSON_Payload
REQ-1658,intake-analytics.wikimedia.org,/v1/events,eventParams_eventType,view,JSON_Payload
REQ-1658,intake-analytics.wikimedia.org,/v1/events,eventParams_cityId,Gurgaon,JSON_Payload
REQ-1658,intake-analytics.wikimedia.org,/v1/events,eventParams_pageId,hometab,JSON_Payload
REQ-1658,intake-analytics.wikimedia.org,/v1/events,eventParams_pageName,hometab,JSON_Payload
REQ-1658,intake-analytics.wikimedia.org,/v1/events,eventParams_pageFrom,hometab,JSON_Payload
REQ-1658,intake-analytics.wikimedia.org,/v1/events,eventParams_platform,APP,JSON_Payload
REQ-1658,intake-analytics.wikimedia.org,/v1/events,eventParams_tabRouteName,hometab,JSON_Payload
REQ-1658,intake-analytics.wikimedia.org,/v1/events,eventParams_advertiserId,9013994955fb2f93,JSON_Payload
REQ-1658,intake-analytics.wikimedia.org,/v1/events,eventParams_cityName,Delhi NCR,JSON_Payload
REQ-1658,intake-analytics.wikimedia.org,/v1/events,eventParams_isLoggedIn,False,JSON_Payload
REQ-1658,intake-analytics.wikimedia.org,/v1/events,eventParams_online,True,JSON_Payload
REQ-1658,intake-analytics.wikimedia.org,/v1/events,createdAt,1787569437161,JSON_Payload
REQ-1658,intake-analytics.wikimedia.org,/v1/events,sessionId,973fc4f4-6ae0-4b16-959a-a702c9bc8076-95d386c1-17e9-4792-b6f6-1244a9f6caf4,JSON_Payload
REQ-1659,intake-analytics.wikimedia.org,/v1/events,_id,f453b7bb-25d0-48fe-9bac-cd6c15684a83-acfbe9b4-59a0-4829-a3f6-3a5d50542860,JSON_Payload
REQ-1659,intake-analytics.wikimedia.org,/v1/events,eventId,f453b7bb-25d0-48fe-9bac-cd6c15684a83-acfbe9b4-59a0-4829-a3f6-3a5d50542860,JSON_Payload
REQ-1659,intake-analytics.wikimedia.org,/v1/events,userId,108206863,JSON_Payload
REQ-1659,intake-analytics.wikimedia.org,/v1/events,eventName,page_view,JSON_Payload
REQ-1659,intake-analytics.wikimedia.org,/v1/events,eventParams_dateTime,1787569437052,JSON_Payload
REQ-1659,intake-analytics.wikimedia.org,/v1/events,eventParams_sessionId,37bf15e3-82a2-b829-e798-1f08d47f282b,JSON_Payload
REQ-1659,intake-analytics.wikimedia.org,/v1/events,eventParams_eventType,view,JSON_Payload
REQ-1659,intake-analytics.wikimedia.org,/v1/events,eventParams_cityId,Gurgaon,JSON_Payload
REQ-1659,intake-analytics.wikimedia.org,/v1/events,eventParams_pageId,hometab,JSON_Payload
REQ-1659,intake-analytics.wikimedia.org,/v1/events,eventParams_pageName,hometab,JSON_Payload
REQ-1659,intake-analytics.wikimedia.org,/v1/events,eventParams_pageFrom,hometab,JSON_Payload
REQ-1659,intake-analytics.wikimedia.org,/v1/events,eventParams_platform,APP,JSON_Payload
REQ-1659,intake-analytics.wikimedia.org,/v1/events,eventParams_tabRouteName,hometab,JSON_Payload
REQ-1659,intake-analytics.wikimedia.org,/v1/events,eventParams_advertiserId,9013994955fb2f93,JSON_Payload
REQ-1659,intake-analytics.wikimedia.org,/v1/events,eventParams_cityName,Delhi NCR,JSON_Payload
REQ-1659,intake-analytics.wikimedia.org,/v1/events,eventParams_isLoggedIn,False,JSON_Payload
REQ-1659,intake-analytics.wikimedia.org,/v1/events,eventParams_online,True,JSON_Payload
REQ-1659,intake-analytics.wikimedia.org,/v1/events,createdAt,1787569437160,JSON_Payload
REQ-1659,intake-analytics.wikimedia.org,/v1/events,sessionId,973fc4f4-6ae0-4b16-959a-a702c9bc8076-95d386c1-17e9-4792-b6f6-1244a9f6caf4,JSON_Payload
REQ-1660,intake-analytics.wikimedia.org,/v1/events,_id,e41fea0f-9930-4601-8546-edd9ea0d416e-776a4059-6408-4cc1-bc97-32b513457e86,JSON_Payload
REQ-1660,intake-analytics.wikimedia.org,/v1/events,eventId,e41fea0f-9930-4601-8546-edd9ea0d416e-776a4059-6408-4cc1-bc97-32b513457e86,JSON_Payload
REQ-1660,intake-analytics.wikimedia.org,/v1/events,userId,108206863,JSON_Payload
REQ-1660,intake-analytics.wikimedia.org,/v1/events,eventName,page_view,JSON_Payload
REQ-1660,intake-analytics.wikimedia.org,/v1/events,eventParams_dateTime,1787569437029,JSON_Payload
REQ-1660,intake-analytics.wikimedia.org,/v1/events,eventParams_sessionId,37bf15e3-82a2-b829-e798-1f08d47f282b,JSON_Payload
REQ-1660,intake-analytics.wikimedia.org,/v1/events,eventParams_cityId,Gurgaon,JSON_Payload
REQ-1660,intake-analytics.wikimedia.org,/v1/events,eventParams_eventType,view,JSON_Payload
REQ-1660,intake-analytics.wikimedia.org,/v1/events,eventParams_pageId,hometab,JSON_Payload
REQ-1660,intake-analytics.wikimedia.org,/v1/events,eventParams_pageName,Home,JSON_Payload
REQ-1660,intake-analytics.wikimedia.org,/v1/events,eventParams_pageFrom,hometab,JSON_Payload
REQ-1660,intake-analytics.wikimedia.org,/v1/events,eventParams_platform,APP,JSON_Payload
REQ-1660,intake-analytics.wikimedia.org,/v1/events,eventParams_tabRouteName,hometab,JSON_Payload
REQ-1660,intake-analytics.wikimedia.org,/v1/events,eventParams_advertiserId,9013994955fb2f93,JSON_Payload
REQ-1660,intake-analytics.wikimedia.org,/v1/events,eventParams_pageType,listpage,JSON_Payload
REQ-1660,intake-analytics.wikimedia.org,/v1/events,eventParams_cityName,Delhi NCR,JSON_Payload
REQ-1660,intake-analytics.wikimedia.org,/v1/events,eventParams_isLoggedIn,False,JSON_Payload
REQ-1660,intake-analytics.wikimedia.org,/v1/events,eventParams_online,True,JSON_Payload
REQ-1660,intake-analytics.wikimedia.org,/v1/events,createdAt,1787569437130,JSON_Payload
REQ-1660,intake-analytics.wikimedia.org,/v1/events,sessionId,973fc4f4-6ae0-4b16-959a-a702c9bc8076-95d386c1-17e9-4792-b6f6-1244a9f6caf4,JSON_Payload
REQ-1661,intake-analytics.wikimedia.org,/v1/events,_id,41bd6ddb-0a10-4927-a85d-294ad6aff42d-c1b55685-b157-4eb9-9eb3-ae23d6c3e41a,JSON_Payload
REQ-1661,intake-analytics.wikimedia.org,/v1/events,eventId,41bd6ddb-0a10-4927-a85d-294ad6aff42d-c1b55685-b157-4eb9-9eb3-ae23d6c3e41a,JSON_Payload
REQ-1661,intake-analytics.wikimedia.org,/v1/events,userId,108206863,JSON_Payload
REQ-1661,intake-analytics.wikimedia.org,/v1/events,eventName,page_view,JSON_Payload
REQ-1661,intake-analytics.wikimedia.org,/v1/events,eventParams_dateTime,1787569437029,JSON_Payload
REQ-1661,intake-analytics.wikimedia.org,/v1/events,eventParams_sessionId,37bf15e3-82a2-b829-e798-1f08d47f282b,JSON_Payload
REQ-1661,intake-analytics.wikimedia.org,/v1/events,eventParams_cityId,Gurgaon,JSON_Payload
REQ-1661,intake-analytics.wikimedia.org,/v1/events,eventParams_eventType,view,JSON_Payload
REQ-1661,intake-analytics.wikimedia.org,/v1/events,eventParams_pageId,hometab,JSON_Payload
REQ-1661,intake-analytics.wikimedia.org,/v1/events,eventParams_pageName,Home,JSON_Payload
REQ-1661,intake-analytics.wikimedia.org,/v1/events,eventParams_pageFrom,hometab,JSON_Payload
REQ-1661,intake-analytics.wikimedia.org,/v1/events,eventParams_platform,APP,JSON_Payload
REQ-1661,intake-analytics.wikimedia.org,/v1/events,eventParams_tabRouteName,hometab,JSON_Payload
REQ-1661,intake-analytics.wikimedia.org,/v1/events,eventParams_advertiserId,9013994955fb2f93,JSON_Payload
REQ-1661,intake-analytics.wikimedia.org,/v1/events,eventParams_pageType,listpage,JSON_Payload
REQ-1661,intake-analytics.wikimedia.org,/v1/events,eventParams_cityName,Delhi NCR,JSON_Payload
REQ-1661,intake-analytics.wikimedia.org,/v1/events,eventParams_isLoggedIn,False,JSON_Payload
REQ-1661,intake-analytics.wikimedia.org,/v1/events,eventParams_online,True,JSON_Payload
REQ-1661,intake-analytics.wikimedia.org,/v1/events,createdAt,1787569437129,JSON_Payload
REQ-1661,intake-analytics.wikimedia.org,/v1/events,sessionId,973fc4f4-6ae0-4b16-959a-a702c9bc8076-95d386c1-17e9-4792-b6f6-1244a9f6caf4,JSON_Payload
REQ-1662,intake-analytics.wikimedia.org,/v1/events,_id,1cc30c2a-1de0-4151-98f3-003fef170059-440929a3-1a32-4707-8073-55560cbcdeb4,JSON_Payload
REQ-1662,intake-analytics.wikimedia.org,/v1/events,eventId,1cc30c2a-1de0-4151-98f3-003fef170059-440929a3-1a32-4707-8073-55560cbcdeb4,JSON_Payload
REQ-1662,intake-analytics.wikimedia.org,/v1/events,userId,108206863,JSON_Payload
REQ-1662,intake-analytics.wikimedia.org,/v1/events,eventName,onboarding_skip_tapped,JSON_Payload
REQ-1662,intake-analytics.wikimedia.org,/v1/events,eventParams_app_version,11.93,JSON_Payload
REQ-1662,intake-analytics.wikimedia.org,/v1/events,eventParams_cityName,Delhi NCR,JSON_Payload
REQ-1662,intake-analytics.wikimedia.org,/v1/events,eventParams_carousel_index_at_skip,0,JSON_Payload
REQ-1662,intake-analytics.wikimedia.org,/v1/events,eventParams_isLoggedIn,False,JSON_Payload
REQ-1662,intake-analytics.wikimedia.org,/v1/events,eventParams_online,True,JSON_Payload
REQ-1662,intake-analytics.wikimedia.org,/v1/events,eventParams_session_id,37bf15e3-82a2-b829-e798-1f08d47f282b,JSON_Payload
REQ-1662,intake-analytics.wikimedia.org,/v1/events,eventParams_cityId,Gurgaon,JSON_Payload
REQ-1662,intake-analytics.wikimedia.org,/v1/events,eventParams_sessionId,37bf15e3-82a2-b829-e798-1f08d47f282b,JSON_Payload
REQ-1662,intake-analytics.wikimedia.org,/v1/events,eventParams_platform,android,JSON_Payload
REQ-1662,intake-analytics.wikimedia.org,/v1/events,eventParams_is_first_launch,False,JSON_Payload
REQ-1662,intake-analytics.wikimedia.org,/v1/events,eventParams_timestamp,1787569436176,JSON_Payload
REQ-1662,intake-analytics.wikimedia.org,/v1/events,eventParams_advertiserId,9013994955fb2f93,JSON_Payload
REQ-1662,intake-analytics.wikimedia.org,/v1/events,createdAt,1787569436186,JSON_Payload
REQ-1662,intake-analytics.wikimedia.org,/v1/events,sessionId,973fc4f4-6ae0-4b16-959a-a702c9bc8076-95d386c1-17e9-4792-b6f6-1244a9f6caf4,JSON_Payload
