Request ID,Host,Endpoint,Parameter,Value,Source
REQ-0001,hook.curefit.co,Binary analytics event stream (path not exposed),_id,46a36c34-5a9c-429e-8586-638b85a5f126-0ed83e07-bb73-41b8-be57-c0706f888752,JSON_Payload
REQ-0001,hook.curefit.co,Binary analytics event stream (path not exposed),eventId,46a36c34-5a9c-429e-8586-638b85a5f126-0ed83e07-bb73-41b8-be57-c0706f888752,JSON_Payload
REQ-0001,hook.curefit.co,Binary analytics event stream (path not exposed),userId,108206863,JSON_Payload
REQ-0001,hook.curefit.co,Binary analytics event stream (path not exposed),eventName,content_impression,JSON_Payload
REQ-0001,hook.curefit.co,Binary analytics event stream (path not exposed),eventParams_widgetName,HP - cultpass Benefits,JSON_Payload
REQ-0001,hook.curefit.co,Binary analytics event stream (path not exposed),eventParams_scrollTrigger,auto,JSON_Payload
REQ-0001,hook.curefit.co,Binary analytics event stream (path not exposed),eventParams_isSampledWidgetImpressionRequired,False,JSON_Payload
REQ-0001,hook.curefit.co,Binary analytics event stream (path not exposed),eventParams_widgetId,6ff954f1-59be-492e-ab26-7fc954bb4c39,JSON_Payload
REQ-0001,hook.curefit.co,Binary analytics event stream (path not exposed),eventParams_contentId,zemy5tnxge,JSON_Payload
REQ-0001,hook.curefit.co,Binary analytics event stream (path not exposed),eventParams_cityId,Gurgaon,JSON_Payload
REQ-0001,hook.curefit.co,Binary analytics event stream (path not exposed),eventParams_sessionId,37bf15e3-82a2-b829-e798-1f08d47f282b,JSON_Payload
REQ-0001,hook.curefit.co,Binary analytics event stream (path not exposed),eventParams_platform,APP,JSON_Payload
REQ-0001,hook.curefit.co,Binary analytics event stream (path not exposed),eventParams_widgetType,BANNER_CAROUSEL_WIDGET,JSON_Payload
REQ-0001,hook.curefit.co,Binary analytics event stream (path not exposed),eventParams_advertiserId,9013994955fb2f93,JSON_Payload
REQ-0001,hook.curefit.co,Binary analytics event stream (path not exposed),eventParams_contentUrl,/image/vm/141301dc-59d3-4236-a9a1-82cd6817ad00.png,JSON_Payload
REQ-0001,hook.curefit.co,Binary analytics event stream (path not exposed),eventParams_cityName,Delhi NCR,JSON_Payload
REQ-0001,hook.curefit.co,Binary analytics event stream (path not exposed),eventParams_dedupeId,xwk1l0ypv3i,JSON_Payload
REQ-0001,hook.curefit.co,Binary analytics event stream (path not exposed),eventParams_isWidgetImpressionRequired,True,JSON_Payload
REQ-0001,hook.curefit.co,Binary analytics event stream (path not exposed),eventParams_online,True,JSON_Payload
REQ-0001,hook.curefit.co,Binary analytics event stream (path not exposed),eventParams_isLoggedIn,False,JSON_Payload
REQ-0001,hook.curefit.co,Binary analytics event stream (path not exposed),eventParams_position,0,JSON_Payload
REQ-0001,hook.curefit.co,Binary analytics event stream (path not exposed),createdAt,1787569373002,JSON_Payload
REQ-0001,hook.curefit.co,Binary analytics event stream (path not exposed),sessionId,973fc4f4-6ae0-4b16-959a-a702c9bc8076-95d386c1-17e9-4792-b6f6-1244a9f6caf4,JSON_Payload
REQ-0002,hook.curefit.co,Binary analytics event stream (path not exposed),_id,10c3930e-4b29-49d0-890d-35a11ce01e53-486f716a-3cc6-4781-9291-2e402d45471d,JSON_Payload
REQ-0002,hook.curefit.co,Binary analytics event stream (path not exposed),eventId,10c3930e-4b29-49d0-890d-35a11ce01e53-486f716a-3cc6-4781-9291-2e402d45471d,JSON_Payload
REQ-0002,hook.curefit.co,Binary analytics event stream (path not exposed),userId,108206863,JSON_Payload
REQ-0002,hook.curefit.co,Binary analytics event stream (path not exposed),eventName,widget_impression,JSON_Payload
REQ-0002,hook.curefit.co,Binary analytics event stream (path not exposed),eventParams_widgetName,HP - cultpass Benefits,JSON_Payload
REQ-0002,hook.curefit.co,Binary analytics event stream (path not exposed),eventParams_isSampledWidgetImpressionRequired,False,JSON_Payload
REQ-0002,hook.curefit.co,Binary analytics event stream (path not exposed),eventParams_widgetId,6ff954f1-59be-492e-ab26-7fc954bb4c39,JSON_Payload
REQ-0002,hook.curefit.co,Binary analytics event stream (path not exposed),eventParams_sessionId,37bf15e3-82a2-b829-e798-1f08d47f282b,JSON_Payload
REQ-0002,hook.curefit.co,Binary analytics event stream (path not exposed),eventParams_cityId,Gurgaon,JSON_Payload
REQ-0002,hook.curefit.co,Binary analytics event stream (path not exposed),eventParams_eventType,view,JSON_Payload
REQ-0002,hook.curefit.co,Binary analytics event stream (path not exposed),eventParams_platform,APP,JSON_Payload
REQ-0002,hook.curefit.co,Binary analytics event stream (path not exposed),eventParams_widgetType,BANNER_CAROUSEL_WIDGET,JSON_Payload
REQ-0002,hook.curefit.co,Binary analytics event stream (path not exposed),eventParams_advertiserId,9013994955fb2f93,JSON_Payload
REQ-0002,hook.curefit.co,Binary analytics event stream (path not exposed),eventParams_cityName,Delhi NCR,JSON_Payload
REQ-0002,hook.curefit.co,Binary analytics event stream (path not exposed),eventParams_isWidgetImpressionRequired,True,JSON_Payload
REQ-0002,hook.curefit.co,Binary analytics event stream (path not exposed),eventParams_isLoggedIn,False,JSON_Payload
REQ-0002,hook.curefit.co,Binary analytics event stream (path not exposed),eventParams_online,True,JSON_Payload
REQ-0002,hook.curefit.co,Binary analytics event stream (path not exposed),createdAt,1787569372991,JSON_Payload
REQ-0002,hook.curefit.co,Binary analytics event stream (path not exposed),sessionId,973fc4f4-6ae0-4b16-959a-a702c9bc8076-95d386c1-17e9-4792-b6f6-1244a9f6caf4,JSON_Payload
REQ-0003,hook.curefit.co,Binary analytics event stream (path not exposed),_id,f9e91a97-7a74-4369-b9a7-e2aef0aef838-cee01a05-8145-4d36-bffb-355f3fa90f0e,JSON_Payload
REQ-0003,hook.curefit.co,Binary analytics event stream (path not exposed),eventId,f9e91a97-7a74-4369-b9a7-e2aef0aef838-cee01a05-8145-4d36-bffb-355f3fa90f0e,JSON_Payload
REQ-0003,hook.curefit.co,Binary analytics event stream (path not exposed),userId,108206863,JSON_Payload
REQ-0003,hook.curefit.co,Binary analytics event stream (path not exposed),eventName,widget_impression,JSON_Payload
REQ-0003,hook.curefit.co,Binary analytics event stream (path not exposed),eventParams_widgetName,All Sports Formats (Circular Carousel) - NCR,JSON_Payload
REQ-0003,hook.curefit.co,Binary analytics event stream (path not exposed),eventParams_isSampledWidgetImpressionRequired,False,JSON_Payload
REQ-0003,hook.curefit.co,Binary analytics event stream (path not exposed),eventParams_widgetId,b9607e18-5d55-42ab-b976-4cc73595fb0aSports,JSON_Payload
REQ-0003,hook.curefit.co,Binary analytics event stream (path not exposed),eventParams_sessionId,37bf15e3-82a2-b829-e798-1f08d47f282b,JSON_Payload
REQ-0003,hook.curefit.co,Binary analytics event stream (path not exposed),eventParams_cityId,Gurgaon,JSON_Payload
REQ-0003,hook.curefit.co,Binary analytics event stream (path not exposed),eventParams_eventType,view,JSON_Payload
REQ-0003,hook.curefit.co,Binary analytics event stream (path not exposed),eventParams_platform,APP,JSON_Payload
REQ-0003,hook.curefit.co,Binary analytics event stream (path not exposed),eventParams_widgetType,CIRCULAR_IMAGE_CAROUSEL_WIDGET,JSON_Payload
REQ-0003,hook.curefit.co,Binary analytics event stream (path not exposed),eventParams_advertiserId,9013994955fb2f93,JSON_Payload
REQ-0003,hook.curefit.co,Binary analytics event stream (path not exposed),eventParams_cityName,Delhi NCR,JSON_Payload
REQ-0003,hook.curefit.co,Binary analytics event stream (path not exposed),eventParams_isWidgetImpressionRequired,True,JSON_Payload
REQ-0003,hook.curefit.co,Binary analytics event stream (path not exposed),eventParams_isLoggedIn,False,JSON_Payload
REQ-0003,hook.curefit.co,Binary analytics event stream (path not exposed),eventParams_online,True,JSON_Payload
REQ-0003,hook.curefit.co,Binary analytics event stream (path not exposed),createdAt,1787569372989,JSON_Payload
REQ-0003,hook.curefit.co,Binary analytics event stream (path not exposed),sessionId,973fc4f4-6ae0-4b16-959a-a702c9bc8076-95d386c1-17e9-4792-b6f6-1244a9f6caf4,JSON_Payload
REQ-0004,hook.curefit.co,Binary analytics event stream (path not exposed),_id,5a8829a3-e241-48bd-ac29-1ab6445e26b9-8a689e18-e6c6-4445-9bad-d81c2e3d7769,JSON_Payload
REQ-0004,hook.curefit.co,Binary analytics event stream (path not exposed),eventId,5a8829a3-e241-48bd-ac29-1ab6445e26b9-8a689e18-e6c6-4445-9bad-d81c2e3d7769,JSON_Payload
REQ-0004,hook.curefit.co,Binary analytics event stream (path not exposed),userId,108206863,JSON_Payload
REQ-0004,hook.curefit.co,Binary analytics event stream (path not exposed),eventName,widget_impression,JSON_Payload
REQ-0004,hook.curefit.co,Binary analytics event stream (path not exposed),eventParams_widgetName,All Formats (Circular Carousel) - HP,JSON_Payload
REQ-0004,hook.curefit.co,Binary analytics event stream (path not exposed),eventParams_isSampledWidgetImpressionRequired,False,JSON_Payload
REQ-0004,hook.curefit.co,Binary analytics event stream (path not exposed),eventParams_widgetId,b9607e18-5d55-42ab-b976-4cc73595fb0a1,JSON_Payload
REQ-0004,hook.curefit.co,Binary analytics event stream (path not exposed),eventParams_sessionId,37bf15e3-82a2-b829-e798-1f08d47f282b,JSON_Payload
REQ-0004,hook.curefit.co,Binary analytics event stream (path not exposed),eventParams_cityId,Gurgaon,JSON_Payload
REQ-0004,hook.curefit.co,Binary analytics event stream (path not exposed),eventParams_eventType,view,JSON_Payload
REQ-0004,hook.curefit.co,Binary analytics event stream (path not exposed),eventParams_platform,APP,JSON_Payload
REQ-0004,hook.curefit.co,Binary analytics event stream (path not exposed),eventParams_widgetType,CIRCULAR_IMAGE_CAROUSEL_WIDGET,JSON_Payload
REQ-0004,hook.curefit.co,Binary analytics event stream (path not exposed),eventParams_advertiserId,9013994955fb2f93,JSON_Payload
REQ-0004,hook.curefit.co,Binary analytics event stream (path not exposed),eventParams_cityName,Delhi NCR,JSON_Payload
REQ-0004,hook.curefit.co,Binary analytics event stream (path not exposed),eventParams_isWidgetImpressionRequired,True,JSON_Payload
REQ-0004,hook.curefit.co,Binary analytics event stream (path not exposed),eventParams_isLoggedIn,False,JSON_Payload
REQ-0004,hook.curefit.co,Binary analytics event stream (path not exposed),eventParams_online,True,JSON_Payload
REQ-0004,hook.curefit.co,Binary analytics event stream (path not exposed),createdAt,1787569371904,JSON_Payload
REQ-0004,hook.curefit.co,Binary analytics event stream (path not exposed),sessionId,973fc4f4-6ae0-4b16-959a-a702c9bc8076-95d386c1-17e9-4792-b6f6-1244a9f6caf4,JSON_Payload
REQ-0005,hook.curefit.co,Binary analytics event stream (path not exposed),_id,aa4aa975-0c82-4396-b5bf-9872bafb8b0d-fdb31c33-3b93-4b91-a91d-aef12a09af8c,JSON_Payload
REQ-0005,hook.curefit.co,Binary analytics event stream (path not exposed),eventId,aa4aa975-0c82-4396-b5bf-9872bafb8b0d-fdb31c33-3b93-4b91-a91d-aef12a09af8c,JSON_Payload
REQ-0005,hook.curefit.co,Binary analytics event stream (path not exposed),userId,108206863,JSON_Payload
REQ-0005,hook.curefit.co,Binary analytics event stream (path not exposed),eventName,content_impression,JSON_Payload
REQ-0005,hook.curefit.co,Binary analytics event stream (path not exposed),eventParams_widgetName,HP Telesales Widget,JSON_Payload
REQ-0005,hook.curefit.co,Binary analytics event stream (path not exposed),eventParams_scrollTrigger,auto,JSON_Payload
REQ-0005,hook.curefit.co,Binary analytics event stream (path not exposed),eventParams_isSampledWidgetImpressionRequired,False,JSON_Payload
REQ-0005,hook.curefit.co,Binary analytics event stream (path not exposed),eventParams_widgetId,1cdb4a58-6252-47eb-be14-5a31fbd83977,JSON_Payload
REQ-0005,hook.curefit.co,Binary analytics event stream (path not exposed),eventParams_contentId,6svxz60m4g,JSON_Payload
REQ-0005,hook.curefit.co,Binary analytics event stream (path not exposed),eventParams_cityId,Gurgaon,JSON_Payload
REQ-0005,hook.curefit.co,Binary analytics event stream (path not exposed),eventParams_sessionId,37bf15e3-82a2-b829-e798-1f08d47f282b,JSON_Payload
REQ-0005,hook.curefit.co,Binary analytics event stream (path not exposed),eventParams_platform,APP,JSON_Payload
REQ-0005,hook.curefit.co,Binary analytics event stream (path not exposed),eventParams_widgetType,BANNER_CAROUSEL_WIDGET,JSON_Payload
REQ-0005,hook.curefit.co,Binary analytics event stream (path not exposed),eventParams_advertiserId,9013994955fb2f93,JSON_Payload
REQ-0005,hook.curefit.co,Binary analytics event stream (path not exposed),eventParams_contentUrl,/image/vm/c18594db-231c-4dfa-a492-cfc00ea551cd.png,JSON_Payload
REQ-0005,hook.curefit.co,Binary analytics event stream (path not exposed),eventParams_cityName,Delhi NCR,JSON_Payload
REQ-0005,hook.curefit.co,Binary analytics event stream (path not exposed),eventParams_dedupeId,ld1yacasryj,JSON_Payload
REQ-0005,hook.curefit.co,Binary analytics event stream (path not exposed),eventParams_isWidgetImpressionRequired,True,JSON_Payload
REQ-0005,hook.curefit.co,Binary analytics event stream (path not exposed),eventParams_online,True,JSON_Payload
REQ-0005,hook.curefit.co,Binary analytics event stream (path not exposed),eventParams_isLoggedIn,False,JSON_Payload
REQ-0005,hook.curefit.co,Binary analytics event stream (path not exposed),eventParams_position,0,JSON_Payload
REQ-0005,hook.curefit.co,Binary analytics event stream (path not exposed),createdAt,1787569370289,JSON_Payload
REQ-0005,hook.curefit.co,Binary analytics event stream (path not exposed),sessionId,973fc4f4-6ae0-4b16-959a-a702c9bc8076-95d386c1-17e9-4792-b6f6-1244a9f6caf4,JSON_Payload
REQ-0006,hook.curefit.co,Binary analytics event stream (path not exposed),_id,2c547445-4c1c-42f9-a1da-b3e70b3d47d3-6b722641-4128-4bff-a61b-6bf10a134fca,JSON_Payload
REQ-0006,hook.curefit.co,Binary analytics event stream (path not exposed),eventId,2c547445-4c1c-42f9-a1da-b3e70b3d47d3-6b722641-4128-4bff-a61b-6bf10a134fca,JSON_Payload
REQ-0006,hook.curefit.co,Binary analytics event stream (path not exposed),userId,108206863,JSON_Payload
REQ-0006,hook.curefit.co,Binary analytics event stream (path not exposed),eventName,content_impression,JSON_Payload
REQ-0006,hook.curefit.co,Binary analytics event stream (path not exposed),eventParams_widgetName,Fitstart HP Explore Cultpass - Home,JSON_Payload
REQ-0006,hook.curefit.co,Binary analytics event stream (path not exposed),eventParams_scrollTrigger,auto,JSON_Payload
REQ-0006,hook.curefit.co,Binary analytics event stream (path not exposed),eventParams_isSampledWidgetImpressionRequired,False,JSON_Payload
REQ-0006,hook.curefit.co,Binary analytics event stream (path not exposed),eventParams_widgetId,e74974c2-5037-4b4c-9bf9-c63cb8edbbd7qw023ms,JSON_Payload
REQ-0006,hook.curefit.co,Binary analytics event stream (path not exposed),eventParams_contentId,2ltpd0gs2b,JSON_Payload
REQ-0006,hook.curefit.co,Binary analytics event stream (path not exposed),eventParams_cityId,Gurgaon,JSON_Payload
REQ-0006,hook.curefit.co,Binary analytics event stream (path not exposed),eventParams_sessionId,37bf15e3-82a2-b829-e798-1f08d47f282b,JSON_Payload
REQ-0006,hook.curefit.co,Binary analytics event stream (path not exposed),eventParams_platform,APP,JSON_Payload
REQ-0006,hook.curefit.co,Binary analytics event stream (path not exposed),eventParams_widgetType,BANNER_CAROUSEL_WIDGET,JSON_Payload
REQ-0006,hook.curefit.co,Binary analytics event stream (path not exposed),eventParams_advertiserId,9013994955fb2f93,JSON_Payload
REQ-0006,hook.curefit.co,Binary analytics event stream (path not exposed),eventParams_contentUrl,/image/vm/032e25d2-1554-4c0f-88d0-cb2d9fefc1aa.png,JSON_Payload
REQ-0006,hook.curefit.co,Binary analytics event stream (path not exposed),eventParams_cityName,Delhi NCR,JSON_Payload
REQ-0006,hook.curefit.co,Binary analytics event stream (path not exposed),eventParams_dedupeId,2mlwsnv4fp,JSON_Payload
REQ-0006,hook.curefit.co,Binary analytics event stream (path not exposed),eventParams_isWidgetImpressionRequired,True,JSON_Payload
REQ-0006,hook.curefit.co,Binary analytics event stream (path not exposed),eventParams_online,True,JSON_Payload
REQ-0006,hook.curefit.co,Binary analytics event stream (path not exposed),eventParams_isLoggedIn,False,JSON_Payload
REQ-0006,hook.curefit.co,Binary analytics event stream (path not exposed),eventParams_position,0,JSON_Payload
REQ-0006,hook.curefit.co,Binary analytics event stream (path not exposed),createdAt,1787569370286,JSON_Payload
REQ-0006,hook.curefit.co,Binary analytics event stream (path not exposed),sessionId,973fc4f4-6ae0-4b16-959a-a702c9bc8076-95d386c1-17e9-4792-b6f6-1244a9f6caf4,JSON_Payload
REQ-0007,hook.curefit.co,Binary analytics event stream (path not exposed),_id,bad2cb17-ae42-422f-aff7-1e11f60b7e70-22f70925-e8a8-4aed-b134-e06469c6d0c0,JSON_Payload
REQ-0007,hook.curefit.co,Binary analytics event stream (path not exposed),eventId,bad2cb17-ae42-422f-aff7-1e11f60b7e70-22f70925-e8a8-4aed-b134-e06469c6d0c0,JSON_Payload
REQ-0007,hook.curefit.co,Binary analytics event stream (path not exposed),userId,108206863,JSON_Payload
REQ-0007,hook.curefit.co,Binary analytics event stream (path not exposed),eventName,widget_impression,JSON_Payload
REQ-0007,hook.curefit.co,Binary analytics event stream (path not exposed),eventParams_widgetName,HP - 1:1 Coaching Grid,JSON_Payload
REQ-0007,hook.curefit.co,Binary analytics event stream (path not exposed),eventParams_isSampledWidgetImpressionRequired,False,JSON_Payload
REQ-0007,hook.curefit.co,Binary analytics event stream (path not exposed),eventParams_widgetId,e4dc2578-bc4a-43ff-a47f-8e03bc1b62ed,JSON_Payload
REQ-0007,hook.curefit.co,Binary analytics event stream (path not exposed),eventParams_sessionId,37bf15e3-82a2-b829-e798-1f08d47f282b,JSON_Payload
REQ-0007,hook.curefit.co,Binary analytics event stream (path not exposed),eventParams_cityId,Gurgaon,JSON_Payload
REQ-0007,hook.curefit.co,Binary analytics event stream (path not exposed),eventParams_eventType,view,JSON_Payload
REQ-0007,hook.curefit.co,Binary analytics event stream (path not exposed),eventParams_platform,APP,JSON_Payload
REQ-0007,hook.curefit.co,Binary analytics event stream (path not exposed),eventParams_widgetType,MERCHANTRY_WIDGET,JSON_Payload
REQ-0007,hook.curefit.co,Binary analytics event stream (path not exposed),eventParams_advertiserId,9013994955fb2f93,JSON_Payload
REQ-0007,hook.curefit.co,Binary analytics event stream (path not exposed),eventParams_cityName,Delhi NCR,JSON_Payload
REQ-0007,hook.curefit.co,Binary analytics event stream (path not exposed),eventParams_isWidgetImpressionRequired,True,JSON_Payload
REQ-0007,hook.curefit.co,Binary analytics event stream (path not exposed),eventParams_isLoggedIn,False,JSON_Payload
REQ-0007,hook.curefit.co,Binary analytics event stream (path not exposed),eventParams_online,True,JSON_Payload
REQ-0007,hook.curefit.co,Binary analytics event stream (path not exposed),createdAt,1787569370273,JSON_Payload
REQ-0007,hook.curefit.co,Binary analytics event stream (path not exposed),sessionId,973fc4f4-6ae0-4b16-959a-a702c9bc8076-95d386c1-17e9-4792-b6f6-1244a9f6caf4,JSON_Payload
REQ-0008,hook.curefit.co,Binary analytics event stream (path not exposed),_id,abe5e03d-b7f5-4022-9966-14f5ed32138e-acb68a22-5596-4298-ad47-77c4c999aa20,JSON_Payload
REQ-0008,hook.curefit.co,Binary analytics event stream (path not exposed),eventId,abe5e03d-b7f5-4022-9966-14f5ed32138e-acb68a22-5596-4298-ad47-77c4c999aa20,JSON_Payload
REQ-0008,hook.curefit.co,Binary analytics event stream (path not exposed),userId,108206863,JSON_Payload
REQ-0008,hook.curefit.co,Binary analytics event stream (path not exposed),eventName,widget_impression,JSON_Payload
REQ-0008,hook.curefit.co,Binary analytics event stream (path not exposed),eventParams_widgetName,HP Telesales Widget,JSON_Payload
REQ-0008,hook.curefit.co,Binary analytics event stream (path not exposed),eventParams_isSampledWidgetImpressionRequired,False,JSON_Payload
REQ-0008,hook.curefit.co,Binary analytics event stream (path not exposed),eventParams_widgetId,1cdb4a58-6252-47eb-be14-5a31fbd83977,JSON_Payload
REQ-0008,hook.curefit.co,Binary analytics event stream (path not exposed),eventParams_sessionId,37bf15e3-82a2-b829-e798-1f08d47f282b,JSON_Payload
REQ-0008,hook.curefit.co,Binary analytics event stream (path not exposed),eventParams_cityId,Gurgaon,JSON_Payload
REQ-0008,hook.curefit.co,Binary analytics event stream (path not exposed),eventParams_eventType,view,JSON_Payload
REQ-0008,hook.curefit.co,Binary analytics event stream (path not exposed),eventParams_platform,APP,JSON_Payload
REQ-0008,hook.curefit.co,Binary analytics event stream (path not exposed),eventParams_widgetType,BANNER_CAROUSEL_WIDGET,JSON_Payload
REQ-0008,hook.curefit.co,Binary analytics event stream (path not exposed),eventParams_advertiserId,9013994955fb2f93,JSON_Payload
REQ-0008,hook.curefit.co,Binary analytics event stream (path not exposed),eventParams_cityName,Delhi NCR,JSON_Payload
REQ-0008,hook.curefit.co,Binary analytics event stream (path not exposed),eventParams_isWidgetImpressionRequired,True,JSON_Payload
REQ-0008,hook.curefit.co,Binary analytics event stream (path not exposed),eventParams_isLoggedIn,False,JSON_Payload
REQ-0008,hook.curefit.co,Binary analytics event stream (path not exposed),eventParams_online,True,JSON_Payload
REQ-0008,hook.curefit.co,Binary analytics event stream (path not exposed),createdAt,1787569370270,JSON_Payload
REQ-0008,hook.curefit.co,Binary analytics event stream (path not exposed),sessionId,973fc4f4-6ae0-4b16-959a-a702c9bc8076-95d386c1-17e9-4792-b6f6-1244a9f6caf4,JSON_Payload
REQ-0009,hook.curefit.co,Binary analytics event stream (path not exposed),_id,ef7c35aa-e305-4920-9b83-2091f4483e2a-e67f7900-d7c3-455d-bdfd-3b6f357ca0ec,JSON_Payload
REQ-0009,hook.curefit.co,Binary analytics event stream (path not exposed),eventId,ef7c35aa-e305-4920-9b83-2091f4483e2a-e67f7900-d7c3-455d-bdfd-3b6f357ca0ec,JSON_Payload
REQ-0009,hook.curefit.co,Binary analytics event stream (path not exposed),userId,108206863,JSON_Payload
REQ-0009,hook.curefit.co,Binary analytics event stream (path not exposed),eventName,widget_impression,JSON_Payload
REQ-0009,hook.curefit.co,Binary analytics event stream (path not exposed),eventParams_widgetName,Fitstart HP Explore Cultpass - Home,JSON_Payload
REQ-0009,hook.curefit.co,Binary analytics event stream (path not exposed),eventParams_isSampledWidgetImpressionRequired,False,JSON_Payload
REQ-0009,hook.curefit.co,Binary analytics event stream (path not exposed),eventParams_widgetId,e74974c2-5037-4b4c-9bf9-c63cb8edbbd7qw023ms,JSON_Payload
REQ-0009,hook.curefit.co,Binary analytics event stream (path not exposed),eventParams_sessionId,37bf15e3-82a2-b829-e798-1f08d47f282b,JSON_Payload
REQ-0009,hook.curefit.co,Binary analytics event stream (path not exposed),eventParams_cityId,Gurgaon,JSON_Payload
REQ-0009,hook.curefit.co,Binary analytics event stream (path not exposed),eventParams_eventType,view,JSON_Payload
REQ-0009,hook.curefit.co,Binary analytics event stream (path not exposed),eventParams_platform,APP,JSON_Payload
REQ-0009,hook.curefit.co,Binary analytics event stream (path not exposed),eventParams_widgetType,BANNER_CAROUSEL_WIDGET,JSON_Payload
REQ-0009,hook.curefit.co,Binary analytics event stream (path not exposed),eventParams_advertiserId,9013994955fb2f93,JSON_Payload
REQ-0009,hook.curefit.co,Binary analytics event stream (path not exposed),eventParams_cityName,Delhi NCR,JSON_Payload
REQ-0009,hook.curefit.co,Binary analytics event stream (path not exposed),eventParams_isWidgetImpressionRequired,True,JSON_Payload
REQ-0009,hook.curefit.co,Binary analytics event stream (path not exposed),eventParams_isLoggedIn,False,JSON_Payload
REQ-0009,hook.curefit.co,Binary analytics event stream (path not exposed),eventParams_online,True,JSON_Payload
REQ-0009,hook.curefit.co,Binary analytics event stream (path not exposed),createdAt,1787569370268,JSON_Payload
REQ-0009,hook.curefit.co,Binary analytics event stream (path not exposed),sessionId,973fc4f4-6ae0-4b16-959a-a702c9bc8076-95d386c1-17e9-4792-b6f6-1244a9f6caf4,JSON_Payload
REQ-0010,hook.curefit.co,Binary analytics event stream (path not exposed),_id,ce42ed4f-9549-45f7-9867-da36e56cda36-7358040e-ee8c-4fc3-97d0-d6dc5b64c403,JSON_Payload
REQ-0010,hook.curefit.co,Binary analytics event stream (path not exposed),eventId,ce42ed4f-9549-45f7-9867-da36e56cda36-7358040e-ee8c-4fc3-97d0-d6dc5b64c403,JSON_Payload
REQ-0010,hook.curefit.co,Binary analytics event stream (path not exposed),userId,108206863,JSON_Payload
REQ-0010,hook.curefit.co,Binary analytics event stream (path not exposed),eventName,content_impression,JSON_Payload
REQ-0010,hook.curefit.co,Binary analytics event stream (path not exposed),eventParams_widgetName,Fitstart HP Explore Cultpass - Play,JSON_Payload
REQ-0010,hook.curefit.co,Binary analytics event stream (path not exposed),eventParams_scrollTrigger,auto,JSON_Payload
REQ-0010,hook.curefit.co,Binary analytics event stream (path not exposed),eventParams_isSampledWidgetImpressionRequired,False,JSON_Payload
REQ-0010,hook.curefit.co,Binary analytics event stream (path not exposed),eventParams_widgetId,e74974c2-5037-4b4c-9bf9-c63cb8edbbd7qw023,JSON_Payload
REQ-0010,hook.curefit.co,Binary analytics event stream (path not exposed),eventParams_contentId,tugl8cmmpg,JSON_Payload
REQ-0010,hook.curefit.co,Binary analytics event stream (path not exposed),eventParams_cityId,Gurgaon,JSON_Payload
REQ-0010,hook.curefit.co,Binary analytics event stream (path not exposed),eventParams_sessionId,37bf15e3-82a2-b829-e798-1f08d47f282b,JSON_Payload
REQ-0010,hook.curefit.co,Binary analytics event stream (path not exposed),eventParams_platform,APP,JSON_Payload
REQ-0010,hook.curefit.co,Binary analytics event stream (path not exposed),eventParams_widgetType,BANNER_CAROUSEL_WIDGET,JSON_Payload
REQ-0010,hook.curefit.co,Binary analytics event stream (path not exposed),eventParams_advertiserId,9013994955fb2f93,JSON_Payload
REQ-0010,hook.curefit.co,Binary analytics event stream (path not exposed),eventParams_contentUrl,/image/vm/93c8369d-89d6-42b2-8664-d7856c598821.png,JSON_Payload
REQ-0010,hook.curefit.co,Binary analytics event stream (path not exposed),eventParams_cityName,Delhi NCR,JSON_Payload
REQ-0010,hook.curefit.co,Binary analytics event stream (path not exposed),eventParams_dedupeId,l6cmsqztci,JSON_Payload
REQ-0010,hook.curefit.co,Binary analytics event stream (path not exposed),eventParams_isWidgetImpressionRequired,True,JSON_Payload
REQ-0010,hook.curefit.co,Binary analytics event stream (path not exposed),eventParams_online,True,JSON_Payload
REQ-0010,hook.curefit.co,Binary analytics event stream (path not exposed),eventParams_isLoggedIn,False,JSON_Payload
REQ-0010,hook.curefit.co,Binary analytics event stream (path not exposed),eventParams_position,0,JSON_Payload
REQ-0010,hook.curefit.co,Binary analytics event stream (path not exposed),createdAt,1787569369764,JSON_Payload
REQ-0010,hook.curefit.co,Binary analytics event stream (path not exposed),sessionId,973fc4f4-6ae0-4b16-959a-a702c9bc8076-95d386c1-17e9-4792-b6f6-1244a9f6caf4,JSON_Payload
REQ-0011,hook.curefit.co,Binary analytics event stream (path not exposed),_id,10ba097e-68b7-4f4f-af4b-f43291ffee00-47636c44-f694-4bb8-8c4b-14818e1dd6fb,JSON_Payload
REQ-0011,hook.curefit.co,Binary analytics event stream (path not exposed),eventId,10ba097e-68b7-4f4f-af4b-f43291ffee00-47636c44-f694-4bb8-8c4b-14818e1dd6fb,JSON_Payload
REQ-0011,hook.curefit.co,Binary analytics event stream (path not exposed),userId,108206863,JSON_Payload
REQ-0011,hook.curefit.co,Binary analytics event stream (path not exposed),eventName,page_view,JSON_Payload
REQ-0011,hook.curefit.co,Binary analytics event stream (path not exposed),eventParams_dateTime,1787569377672,JSON_Payload
REQ-0011,hook.curefit.co,Binary analytics event stream (path not exposed),eventParams_vertical,FITNESSHUB,JSON_Payload
REQ-0011,hook.curefit.co,Binary analytics event stream (path not exposed),eventParams_cityId,Gurgaon,JSON_Payload
REQ-0011,hook.curefit.co,Binary analytics event stream (path not exposed),eventParams_sessionId,37bf15e3-82a2-b829-e798-1f08d47f282b,JSON_Payload
REQ-0011,hook.curefit.co,Binary analytics event stream (path not exposed),eventParams_eventType,view,JSON_Payload
REQ-0011,hook.curefit.co,Binary analytics event stream (path not exposed),eventParams_pageId,fitnesshub_nux,JSON_Payload
REQ-0011,hook.curefit.co,Binary analytics event stream (path not exposed),eventParams_pageName, Nux fitness page,JSON_Payload
REQ-0011,hook.curefit.co,Binary analytics event stream (path not exposed),eventParams_platform,APP,JSON_Payload
REQ-0011,hook.curefit.co,Binary analytics event stream (path not exposed),eventParams_tabRouteName,fitnesshubclp,JSON_Payload
REQ-0011,hook.curefit.co,Binary analytics event stream (path not exposed),eventParams_advertiserId,9013994955fb2f93,JSON_Payload
REQ-0011,hook.curefit.co,Binary analytics event stream (path not exposed),eventParams_pageType,listpage,JSON_Payload
REQ-0011,hook.curefit.co,Binary analytics event stream (path not exposed),eventParams_cityName,Delhi NCR,JSON_Payload
REQ-0011,hook.curefit.co,Binary analytics event stream (path not exposed),eventParams_isLoggedIn,False,JSON_Payload
REQ-0011,hook.curefit.co,Binary analytics event stream (path not exposed),eventParams_online,True,JSON_Payload
REQ-0011,hook.curefit.co,Binary analytics event stream (path not exposed),createdAt,1787569377731,JSON_Payload
REQ-0011,hook.curefit.co,Binary analytics event stream (path not exposed),sessionId,973fc4f4-6ae0-4b16-959a-a702c9bc8076-95d386c1-17e9-4792-b6f6-1244a9f6caf4,JSON_Payload
REQ-0012,hook.curefit.co,Binary analytics event stream (path not exposed),_id,a2417814-3652-49fe-8f26-e6b6a6508ddf-da5e1757-e966-4808-8b12-b52a8ad78cfa,JSON_Payload
REQ-0012,hook.curefit.co,Binary analytics event stream (path not exposed),eventId,a2417814-3652-49fe-8f26-e6b6a6508ddf-da5e1757-e966-4808-8b12-b52a8ad78cfa,JSON_Payload
REQ-0012,hook.curefit.co,Binary analytics event stream (path not exposed),userId,108206863,JSON_Payload
REQ-0012,hook.curefit.co,Binary analytics event stream (path not exposed),eventName,page_view,JSON_Payload
REQ-0012,hook.curefit.co,Binary analytics event stream (path not exposed),eventParams_dateTime,1787569377671,JSON_Payload
REQ-0012,hook.curefit.co,Binary analytics event stream (path not exposed),eventParams_vertical,FITNESSHUB,JSON_Payload
REQ-0012,hook.curefit.co,Binary analytics event stream (path not exposed),eventParams_cityId,Gurgaon,JSON_Payload
REQ-0012,hook.curefit.co,Binary analytics event stream (path not exposed),eventParams_sessionId,37bf15e3-82a2-b829-e798-1f08d47f282b,JSON_Payload
REQ-0012,hook.curefit.co,Binary analytics event stream (path not exposed),eventParams_eventType,view,JSON_Payload
REQ-0012,hook.curefit.co,Binary analytics event stream (path not exposed),eventParams_pageId,fitnesshub_nux,JSON_Payload
REQ-0012,hook.curefit.co,Binary analytics event stream (path not exposed),eventParams_pageName, Nux fitness page,JSON_Payload
REQ-0012,hook.curefit.co,Binary analytics event stream (path not exposed),eventParams_pageFrom,hometab,JSON_Payload
REQ-0012,hook.curefit.co,Binary analytics event stream (path not exposed),eventParams_platform,APP,JSON_Payload
REQ-0012,hook.curefit.co,Binary analytics event stream (path not exposed),eventParams_tabRouteName,fitnesshubclp,JSON_Payload
REQ-0012,hook.curefit.co,Binary analytics event stream (path not exposed),eventParams_advertiserId,9013994955fb2f93,JSON_Payload
REQ-0012,hook.curefit.co,Binary analytics event stream (path not exposed),eventParams_pageType,listpage,JSON_Payload
REQ-0012,hook.curefit.co,Binary analytics event stream (path not exposed),eventParams_cityName,Delhi NCR,JSON_Payload
REQ-0012,hook.curefit.co,Binary analytics event stream (path not exposed),eventParams_isLoggedIn,False,JSON_Payload
REQ-0012,hook.curefit.co,Binary analytics event stream (path not exposed),eventParams_online,True,JSON_Payload
REQ-0012,hook.curefit.co,Binary analytics event stream (path not exposed),createdAt,1787569377729,JSON_Payload
REQ-0012,hook.curefit.co,Binary analytics event stream (path not exposed),sessionId,973fc4f4-6ae0-4b16-959a-a702c9bc8076-95d386c1-17e9-4792-b6f6-1244a9f6caf4,JSON_Payload
REQ-0013,hook.curefit.co,Binary analytics event stream (path not exposed),_id,beb9971f-86e5-4f83-be1b-b92449b1945d-ff6695e9-a006-4b8c-9f50-56bca739351e,JSON_Payload
REQ-0013,hook.curefit.co,Binary analytics event stream (path not exposed),eventId,beb9971f-86e5-4f83-be1b-b92449b1945d-ff6695e9-a006-4b8c-9f50-56bca739351e,JSON_Payload
REQ-0013,hook.curefit.co,Binary analytics event stream (path not exposed),userId,108206863,JSON_Payload
REQ-0013,hook.curefit.co,Binary analytics event stream (path not exposed),eventName,navigation_change,JSON_Payload
REQ-0013,hook.curefit.co,Binary analytics event stream (path not exposed),eventParams_dateTime,1787569377639,JSON_Payload
REQ-0013,hook.curefit.co,Binary analytics event stream (path not exposed),eventParams_topageId,fitnesshub_nux,JSON_Payload
REQ-0013,hook.curefit.co,Binary analytics event stream (path not exposed),eventParams_fromPageName,hometab,JSON_Payload
REQ-0013,hook.curefit.co,Binary analytics event stream (path not exposed),eventParams_vertical,FITNESSHUB,JSON_Payload
REQ-0013,hook.curefit.co,Binary analytics event stream (path not exposed),eventParams_cityId,Gurgaon,JSON_Payload
REQ-0013,hook.curefit.co,Binary analytics event stream (path not exposed),eventParams_sessionId,37bf15e3-82a2-b829-e798-1f08d47f282b,JSON_Payload
REQ-0013,hook.curefit.co,Binary analytics event stream (path not exposed),eventParams_source,bottom_nav,JSON_Payload
REQ-0013,hook.curefit.co,Binary analytics event stream (path not exposed),eventParams_eventType,navigation_change,JSON_Payload
REQ-0013,hook.curefit.co,Binary analytics event stream (path not exposed),eventParams_platform,APP,JSON_Payload
REQ-0013,hook.curefit.co,Binary analytics event stream (path not exposed),eventParams_advertiserId,9013994955fb2f93,JSON_Payload
REQ-0013,hook.curefit.co,Binary analytics event stream (path not exposed),eventParams_toPageName,fitnesshubclp,JSON_Payload
REQ-0013,hook.curefit.co,Binary analytics event stream (path not exposed),eventParams_cityName,Delhi NCR,JSON_Payload
REQ-0013,hook.curefit.co,Binary analytics event stream (path not exposed),eventParams_frompageId,hometab,JSON_Payload
REQ-0013,hook.curefit.co,Binary analytics event stream (path not exposed),eventParams_isLoggedIn,False,JSON_Payload
REQ-0013,hook.curefit.co,Binary analytics event stream (path not exposed),eventParams_online,True,JSON_Payload
REQ-0013,hook.curefit.co,Binary analytics event stream (path not exposed),createdAt,1787569377688,JSON_Payload
REQ-0013,hook.curefit.co,Binary analytics event stream (path not exposed),sessionId,973fc4f4-6ae0-4b16-959a-a702c9bc8076-95d386c1-17e9-4792-b6f6-1244a9f6caf4,JSON_Payload
REQ-0014,hook.curefit.co,Binary analytics event stream (path not exposed),_id,849aef3c-e039-480a-8aa4-9cb5e8a06920-d56d9e1d-7842-4d42-a9fc-ee601807ec97,JSON_Payload
REQ-0014,hook.curefit.co,Binary analytics event stream (path not exposed),eventId,849aef3c-e039-480a-8aa4-9cb5e8a06920-d56d9e1d-7842-4d42-a9fc-ee601807ec97,JSON_Payload
REQ-0014,hook.curefit.co,Binary analytics event stream (path not exposed),userId,108206863,JSON_Payload
REQ-0014,hook.curefit.co,Binary analytics event stream (path not exposed),eventName,bottom_tab_clicked,JSON_Payload
REQ-0014,hook.curefit.co,Binary analytics event stream (path not exposed),eventParams_cityName,Delhi NCR,JSON_Payload
REQ-0014,hook.curefit.co,Binary analytics event stream (path not exposed),eventParams_isLoggedIn,False,JSON_Payload
REQ-0014,hook.curefit.co,Binary analytics event stream (path not exposed),eventParams_online,True,JSON_Payload
REQ-0014,hook.curefit.co,Binary analytics event stream (path not exposed),eventParams_vertical,FITNESSHUB,JSON_Payload
REQ-0014,hook.curefit.co,Binary analytics event stream (path not exposed),eventParams_cityId,Gurgaon,JSON_Payload
REQ-0014,hook.curefit.co,Binary analytics event stream (path not exposed),eventParams_sessionId,37bf15e3-82a2-b829-e798-1f08d47f282b,JSON_Payload
REQ-0014,hook.curefit.co,Binary analytics event stream (path not exposed),eventParams_platform,APP,JSON_Payload
REQ-0014,hook.curefit.co,Binary analytics event stream (path not exposed),eventParams_advertiserId,9013994955fb2f93,JSON_Payload
REQ-0014,hook.curefit.co,Binary analytics event stream (path not exposed),createdAt,1787569376960,JSON_Payload
REQ-0014,hook.curefit.co,Binary analytics event stream (path not exposed),sessionId,973fc4f4-6ae0-4b16-959a-a702c9bc8076-95d386c1-17e9-4792-b6f6-1244a9f6caf4,JSON_Payload
REQ-0015,hook.curefit.co,Binary analytics event stream (path not exposed),_id,61d25c77-5f01-44c2-adad-b26da9208ea8-33cc4f30-ff51-4407-89b5-9e596ed13cfd,JSON_Payload
REQ-0015,hook.curefit.co,Binary analytics event stream (path not exposed),eventId,61d25c77-5f01-44c2-adad-b26da9208ea8-33cc4f30-ff51-4407-89b5-9e596ed13cfd,JSON_Payload
REQ-0015,hook.curefit.co,Binary analytics event stream (path not exposed),userId,108206863,JSON_Payload
REQ-0015,hook.curefit.co,Binary analytics event stream (path not exposed),eventName,app_error,JSON_Payload
REQ-0015,hook.curefit.co,Binary analytics event stream (path not exposed),eventParams_cityName,Delhi NCR,JSON_Payload
REQ-0015,hook.curefit.co,Binary analytics event stream (path not exposed),eventParams_isLoggedIn,False,JSON_Payload
REQ-0015,hook.curefit.co,Binary analytics event stream (path not exposed),eventParams_online,True,JSON_Payload
REQ-0015,hook.curefit.co,Binary analytics event stream (path not exposed),eventParams_details,"ClientException: Cronet exception: m1.kw: Exception in CronetUrlRequest: net::ERR_INVALID_URL, Error",JSON_Payload
REQ-0015,hook.curefit.co,Binary analytics event stream (path not exposed),eventParams_cityId,Gurgaon,JSON_Payload
REQ-0015,hook.curefit.co,Binary analytics event stream (path not exposed),eventParams_sessionId,37bf15e3-82a2-b829-e798-1f08d47f282b,JSON_Payload
REQ-0015,hook.curefit.co,Binary analytics event stream (path not exposed),eventParams_platform,APP,JSON_Payload
REQ-0015,hook.curefit.co,Binary analytics event stream (path not exposed),eventParams_advertiserId,9013994955fb2f93,JSON_Payload
REQ-0015,hook.curefit.co,Binary analytics event stream (path not exposed),createdAt,1787569376280,JSON_Payload
REQ-0015,hook.curefit.co,Binary analytics event stream (path not exposed),sessionId,973fc4f4-6ae0-4b16-959a-a702c9bc8076-95d386c1-17e9-4792-b6f6-1244a9f6caf4,JSON_Payload
REQ-0016,hook.curefit.co,Binary analytics event stream (path not exposed),_id,b52a2e79-bf27-47fa-ab03-2ee1760c2aa9-18c5e696-ad03-4152-81a3-0cff4b073a5f,JSON_Payload
REQ-0016,hook.curefit.co,Binary analytics event stream (path not exposed),eventId,b52a2e79-bf27-47fa-ab03-2ee1760c2aa9-18c5e696-ad03-4152-81a3-0cff4b073a5f,JSON_Payload
REQ-0016,hook.curefit.co,Binary analytics event stream (path not exposed),userId,108206863,JSON_Payload
REQ-0016,hook.curefit.co,Binary analytics event stream (path not exposed),eventName,app_error,JSON_Payload
REQ-0016,hook.curefit.co,Binary analytics event stream (path not exposed),eventParams_cityName,Delhi NCR,JSON_Payload
REQ-0016,hook.curefit.co,Binary analytics event stream (path not exposed),eventParams_isLoggedIn,False,JSON_Payload
REQ-0016,hook.curefit.co,Binary analytics event stream (path not exposed),eventParams_online,True,JSON_Payload
REQ-0016,hook.curefit.co,Binary analytics event stream (path not exposed),eventParams_details,"ClientException: Cronet exception: m1.kw: Exception in CronetUrlRequest: net::ERR_INVALID_URL, Error",JSON_Payload
REQ-0016,hook.curefit.co,Binary analytics event stream (path not exposed),eventParams_cityId,Gurgaon,JSON_Payload
REQ-0016,hook.curefit.co,Binary analytics event stream (path not exposed),eventParams_sessionId,37bf15e3-82a2-b829-e798-1f08d47f282b,JSON_Payload
REQ-0016,hook.curefit.co,Binary analytics event stream (path not exposed),eventParams_platform,APP,JSON_Payload
REQ-0016,hook.curefit.co,Binary analytics event stream (path not exposed),eventParams_advertiserId,9013994955fb2f93,JSON_Payload
REQ-0016,hook.curefit.co,Binary analytics event stream (path not exposed),createdAt,1787569376275,JSON_Payload
REQ-0016,hook.curefit.co,Binary analytics event stream (path not exposed),sessionId,973fc4f4-6ae0-4b16-959a-a702c9bc8076-95d386c1-17e9-4792-b6f6-1244a9f6caf4,JSON_Payload
REQ-0017,hook.curefit.co,Binary analytics event stream (path not exposed),_id,4cb99bc9-0caf-494a-a14b-dd9680b643d7-8b92e249-939e-4b94-b2da-ff6cd56de486,JSON_Payload
REQ-0017,hook.curefit.co,Binary analytics event stream (path not exposed),eventId,4cb99bc9-0caf-494a-a14b-dd9680b643d7-8b92e249-939e-4b94-b2da-ff6cd56de486,JSON_Payload
REQ-0017,hook.curefit.co,Binary analytics event stream (path not exposed),userId,108206863,JSON_Payload
REQ-0017,hook.curefit.co,Binary analytics event stream (path not exposed),eventName,app_error,JSON_Payload
REQ-0017,hook.curefit.co,Binary analytics event stream (path not exposed),eventParams_cityName,Delhi NCR,JSON_Payload
REQ-0017,hook.curefit.co,Binary analytics event stream (path not exposed),eventParams_isLoggedIn,False,JSON_Payload
REQ-0017,hook.curefit.co,Binary analytics event stream (path not exposed),eventParams_online,True,JSON_Payload
REQ-0017,hook.curefit.co,Binary analytics event stream (path not exposed),eventParams_details,"ClientException: Cronet exception: m1.kw: Exception in CronetUrlRequest: net::ERR_INVALID_URL, Error",JSON_Payload
REQ-0017,hook.curefit.co,Binary analytics event stream (path not exposed),eventParams_cityId,Gurgaon,JSON_Payload
REQ-0017,hook.curefit.co,Binary analytics event stream (path not exposed),eventParams_sessionId,37bf15e3-82a2-b829-e798-1f08d47f282b,JSON_Payload
REQ-0017,hook.curefit.co,Binary analytics event stream (path not exposed),eventParams_platform,APP,JSON_Payload
REQ-0017,hook.curefit.co,Binary analytics event stream (path not exposed),eventParams_advertiserId,9013994955fb2f93,JSON_Payload
REQ-0017,hook.curefit.co,Binary analytics event stream (path not exposed),createdAt,1787569376274,JSON_Payload
REQ-0017,hook.curefit.co,Binary analytics event stream (path not exposed),sessionId,973fc4f4-6ae0-4b16-959a-a702c9bc8076-95d386c1-17e9-4792-b6f6-1244a9f6caf4,JSON_Payload
REQ-0018,hook.curefit.co,Binary analytics event stream (path not exposed),_id,2e5d44e6-9cfa-420e-b88f-109a005280ea-cc5057ce-c255-4488-8c8d-b9359ec86655,JSON_Payload
REQ-0018,hook.curefit.co,Binary analytics event stream (path not exposed),eventId,2e5d44e6-9cfa-420e-b88f-109a005280ea-cc5057ce-c255-4488-8c8d-b9359ec86655,JSON_Payload
REQ-0018,hook.curefit.co,Binary analytics event stream (path not exposed),userId,108206863,JSON_Payload
REQ-0018,hook.curefit.co,Binary analytics event stream (path not exposed),eventName,app_error,JSON_Payload
REQ-0018,hook.curefit.co,Binary analytics event stream (path not exposed),eventParams_cityName,Delhi NCR,JSON_Payload
REQ-0018,hook.curefit.co,Binary analytics event stream (path not exposed),eventParams_isLoggedIn,False,JSON_Payload
REQ-0018,hook.curefit.co,Binary analytics event stream (path not exposed),eventParams_online,True,JSON_Payload
REQ-0018,hook.curefit.co,Binary analytics event stream (path not exposed),eventParams_details,"ClientException: Cronet exception: m1.kw: Exception in CronetUrlRequest: net::ERR_INVALID_URL, Error",JSON_Payload
REQ-0018,hook.curefit.co,Binary analytics event stream (path not exposed),eventParams_cityId,Gurgaon,JSON_Payload
REQ-0018,hook.curefit.co,Binary analytics event stream (path not exposed),eventParams_sessionId,37bf15e3-82a2-b829-e798-1f08d47f282b,JSON_Payload
REQ-0018,hook.curefit.co,Binary analytics event stream (path not exposed),eventParams_platform,APP,JSON_Payload
REQ-0018,hook.curefit.co,Binary analytics event stream (path not exposed),eventParams_advertiserId,9013994955fb2f93,JSON_Payload
REQ-0018,hook.curefit.co,Binary analytics event stream (path not exposed),createdAt,1787569376272,JSON_Payload
REQ-0018,hook.curefit.co,Binary analytics event stream (path not exposed),sessionId,973fc4f4-6ae0-4b16-959a-a702c9bc8076-95d386c1-17e9-4792-b6f6-1244a9f6caf4,JSON_Payload
REQ-0019,hook.curefit.co,Binary analytics event stream (path not exposed),_id,1dda5a0d-3e14-432c-8f40-9001b648291d-1fd2b926-a179-4b61-a009-7c9dbd11e66f,JSON_Payload
REQ-0019,hook.curefit.co,Binary analytics event stream (path not exposed),eventId,1dda5a0d-3e14-432c-8f40-9001b648291d-1fd2b926-a179-4b61-a009-7c9dbd11e66f,JSON_Payload
REQ-0019,hook.curefit.co,Binary analytics event stream (path not exposed),userId,108206863,JSON_Payload
REQ-0019,hook.curefit.co,Binary analytics event stream (path not exposed),eventName,content_impression,JSON_Payload
REQ-0019,hook.curefit.co,Binary analytics event stream (path not exposed),eventParams_widgetName,HP - Guided session,JSON_Payload
REQ-0019,hook.curefit.co,Binary analytics event stream (path not exposed),eventParams_isSampledWidgetImpressionRequired,False,JSON_Payload
REQ-0019,hook.curefit.co,Binary analytics event stream (path not exposed),eventParams_scrollTrigger,auto,JSON_Payload
REQ-0019,hook.curefit.co,Binary analytics event stream (path not exposed),eventParams_widgetId,27b310fa-f4c9-4846-9224-f836a2f49ca5,JSON_Payload
REQ-0019,hook.curefit.co,Binary analytics event stream (path not exposed),eventParams_contentId,y13ohsy14k,JSON_Payload
REQ-0019,hook.curefit.co,Binary analytics event stream (path not exposed),eventParams_cityId,Gurgaon,JSON_Payload
REQ-0019,hook.curefit.co,Binary analytics event stream (path not exposed),eventParams_sessionId,37bf15e3-82a2-b829-e798-1f08d47f282b,JSON_Payload
REQ-0019,hook.curefit.co,Binary analytics event stream (path not exposed),eventParams_platform,APP,JSON_Payload
REQ-0019,hook.curefit.co,Binary analytics event stream (path not exposed),eventParams_widgetType,MERCHANTRY_WIDGET,JSON_Payload
REQ-0019,hook.curefit.co,Binary analytics event stream (path not exposed),eventParams_advertiserId,9013994955fb2f93,JSON_Payload
REQ-0019,hook.curefit.co,Binary analytics event stream (path not exposed),eventParams_cityName,Delhi NCR,JSON_Payload
REQ-0019,hook.curefit.co,Binary analytics event stream (path not exposed),eventParams_dedupeId,ur3b67xuxn,JSON_Payload
REQ-0019,hook.curefit.co,Binary analytics event stream (path not exposed),eventParams_isWidgetImpressionRequired,True,JSON_Payload
REQ-0019,hook.curefit.co,Binary analytics event stream (path not exposed),eventParams_online,True,JSON_Payload
REQ-0019,hook.curefit.co,Binary analytics event stream (path not exposed),eventParams_isLoggedIn,False,JSON_Payload
REQ-0019,hook.curefit.co,Binary analytics event stream (path not exposed),eventParams_position,0,JSON_Payload
REQ-0019,hook.curefit.co,Binary analytics event stream (path not exposed),createdAt,1787569373518,JSON_Payload
REQ-0019,hook.curefit.co,Binary analytics event stream (path not exposed),sessionId,973fc4f4-6ae0-4b16-959a-a702c9bc8076-95d386c1-17e9-4792-b6f6-1244a9f6caf4,JSON_Payload
REQ-0020,hook.curefit.co,Binary analytics event stream (path not exposed),_id,b10e18e6-6dea-4204-b8f7-17eb6e8fffd2-37cb26d9-0334-4386-aa59-8983ac05ab2f,JSON_Payload
REQ-0020,hook.curefit.co,Binary analytics event stream (path not exposed),eventId,b10e18e6-6dea-4204-b8f7-17eb6e8fffd2-37cb26d9-0334-4386-aa59-8983ac05ab2f,JSON_Payload
REQ-0020,hook.curefit.co,Binary analytics event stream (path not exposed),userId,108206863,JSON_Payload
REQ-0020,hook.curefit.co,Binary analytics event stream (path not exposed),eventName,widget_impression,JSON_Payload
REQ-0020,hook.curefit.co,Binary analytics event stream (path not exposed),eventParams_widgetName,HP - Guided session,JSON_Payload
REQ-0020,hook.curefit.co,Binary analytics event stream (path not exposed),eventParams_isSampledWidgetImpressionRequired,False,JSON_Payload
REQ-0020,hook.curefit.co,Binary analytics event stream (path not exposed),eventParams_widgetId,27b310fa-f4c9-4846-9224-f836a2f49ca5,JSON_Payload
REQ-0020,hook.curefit.co,Binary analytics event stream (path not exposed),eventParams_sessionId,37bf15e3-82a2-b829-e798-1f08d47f282b,JSON_Payload
REQ-0020,hook.curefit.co,Binary analytics event stream (path not exposed),eventParams_cityId,Gurgaon,JSON_Payload
REQ-0020,hook.curefit.co,Binary analytics event stream (path not exposed),eventParams_eventType,view,JSON_Payload
REQ-0020,hook.curefit.co,Binary analytics event stream (path not exposed),eventParams_platform,APP,JSON_Payload
REQ-0020,hook.curefit.co,Binary analytics event stream (path not exposed),eventParams_widgetType,MERCHANTRY_WIDGET,JSON_Payload
REQ-0020,hook.curefit.co,Binary analytics event stream (path not exposed),eventParams_advertiserId,9013994955fb2f93,JSON_Payload
REQ-0020,hook.curefit.co,Binary analytics event stream (path not exposed),eventParams_cityName,Delhi NCR,JSON_Payload
REQ-0020,hook.curefit.co,Binary analytics event stream (path not exposed),eventParams_isWidgetImpressionRequired,True,JSON_Payload
REQ-0020,hook.curefit.co,Binary analytics event stream (path not exposed),eventParams_isLoggedIn,False,JSON_Payload
REQ-0020,hook.curefit.co,Binary analytics event stream (path not exposed),eventParams_online,True,JSON_Payload
REQ-0020,hook.curefit.co,Binary analytics event stream (path not exposed),createdAt,1787569373499,JSON_Payload
REQ-0020,hook.curefit.co,Binary analytics event stream (path not exposed),sessionId,973fc4f4-6ae0-4b16-959a-a702c9bc8076-95d386c1-17e9-4792-b6f6-1244a9f6caf4,JSON_Payload
REQ-0021,a.nel.cloudflare.com,/report/v4,url,https://a.nel.cloudflare.com/report/v4?s=MR6nHNTk8NsTSGm%2FOo2RmwYLVQZbj4fh%2F5RttqISTCbvz0uAvio8lUYzq3uX4T7gkGQComI6YDdCjhBTUX9K2%2FSswY3FbNbfZPXjI8QBIKMsxTWVqGI9slwElQkT7PrHE3k4lcDotN3Py5f8NOpEBQ%3D%3D,JSON_Payload
REQ-0022,hook.curefit.co,Binary analytics event stream (path not exposed),_id,e163e50d-a5d2-4a80-8736-e6f03e57ff88-c39de30b-dbb4-4271-803a-884d079ba320,JSON_Payload
REQ-0022,hook.curefit.co,Binary analytics event stream (path not exposed),eventId,e163e50d-a5d2-4a80-8736-e6f03e57ff88-c39de30b-dbb4-4271-803a-884d079ba320,JSON_Payload
REQ-0022,hook.curefit.co,Binary analytics event stream (path not exposed),userId,108206863,JSON_Payload
REQ-0022,hook.curefit.co,Binary analytics event stream (path not exposed),eventName,app_background,JSON_Payload
REQ-0022,hook.curefit.co,Binary analytics event stream (path not exposed),eventParams_toState,hidden,JSON_Payload
REQ-0022,hook.curefit.co,Binary analytics event stream (path not exposed),eventParams_fromState,inactive,JSON_Payload
REQ-0022,hook.curefit.co,Binary analytics event stream (path not exposed),eventParams_framework,flutter,JSON_Payload
REQ-0022,hook.curefit.co,Binary analytics event stream (path not exposed),eventParams_cityName,Delhi NCR,JSON_Payload
REQ-0022,hook.curefit.co,Binary analytics event stream (path not exposed),eventParams_isLoggedIn,False,JSON_Payload
REQ-0022,hook.curefit.co,Binary analytics event stream (path not exposed),eventParams_online,True,JSON_Payload
REQ-0022,hook.curefit.co,Binary analytics event stream (path not exposed),eventParams_vertical,FITNESSHUB,JSON_Payload
REQ-0022,hook.curefit.co,Binary analytics event stream (path not exposed),eventParams_cityId,Gurgaon,JSON_Payload
REQ-0022,hook.curefit.co,Binary analytics event stream (path not exposed),eventParams_sessionId,37bf15e3-82a2-b829-e798-1f08d47f282b,JSON_Payload
REQ-0022,hook.curefit.co,Binary analytics event stream (path not exposed),eventParams_eventType,app_lifecycle,JSON_Payload
REQ-0022,hook.curefit.co,Binary analytics event stream (path not exposed),eventParams_platform,APP,JSON_Payload
REQ-0022,hook.curefit.co,Binary analytics event stream (path not exposed),eventParams_advertiserId,9013994955fb2f93,JSON_Payload
REQ-0022,hook.curefit.co,Binary analytics event stream (path not exposed),createdAt,1787569382454,JSON_Payload
REQ-0022,hook.curefit.co,Binary analytics event stream (path not exposed),sessionId,973fc4f4-6ae0-4b16-959a-a702c9bc8076-95d386c1-17e9-4792-b6f6-1244a9f6caf4,JSON_Payload
REQ-0023,hook.curefit.co,Binary analytics event stream (path not exposed),_id,ffbaa0c5-cf59-447e-88aa-7d597592c3a3-ee0ffabc-7f6c-4c58-95d4-2963a5ae6415,JSON_Payload
REQ-0023,hook.curefit.co,Binary analytics event stream (path not exposed),eventId,ffbaa0c5-cf59-447e-88aa-7d597592c3a3-ee0ffabc-7f6c-4c58-95d4-2963a5ae6415,JSON_Payload
REQ-0023,hook.curefit.co,Binary analytics event stream (path not exposed),userId,108206863,JSON_Payload
REQ-0023,hook.curefit.co,Binary analytics event stream (path not exposed),eventName,END_OF_LIST_PAGE,JSON_Payload
REQ-0023,hook.curefit.co,Binary analytics event stream (path not exposed),eventParams_cityName,Delhi NCR,JSON_Payload
REQ-0023,hook.curefit.co,Binary analytics event stream (path not exposed),eventParams_isLoggedIn,False,JSON_Payload
REQ-0023,hook.curefit.co,Binary analytics event stream (path not exposed),eventParams_online,True,JSON_Payload
REQ-0023,hook.curefit.co,Binary analytics event stream (path not exposed),eventParams_vertical,FITNESSHUB,JSON_Payload
REQ-0023,hook.curefit.co,Binary analytics event stream (path not exposed),eventParams_cityId,Gurgaon,JSON_Payload
REQ-0023,hook.curefit.co,Binary analytics event stream (path not exposed),eventParams_sessionId,37bf15e3-82a2-b829-e798-1f08d47f282b,JSON_Payload
REQ-0023,hook.curefit.co,Binary analytics event stream (path not exposed),eventParams_pageId,fitness_search_choose_category,JSON_Payload
REQ-0023,hook.curefit.co,Binary analytics event stream (path not exposed),eventParams_platform,APP,JSON_Payload
REQ-0023,hook.curefit.co,Binary analytics event stream (path not exposed),eventParams_advertiserId,9013994955fb2f93,JSON_Payload
REQ-0023,hook.curefit.co,Binary analytics event stream (path not exposed),createdAt,1787569382437,JSON_Payload
REQ-0023,hook.curefit.co,Binary analytics event stream (path not exposed),sessionId,973fc4f4-6ae0-4b16-959a-a702c9bc8076-95d386c1-17e9-4792-b6f6-1244a9f6caf4,JSON_Payload
REQ-0024,hook.curefit.co,Binary analytics event stream (path not exposed),_id,b0012335-da93-4192-b207-68b57ad50ed6-ea3d2ebd-896c-4102-90d6-65a7e4fb0c13,JSON_Payload
REQ-0024,hook.curefit.co,Binary analytics event stream (path not exposed),eventId,b0012335-da93-4192-b207-68b57ad50ed6-ea3d2ebd-896c-4102-90d6-65a7e4fb0c13,JSON_Payload
REQ-0024,hook.curefit.co,Binary analytics event stream (path not exposed),userId,108206863,JSON_Payload
REQ-0024,hook.curefit.co,Binary analytics event stream (path not exposed),eventName,page_view,JSON_Payload
REQ-0024,hook.curefit.co,Binary analytics event stream (path not exposed),eventParams_dateTime,1787569382302,JSON_Payload
REQ-0024,hook.curefit.co,Binary analytics event stream (path not exposed),eventParams_vertical,FITNESSHUB,JSON_Payload
REQ-0024,hook.curefit.co,Binary analytics event stream (path not exposed),eventParams_cityId,Gurgaon,JSON_Payload
REQ-0024,hook.curefit.co,Binary analytics event stream (path not exposed),eventParams_sessionId,37bf15e3-82a2-b829-e798-1f08d47f282b,JSON_Payload
REQ-0024,hook.curefit.co,Binary analytics event stream (path not exposed),eventParams_eventType,view,JSON_Payload
REQ-0024,hook.curefit.co,Binary analytics event stream (path not exposed),eventParams_pageId,fitness_search_choose_category,JSON_Payload
REQ-0024,hook.curefit.co,Binary analytics event stream (path not exposed),eventParams_pageName,Search for,JSON_Payload
REQ-0024,hook.curefit.co,Binary analytics event stream (path not exposed),eventParams_platform,APP,JSON_Payload
REQ-0024,hook.curefit.co,Binary analytics event stream (path not exposed),eventParams_advertiserId,9013994955fb2f93,JSON_Payload
REQ-0024,hook.curefit.co,Binary analytics event stream (path not exposed),eventParams_pageType,listpage,JSON_Payload
REQ-0024,hook.curefit.co,Binary analytics event stream (path not exposed),eventParams_cityName,Delhi NCR,JSON_Payload
REQ-0024,hook.curefit.co,Binary analytics event stream (path not exposed),eventParams_isLoggedIn,False,JSON_Payload
REQ-0024,hook.curefit.co,Binary analytics event stream (path not exposed),eventParams_online,True,JSON_Payload
REQ-0024,hook.curefit.co,Binary analytics event stream (path not exposed),createdAt,1787569382328,JSON_Payload
REQ-0024,hook.curefit.co,Binary analytics event stream (path not exposed),sessionId,973fc4f4-6ae0-4b16-959a-a702c9bc8076-95d386c1-17e9-4792-b6f6-1244a9f6caf4,JSON_Payload
REQ-0025,hook.curefit.co,Binary analytics event stream (path not exposed),_id,85550290-e237-435a-becf-865cf0344931-362f505b-9362-48d3-8f55-86a8fc4e37c1,JSON_Payload
REQ-0025,hook.curefit.co,Binary analytics event stream (path not exposed),eventId,85550290-e237-435a-becf-865cf0344931-362f505b-9362-48d3-8f55-86a8fc4e37c1,JSON_Payload
REQ-0025,hook.curefit.co,Binary analytics event stream (path not exposed),userId,108206863,JSON_Payload
REQ-0025,hook.curefit.co,Binary analytics event stream (path not exposed),eventName,navigation_change,JSON_Payload
REQ-0025,hook.curefit.co,Binary analytics event stream (path not exposed),eventParams_dateTime,1787569381874,JSON_Payload
REQ-0025,hook.curefit.co,Binary analytics event stream (path not exposed),eventParams_topageId,fitness_search_choose_category,JSON_Payload
REQ-0025,hook.curefit.co,Binary analytics event stream (path not exposed),eventParams_fromPageName,fitnesshubclp,JSON_Payload
REQ-0025,hook.curefit.co,Binary analytics event stream (path not exposed),eventParams_vertical,FITNESSHUB,JSON_Payload
REQ-0025,hook.curefit.co,Binary analytics event stream (path not exposed),eventParams_cityId,Gurgaon,JSON_Payload
REQ-0025,hook.curefit.co,Binary analytics event stream (path not exposed),eventParams_sessionId,37bf15e3-82a2-b829-e798-1f08d47f282b,JSON_Payload
REQ-0025,hook.curefit.co,Binary analytics event stream (path not exposed),eventParams_eventType,navigation_change,JSON_Payload
REQ-0025,hook.curefit.co,Binary analytics event stream (path not exposed),eventParams_platform,APP,JSON_Payload
REQ-0025,hook.curefit.co,Binary analytics event stream (path not exposed),eventParams_advertiserId,9013994955fb2f93,JSON_Payload
REQ-0025,hook.curefit.co,Binary analytics event stream (path not exposed),eventParams_toPageName,listpage,JSON_Payload
REQ-0025,hook.curefit.co,Binary analytics event stream (path not exposed),eventParams_cityName,Delhi NCR,JSON_Payload
REQ-0025,hook.curefit.co,Binary analytics event stream (path not exposed),eventParams_frompageId,fitnesshubclp,JSON_Payload
REQ-0025,hook.curefit.co,Binary analytics event stream (path not exposed),eventParams_isLoggedIn,False,JSON_Payload
REQ-0025,hook.curefit.co,Binary analytics event stream (path not exposed),eventParams_online,True,JSON_Payload
REQ-0025,hook.curefit.co,Binary analytics event stream (path not exposed),createdAt,1787569381895,JSON_Payload
REQ-0025,hook.curefit.co,Binary analytics event stream (path not exposed),sessionId,973fc4f4-6ae0-4b16-959a-a702c9bc8076-95d386c1-17e9-4792-b6f6-1244a9f6caf4,JSON_Payload
REQ-0026,hook.curefit.co,Binary analytics event stream (path not exposed),_id,fb9a50c0-9e63-4892-9513-78d482089092-9376d4bf-2ced-4a03-93af-086afdb5bb7f,JSON_Payload
REQ-0026,hook.curefit.co,Binary analytics event stream (path not exposed),eventId,fb9a50c0-9e63-4892-9513-78d482089092-9376d4bf-2ced-4a03-93af-086afdb5bb7f,JSON_Payload
REQ-0026,hook.curefit.co,Binary analytics event stream (path not exposed),userId,108206863,JSON_Payload
REQ-0026,hook.curefit.co,Binary analytics event stream (path not exposed),eventName,widget_impression,JSON_Payload
REQ-0026,hook.curefit.co,Binary analytics event stream (path not exposed),eventParams_widgetName,Survey Form - Nux Widget,JSON_Payload
REQ-0026,hook.curefit.co,Binary analytics event stream (path not exposed),eventParams_isSampledWidgetImpressionRequired,False,JSON_Payload
REQ-0026,hook.curefit.co,Binary analytics event stream (path not exposed),eventParams_widgetId,25d7bb75-0c68-4f4a-b646-1c1dedb8fc77,JSON_Payload
REQ-0026,hook.curefit.co,Binary analytics event stream (path not exposed),eventParams_widgetPosition,2,JSON_Payload
REQ-0026,hook.curefit.co,Binary analytics event stream (path not exposed),eventParams_vertical,FITNESSHUB,JSON_Payload
REQ-0026,hook.curefit.co,Binary analytics event stream (path not exposed),eventParams_cityId,Gurgaon,JSON_Payload
REQ-0026,hook.curefit.co,Binary analytics event stream (path not exposed),eventParams_sessionId,37bf15e3-82a2-b829-e798-1f08d47f282b,JSON_Payload
REQ-0026,hook.curefit.co,Binary analytics event stream (path not exposed),eventParams_eventType,view,JSON_Payload
REQ-0026,hook.curefit.co,Binary analytics event stream (path not exposed),eventParams_pageId,fitnesshub_nux,JSON_Payload
REQ-0026,hook.curefit.co,Binary analytics event stream (path not exposed),eventParams_pageName, Nux fitness page,JSON_Payload
REQ-0026,hook.curefit.co,Binary analytics event stream (path not exposed),eventParams_platform,APP,JSON_Payload
REQ-0026,hook.curefit.co,Binary analytics event stream (path not exposed),eventParams_widgetType,MERCHANTRY_WIDGET,JSON_Payload
REQ-0026,hook.curefit.co,Binary analytics event stream (path not exposed),eventParams_advertiserId,9013994955fb2f93,JSON_Payload
REQ-0026,hook.curefit.co,Binary analytics event stream (path not exposed),eventParams_cityName,Delhi NCR,JSON_Payload
REQ-0026,hook.curefit.co,Binary analytics event stream (path not exposed),eventParams_isWidgetImpressionRequired,True,JSON_Payload
REQ-0026,hook.curefit.co,Binary analytics event stream (path not exposed),eventParams_online,True,JSON_Payload
REQ-0026,hook.curefit.co,Binary analytics event stream (path not exposed),eventParams_isLoggedIn,False,JSON_Payload
REQ-0026,hook.curefit.co,Binary analytics event stream (path not exposed),createdAt,1787569380445,JSON_Payload
REQ-0026,hook.curefit.co,Binary analytics event stream (path not exposed),sessionId,973fc4f4-6ae0-4b16-959a-a702c9bc8076-95d386c1-17e9-4792-b6f6-1244a9f6caf4,JSON_Payload
REQ-0027,hook.curefit.co,Binary analytics event stream (path not exposed),_id,b31b20c5-5e99-4914-8847-610626977cd9-8917e8be-6bb3-420d-a99c-0d5e290c2fcb,JSON_Payload
REQ-0027,hook.curefit.co,Binary analytics event stream (path not exposed),eventId,b31b20c5-5e99-4914-8847-610626977cd9-8917e8be-6bb3-420d-a99c-0d5e290c2fcb,JSON_Payload
REQ-0027,hook.curefit.co,Binary analytics event stream (path not exposed),userId,108206863,JSON_Payload
REQ-0027,hook.curefit.co,Binary analytics event stream (path not exposed),eventName,content_impression,JSON_Payload
REQ-0027,hook.curefit.co,Binary analytics event stream (path not exposed),eventParams_widgetName,Unified CLP Fitnesshub Stories - UBER - Set 2,JSON_Payload
REQ-0027,hook.curefit.co,Binary analytics event stream (path not exposed),eventParams_scrollTrigger,auto,JSON_Payload
REQ-0027,hook.curefit.co,Binary analytics event stream (path not exposed),eventParams_isSampledWidgetImpressionRequired,False,JSON_Payload
REQ-0027,hook.curefit.co,Binary analytics event stream (path not exposed),eventParams_widgetId,5bbb9b7e-8f40-45c1-a968-8ecbcaeb0a10z,JSON_Payload
REQ-0027,hook.curefit.co,Binary analytics event stream (path not exposed),eventParams_contentId,7ykhgiq4vei,JSON_Payload
REQ-0027,hook.curefit.co,Binary analytics event stream (path not exposed),eventParams_vertical,FITNESSHUB,JSON_Payload
REQ-0027,hook.curefit.co,Binary analytics event stream (path not exposed),eventParams_widgetPosition,0,JSON_Payload
REQ-0027,hook.curefit.co,Binary analytics event stream (path not exposed),eventParams_cityId,Gurgaon,JSON_Payload
REQ-0027,hook.curefit.co,Binary analytics event stream (path not exposed),eventParams_sessionId,37bf15e3-82a2-b829-e798-1f08d47f282b,JSON_Payload
REQ-0027,hook.curefit.co,Binary analytics event stream (path not exposed),eventParams_pageId,fitnesshub_nux,JSON_Payload
REQ-0027,hook.curefit.co,Binary analytics event stream (path not exposed),eventParams_pageName, Nux fitness page,JSON_Payload
REQ-0027,hook.curefit.co,Binary analytics event stream (path not exposed),eventParams_platform,APP,JSON_Payload
REQ-0027,hook.curefit.co,Binary analytics event stream (path not exposed),eventParams_widgetType,MERCHANTRY_WIDGET,JSON_Payload
REQ-0027,hook.curefit.co,Binary analytics event stream (path not exposed),eventParams_advertiserId,9013994955fb2f93,JSON_Payload
REQ-0027,hook.curefit.co,Binary analytics event stream (path not exposed),eventParams_cityName,Delhi NCR,JSON_Payload
REQ-0027,hook.curefit.co,Binary analytics event stream (path not exposed),eventParams_dedupeId,f16h1omhws,JSON_Payload
REQ-0027,hook.curefit.co,Binary analytics event stream (path not exposed),eventParams_isWidgetImpressionRequired,True,JSON_Payload
REQ-0027,hook.curefit.co,Binary analytics event stream (path not exposed),eventParams_isLoggedIn,False,JSON_Payload
REQ-0027,hook.curefit.co,Binary analytics event stream (path not exposed),eventParams_online,True,JSON_Payload
REQ-0027,hook.curefit.co,Binary analytics event stream (path not exposed),eventParams_position,0,JSON_Payload
REQ-0027,hook.curefit.co,Binary analytics event stream (path not exposed),createdAt,1787569378266,JSON_Payload
REQ-0027,hook.curefit.co,Binary analytics event stream (path not exposed),sessionId,973fc4f4-6ae0-4b16-959a-a702c9bc8076-95d386c1-17e9-4792-b6f6-1244a9f6caf4,JSON_Payload
REQ-0028,hook.curefit.co,Binary analytics event stream (path not exposed),_id,4b7c0a92-15c7-46d2-b1ec-82b615686f13-10bae5b9-8f32-4b89-a3b0-493881aa72c8,JSON_Payload
REQ-0028,hook.curefit.co,Binary analytics event stream (path not exposed),eventId,4b7c0a92-15c7-46d2-b1ec-82b615686f13-10bae5b9-8f32-4b89-a3b0-493881aa72c8,JSON_Payload
REQ-0028,hook.curefit.co,Binary analytics event stream (path not exposed),userId,108206863,JSON_Payload
REQ-0028,hook.curefit.co,Binary analytics event stream (path not exposed),eventName,widget_impression,JSON_Payload
REQ-0028,hook.curefit.co,Binary analytics event stream (path not exposed),eventParams_widgetName,Unified CLP Fitnesshub Stories - UBER - Set 2,JSON_Payload
REQ-0028,hook.curefit.co,Binary analytics event stream (path not exposed),eventParams_isSampledWidgetImpressionRequired,False,JSON_Payload
REQ-0028,hook.curefit.co,Binary analytics event stream (path not exposed),eventParams_widgetId,5bbb9b7e-8f40-45c1-a968-8ecbcaeb0a10z,JSON_Payload
REQ-0028,hook.curefit.co,Binary analytics event stream (path not exposed),eventParams_widgetPosition,0,JSON_Payload
REQ-0028,hook.curefit.co,Binary analytics event stream (path not exposed),eventParams_vertical,FITNESSHUB,JSON_Payload
REQ-0028,hook.curefit.co,Binary analytics event stream (path not exposed),eventParams_cityId,Gurgaon,JSON_Payload
REQ-0028,hook.curefit.co,Binary analytics event stream (path not exposed),eventParams_sessionId,37bf15e3-82a2-b829-e798-1f08d47f282b,JSON_Payload
REQ-0028,hook.curefit.co,Binary analytics event stream (path not exposed),eventParams_eventType,view,JSON_Payload
REQ-0028,hook.curefit.co,Binary analytics event stream (path not exposed),eventParams_pageId,fitnesshub_nux,JSON_Payload
REQ-0028,hook.curefit.co,Binary analytics event stream (path not exposed),eventParams_pageName, Nux fitness page,JSON_Payload
REQ-0028,hook.curefit.co,Binary analytics event stream (path not exposed),eventParams_platform,APP,JSON_Payload
REQ-0028,hook.curefit.co,Binary analytics event stream (path not exposed),eventParams_widgetType,MERCHANTRY_WIDGET,JSON_Payload
REQ-0028,hook.curefit.co,Binary analytics event stream (path not exposed),eventParams_advertiserId,9013994955fb2f93,JSON_Payload
REQ-0028,hook.curefit.co,Binary analytics event stream (path not exposed),eventParams_cityName,Delhi NCR,JSON_Payload
REQ-0028,hook.curefit.co,Binary analytics event stream (path not exposed),eventParams_isWidgetImpressionRequired,True,JSON_Payload
REQ-0028,hook.curefit.co,Binary analytics event stream (path not exposed),eventParams_online,True,JSON_Payload
REQ-0028,hook.curefit.co,Binary analytics event stream (path not exposed),eventParams_isLoggedIn,False,JSON_Payload
REQ-0028,hook.curefit.co,Binary analytics event stream (path not exposed),createdAt,1787569378231,JSON_Payload
REQ-0028,hook.curefit.co,Binary analytics event stream (path not exposed),sessionId,973fc4f4-6ae0-4b16-959a-a702c9bc8076-95d386c1-17e9-4792-b6f6-1244a9f6caf4,JSON_Payload
REQ-0029,hook.curefit.co,Binary analytics event stream (path not exposed),_id,f115f69a-19ec-474b-a4c7-d2a9841ce3a8-e103144f-b9b2-4b5f-86d7-01d51ed898b1,JSON_Payload
REQ-0029,hook.curefit.co,Binary analytics event stream (path not exposed),eventId,f115f69a-19ec-474b-a4c7-d2a9841ce3a8-e103144f-b9b2-4b5f-86d7-01d51ed898b1,JSON_Payload
REQ-0029,hook.curefit.co,Binary analytics event stream (path not exposed),userId,108206863,JSON_Payload
REQ-0029,hook.curefit.co,Binary analytics event stream (path not exposed),eventName,app_error,JSON_Payload
REQ-0029,hook.curefit.co,Binary analytics event stream (path not exposed),eventParams_cityName,Delhi NCR,JSON_Payload
REQ-0029,hook.curefit.co,Binary analytics event stream (path not exposed),eventParams_isLoggedIn,False,JSON_Payload
REQ-0029,hook.curefit.co,Binary analytics event stream (path not exposed),eventParams_online,True,JSON_Payload
REQ-0029,hook.curefit.co,Binary analytics event stream (path not exposed),eventParams_details,"ClientException: Cronet exception: m1.kw: Exception in CronetUrlRequest: net::ERR_INVALID_URL, Error",JSON_Payload
REQ-0029,hook.curefit.co,Binary analytics event stream (path not exposed),eventParams_cityId,Gurgaon,JSON_Payload
REQ-0029,hook.curefit.co,Binary analytics event stream (path not exposed),eventParams_sessionId,37bf15e3-82a2-b829-e798-1f08d47f282b,JSON_Payload
REQ-0029,hook.curefit.co,Binary analytics event stream (path not exposed),eventParams_platform,APP,JSON_Payload
REQ-0029,hook.curefit.co,Binary analytics event stream (path not exposed),eventParams_advertiserId,9013994955fb2f93,JSON_Payload
REQ-0029,hook.curefit.co,Binary analytics event stream (path not exposed),createdAt,1787569373387,JSON_Payload
REQ-0029,hook.curefit.co,Binary analytics event stream (path not exposed),sessionId,973fc4f4-6ae0-4b16-959a-a702c9bc8076-95d386c1-17e9-4792-b6f6-1244a9f6caf4,JSON_Payload
REQ-0030,hook.curefit.co,Binary analytics event stream (path not exposed),_id,51ad6473-fc50-40a1-a552-4701b9e68898-e729716e-c898-454a-ac12-f0e5c53dc185,JSON_Payload
REQ-0030,hook.curefit.co,Binary analytics event stream (path not exposed),eventId,51ad6473-fc50-40a1-a552-4701b9e68898-e729716e-c898-454a-ac12-f0e5c53dc185,JSON_Payload
REQ-0030,hook.curefit.co,Binary analytics event stream (path not exposed),userId,108206863,JSON_Payload
REQ-0030,hook.curefit.co,Binary analytics event stream (path not exposed),eventName,app_error,JSON_Payload
REQ-0030,hook.curefit.co,Binary analytics event stream (path not exposed),eventParams_cityName,Delhi NCR,JSON_Payload
REQ-0030,hook.curefit.co,Binary analytics event stream (path not exposed),eventParams_isLoggedIn,False,JSON_Payload
REQ-0030,hook.curefit.co,Binary analytics event stream (path not exposed),eventParams_online,True,JSON_Payload
REQ-0030,hook.curefit.co,Binary analytics event stream (path not exposed),eventParams_details,"ClientException: Cronet exception: m1.kw: Exception in CronetUrlRequest: net::ERR_INVALID_URL, Error",JSON_Payload
REQ-0030,hook.curefit.co,Binary analytics event stream (path not exposed),eventParams_cityId,Gurgaon,JSON_Payload
REQ-0030,hook.curefit.co,Binary analytics event stream (path not exposed),eventParams_sessionId,37bf15e3-82a2-b829-e798-1f08d47f282b,JSON_Payload
REQ-0030,hook.curefit.co,Binary analytics event stream (path not exposed),eventParams_platform,APP,JSON_Payload
REQ-0030,hook.curefit.co,Binary analytics event stream (path not exposed),eventParams_advertiserId,9013994955fb2f93,JSON_Payload
REQ-0030,hook.curefit.co,Binary analytics event stream (path not exposed),createdAt,1787569373385,JSON_Payload
REQ-0030,hook.curefit.co,Binary analytics event stream (path not exposed),sessionId,973fc4f4-6ae0-4b16-959a-a702c9bc8076-95d386c1-17e9-4792-b6f6-1244a9f6caf4,JSON_Payload
REQ-0031,hook.curefit.co,Binary analytics event stream (path not exposed),_id,ed961ada-4af7-47ee-b1a4-fc461e264a61-402d5dfe-55b8-4e3c-b333-9d8ea3cb92b5,JSON_Payload
REQ-0031,hook.curefit.co,Binary analytics event stream (path not exposed),eventId,ed961ada-4af7-47ee-b1a4-fc461e264a61-402d5dfe-55b8-4e3c-b333-9d8ea3cb92b5,JSON_Payload
REQ-0031,hook.curefit.co,Binary analytics event stream (path not exposed),userId,108206863,JSON_Payload
REQ-0031,hook.curefit.co,Binary analytics event stream (path not exposed),eventName,app_error,JSON_Payload
REQ-0031,hook.curefit.co,Binary analytics event stream (path not exposed),eventParams_cityName,Delhi NCR,JSON_Payload
REQ-0031,hook.curefit.co,Binary analytics event stream (path not exposed),eventParams_isLoggedIn,False,JSON_Payload
REQ-0031,hook.curefit.co,Binary analytics event stream (path not exposed),eventParams_online,True,JSON_Payload
REQ-0031,hook.curefit.co,Binary analytics event stream (path not exposed),eventParams_details,"ClientException: Cronet exception: m1.kw: Exception in CronetUrlRequest: net::ERR_INVALID_URL, Error",JSON_Payload
REQ-0031,hook.curefit.co,Binary analytics event stream (path not exposed),eventParams_cityId,Gurgaon,JSON_Payload
REQ-0031,hook.curefit.co,Binary analytics event stream (path not exposed),eventParams_sessionId,37bf15e3-82a2-b829-e798-1f08d47f282b,JSON_Payload
REQ-0031,hook.curefit.co,Binary analytics event stream (path not exposed),eventParams_platform,APP,JSON_Payload
REQ-0031,hook.curefit.co,Binary analytics event stream (path not exposed),eventParams_advertiserId,9013994955fb2f93,JSON_Payload
REQ-0031,hook.curefit.co,Binary analytics event stream (path not exposed),createdAt,1787569373382,JSON_Payload
REQ-0031,hook.curefit.co,Binary analytics event stream (path not exposed),sessionId,973fc4f4-6ae0-4b16-959a-a702c9bc8076-95d386c1-17e9-4792-b6f6-1244a9f6caf4,JSON_Payload
REQ-0032,hook.curefit.co,Binary analytics event stream (path not exposed),_id,8bcbd80f-fd36-42a5-b7e4-211d7c58f4da-533afd14-c9cd-450f-bd48-09f5291ccff1,JSON_Payload
REQ-0032,hook.curefit.co,Binary analytics event stream (path not exposed),eventId,8bcbd80f-fd36-42a5-b7e4-211d7c58f4da-533afd14-c9cd-450f-bd48-09f5291ccff1,JSON_Payload
REQ-0032,hook.curefit.co,Binary analytics event stream (path not exposed),userId,108206863,JSON_Payload
REQ-0032,hook.curefit.co,Binary analytics event stream (path not exposed),eventName,app_error,JSON_Payload
REQ-0032,hook.curefit.co,Binary analytics event stream (path not exposed),eventParams_cityName,Delhi NCR,JSON_Payload
REQ-0032,hook.curefit.co,Binary analytics event stream (path not exposed),eventParams_isLoggedIn,False,JSON_Payload
REQ-0032,hook.curefit.co,Binary analytics event stream (path not exposed),eventParams_online,True,JSON_Payload
REQ-0032,hook.curefit.co,Binary analytics event stream (path not exposed),eventParams_vertical,FITNESSHUB,JSON_Payload
REQ-0032,hook.curefit.co,Binary analytics event stream (path not exposed),eventParams_details,"ClientException: Cronet exception: m1.kw: Exception in CronetUrlRequest: net::ERR_INVALID_URL, Error",JSON_Payload
REQ-0032,hook.curefit.co,Binary analytics event stream (path not exposed),eventParams_cityId,Gurgaon,JSON_Payload
REQ-0032,hook.curefit.co,Binary analytics event stream (path not exposed),eventParams_sessionId,37bf15e3-82a2-b829-e798-1f08d47f282b,JSON_Payload
REQ-0032,hook.curefit.co,Binary analytics event stream (path not exposed),eventParams_platform,APP,JSON_Payload
REQ-0032,hook.curefit.co,Binary analytics event stream (path not exposed),eventParams_advertiserId,9013994955fb2f93,JSON_Payload
REQ-0032,hook.curefit.co,Binary analytics event stream (path not exposed),createdAt,1787569384670,JSON_Payload
REQ-0032,hook.curefit.co,Binary analytics event stream (path not exposed),sessionId,973fc4f4-6ae0-4b16-959a-a702c9bc8076-95d386c1-17e9-4792-b6f6-1244a9f6caf4,JSON_Payload
REQ-0033,hook.curefit.co,Binary analytics event stream (path not exposed),_id,9c6ed159-5594-481e-a288-5c03f36bf64b-f6f58123-67c2-43e4-bcc1-2aaa81d4132f,JSON_Payload
REQ-0033,hook.curefit.co,Binary analytics event stream (path not exposed),eventId,9c6ed159-5594-481e-a288-5c03f36bf64b-f6f58123-67c2-43e4-bcc1-2aaa81d4132f,JSON_Payload
REQ-0033,hook.curefit.co,Binary analytics event stream (path not exposed),userId,108206863,JSON_Payload
REQ-0033,hook.curefit.co,Binary analytics event stream (path not exposed),eventName,app_error,JSON_Payload
REQ-0033,hook.curefit.co,Binary analytics event stream (path not exposed),eventParams_cityName,Delhi NCR,JSON_Payload
REQ-0033,hook.curefit.co,Binary analytics event stream (path not exposed),eventParams_isLoggedIn,False,JSON_Payload
REQ-0033,hook.curefit.co,Binary analytics event stream (path not exposed),eventParams_online,True,JSON_Payload
REQ-0033,hook.curefit.co,Binary analytics event stream (path not exposed),eventParams_vertical,FITNESSHUB,JSON_Payload
REQ-0033,hook.curefit.co,Binary analytics event stream (path not exposed),eventParams_details,"ClientException: Cronet exception: m1.kw: Exception in CronetUrlRequest: net::ERR_INVALID_URL, Error",JSON_Payload
REQ-0033,hook.curefit.co,Binary analytics event stream (path not exposed),eventParams_cityId,Gurgaon,JSON_Payload
REQ-0033,hook.curefit.co,Binary analytics event stream (path not exposed),eventParams_sessionId,37bf15e3-82a2-b829-e798-1f08d47f282b,JSON_Payload
REQ-0033,hook.curefit.co,Binary analytics event stream (path not exposed),eventParams_platform,APP,JSON_Payload
REQ-0033,hook.curefit.co,Binary analytics event stream (path not exposed),eventParams_advertiserId,9013994955fb2f93,JSON_Payload
REQ-0033,hook.curefit.co,Binary analytics event stream (path not exposed),createdAt,1787569384669,JSON_Payload
REQ-0033,hook.curefit.co,Binary analytics event stream (path not exposed),sessionId,973fc4f4-6ae0-4b16-959a-a702c9bc8076-95d386c1-17e9-4792-b6f6-1244a9f6caf4,JSON_Payload
REQ-0034,hook.curefit.co,Binary analytics event stream (path not exposed),_id,740db389-7492-4333-b7ab-552090335695-241d3755-1635-4814-8c17-176d12ea4e52,JSON_Payload
REQ-0034,hook.curefit.co,Binary analytics event stream (path not exposed),eventId,740db389-7492-4333-b7ab-552090335695-241d3755-1635-4814-8c17-176d12ea4e52,JSON_Payload
REQ-0034,hook.curefit.co,Binary analytics event stream (path not exposed),userId,108206863,JSON_Payload
REQ-0034,hook.curefit.co,Binary analytics event stream (path not exposed),eventName,app_error,JSON_Payload
REQ-0034,hook.curefit.co,Binary analytics event stream (path not exposed),eventParams_cityName,Delhi NCR,JSON_Payload
REQ-0034,hook.curefit.co,Binary analytics event stream (path not exposed),eventParams_isLoggedIn,False,JSON_Payload
REQ-0034,hook.curefit.co,Binary analytics event stream (path not exposed),eventParams_online,True,JSON_Payload
REQ-0034,hook.curefit.co,Binary analytics event stream (path not exposed),eventParams_vertical,FITNESSHUB,JSON_Payload
REQ-0034,hook.curefit.co,Binary analytics event stream (path not exposed),eventParams_details,"ClientException: Cronet exception: m1.kw: Exception in CronetUrlRequest: net::ERR_INVALID_URL, Error",JSON_Payload
REQ-0034,hook.curefit.co,Binary analytics event stream (path not exposed),eventParams_cityId,Gurgaon,JSON_Payload
REQ-0034,hook.curefit.co,Binary analytics event stream (path not exposed),eventParams_sessionId,37bf15e3-82a2-b829-e798-1f08d47f282b,JSON_Payload
REQ-0034,hook.curefit.co,Binary analytics event stream (path not exposed),eventParams_platform,APP,JSON_Payload
REQ-0034,hook.curefit.co,Binary analytics event stream (path not exposed),eventParams_advertiserId,9013994955fb2f93,JSON_Payload
REQ-0034,hook.curefit.co,Binary analytics event stream (path not exposed),createdAt,1787569384669,JSON_Payload
REQ-0034,hook.curefit.co,Binary analytics event stream (path not exposed),sessionId,973fc4f4-6ae0-4b16-959a-a702c9bc8076-95d386c1-17e9-4792-b6f6-1244a9f6caf4,JSON_Payload
REQ-0035,hook.curefit.co,Binary analytics event stream (path not exposed),_id,d354170a-dd8b-439d-afe2-1f5658f5276d-e46bfbd0-37bf-408a-9fe0-8e4e2ec0d4a0,JSON_Payload
REQ-0035,hook.curefit.co,Binary analytics event stream (path not exposed),eventId,d354170a-dd8b-439d-afe2-1f5658f5276d-e46bfbd0-37bf-408a-9fe0-8e4e2ec0d4a0,JSON_Payload
REQ-0035,hook.curefit.co,Binary analytics event stream (path not exposed),userId,108206863,JSON_Payload
REQ-0035,hook.curefit.co,Binary analytics event stream (path not exposed),eventName,app_error,JSON_Payload
REQ-0035,hook.curefit.co,Binary analytics event stream (path not exposed),eventParams_cityName,Delhi NCR,JSON_Payload
REQ-0035,hook.curefit.co,Binary analytics event stream (path not exposed),eventParams_isLoggedIn,False,JSON_Payload
REQ-0035,hook.curefit.co,Binary analytics event stream (path not exposed),eventParams_online,True,JSON_Payload
REQ-0035,hook.curefit.co,Binary analytics event stream (path not exposed),eventParams_vertical,FITNESSHUB,JSON_Payload
REQ-0035,hook.curefit.co,Binary analytics event stream (path not exposed),eventParams_details,"ClientException: Cronet exception: m1.kw: Exception in CronetUrlRequest: net::ERR_INVALID_URL, Error",JSON_Payload
REQ-0035,hook.curefit.co,Binary analytics event stream (path not exposed),eventParams_cityId,Gurgaon,JSON_Payload
REQ-0035,hook.curefit.co,Binary analytics event stream (path not exposed),eventParams_sessionId,37bf15e3-82a2-b829-e798-1f08d47f282b,JSON_Payload
REQ-0035,hook.curefit.co,Binary analytics event stream (path not exposed),eventParams_platform,APP,JSON_Payload
REQ-0035,hook.curefit.co,Binary analytics event stream (path not exposed),eventParams_advertiserId,9013994955fb2f93,JSON_Payload
REQ-0035,hook.curefit.co,Binary analytics event stream (path not exposed),createdAt,1787569384667,JSON_Payload
REQ-0035,hook.curefit.co,Binary analytics event stream (path not exposed),sessionId,973fc4f4-6ae0-4b16-959a-a702c9bc8076-95d386c1-17e9-4792-b6f6-1244a9f6caf4,JSON_Payload
REQ-0036,hook.curefit.co,Binary analytics event stream (path not exposed),_id,c7a0eb98-6111-4b17-8c48-26be45c7ae7e-9cb5a816-77f0-4f49-8a9c-638e1d5f6980,JSON_Payload
REQ-0036,hook.curefit.co,Binary analytics event stream (path not exposed),eventId,c7a0eb98-6111-4b17-8c48-26be45c7ae7e-9cb5a816-77f0-4f49-8a9c-638e1d5f6980,JSON_Payload
REQ-0036,hook.curefit.co,Binary analytics event stream (path not exposed),userId,108206863,JSON_Payload
REQ-0036,hook.curefit.co,Binary analytics event stream (path not exposed),eventName,button_click_event,JSON_Payload
REQ-0036,hook.curefit.co,Binary analytics event stream (path not exposed),eventParams_cityName,Delhi NCR,JSON_Payload
REQ-0036,hook.curefit.co,Binary analytics event stream (path not exposed),eventParams_isLoggedIn,False,JSON_Payload
REQ-0036,hook.curefit.co,Binary analytics event stream (path not exposed),eventParams_online,True,JSON_Payload
REQ-0036,hook.curefit.co,Binary analytics event stream (path not exposed),eventParams_vertical,FITNESSHUB,JSON_Payload
REQ-0036,hook.curefit.co,Binary analytics event stream (path not exposed),eventParams_cityId,Gurgaon,JSON_Payload
REQ-0036,hook.curefit.co,Binary analytics event stream (path not exposed),eventParams_sessionId,37bf15e3-82a2-b829-e798-1f08d47f282b,JSON_Payload
REQ-0036,hook.curefit.co,Binary analytics event stream (path not exposed),eventParams_source,live_search_bar,JSON_Payload
REQ-0036,hook.curefit.co,Binary analytics event stream (path not exposed),eventParams_platform,APP,JSON_Payload
REQ-0036,hook.curefit.co,Binary analytics event stream (path not exposed),eventParams_advertiserId,9013994955fb2f93,JSON_Payload
REQ-0036,hook.curefit.co,Binary analytics event stream (path not exposed),createdAt,1787569384138,JSON_Payload
REQ-0036,hook.curefit.co,Binary analytics event stream (path not exposed),sessionId,973fc4f4-6ae0-4b16-959a-a702c9bc8076-95d386c1-17e9-4792-b6f6-1244a9f6caf4,JSON_Payload
REQ-0037,hook.curefit.co,Binary analytics event stream (path not exposed),_id,ea6d8900-6bc1-45df-90f2-a16a2dea8444-ab5f24f8-c505-41b3-8586-9d5742b0b9cd,JSON_Payload
REQ-0037,hook.curefit.co,Binary analytics event stream (path not exposed),eventId,ea6d8900-6bc1-45df-90f2-a16a2dea8444-ab5f24f8-c505-41b3-8586-9d5742b0b9cd,JSON_Payload
REQ-0037,hook.curefit.co,Binary analytics event stream (path not exposed),userId,108206863,JSON_Payload
REQ-0037,hook.curefit.co,Binary analytics event stream (path not exposed),eventName,navigation_change,JSON_Payload
REQ-0037,hook.curefit.co,Binary analytics event stream (path not exposed),eventParams_dateTime,1787569384050,JSON_Payload
REQ-0037,hook.curefit.co,Binary analytics event stream (path not exposed),eventParams_topageId,livesearchpage,JSON_Payload
REQ-0037,hook.curefit.co,Binary analytics event stream (path not exposed),eventParams_fromPageName,listpage,JSON_Payload
REQ-0037,hook.curefit.co,Binary analytics event stream (path not exposed),eventParams_vertical,FITNESSHUB,JSON_Payload
REQ-0037,hook.curefit.co,Binary analytics event stream (path not exposed),eventParams_cityId,Gurgaon,JSON_Payload
REQ-0037,hook.curefit.co,Binary analytics event stream (path not exposed),eventParams_sessionId,37bf15e3-82a2-b829-e798-1f08d47f282b,JSON_Payload
REQ-0037,hook.curefit.co,Binary analytics event stream (path not exposed),eventParams_eventType,navigation_change,JSON_Payload
REQ-0037,hook.curefit.co,Binary analytics event stream (path not exposed),eventParams_source,BANNER_GRID_WIDGET,JSON_Payload
REQ-0037,hook.curefit.co,Binary analytics event stream (path not exposed),eventParams_platform,APP,JSON_Payload
REQ-0037,hook.curefit.co,Binary analytics event stream (path not exposed),eventParams_advertiserId,9013994955fb2f93,JSON_Payload
REQ-0037,hook.curefit.co,Binary analytics event stream (path not exposed),eventParams_toPageName,livesearchpage,JSON_Payload
REQ-0037,hook.curefit.co,Binary analytics event stream (path not exposed),eventParams_cityName,Delhi NCR,JSON_Payload
REQ-0037,hook.curefit.co,Binary analytics event stream (path not exposed),eventParams_frompageId,fitness_search_choose_category,JSON_Payload
REQ-0037,hook.curefit.co,Binary analytics event stream (path not exposed),eventParams_isLoggedIn,False,JSON_Payload
REQ-0037,hook.curefit.co,Binary analytics event stream (path not exposed),eventParams_online,True,JSON_Payload
REQ-0037,hook.curefit.co,Binary analytics event stream (path not exposed),createdAt,1787569384095,JSON_Payload
REQ-0037,hook.curefit.co,Binary analytics event stream (path not exposed),sessionId,973fc4f4-6ae0-4b16-959a-a702c9bc8076-95d386c1-17e9-4792-b6f6-1244a9f6caf4,JSON_Payload
REQ-0038,hook.curefit.co,Binary analytics event stream (path not exposed),_id,e10673ce-a095-4b39-865e-dc887f5b8ce6-27e52fa0-088c-4794-9702-c96c6756522b,JSON_Payload
REQ-0038,hook.curefit.co,Binary analytics event stream (path not exposed),eventId,e10673ce-a095-4b39-865e-dc887f5b8ce6-27e52fa0-088c-4794-9702-c96c6756522b,JSON_Payload
REQ-0038,hook.curefit.co,Binary analytics event stream (path not exposed),userId,108206863,JSON_Payload
REQ-0038,hook.curefit.co,Binary analytics event stream (path not exposed),eventName,page_view,JSON_Payload
REQ-0038,hook.curefit.co,Binary analytics event stream (path not exposed),eventParams_dateTime,1787569384048,JSON_Payload
REQ-0038,hook.curefit.co,Binary analytics event stream (path not exposed),eventParams_pageType,livesearchpage,JSON_Payload
REQ-0038,hook.curefit.co,Binary analytics event stream (path not exposed),eventParams_cityName,Delhi NCR,JSON_Payload
REQ-0038,hook.curefit.co,Binary analytics event stream (path not exposed),eventParams_isLoggedIn,False,JSON_Payload
REQ-0038,hook.curefit.co,Binary analytics event stream (path not exposed),eventParams_online,True,JSON_Payload
REQ-0038,hook.curefit.co,Binary analytics event stream (path not exposed),eventParams_vertical,FITNESSHUB,JSON_Payload
REQ-0038,hook.curefit.co,Binary analytics event stream (path not exposed),eventParams_cityId,Gurgaon,JSON_Payload
REQ-0038,hook.curefit.co,Binary analytics event stream (path not exposed),eventParams_sessionId,37bf15e3-82a2-b829-e798-1f08d47f282b,JSON_Payload
REQ-0038,hook.curefit.co,Binary analytics event stream (path not exposed),eventParams_eventType,view,JSON_Payload
REQ-0038,hook.curefit.co,Binary analytics event stream (path not exposed),eventParams_platform,APP,JSON_Payload
REQ-0038,hook.curefit.co,Binary analytics event stream (path not exposed),eventParams_advertiserId,9013994955fb2f93,JSON_Payload
REQ-0038,hook.curefit.co,Binary analytics event stream (path not exposed),createdAt,1787569384078,JSON_Payload
REQ-0038,hook.curefit.co,Binary analytics event stream (path not exposed),sessionId,973fc4f4-6ae0-4b16-959a-a702c9bc8076-95d386c1-17e9-4792-b6f6-1244a9f6caf4,JSON_Payload
REQ-0039,hook.curefit.co,Binary analytics event stream (path not exposed),_id,8a9de368-6fe8-4b71-a0bf-0d04a5596618-d79b1f60-1634-46bd-8701-685f9c0cc302,JSON_Payload
REQ-0039,hook.curefit.co,Binary analytics event stream (path not exposed),eventId,8a9de368-6fe8-4b71-a0bf-0d04a5596618-d79b1f60-1634-46bd-8701-685f9c0cc302,JSON_Payload
REQ-0039,hook.curefit.co,Binary analytics event stream (path not exposed),userId,108206863,JSON_Payload
REQ-0039,hook.curefit.co,Binary analytics event stream (path not exposed),eventName,widget_click,JSON_Payload
REQ-0039,hook.curefit.co,Binary analytics event stream (path not exposed),eventParams_widgetName,Fitness Search choose Live,JSON_Payload
REQ-0039,hook.curefit.co,Binary analytics event stream (path not exposed),eventParams_isSampledWidgetImpressionRequired,False,JSON_Payload
REQ-0039,hook.curefit.co,Binary analytics event stream (path not exposed),eventParams_widgetId,130ba7fb-931c-40c6-b0d9-829ee5bd8595,JSON_Payload
REQ-0039,hook.curefit.co,Binary analytics event stream (path not exposed),eventParams_contentId,7f4b5a97-1d19-4efe-92c1-5fc781502130,JSON_Payload
REQ-0039,hook.curefit.co,Binary analytics event stream (path not exposed),eventParams_widgetPosition,0,JSON_Payload
REQ-0039,hook.curefit.co,Binary analytics event stream (path not exposed),eventParams_vertical,FITNESSHUB,JSON_Payload
REQ-0039,hook.curefit.co,Binary analytics event stream (path not exposed),eventParams_cityId,Gurgaon,JSON_Payload
REQ-0039,hook.curefit.co,Binary analytics event stream (path not exposed),eventParams_actionTarget,curefit://livesearchpage,JSON_Payload
REQ-0039,hook.curefit.co,Binary analytics event stream (path not exposed),eventParams_sessionId,37bf15e3-82a2-b829-e798-1f08d47f282b,JSON_Payload
REQ-0039,hook.curefit.co,Binary analytics event stream (path not exposed),eventParams_eventType,click,JSON_Payload
REQ-0039,hook.curefit.co,Binary analytics event stream (path not exposed),eventParams_pageId,fitness_search_choose_category,JSON_Payload
REQ-0039,hook.curefit.co,Binary analytics event stream (path not exposed),eventParams_pageTo,livesearchpage,JSON_Payload
REQ-0039,hook.curefit.co,Binary analytics event stream (path not exposed),eventParams_pageName,Search for,JSON_Payload
REQ-0039,hook.curefit.co,Binary analytics event stream (path not exposed),eventParams_platform,APP,JSON_Payload
REQ-0039,hook.curefit.co,Binary analytics event stream (path not exposed),eventParams_widgetType,BANNER_GRID_WIDGET,JSON_Payload
REQ-0039,hook.curefit.co,Binary analytics event stream (path not exposed),eventParams_advertiserId,9013994955fb2f93,JSON_Payload
REQ-0039,hook.curefit.co,Binary analytics event stream (path not exposed),eventParams_contentUrl,/image/vm/6b432723-34d7-45dd-b682-d0d94607b05a.png,JSON_Payload
REQ-0039,hook.curefit.co,Binary analytics event stream (path not exposed),eventParams_pageType,livesearchpage,JSON_Payload
REQ-0039,hook.curefit.co,Binary analytics event stream (path not exposed),eventParams_cityName,Delhi NCR,JSON_Payload
REQ-0039,hook.curefit.co,Binary analytics event stream (path not exposed),eventParams_isWidgetImpressionRequired,False,JSON_Payload
REQ-0039,hook.curefit.co,Binary analytics event stream (path not exposed),eventParams_online,True,JSON_Payload
REQ-0039,hook.curefit.co,Binary analytics event stream (path not exposed),eventParams_isLoggedIn,False,JSON_Payload
REQ-0039,hook.curefit.co,Binary analytics event stream (path not exposed),eventParams_position,0,JSON_Payload
REQ-0039,hook.curefit.co,Binary analytics event stream (path not exposed),createdAt,1787569384038,JSON_Payload
REQ-0039,hook.curefit.co,Binary analytics event stream (path not exposed),sessionId,973fc4f4-6ae0-4b16-959a-a702c9bc8076-95d386c1-17e9-4792-b6f6-1244a9f6caf4,JSON_Payload
REQ-0040,hook.curefit.co,Binary analytics event stream (path not exposed),_id,01b39097-5d8a-464e-a28c-93fd75771e2f-aa0fe20a-46a3-430b-a933-f6399cb403c9,JSON_Payload
REQ-0040,hook.curefit.co,Binary analytics event stream (path not exposed),eventId,01b39097-5d8a-464e-a28c-93fd75771e2f-aa0fe20a-46a3-430b-a933-f6399cb403c9,JSON_Payload
REQ-0040,hook.curefit.co,Binary analytics event stream (path not exposed),userId,108206863,JSON_Payload
REQ-0040,hook.curefit.co,Binary analytics event stream (path not exposed),eventName,app_error,JSON_Payload
REQ-0040,hook.curefit.co,Binary analytics event stream (path not exposed),eventParams_cityName,Delhi NCR,JSON_Payload
REQ-0040,hook.curefit.co,Binary analytics event stream (path not exposed),eventParams_isLoggedIn,False,JSON_Payload
REQ-0040,hook.curefit.co,Binary analytics event stream (path not exposed),eventParams_online,True,JSON_Payload
REQ-0040,hook.curefit.co,Binary analytics event stream (path not exposed),eventParams_details,"ClientException: Cronet exception: m1.kw: Exception in CronetUrlRequest: net::ERR_INVALID_URL, Error",JSON_Payload
REQ-0040,hook.curefit.co,Binary analytics event stream (path not exposed),eventParams_cityId,Gurgaon,JSON_Payload
REQ-0040,hook.curefit.co,Binary analytics event stream (path not exposed),eventParams_sessionId,37bf15e3-82a2-b829-e798-1f08d47f282b,JSON_Payload
REQ-0040,hook.curefit.co,Binary analytics event stream (path not exposed),eventParams_platform,APP,JSON_Payload
REQ-0040,hook.curefit.co,Binary analytics event stream (path not exposed),eventParams_advertiserId,9013994955fb2f93,JSON_Payload
REQ-0040,hook.curefit.co,Binary analytics event stream (path not exposed),createdAt,1787569373381,JSON_Payload
REQ-0040,hook.curefit.co,Binary analytics event stream (path not exposed),sessionId,973fc4f4-6ae0-4b16-959a-a702c9bc8076-95d386c1-17e9-4792-b6f6-1244a9f6caf4,JSON_Payload
REQ-0041,hook.curefit.co,Binary analytics event stream (path not exposed),_id,8ca5c3db-f9de-461a-90f8-0067bad191b6-03f4d061-0494-46e7-920d-b41139ce7496,JSON_Payload
REQ-0041,hook.curefit.co,Binary analytics event stream (path not exposed),eventId,8ca5c3db-f9de-461a-90f8-0067bad191b6-03f4d061-0494-46e7-920d-b41139ce7496,JSON_Payload
REQ-0041,hook.curefit.co,Binary analytics event stream (path not exposed),userId,108206863,JSON_Payload
REQ-0041,hook.curefit.co,Binary analytics event stream (path not exposed),eventName,content_impression,JSON_Payload
REQ-0041,hook.curefit.co,Binary analytics event stream (path not exposed),eventParams_widgetName,Fitstart HP Explore Cultpass - Pro,JSON_Payload
REQ-0041,hook.curefit.co,Binary analytics event stream (path not exposed),eventParams_scrollTrigger,auto,JSON_Payload
REQ-0041,hook.curefit.co,Binary analytics event stream (path not exposed),eventParams_isSampledWidgetImpressionRequired,False,JSON_Payload
REQ-0041,hook.curefit.co,Binary analytics event stream (path not exposed),eventParams_widgetId,e74974c2-5037-4b4c-9bf9-c63cb8edbbd7qw0,JSON_Payload
REQ-0041,hook.curefit.co,Binary analytics event stream (path not exposed),eventParams_contentId,tugl8cmmpg,JSON_Payload
REQ-0041,hook.curefit.co,Binary analytics event stream (path not exposed),eventParams_cityId,Gurgaon,JSON_Payload
REQ-0041,hook.curefit.co,Binary analytics event stream (path not exposed),eventParams_sessionId,37bf15e3-82a2-b829-e798-1f08d47f282b,JSON_Payload
REQ-0041,hook.curefit.co,Binary analytics event stream (path not exposed),eventParams_platform,APP,JSON_Payload
REQ-0041,hook.curefit.co,Binary analytics event stream (path not exposed),eventParams_widgetType,BANNER_CAROUSEL_WIDGET,JSON_Payload
REQ-0041,hook.curefit.co,Binary analytics event stream (path not exposed),eventParams_advertiserId,9013994955fb2f93,JSON_Payload
REQ-0041,hook.curefit.co,Binary analytics event stream (path not exposed),eventParams_contentUrl,/image/vm/e3fc45b5-9226-44d7-964b-5156e2b4f4c0.png,JSON_Payload
REQ-0041,hook.curefit.co,Binary analytics event stream (path not exposed),eventParams_cityName,Delhi NCR,JSON_Payload
REQ-0041,hook.curefit.co,Binary analytics event stream (path not exposed),eventParams_dedupeId,l6cmsqztci,JSON_Payload
REQ-0041,hook.curefit.co,Binary analytics event stream (path not exposed),eventParams_isWidgetImpressionRequired,True,JSON_Payload
REQ-0041,hook.curefit.co,Binary analytics event stream (path not exposed),eventParams_online,True,JSON_Payload
REQ-0041,hook.curefit.co,Binary analytics event stream (path not exposed),eventParams_isLoggedIn,False,JSON_Payload
REQ-0041,hook.curefit.co,Binary analytics event stream (path not exposed),eventParams_position,0,JSON_Payload
REQ-0041,hook.curefit.co,Binary analytics event stream (path not exposed),createdAt,1787569369762,JSON_Payload
REQ-0041,hook.curefit.co,Binary analytics event stream (path not exposed),sessionId,973fc4f4-6ae0-4b16-959a-a702c9bc8076-95d386c1-17e9-4792-b6f6-1244a9f6caf4,JSON_Payload
REQ-0042,hook.curefit.co,Binary analytics event stream (path not exposed),_id,708eb84e-a4e7-4085-ac8f-43ef6e9ddb38-1c4af52a-3354-42ac-b09f-fc3409c59afa,JSON_Payload
REQ-0042,hook.curefit.co,Binary analytics event stream (path not exposed),eventId,708eb84e-a4e7-4085-ac8f-43ef6e9ddb38-1c4af52a-3354-42ac-b09f-fc3409c59afa,JSON_Payload
REQ-0042,hook.curefit.co,Binary analytics event stream (path not exposed),userId,108206863,JSON_Payload
REQ-0042,hook.curefit.co,Binary analytics event stream (path not exposed),eventName,navigation_change,JSON_Payload
REQ-0042,hook.curefit.co,Binary analytics event stream (path not exposed),eventParams_dateTime,1787569392514,JSON_Payload
REQ-0042,hook.curefit.co,Binary analytics event stream (path not exposed),eventParams_topageId,cultdiypack,JSON_Payload
REQ-0042,hook.curefit.co,Binary analytics event stream (path not exposed),eventParams_toproductId,DIYPACK002,JSON_Payload
REQ-0042,hook.curefit.co,Binary analytics event stream (path not exposed),eventParams_fromPageName,livesearchpage,JSON_Payload
REQ-0042,hook.curefit.co,Binary analytics event stream (path not exposed),eventParams_vertical,FITNESSHUB,JSON_Payload
REQ-0042,hook.curefit.co,Binary analytics event stream (path not exposed),eventParams_cityId,Gurgaon,JSON_Payload
REQ-0042,hook.curefit.co,Binary analytics event stream (path not exposed),eventParams_sessionId,37bf15e3-82a2-b829-e798-1f08d47f282b,JSON_Payload
REQ-0042,hook.curefit.co,Binary analytics event stream (path not exposed),eventParams_eventType,navigation_change,JSON_Payload
REQ-0042,hook.curefit.co,Binary analytics event stream (path not exposed),eventParams_platform,APP,JSON_Payload
REQ-0042,hook.curefit.co,Binary analytics event stream (path not exposed),eventParams_advertiserId,9013994955fb2f93,JSON_Payload
REQ-0042,hook.curefit.co,Binary analytics event stream (path not exposed),eventParams_toPageName,cultdiypack,JSON_Payload
REQ-0042,hook.curefit.co,Binary analytics event stream (path not exposed),eventParams_cityName,Delhi NCR,JSON_Payload
REQ-0042,hook.curefit.co,Binary analytics event stream (path not exposed),eventParams_frompageId,livesearchpage,JSON_Payload
REQ-0042,hook.curefit.co,Binary analytics event stream (path not exposed),eventParams_isLoggedIn,False,JSON_Payload
REQ-0042,hook.curefit.co,Binary analytics event stream (path not exposed),eventParams_online,True,JSON_Payload
REQ-0042,hook.curefit.co,Binary analytics event stream (path not exposed),createdAt,1787569392525,JSON_Payload
REQ-0042,hook.curefit.co,Binary analytics event stream (path not exposed),sessionId,973fc4f4-6ae0-4b16-959a-a702c9bc8076-95d386c1-17e9-4792-b6f6-1244a9f6caf4,JSON_Payload
REQ-0043,hook.curefit.co,Binary analytics event stream (path not exposed),_id,73ec5133-ce83-4b4f-90a3-dca6d09b29ea-ae18e51f-b4a3-43d2-8889-1e27c4b06a58,JSON_Payload
REQ-0043,hook.curefit.co,Binary analytics event stream (path not exposed),eventId,73ec5133-ce83-4b4f-90a3-dca6d09b29ea-ae18e51f-b4a3-43d2-8889-1e27c4b06a58,JSON_Payload
REQ-0043,hook.curefit.co,Binary analytics event stream (path not exposed),userId,108206863,JSON_Payload
REQ-0043,hook.curefit.co,Binary analytics event stream (path not exposed),eventName,page_view,JSON_Payload
REQ-0043,hook.curefit.co,Binary analytics event stream (path not exposed),eventParams_dateTime,1787569392509,JSON_Payload
REQ-0043,hook.curefit.co,Binary analytics event stream (path not exposed),eventParams_productId,DIYPACK002,JSON_Payload
REQ-0043,hook.curefit.co,Binary analytics event stream (path not exposed),eventParams_vertical,FITNESSHUB,JSON_Payload
REQ-0043,hook.curefit.co,Binary analytics event stream (path not exposed),eventParams_cityId,Gurgaon,JSON_Payload
REQ-0043,hook.curefit.co,Binary analytics event stream (path not exposed),eventParams_sessionId,37bf15e3-82a2-b829-e798-1f08d47f282b,JSON_Payload
REQ-0043,hook.curefit.co,Binary analytics event stream (path not exposed),eventParams_eventType,view,JSON_Payload
REQ-0043,hook.curefit.co,Binary analytics event stream (path not exposed),eventParams_source,LIVE_SEARCH_ITEM_WIDGET,JSON_Payload
REQ-0043,hook.curefit.co,Binary analytics event stream (path not exposed),eventParams_pageId,cultdiypack,JSON_Payload
REQ-0043,hook.curefit.co,Binary analytics event stream (path not exposed),eventParams_pageFrom,livesearchpage,JSON_Payload
REQ-0043,hook.curefit.co,Binary analytics event stream (path not exposed),eventParams_pageName,Product Page,JSON_Payload
REQ-0043,hook.curefit.co,Binary analytics event stream (path not exposed),eventParams_platform,APP,JSON_Payload
REQ-0043,hook.curefit.co,Binary analytics event stream (path not exposed),eventParams_advertiserId,9013994955fb2f93,JSON_Payload
REQ-0043,hook.curefit.co,Binary analytics event stream (path not exposed),eventParams_pageType,cultdiypack,JSON_Payload
REQ-0043,hook.curefit.co,Binary analytics event stream (path not exposed),eventParams_cityName,Delhi NCR,JSON_Payload
REQ-0043,hook.curefit.co,Binary analytics event stream (path not exposed),eventParams_isLoggedIn,False,JSON_Payload
REQ-0043,hook.curefit.co,Binary analytics event stream (path not exposed),eventParams_online,True,JSON_Payload
REQ-0043,hook.curefit.co,Binary analytics event stream (path not exposed),createdAt,1787569392521,JSON_Payload
REQ-0043,hook.curefit.co,Binary analytics event stream (path not exposed),sessionId,973fc4f4-6ae0-4b16-959a-a702c9bc8076-95d386c1-17e9-4792-b6f6-1244a9f6caf4,JSON_Payload
REQ-0044,hook.curefit.co,Binary analytics event stream (path not exposed),_id,99cd23a9-b094-4111-af60-521fa7b16155-766f8018-9b4e-4939-97f0-6c85e558f1cd,JSON_Payload
REQ-0044,hook.curefit.co,Binary analytics event stream (path not exposed),eventId,99cd23a9-b094-4111-af60-521fa7b16155-766f8018-9b4e-4939-97f0-6c85e558f1cd,JSON_Payload
REQ-0044,hook.curefit.co,Binary analytics event stream (path not exposed),userId,108206863,JSON_Payload
REQ-0044,hook.curefit.co,Binary analytics event stream (path not exposed),eventName,button_click_event,JSON_Payload
REQ-0044,hook.curefit.co,Binary analytics event stream (path not exposed),eventParams_cityName,Delhi NCR,JSON_Payload
REQ-0044,hook.curefit.co,Binary analytics event stream (path not exposed),eventParams_requestId,5816e3bf-8423-429e-95a4-cba00d11e00f,JSON_Payload
REQ-0044,hook.curefit.co,Binary analytics event stream (path not exposed),eventParams_query,belly burn,JSON_Payload
REQ-0044,hook.curefit.co,Binary analytics event stream (path not exposed),eventParams_isLoggedIn,False,JSON_Payload
REQ-0044,hook.curefit.co,Binary analytics event stream (path not exposed),eventParams_online,True,JSON_Payload
REQ-0044,hook.curefit.co,Binary analytics event stream (path not exposed),eventParams_vertical,FITNESSHUB,JSON_Payload
REQ-0044,hook.curefit.co,Binary analytics event stream (path not exposed),eventParams_cityId,Gurgaon,JSON_Payload
REQ-0044,hook.curefit.co,Binary analytics event stream (path not exposed),eventParams_sessionId,37bf15e3-82a2-b829-e798-1f08d47f282b,JSON_Payload
REQ-0044,hook.curefit.co,Binary analytics event stream (path not exposed),eventParams_position,1,JSON_Payload
REQ-0044,hook.curefit.co,Binary analytics event stream (path not exposed),eventParams_platform,APP,JSON_Payload
REQ-0044,hook.curefit.co,Binary analytics event stream (path not exposed),eventParams_advertiserId,9013994955fb2f93,JSON_Payload
REQ-0044,hook.curefit.co,Binary analytics event stream (path not exposed),createdAt,1787569392509,JSON_Payload
REQ-0044,hook.curefit.co,Binary analytics event stream (path not exposed),sessionId,973fc4f4-6ae0-4b16-959a-a702c9bc8076-95d386c1-17e9-4792-b6f6-1244a9f6caf4,JSON_Payload
REQ-0045,hook.curefit.co,Binary analytics event stream (path not exposed),_id,efd37814-01cc-4e28-b367-12cbbc1cef5c-42546438-2bba-4e92-ab44-99ff9e1eb5d0,JSON_Payload
REQ-0045,hook.curefit.co,Binary analytics event stream (path not exposed),eventId,efd37814-01cc-4e28-b367-12cbbc1cef5c-42546438-2bba-4e92-ab44-99ff9e1eb5d0,JSON_Payload
REQ-0045,hook.curefit.co,Binary analytics event stream (path not exposed),userId,108206863,JSON_Payload
REQ-0045,hook.curefit.co,Binary analytics event stream (path not exposed),eventName,app_error,JSON_Payload
REQ-0045,hook.curefit.co,Binary analytics event stream (path not exposed),eventParams_cityName,Delhi NCR,JSON_Payload
REQ-0045,hook.curefit.co,Binary analytics event stream (path not exposed),eventParams_isLoggedIn,False,JSON_Payload
REQ-0045,hook.curefit.co,Binary analytics event stream (path not exposed),eventParams_online,True,JSON_Payload
REQ-0045,hook.curefit.co,Binary analytics event stream (path not exposed),eventParams_vertical,FITNESSHUB,JSON_Payload
REQ-0045,hook.curefit.co,Binary analytics event stream (path not exposed),eventParams_details,"ClientException: Cronet exception: m1.kw: Exception in CronetUrlRequest: net::ERR_INVALID_URL, Error",JSON_Payload
REQ-0045,hook.curefit.co,Binary analytics event stream (path not exposed),eventParams_cityId,Gurgaon,JSON_Payload
REQ-0045,hook.curefit.co,Binary analytics event stream (path not exposed),eventParams_sessionId,37bf15e3-82a2-b829-e798-1f08d47f282b,JSON_Payload
REQ-0045,hook.curefit.co,Binary analytics event stream (path not exposed),eventParams_platform,APP,JSON_Payload
REQ-0045,hook.curefit.co,Binary analytics event stream (path not exposed),eventParams_advertiserId,9013994955fb2f93,JSON_Payload
REQ-0045,hook.curefit.co,Binary analytics event stream (path not exposed),createdAt,1787569390617,JSON_Payload
REQ-0045,hook.curefit.co,Binary analytics event stream (path not exposed),sessionId,973fc4f4-6ae0-4b16-959a-a702c9bc8076-95d386c1-17e9-4792-b6f6-1244a9f6caf4,JSON_Payload
REQ-0046,hook.curefit.co,Binary analytics event stream (path not exposed),_id,28946abc-ddc9-456a-9414-dda0b3afa34c-5a9f02ce-3b0f-44c5-80af-bb7649fe69fe,JSON_Payload
REQ-0046,hook.curefit.co,Binary analytics event stream (path not exposed),eventId,28946abc-ddc9-456a-9414-dda0b3afa34c-5a9f02ce-3b0f-44c5-80af-bb7649fe69fe,JSON_Payload
REQ-0046,hook.curefit.co,Binary analytics event stream (path not exposed),userId,108206863,JSON_Payload
REQ-0046,hook.curefit.co,Binary analytics event stream (path not exposed),eventName,app_error,JSON_Payload
REQ-0046,hook.curefit.co,Binary analytics event stream (path not exposed),eventParams_cityName,Delhi NCR,JSON_Payload
REQ-0046,hook.curefit.co,Binary analytics event stream (path not exposed),eventParams_isLoggedIn,False,JSON_Payload
REQ-0046,hook.curefit.co,Binary analytics event stream (path not exposed),eventParams_online,True,JSON_Payload
REQ-0046,hook.curefit.co,Binary analytics event stream (path not exposed),eventParams_vertical,FITNESSHUB,JSON_Payload
REQ-0046,hook.curefit.co,Binary analytics event stream (path not exposed),eventParams_details,"ClientException: Cronet exception: m1.kw: Exception in CronetUrlRequest: net::ERR_INVALID_URL, Error",JSON_Payload
REQ-0046,hook.curefit.co,Binary analytics event stream (path not exposed),eventParams_cityId,Gurgaon,JSON_Payload
REQ-0046,hook.curefit.co,Binary analytics event stream (path not exposed),eventParams_sessionId,37bf15e3-82a2-b829-e798-1f08d47f282b,JSON_Payload
REQ-0046,hook.curefit.co,Binary analytics event stream (path not exposed),eventParams_platform,APP,JSON_Payload
REQ-0046,hook.curefit.co,Binary analytics event stream (path not exposed),eventParams_advertiserId,9013994955fb2f93,JSON_Payload
REQ-0046,hook.curefit.co,Binary analytics event stream (path not exposed),createdAt,1787569390614,JSON_Payload
REQ-0046,hook.curefit.co,Binary analytics event stream (path not exposed),sessionId,973fc4f4-6ae0-4b16-959a-a702c9bc8076-95d386c1-17e9-4792-b6f6-1244a9f6caf4,JSON_Payload
REQ-0047,hook.curefit.co,Binary analytics event stream (path not exposed),_id,e84f4e1b-aa54-4276-a72e-f5dca43c60df-d76fb072-482d-4a52-826e-3e5a4019c07a,JSON_Payload
REQ-0047,hook.curefit.co,Binary analytics event stream (path not exposed),eventId,e84f4e1b-aa54-4276-a72e-f5dca43c60df-d76fb072-482d-4a52-826e-3e5a4019c07a,JSON_Payload
REQ-0047,hook.curefit.co,Binary analytics event stream (path not exposed),userId,108206863,JSON_Payload
REQ-0047,hook.curefit.co,Binary analytics event stream (path not exposed),eventName,app_error,JSON_Payload
REQ-0047,hook.curefit.co,Binary analytics event stream (path not exposed),eventParams_cityName,Delhi NCR,JSON_Payload
REQ-0047,hook.curefit.co,Binary analytics event stream (path not exposed),eventParams_isLoggedIn,False,JSON_Payload
REQ-0047,hook.curefit.co,Binary analytics event stream (path not exposed),eventParams_online,True,JSON_Payload
REQ-0047,hook.curefit.co,Binary analytics event stream (path not exposed),eventParams_vertical,FITNESSHUB,JSON_Payload
REQ-0047,hook.curefit.co,Binary analytics event stream (path not exposed),eventParams_details,"ClientException: Cronet exception: m1.kw: Exception in CronetUrlRequest: net::ERR_INVALID_URL, Error",JSON_Payload
REQ-0047,hook.curefit.co,Binary analytics event stream (path not exposed),eventParams_cityId,Gurgaon,JSON_Payload
REQ-0047,hook.curefit.co,Binary analytics event stream (path not exposed),eventParams_sessionId,37bf15e3-82a2-b829-e798-1f08d47f282b,JSON_Payload
REQ-0047,hook.curefit.co,Binary analytics event stream (path not exposed),eventParams_platform,APP,JSON_Payload
REQ-0047,hook.curefit.co,Binary analytics event stream (path not exposed),eventParams_advertiserId,9013994955fb2f93,JSON_Payload
REQ-0047,hook.curefit.co,Binary analytics event stream (path not exposed),createdAt,1787569390612,JSON_Payload
REQ-0047,hook.curefit.co,Binary analytics event stream (path not exposed),sessionId,973fc4f4-6ae0-4b16-959a-a702c9bc8076-95d386c1-17e9-4792-b6f6-1244a9f6caf4,JSON_Payload
REQ-0048,hook.curefit.co,Binary analytics event stream (path not exposed),_id,4443c4e9-af55-4641-bf4c-43ba4a0de815-33d48d3c-47d1-42c8-b6c9-297add73428c,JSON_Payload
REQ-0048,hook.curefit.co,Binary analytics event stream (path not exposed),eventId,4443c4e9-af55-4641-bf4c-43ba4a0de815-33d48d3c-47d1-42c8-b6c9-297add73428c,JSON_Payload
REQ-0048,hook.curefit.co,Binary analytics event stream (path not exposed),userId,108206863,JSON_Payload
REQ-0048,hook.curefit.co,Binary analytics event stream (path not exposed),eventName,app_error,JSON_Payload
REQ-0048,hook.curefit.co,Binary analytics event stream (path not exposed),eventParams_cityName,Delhi NCR,JSON_Payload
REQ-0048,hook.curefit.co,Binary analytics event stream (path not exposed),eventParams_isLoggedIn,False,JSON_Payload
REQ-0048,hook.curefit.co,Binary analytics event stream (path not exposed),eventParams_online,True,JSON_Payload
REQ-0048,hook.curefit.co,Binary analytics event stream (path not exposed),eventParams_vertical,FITNESSHUB,JSON_Payload
REQ-0048,hook.curefit.co,Binary analytics event stream (path not exposed),eventParams_details,"ClientException: Cronet exception: m1.kw: Exception in CronetUrlRequest: net::ERR_INVALID_URL, Error",JSON_Payload
REQ-0048,hook.curefit.co,Binary analytics event stream (path not exposed),eventParams_cityId,Gurgaon,JSON_Payload
REQ-0048,hook.curefit.co,Binary analytics event stream (path not exposed),eventParams_sessionId,37bf15e3-82a2-b829-e798-1f08d47f282b,JSON_Payload
REQ-0048,hook.curefit.co,Binary analytics event stream (path not exposed),eventParams_platform,APP,JSON_Payload
REQ-0048,hook.curefit.co,Binary analytics event stream (path not exposed),eventParams_advertiserId,9013994955fb2f93,JSON_Payload
REQ-0048,hook.curefit.co,Binary analytics event stream (path not exposed),createdAt,1787569390611,JSON_Payload
REQ-0048,hook.curefit.co,Binary analytics event stream (path not exposed),sessionId,973fc4f4-6ae0-4b16-959a-a702c9bc8076-95d386c1-17e9-4792-b6f6-1244a9f6caf4,JSON_Payload
REQ-0049,hook.curefit.co,Binary analytics event stream (path not exposed),_id,49de035a-0ef1-45c7-9800-ba1ee4ff9200-4b3f1c1e-6594-4130-b19d-d808f8642665,JSON_Payload
REQ-0049,hook.curefit.co,Binary analytics event stream (path not exposed),eventId,49de035a-0ef1-45c7-9800-ba1ee4ff9200-4b3f1c1e-6594-4130-b19d-d808f8642665,JSON_Payload
REQ-0049,hook.curefit.co,Binary analytics event stream (path not exposed),userId,108206863,JSON_Payload
REQ-0049,hook.curefit.co,Binary analytics event stream (path not exposed),eventName,widget_impression,JSON_Payload
REQ-0049,hook.curefit.co,Binary analytics event stream (path not exposed),eventParams_widgetName,Fitstart HP Explore Cultpass - Play,JSON_Payload
REQ-0049,hook.curefit.co,Binary analytics event stream (path not exposed),eventParams_isSampledWidgetImpressionRequired,False,JSON_Payload
REQ-0049,hook.curefit.co,Binary analytics event stream (path not exposed),eventParams_widgetId,e74974c2-5037-4b4c-9bf9-c63cb8edbbd7qw023,JSON_Payload
REQ-0049,hook.curefit.co,Binary analytics event stream (path not exposed),eventParams_sessionId,37bf15e3-82a2-b829-e798-1f08d47f282b,JSON_Payload
REQ-0049,hook.curefit.co,Binary analytics event stream (path not exposed),eventParams_cityId,Gurgaon,JSON_Payload
REQ-0049,hook.curefit.co,Binary analytics event stream (path not exposed),eventParams_eventType,view,JSON_Payload
REQ-0049,hook.curefit.co,Binary analytics event stream (path not exposed),eventParams_platform,APP,JSON_Payload
REQ-0049,hook.curefit.co,Binary analytics event stream (path not exposed),eventParams_widgetType,BANNER_CAROUSEL_WIDGET,JSON_Payload
REQ-0049,hook.curefit.co,Binary analytics event stream (path not exposed),eventParams_advertiserId,9013994955fb2f93,JSON_Payload
REQ-0049,hook.curefit.co,Binary analytics event stream (path not exposed),eventParams_cityName,Delhi NCR,JSON_Payload
REQ-0049,hook.curefit.co,Binary analytics event stream (path not exposed),eventParams_isWidgetImpressionRequired,True,JSON_Payload
REQ-0049,hook.curefit.co,Binary analytics event stream (path not exposed),eventParams_isLoggedIn,False,JSON_Payload
REQ-0049,hook.curefit.co,Binary analytics event stream (path not exposed),eventParams_online,True,JSON_Payload
REQ-0049,hook.curefit.co,Binary analytics event stream (path not exposed),createdAt,1787569369752,JSON_Payload
REQ-0049,hook.curefit.co,Binary analytics event stream (path not exposed),sessionId,973fc4f4-6ae0-4b16-959a-a702c9bc8076-95d386c1-17e9-4792-b6f6-1244a9f6caf4,JSON_Payload
REQ-0050,hook.curefit.co,Binary analytics event stream (path not exposed),_id,5ab81dc5-fa6e-470c-b115-cde0064978a1-d2fc4e4f-8bf1-4218-bafd-a4c867e5d6a6,JSON_Payload
REQ-0050,hook.curefit.co,Binary analytics event stream (path not exposed),eventId,5ab81dc5-fa6e-470c-b115-cde0064978a1-d2fc4e4f-8bf1-4218-bafd-a4c867e5d6a6,JSON_Payload
REQ-0050,hook.curefit.co,Binary analytics event stream (path not exposed),userId,108206863,JSON_Payload
REQ-0050,hook.curefit.co,Binary analytics event stream (path not exposed),eventName,widget_impression,JSON_Payload
REQ-0050,hook.curefit.co,Binary analytics event stream (path not exposed),eventParams_widgetName,Fitstart HP Explore Cultpass - Pro,JSON_Payload
REQ-0050,hook.curefit.co,Binary analytics event stream (path not exposed),eventParams_isSampledWidgetImpressionRequired,False,JSON_Payload
REQ-0050,hook.curefit.co,Binary analytics event stream (path not exposed),eventParams_widgetId,e74974c2-5037-4b4c-9bf9-c63cb8edbbd7qw0,JSON_Payload
REQ-0050,hook.curefit.co,Binary analytics event stream (path not exposed),eventParams_sessionId,37bf15e3-82a2-b829-e798-1f08d47f282b,JSON_Payload
REQ-0050,hook.curefit.co,Binary analytics event stream (path not exposed),eventParams_cityId,Gurgaon,JSON_Payload
REQ-0050,hook.curefit.co,Binary analytics event stream (path not exposed),eventParams_eventType,view,JSON_Payload
REQ-0050,hook.curefit.co,Binary analytics event stream (path not exposed),eventParams_platform,APP,JSON_Payload
REQ-0050,hook.curefit.co,Binary analytics event stream (path not exposed),eventParams_widgetType,BANNER_CAROUSEL_WIDGET,JSON_Payload
REQ-0050,hook.curefit.co,Binary analytics event stream (path not exposed),eventParams_advertiserId,9013994955fb2f93,JSON_Payload
REQ-0050,hook.curefit.co,Binary analytics event stream (path not exposed),eventParams_cityName,Delhi NCR,JSON_Payload
REQ-0050,hook.curefit.co,Binary analytics event stream (path not exposed),eventParams_isWidgetImpressionRequired,True,JSON_Payload
REQ-0050,hook.curefit.co,Binary analytics event stream (path not exposed),eventParams_isLoggedIn,False,JSON_Payload
REQ-0050,hook.curefit.co,Binary analytics event stream (path not exposed),eventParams_online,True,JSON_Payload
REQ-0050,hook.curefit.co,Binary analytics event stream (path not exposed),createdAt,1787569369750,JSON_Payload
REQ-0050,hook.curefit.co,Binary analytics event stream (path not exposed),sessionId,973fc4f4-6ae0-4b16-959a-a702c9bc8076-95d386c1-17e9-4792-b6f6-1244a9f6caf4,JSON_Payload
REQ-0051,hook.curefit.co,Binary analytics event stream (path not exposed),_id,9e350d0e-33ce-4fc4-ac14-cbe33f801db9-881494fc-de0b-447f-884e-55b6fc1de0f8,JSON_Payload
REQ-0051,hook.curefit.co,Binary analytics event stream (path not exposed),eventId,9e350d0e-33ce-4fc4-ac14-cbe33f801db9-881494fc-de0b-447f-884e-55b6fc1de0f8,JSON_Payload
REQ-0051,hook.curefit.co,Binary analytics event stream (path not exposed),userId,108206863,JSON_Payload
REQ-0051,hook.curefit.co,Binary analytics event stream (path not exposed),eventName,widget_impression,JSON_Payload
REQ-0051,hook.curefit.co,Binary analytics event stream (path not exposed),eventParams_widgetName,Unified CLP - Premium & Standard Gyms New,JSON_Payload
REQ-0051,hook.curefit.co,Binary analytics event stream (path not exposed),eventParams_isSampledWidgetImpressionRequired,False,JSON_Payload
REQ-0051,hook.curefit.co,Binary analytics event stream (path not exposed),eventParams_widgetId,732d0167-e2cb-49b6-b1ec-b94b101ca7c0,JSON_Payload
REQ-0051,hook.curefit.co,Binary analytics event stream (path not exposed),eventParams_sessionId,37bf15e3-82a2-b829-e798-1f08d47f282b,JSON_Payload
REQ-0051,hook.curefit.co,Binary analytics event stream (path not exposed),eventParams_cityId,Gurgaon,JSON_Payload
REQ-0051,hook.curefit.co,Binary analytics event stream (path not exposed),eventParams_eventType,view,JSON_Payload
REQ-0051,hook.curefit.co,Binary analytics event stream (path not exposed),eventParams_platform,APP,JSON_Payload
REQ-0051,hook.curefit.co,Binary analytics event stream (path not exposed),eventParams_widgetType,GYM_CENTERS_NEARBY_WIDGET,JSON_Payload
REQ-0051,hook.curefit.co,Binary analytics event stream (path not exposed),eventParams_advertiserId,9013994955fb2f93,JSON_Payload
REQ-0051,hook.curefit.co,Binary analytics event stream (path not exposed),eventParams_cityName,Delhi NCR,JSON_Payload
REQ-0051,hook.curefit.co,Binary analytics event stream (path not exposed),eventParams_isWidgetImpressionRequired,True,JSON_Payload
REQ-0051,hook.curefit.co,Binary analytics event stream (path not exposed),eventParams_isLoggedIn,False,JSON_Payload
REQ-0051,hook.curefit.co,Binary analytics event stream (path not exposed),eventParams_online,True,JSON_Payload
REQ-0051,hook.curefit.co,Binary analytics event stream (path not exposed),createdAt,1787569369674,JSON_Payload
REQ-0051,hook.curefit.co,Binary analytics event stream (path not exposed),sessionId,973fc4f4-6ae0-4b16-959a-a702c9bc8076-95d386c1-17e9-4792-b6f6-1244a9f6caf4,JSON_Payload
REQ-0052,sdk-03.moengage.com,/v2/sdk/report/ZHPJV4VIXMM4FIWSFT4UEO0F,EVENT_ACTION,EVENT_ACTION_ACTIVITY_START,JSON_Payload
REQ-0052,sdk-03.moengage.com,/v2/sdk/report/ZHPJV4VIXMM4FIWSFT4UEO0F,EVENT_ATTRS,{},JSON_Payload
REQ-0052,sdk-03.moengage.com,/v2/sdk/report/ZHPJV4VIXMM4FIWSFT4UEO0F,EVENT_G_TIME,1787569332895,JSON_Payload
REQ-0052,sdk-03.moengage.com,/v2/sdk/report/ZHPJV4VIXMM4FIWSFT4UEO0F,EVENT_L_TIME,24:8:2026:16:32:12,JSON_Payload
REQ-0053,sdk-03.moengage.com,/v2/sdk/report/ZHPJV4VIXMM4FIWSFT4UEO0F,EVENT_ACTION,EVENT_ACTION_USER_ATTRIBUTE,JSON_Payload
REQ-0053,sdk-03.moengage.com,/v2/sdk/report/ZHPJV4VIXMM4FIWSFT4UEO0F,EVENT_ATTRS,"{""USER_ATTRIBUTE_USER_FIRST_NAME"":""""}",JSON_Payload
REQ-0053,sdk-03.moengage.com,/v2/sdk/report/ZHPJV4VIXMM4FIWSFT4UEO0F,EVENT_G_TIME,1787569334985,JSON_Payload
REQ-0053,sdk-03.moengage.com,/v2/sdk/report/ZHPJV4VIXMM4FIWSFT4UEO0F,EVENT_L_TIME,24:8:2026:16:32:14,JSON_Payload
REQ-0054,sdk-03.moengage.com,/v2/sdk/report/ZHPJV4VIXMM4FIWSFT4UEO0F,EVENT_ACTION,EVENT_ACTION_USER_ATTRIBUTE,JSON_Payload
REQ-0054,sdk-03.moengage.com,/v2/sdk/report/ZHPJV4VIXMM4FIWSFT4UEO0F,EVENT_ATTRS,"{""USER_ATTRIBUTE_USER_LAST_NAME"":""""}",JSON_Payload
REQ-0054,sdk-03.moengage.com,/v2/sdk/report/ZHPJV4VIXMM4FIWSFT4UEO0F,EVENT_G_TIME,1787569334988,JSON_Payload
REQ-0054,sdk-03.moengage.com,/v2/sdk/report/ZHPJV4VIXMM4FIWSFT4UEO0F,EVENT_L_TIME,24:8:2026:16:32:14,JSON_Payload
REQ-0055,sdk-03.moengage.com,/v2/sdk/report/ZHPJV4VIXMM4FIWSFT4UEO0F,EVENT_ACTION,EVENT_ACTION_USER_ATTRIBUTE,JSON_Payload
REQ-0055,sdk-03.moengage.com,/v2/sdk/report/ZHPJV4VIXMM4FIWSFT4UEO0F,EVENT_ATTRS,"{""USER_ATTRIBUTE_USER_MOBILE"":""""}",JSON_Payload
REQ-0055,sdk-03.moengage.com,/v2/sdk/report/ZHPJV4VIXMM4FIWSFT4UEO0F,EVENT_G_TIME,1787569334991,JSON_Payload
REQ-0055,sdk-03.moengage.com,/v2/sdk/report/ZHPJV4VIXMM4FIWSFT4UEO0F,EVENT_L_TIME,24:8:2026:16:32:14,JSON_Payload
REQ-0056,sdk-03.moengage.com,/v2/sdk/report/ZHPJV4VIXMM4FIWSFT4UEO0F,EVENT_ACTION,EVENT_ACTION_USER_ATTRIBUTE,JSON_Payload
REQ-0056,sdk-03.moengage.com,/v2/sdk/report/ZHPJV4VIXMM4FIWSFT4UEO0F,EVENT_ATTRS,"{""USER_ATTRIBUTE_USER_EMAIL"":""""}",JSON_Payload
REQ-0056,sdk-03.moengage.com,/v2/sdk/report/ZHPJV4VIXMM4FIWSFT4UEO0F,EVENT_G_TIME,1787569334996,JSON_Payload
REQ-0056,sdk-03.moengage.com,/v2/sdk/report/ZHPJV4VIXMM4FIWSFT4UEO0F,EVENT_L_TIME,24:8:2026:16:32:14,JSON_Payload
REQ-0057,sdk-03.moengage.com,/v2/sdk/report/ZHPJV4VIXMM4FIWSFT4UEO0F,EVENT_ACTION,EVENT_ACTION_USER_ATTRIBUTE,JSON_Payload
REQ-0057,sdk-03.moengage.com,/v2/sdk/report/ZHPJV4VIXMM4FIWSFT4UEO0F,EVENT_ATTRS,"{""app_version"":""11.93""}",JSON_Payload
REQ-0057,sdk-03.moengage.com,/v2/sdk/report/ZHPJV4VIXMM4FIWSFT4UEO0F,EVENT_G_TIME,1787569334999,JSON_Payload
REQ-0057,sdk-03.moengage.com,/v2/sdk/report/ZHPJV4VIXMM4FIWSFT4UEO0F,EVENT_L_TIME,24:8:2026:16:32:14,JSON_Payload
REQ-0058,notify.bugsnag.com,/,type,flutter,JSON_Payload
REQ-0058,notify.bugsnag.com,/,version,10.5.0,JSON_Payload
REQ-0059,notify.bugsnag.com,/,name,Android Bugsnag Notifier,JSON_Payload
REQ-0059,notify.bugsnag.com,/,version,6.11.0,JSON_Payload
REQ-0059,notify.bugsnag.com,/,url,https://bugsnag.com,JSON_Payload
REQ-0060,notify.bugsnag.com,/,errorClass,Error,JSON_Payload
REQ-0060,notify.bugsnag.com,/,message,Element type is invalid: expected a string (for built-in components) or a class/function (for composite components) but got: number.,JSON_Payload
REQ-0060,notify.bugsnag.com,/,type,reactnativejs,JSON_Payload
REQ-0060,notify.bugsnag.com,/,stacktrace,"[{'method': 'createFiberFromTypeAndProps', 'file': 'index.android.bundle', 'lineNumber': 1.0, 'columnNumber': 556216.0}, {'method': 'reconcileChildFibersImpl', 'file': 'index.android.bundle', 'lineNumber': 1.0, 'columnNumber': 513303.0}, {'method': 'anonymous', 'file': 'index.android.bundle', 'lineNumber': 1.0, 'columnNumber': 513470.0}, {'method': 'reconcileChildren', 'file': 'index.android.bundle', 'lineNumber': 1.0, 'columnNumber': 522374.0}, {'method': 'beginWork', 'file': 'index.android.bundle', 'lineNumber': 1.0, 'columnNumber': 531393.0}, {'method': 'performUnitOfWork', 'file': 'index.android.bundle', 'lineNumber': 1.0, 'columnNumber': 551916.0}, {'method': 'workLoopSync', 'file': 'index.android.bundle', 'lineNumber': 1.0, 'columnNumber': 550981.0}, {'method': 'renderRootSync', 'file': 'index.android.bundle', 'lineNumber': 1.0, 'columnNumber': 550813.0}, {'method': 'flushSyncWorkAcrossRoots_impl', 'file': 'index.android.bundle', 'lineNumber': 1.0, 'columnNumber': 503585.0}, {'method': 'batchedUpdatesImpl', 'file': 'index.android.bundle', 'lineNumber': 1.0, 'columnNumber': 563740.0}, {'method': 'batchedUpdates$1', 'file': 'index.android.bundle', 'lineNumber': 1.0, 'columnNumber': 496144.0}, {'method': 'unstable_batchedUpdates', 'file': 'index.android.bundle', 'lineNumber': 1.0, 'columnNumber': 244005.0}, {'method': 'notify', 'file': 'index.android.bundle', 'lineNumber': 1.0, 'columnNumber': 2303003.0}, {'method': 'notifyNestedSubs', 'file': 'index.android.bundle', 'lineNumber': 1.0, 'columnNumber': 2303440.0}, {'method': 'handleChangeWrapper', 'file': 'index.android.bundle', 'lineNumber': 1.0, 'columnNumber': 2303474.0}, {'method': 'dispatch', 'file': 'index.android.bundle', 'lineNumber': 1.0, 'columnNumber': 2050047.0}, {'method': 'anonymous', 'file': 'index.android.bundle', 'lineNumber': 1.0, 'columnNumber': 1025073.0}, {'method': 'anonymous', 'file': 'index.android.bundle', 'lineNumber': 1.0, 'columnNumber': 2520427.0}, {'method': 'anonymous', 'file': 'index.android.bundle', 'lineNumber': 1.0, 'columnNumber': 1023976.0}, {'method': 'anonymous', 'file': 'index.android.bundle', 'lineNumber': 1.0, 'columnNumber': 1030361.0}, {'method': 'apply', 'file': '(native)'}, {'method': 'dispatch', 'file': 'index.android.bundle', 'lineNumber': 1.0, 'columnNumber': 2052354.0}, {'method': 'anonymous', 'file': 'index.android.bundle', 'lineNumber': 1.0, 'columnNumber': 2980981.0}, {'method': 'tryCallOne', 'file': 'InternalBytecode.js', 'lineNumber': 1.0, 'columnNumber': 1180.0}, {'method': 'anonymous', 'file': 'InternalBytecode.js', 'lineNumber': 1.0, 'columnNumber': 1874.0}, {'method': 'apply', 'file': '(native)'}, {'method': 'anonymous', 'file': 'index.android.bundle', 'lineNumber': 1.0, 'columnNumber': 359460.0}, {'method': '_callTimer', 'file': 'index.android.bundle', 'lineNumber': 1.0, 'columnNumber': 358406.0}, {'method': '_callReactNativeMicrotasksPass', 'file': 'index.android.bundle', 'lineNumber': 1.0, 'columnNumber': 358552.0}, {'method': 'callReactNativeMicrotasks', 'file': 'index.android.bundle', 'lineNumber': 1.0, 'columnNumber': 360559.0}, {'method': '__callReactNativeMicrotasks', 'file': 'index.android.bundle', 'lineNumber': 1.0, 'columnNumber': 220772.0}, {'method': 'anonymous', 'file': 'index.android.bundle', 'lineNumber': 1.0, 'columnNumber': 219853.0}, {'method': '__guard', 'file': 'index.android.bundle', 'lineNumber': 1.0, 'columnNumber': 220610.0}, {'method': 'flushedQueue', 'file': 'index.android.bundle', 'lineNumber': 1.0, 'columnNumber': 219764.0}, {'method': 'invokeCallbackAndReturnFlushedQueue', 'file': 'index.android.bundle', 'lineNumber': 1.0, 'columnNumber': 219707.0}]",JSON_Payload
REQ-0061,notify.bugsnag.com,/,method,createFiberFromTypeAndProps,JSON_Payload
REQ-0061,notify.bugsnag.com,/,file,index.android.bundle,JSON_Payload
REQ-0061,notify.bugsnag.com,/,lineNumber,1.0,JSON_Payload
REQ-0061,notify.bugsnag.com,/,columnNumber,556216.0,JSON_Payload
REQ-0062,notify.bugsnag.com,/,method,reconcileChildFibersImpl,JSON_Payload
REQ-0062,notify.bugsnag.com,/,file,index.android.bundle,JSON_Payload
REQ-0062,notify.bugsnag.com,/,lineNumber,1.0,JSON_Payload
REQ-0062,notify.bugsnag.com,/,columnNumber,513303.0,JSON_Payload
REQ-0063,notify.bugsnag.com,/,method,anonymous,JSON_Payload
REQ-0063,notify.bugsnag.com,/,file,index.android.bundle,JSON_Payload
REQ-0063,notify.bugsnag.com,/,lineNumber,1.0,JSON_Payload
REQ-0063,notify.bugsnag.com,/,columnNumber,513470.0,JSON_Payload
REQ-0064,notify.bugsnag.com,/,method,reconcileChildren,JSON_Payload
REQ-0064,notify.bugsnag.com,/,file,index.android.bundle,JSON_Payload
REQ-0064,notify.bugsnag.com,/,lineNumber,1.0,JSON_Payload
REQ-0064,notify.bugsnag.com,/,columnNumber,522374.0,JSON_Payload
REQ-0065,notify.bugsnag.com,/,method,beginWork,JSON_Payload
REQ-0065,notify.bugsnag.com,/,file,index.android.bundle,JSON_Payload
REQ-0065,notify.bugsnag.com,/,lineNumber,1.0,JSON_Payload
REQ-0065,notify.bugsnag.com,/,columnNumber,531393.0,JSON_Payload
REQ-0066,notify.bugsnag.com,/,method,performUnitOfWork,JSON_Payload
REQ-0066,notify.bugsnag.com,/,file,index.android.bundle,JSON_Payload
REQ-0066,notify.bugsnag.com,/,lineNumber,1.0,JSON_Payload
REQ-0066,notify.bugsnag.com,/,columnNumber,551916.0,JSON_Payload
REQ-0067,notify.bugsnag.com,/,method,workLoopSync,JSON_Payload
REQ-0067,notify.bugsnag.com,/,file,index.android.bundle,JSON_Payload
REQ-0067,notify.bugsnag.com,/,lineNumber,1.0,JSON_Payload
REQ-0067,notify.bugsnag.com,/,columnNumber,550981.0,JSON_Payload
REQ-0068,notify.bugsnag.com,/,method,renderRootSync,JSON_Payload
REQ-0068,notify.bugsnag.com,/,file,index.android.bundle,JSON_Payload
REQ-0068,notify.bugsnag.com,/,lineNumber,1.0,JSON_Payload
REQ-0068,notify.bugsnag.com,/,columnNumber,550813.0,JSON_Payload
REQ-0069,notify.bugsnag.com,/,method,flushSyncWorkAcrossRoots_impl,JSON_Payload
REQ-0069,notify.bugsnag.com,/,file,index.android.bundle,JSON_Payload
REQ-0069,notify.bugsnag.com,/,lineNumber,1.0,JSON_Payload
REQ-0069,notify.bugsnag.com,/,columnNumber,503585.0,JSON_Payload
REQ-0070,notify.bugsnag.com,/,method,batchedUpdatesImpl,JSON_Payload
REQ-0070,notify.bugsnag.com,/,file,index.android.bundle,JSON_Payload
REQ-0070,notify.bugsnag.com,/,lineNumber,1.0,JSON_Payload
REQ-0070,notify.bugsnag.com,/,columnNumber,563740.0,JSON_Payload
REQ-0071,notify.bugsnag.com,/,method,batchedUpdates$1,JSON_Payload
REQ-0071,notify.bugsnag.com,/,file,index.android.bundle,JSON_Payload
REQ-0071,notify.bugsnag.com,/,lineNumber,1.0,JSON_Payload
REQ-0071,notify.bugsnag.com,/,columnNumber,496144.0,JSON_Payload
REQ-0072,notify.bugsnag.com,/,method,unstable_batchedUpdates,JSON_Payload
REQ-0072,notify.bugsnag.com,/,file,index.android.bundle,JSON_Payload
REQ-0072,notify.bugsnag.com,/,lineNumber,1.0,JSON_Payload
REQ-0072,notify.bugsnag.com,/,columnNumber,244005.0,JSON_Payload
REQ-0073,notify.bugsnag.com,/,method,notify,JSON_Payload
REQ-0073,notify.bugsnag.com,/,file,index.android.bundle,JSON_Payload
REQ-0073,notify.bugsnag.com,/,lineNumber,1.0,JSON_Payload
REQ-0073,notify.bugsnag.com,/,columnNumber,2303003.0,JSON_Payload
REQ-0074,notify.bugsnag.com,/,method,notifyNestedSubs,JSON_Payload
REQ-0074,notify.bugsnag.com,/,file,index.android.bundle,JSON_Payload
REQ-0074,notify.bugsnag.com,/,lineNumber,1.0,JSON_Payload
REQ-0074,notify.bugsnag.com,/,columnNumber,2303440.0,JSON_Payload
REQ-0075,notify.bugsnag.com,/,method,handleChangeWrapper,JSON_Payload
REQ-0075,notify.bugsnag.com,/,file,index.android.bundle,JSON_Payload
REQ-0075,notify.bugsnag.com,/,lineNumber,1.0,JSON_Payload
REQ-0075,notify.bugsnag.com,/,columnNumber,2303474.0,JSON_Payload
REQ-0076,notify.bugsnag.com,/,method,dispatch,JSON_Payload
REQ-0076,notify.bugsnag.com,/,file,index.android.bundle,JSON_Payload
REQ-0076,notify.bugsnag.com,/,lineNumber,1.0,JSON_Payload
REQ-0076,notify.bugsnag.com,/,columnNumber,2050047.0,JSON_Payload
REQ-0077,notify.bugsnag.com,/,method,anonymous,JSON_Payload
REQ-0077,notify.bugsnag.com,/,file,index.android.bundle,JSON_Payload
REQ-0077,notify.bugsnag.com,/,lineNumber,1.0,JSON_Payload
REQ-0077,notify.bugsnag.com,/,columnNumber,1025073.0,JSON_Payload
REQ-0078,notify.bugsnag.com,/,method,anonymous,JSON_Payload
REQ-0078,notify.bugsnag.com,/,file,index.android.bundle,JSON_Payload
REQ-0078,notify.bugsnag.com,/,lineNumber,1.0,JSON_Payload
REQ-0078,notify.bugsnag.com,/,columnNumber,2520427.0,JSON_Payload
REQ-0079,notify.bugsnag.com,/,method,anonymous,JSON_Payload
REQ-0079,notify.bugsnag.com,/,file,index.android.bundle,JSON_Payload
REQ-0079,notify.bugsnag.com,/,lineNumber,1.0,JSON_Payload
REQ-0079,notify.bugsnag.com,/,columnNumber,1023976.0,JSON_Payload
REQ-0080,notify.bugsnag.com,/,method,anonymous,JSON_Payload
REQ-0080,notify.bugsnag.com,/,file,index.android.bundle,JSON_Payload
REQ-0080,notify.bugsnag.com,/,lineNumber,1.0,JSON_Payload
REQ-0080,notify.bugsnag.com,/,columnNumber,1030361.0,JSON_Payload
REQ-0081,notify.bugsnag.com,/,method,apply,JSON_Payload
REQ-0081,notify.bugsnag.com,/,file,(native),JSON_Payload
REQ-0082,notify.bugsnag.com,/,method,dispatch,JSON_Payload
REQ-0082,notify.bugsnag.com,/,file,index.android.bundle,JSON_Payload
REQ-0082,notify.bugsnag.com,/,lineNumber,1.0,JSON_Payload
REQ-0082,notify.bugsnag.com,/,columnNumber,2052354.0,JSON_Payload
REQ-0083,notify.bugsnag.com,/,method,anonymous,JSON_Payload
REQ-0083,notify.bugsnag.com,/,file,index.android.bundle,JSON_Payload
REQ-0083,notify.bugsnag.com,/,lineNumber,1.0,JSON_Payload
REQ-0083,notify.bugsnag.com,/,columnNumber,2980981.0,JSON_Payload
REQ-0084,notify.bugsnag.com,/,method,tryCallOne,JSON_Payload
REQ-0084,notify.bugsnag.com,/,file,InternalBytecode.js,JSON_Payload
REQ-0084,notify.bugsnag.com,/,lineNumber,1.0,JSON_Payload
REQ-0084,notify.bugsnag.com,/,columnNumber,1180.0,JSON_Payload
REQ-0085,notify.bugsnag.com,/,method,anonymous,JSON_Payload
REQ-0085,notify.bugsnag.com,/,file,InternalBytecode.js,JSON_Payload
REQ-0085,notify.bugsnag.com,/,lineNumber,1.0,JSON_Payload
REQ-0085,notify.bugsnag.com,/,columnNumber,1874.0,JSON_Payload
REQ-0086,notify.bugsnag.com,/,method,apply,JSON_Payload
REQ-0086,notify.bugsnag.com,/,file,(native),JSON_Payload
REQ-0087,notify.bugsnag.com,/,method,anonymous,JSON_Payload
REQ-0087,notify.bugsnag.com,/,file,index.android.bundle,JSON_Payload
REQ-0087,notify.bugsnag.com,/,lineNumber,1.0,JSON_Payload
REQ-0087,notify.bugsnag.com,/,columnNumber,359460.0,JSON_Payload
REQ-0088,notify.bugsnag.com,/,method,_callTimer,JSON_Payload
REQ-0088,notify.bugsnag.com,/,file,index.android.bundle,JSON_Payload
REQ-0088,notify.bugsnag.com,/,lineNumber,1.0,JSON_Payload
REQ-0088,notify.bugsnag.com,/,columnNumber,358406.0,JSON_Payload
REQ-0089,notify.bugsnag.com,/,method,_callReactNativeMicrotasksPass,JSON_Payload
REQ-0089,notify.bugsnag.com,/,file,index.android.bundle,JSON_Payload
REQ-0089,notify.bugsnag.com,/,lineNumber,1.0,JSON_Payload
REQ-0089,notify.bugsnag.com,/,columnNumber,358552.0,JSON_Payload
REQ-0090,notify.bugsnag.com,/,method,callReactNativeMicrotasks,JSON_Payload
REQ-0090,notify.bugsnag.com,/,file,index.android.bundle,JSON_Payload
REQ-0090,notify.bugsnag.com,/,lineNumber,1.0,JSON_Payload
REQ-0090,notify.bugsnag.com,/,columnNumber,360559.0,JSON_Payload
REQ-0091,notify.bugsnag.com,/,method,__callReactNativeMicrotasks,JSON_Payload
REQ-0091,notify.bugsnag.com,/,file,index.android.bundle,JSON_Payload
REQ-0091,notify.bugsnag.com,/,lineNumber,1.0,JSON_Payload
REQ-0091,notify.bugsnag.com,/,columnNumber,220772.0,JSON_Payload
REQ-0092,notify.bugsnag.com,/,method,anonymous,JSON_Payload
REQ-0092,notify.bugsnag.com,/,file,index.android.bundle,JSON_Payload
REQ-0092,notify.bugsnag.com,/,lineNumber,1.0,JSON_Payload
REQ-0092,notify.bugsnag.com,/,columnNumber,219853.0,JSON_Payload
REQ-0093,notify.bugsnag.com,/,method,__guard,JSON_Payload
REQ-0093,notify.bugsnag.com,/,file,index.android.bundle,JSON_Payload
REQ-0093,notify.bugsnag.com,/,lineNumber,1.0,JSON_Payload
REQ-0093,notify.bugsnag.com,/,columnNumber,220610.0,JSON_Payload
REQ-0094,notify.bugsnag.com,/,method,flushedQueue,JSON_Payload
REQ-0094,notify.bugsnag.com,/,file,index.android.bundle,JSON_Payload
REQ-0094,notify.bugsnag.com,/,lineNumber,1.0,JSON_Payload
REQ-0094,notify.bugsnag.com,/,columnNumber,219764.0,JSON_Payload
REQ-0095,notify.bugsnag.com,/,method,invokeCallbackAndReturnFlushedQueue,JSON_Payload
REQ-0095,notify.bugsnag.com,/,file,index.android.bundle,JSON_Payload
REQ-0095,notify.bugsnag.com,/,lineNumber,1.0,JSON_Payload
REQ-0095,notify.bugsnag.com,/,columnNumber,219707.0,JSON_Payload
REQ-0096,notify.bugsnag.com,/,method,android.os.MessageQueue.nativePollOnce,JSON_Payload
REQ-0096,notify.bugsnag.com,/,file,MessageQueue.java,JSON_Payload
REQ-0096,notify.bugsnag.com,/,lineNumber,-2.0,JSON_Payload
REQ-0097,notify.bugsnag.com,/,method,android.os.MessageQueue.nextLegacy,JSON_Payload
REQ-0097,notify.bugsnag.com,/,file,MessageQueue.java,JSON_Payload
REQ-0097,notify.bugsnag.com,/,lineNumber,913.0,JSON_Payload
REQ-0098,notify.bugsnag.com,/,method,android.os.MessageQueue.next,JSON_Payload
REQ-0098,notify.bugsnag.com,/,file,MessageQueue.java,JSON_Payload
REQ-0098,notify.bugsnag.com,/,lineNumber,1025.0,JSON_Payload
REQ-0099,notify.bugsnag.com,/,method,android.os.Looper.loopOnce,JSON_Payload
REQ-0099,notify.bugsnag.com,/,file,Looper.java,JSON_Payload
REQ-0099,notify.bugsnag.com,/,lineNumber,196.0,JSON_Payload
REQ-0100,notify.bugsnag.com,/,method,android.os.Looper.loop,JSON_Payload
REQ-0100,notify.bugsnag.com,/,file,Looper.java,JSON_Payload
REQ-0100,notify.bugsnag.com,/,lineNumber,338.0,JSON_Payload
REQ-0101,notify.bugsnag.com,/,method,android.app.ActivityThread.main,JSON_Payload
REQ-0101,notify.bugsnag.com,/,file,ActivityThread.java,JSON_Payload
REQ-0101,notify.bugsnag.com,/,lineNumber,9067.0,JSON_Payload
REQ-0102,notify.bugsnag.com,/,method,java.lang.reflect.Method.invoke,JSON_Payload
REQ-0102,notify.bugsnag.com,/,file,Method.java,JSON_Payload
REQ-0102,notify.bugsnag.com,/,lineNumber,-2.0,JSON_Payload
REQ-0103,notify.bugsnag.com,/,method,com.android.internal.os.RuntimeInit$MethodAndArgsCaller.run,JSON_Payload
REQ-0103,notify.bugsnag.com,/,file,RuntimeInit.java,JSON_Payload
REQ-0103,notify.bugsnag.com,/,lineNumber,593.0,JSON_Payload
REQ-0104,notify.bugsnag.com,/,method,com.android.internal.os.ZygoteInit.main,JSON_Payload
REQ-0104,notify.bugsnag.com,/,file,ZygoteInit.java,JSON_Payload
REQ-0104,notify.bugsnag.com,/,lineNumber,932.0,JSON_Payload
REQ-0105,notify.bugsnag.com,/,method,java.lang.Object.wait,JSON_Payload
REQ-0105,notify.bugsnag.com,/,file,Object.java,JSON_Payload
REQ-0105,notify.bugsnag.com,/,lineNumber,-2.0,JSON_Payload
REQ-0106,notify.bugsnag.com,/,method,java.lang.Object.wait,JSON_Payload
REQ-0106,notify.bugsnag.com,/,file,Object.java,JSON_Payload
REQ-0106,notify.bugsnag.com,/,lineNumber,405.0,JSON_Payload
REQ-0107,notify.bugsnag.com,/,method,java.lang.Object.wait,JSON_Payload
REQ-0107,notify.bugsnag.com,/,file,Object.java,JSON_Payload
REQ-0107,notify.bugsnag.com,/,lineNumber,543.0,JSON_Payload
REQ-0108,notify.bugsnag.com,/,method,java.lang.Daemons$ReferenceQueueDaemon.runInternal,JSON_Payload
REQ-0108,notify.bugsnag.com,/,file,Daemons.java,JSON_Payload
REQ-0108,notify.bugsnag.com,/,lineNumber,262.0,JSON_Payload
REQ-0109,notify.bugsnag.com,/,method,java.lang.Daemons$Daemon.run,JSON_Payload
REQ-0109,notify.bugsnag.com,/,file,Daemons.java,JSON_Payload
REQ-0109,notify.bugsnag.com,/,lineNumber,135.0,JSON_Payload
REQ-0110,notify.bugsnag.com,/,method,java.lang.Thread.run,JSON_Payload
REQ-0110,notify.bugsnag.com,/,file,Thread.java,JSON_Payload
REQ-0110,notify.bugsnag.com,/,lineNumber,1572.0,JSON_Payload
REQ-0111,notify.bugsnag.com,/,method,java.lang.Object.wait,JSON_Payload
REQ-0111,notify.bugsnag.com,/,file,Object.java,JSON_Payload
REQ-0111,notify.bugsnag.com,/,lineNumber,-2.0,JSON_Payload
REQ-0112,notify.bugsnag.com,/,method,java.lang.Object.wait,JSON_Payload
REQ-0112,notify.bugsnag.com,/,file,Object.java,JSON_Payload
REQ-0112,notify.bugsnag.com,/,lineNumber,405.0,JSON_Payload
REQ-0113,notify.bugsnag.com,/,method,java.lang.ref.ReferenceQueue.remove,JSON_Payload
REQ-0113,notify.bugsnag.com,/,file,ReferenceQueue.java,JSON_Payload
REQ-0113,notify.bugsnag.com,/,lineNumber,207.0,JSON_Payload
REQ-0114,notify.bugsnag.com,/,method,java.lang.ref.ReferenceQueue.remove,JSON_Payload
REQ-0114,notify.bugsnag.com,/,file,ReferenceQueue.java,JSON_Payload
REQ-0114,notify.bugsnag.com,/,lineNumber,228.0,JSON_Payload
REQ-0115,notify.bugsnag.com,/,method,java.lang.Daemons$FinalizerDaemon.runInternal,JSON_Payload
REQ-0115,notify.bugsnag.com,/,file,Daemons.java,JSON_Payload
REQ-0115,notify.bugsnag.com,/,lineNumber,350.0,JSON_Payload
REQ-0116,notify.bugsnag.com,/,method,java.lang.Daemons$Daemon.run,JSON_Payload
REQ-0116,notify.bugsnag.com,/,file,Daemons.java,JSON_Payload
REQ-0116,notify.bugsnag.com,/,lineNumber,135.0,JSON_Payload
REQ-0117,notify.bugsnag.com,/,method,java.lang.Thread.run,JSON_Payload
REQ-0117,notify.bugsnag.com,/,file,Thread.java,JSON_Payload
REQ-0117,notify.bugsnag.com,/,lineNumber,1572.0,JSON_Payload
REQ-0118,notify.bugsnag.com,/,method,java.lang.Object.wait,JSON_Payload
REQ-0118,notify.bugsnag.com,/,file,Object.java,JSON_Payload
REQ-0118,notify.bugsnag.com,/,lineNumber,-2.0,JSON_Payload
REQ-0119,notify.bugsnag.com,/,method,java.lang.Object.wait,JSON_Payload
REQ-0119,notify.bugsnag.com,/,file,Object.java,JSON_Payload
REQ-0119,notify.bugsnag.com,/,lineNumber,405.0,JSON_Payload
REQ-0120,notify.bugsnag.com,/,method,java.lang.Object.wait,JSON_Payload
REQ-0120,notify.bugsnag.com,/,file,Object.java,JSON_Payload
REQ-0120,notify.bugsnag.com,/,lineNumber,543.0,JSON_Payload
REQ-0121,notify.bugsnag.com,/,method,java.lang.Daemons$FinalizerWatchdogDaemon.sleepUntilNeeded,JSON_Payload
REQ-0121,notify.bugsnag.com,/,file,Daemons.java,JSON_Payload
REQ-0121,notify.bugsnag.com,/,lineNumber,483.0,JSON_Payload
REQ-0122,notify.bugsnag.com,/,method,java.lang.Daemons$FinalizerWatchdogDaemon.runInternal,JSON_Payload
REQ-0122,notify.bugsnag.com,/,file,Daemons.java,JSON_Payload
REQ-0122,notify.bugsnag.com,/,lineNumber,463.0,JSON_Payload
REQ-0123,notify.bugsnag.com,/,method,java.lang.Daemons$Daemon.run,JSON_Payload
REQ-0123,notify.bugsnag.com,/,file,Daemons.java,JSON_Payload
REQ-0123,notify.bugsnag.com,/,lineNumber,135.0,JSON_Payload
REQ-0124,notify.bugsnag.com,/,method,java.lang.Thread.run,JSON_Payload
REQ-0124,notify.bugsnag.com,/,file,Thread.java,JSON_Payload
REQ-0124,notify.bugsnag.com,/,lineNumber,1572.0,JSON_Payload
REQ-0125,notify.bugsnag.com,/,method,jdk.internal.misc.Unsafe.park,JSON_Payload
REQ-0125,notify.bugsnag.com,/,file,Unsafe.java,JSON_Payload
REQ-0125,notify.bugsnag.com,/,lineNumber,-2.0,JSON_Payload
REQ-0126,notify.bugsnag.com,/,method,java.util.concurrent.locks.LockSupport.park,JSON_Payload
REQ-0126,notify.bugsnag.com,/,file,LockSupport.java,JSON_Payload
REQ-0126,notify.bugsnag.com,/,lineNumber,376.0,JSON_Payload
REQ-0127,notify.bugsnag.com,/,method,java.util.concurrent.locks.AbstractQueuedSynchronizer$ConditionNode.block,JSON_Payload
REQ-0127,notify.bugsnag.com,/,file,AbstractQueuedSynchronizer.java,JSON_Payload
REQ-0127,notify.bugsnag.com,/,lineNumber,520.0,JSON_Payload
REQ-0128,notify.bugsnag.com,/,method,java.util.concurrent.ForkJoinPool.unmanagedBlock,JSON_Payload
REQ-0128,notify.bugsnag.com,/,file,ForkJoinPool.java,JSON_Payload
REQ-0128,notify.bugsnag.com,/,lineNumber,3797.0,JSON_Payload
REQ-0129,notify.bugsnag.com,/,method,java.util.concurrent.ForkJoinPool.managedBlock,JSON_Payload
REQ-0129,notify.bugsnag.com,/,file,ForkJoinPool.java,JSON_Payload
REQ-0129,notify.bugsnag.com,/,lineNumber,3738.0,JSON_Payload
REQ-0130,notify.bugsnag.com,/,method,java.util.concurrent.locks.AbstractQueuedSynchronizer$ConditionObject.aw ait,JSON_Payload
REQ-0130,notify.bugsnag.com,/,file,AbstractQueuedSynchronizer.java,JSON_Payload
REQ-0130,notify.bugsnag.com,/,lineNumber,1752.0,JSON_Payload
REQ-0131,notify.bugsnag.com,/,method,java.util.concurrent.LinkedBlockingQueue.take,JSON_Payload
REQ-0131,notify.bugsnag.com,/,file,LinkedBlockingQueue.java,JSON_Payload
REQ-0131,notify.bugsnag.com,/,lineNumber,435.0,JSON_Payload
REQ-0132,notify.bugsnag.com,/,method,java.util.concurrent.ThreadPoolExecutor.getTask,JSON_Payload
REQ-0132,notify.bugsnag.com,/,file,ThreadPoolExecutor.java,JSON_Payload
REQ-0132,notify.bugsnag.com,/,lineNumber,1026.0,JSON_Payload
REQ-0133,notify.bugsnag.com,/,method,java.util.concurrent.ThreadPoolExecutor.runWorker,JSON_Payload
REQ-0133,notify.bugsnag.com,/,file,ThreadPoolExecutor.java,JSON_Payload
REQ-0133,notify.bugsnag.com,/,lineNumber,1086.0,JSON_Payload
REQ-0134,notify.bugsnag.com,/,method,java.util.concurrent.ThreadPoolExecutor$Worker.run,JSON_Payload
REQ-0134,notify.bugsnag.com,/,file,ThreadPoolExecutor.java,JSON_Payload
REQ-0134,notify.bugsnag.com,/,lineNumber,624.0,JSON_Payload
REQ-0135,notify.bugsnag.com,/,method,com.google.firebase.concurrent.CustomThreadFactory.$r8$lambda$XB8AY3Hcio74byWuTzgVEC3Hiek,JSON_Payload
REQ-0135,notify.bugsnag.com,/,file,CustomThreadFactory.java,JSON_Payload
REQ-0135,notify.bugsnag.com,/,lineNumber,47.0,JSON_Payload
REQ-0136,notify.bugsnag.com,/,method,com.google.firebase.concurrent.CustomThreadFactory$$ExternalSyntheticLambda0.run,JSON_Payload
REQ-0136,notify.bugsnag.com,/,file,R8$$SyntheticClass,JSON_Payload
REQ-0136,notify.bugsnag.com,/,lineNumber,0.0,JSON_Payload
REQ-0137,notify.bugsnag.com,/,method,java.lang.Thread.run,JSON_Payload
REQ-0137,notify.bugsnag.com,/,file,Thread.java,JSON_Payload
REQ-0137,notify.bugsnag.com,/,lineNumber,1572.0,JSON_Payload
REQ-0138,notify.bugsnag.com,/,method,jdk.internal.misc.Unsafe.park,JSON_Payload
REQ-0138,notify.bugsnag.com,/,file,Unsafe.java,JSON_Payload
REQ-0138,notify.bugsnag.com,/,lineNumber,-2.0,JSON_Payload
REQ-0139,notify.bugsnag.com,/,method,java.util.concurrent.locks.LockSupport.park,JSON_Payload
REQ-0139,notify.bugsnag.com,/,file,LockSupport.java,JSON_Payload
REQ-0139,notify.bugsnag.com,/,lineNumber,376.0,JSON_Payload
REQ-0140,notify.bugsnag.com,/,method,java.util.concurrent.locks.AbstractQueuedSynchronizer$ConditionNode.block,JSON_Payload
REQ-0140,notify.bugsnag.com,/,file,AbstractQueuedSynchronizer.java,JSON_Payload
REQ-0140,notify.bugsnag.com,/,lineNumber,520.0,JSON_Payload
REQ-0141,notify.bugsnag.com,/,method,java.util.concurrent.ForkJoinPool.unmanagedBlock,JSON_Payload
REQ-0141,notify.bugsnag.com,/,file,ForkJoinPool.java,JSON_Payload
REQ-0141,notify.bugsnag.com,/,lineNumber,3797.0,JSON_Payload
REQ-0142,notify.bugsnag.com,/,method,java.util.concurrent.ForkJoinPool.managedBlock,JSON_Payload
REQ-0142,notify.bugsnag.com,/,file,ForkJoinPool.java,JSON_Payload
REQ-0142,notify.bugsnag.com,/,lineNumber,3738.0,JSON_Payload
REQ-0143,notify.bugsnag.com,/,method,java.util.concurrent.locks.AbstractQueuedSynchronizer$ConditionObject.await,JSON_Payload
REQ-0143,notify.bugsnag.com,/,file,AbstractQueuedSynchronizer.java,JSON_Payload
REQ-0143,notify.bugsnag.com,/,lineNumber,1752.0,JSON_Payload
REQ-0144,notify.bugsnag.com,/,method,java.util.concurrent.LinkedBlockingQueue.take,JSON_Payload
REQ-0144,notify.bugsnag.com,/,file,LinkedBlockingQueue.java,JSON_Payload
REQ-0144,notify.bugsnag.com,/,lineNumber,435.0,JSON_Payload
REQ-0145,notify.bugsnag.com,/,method,java.util.concurrent.ThreadPoolExecutor.getTask,JSON_Payload
REQ-0145,notify.bugsnag.com,/,file,ThreadPoolExecutor.java,JSON_Payload
REQ-0145,notify.bugsnag.com,/,lineNumber,1026.0,JSON_Payload
REQ-0146,notify.bugsnag.com,/,method,java.util.concurrent.ThreadPoolExecutor.runWorker,JSON_Payload
REQ-0146,notify.bugsnag.com,/,file,ThreadPoolExecutor.java,JSON_Payload
REQ-0146,notify.bugsnag.com,/,lineNumber,1086.0,JSON_Payload
REQ-0147,notify.bugsnag.com,/,method,java.util.concurrent.ThreadPoolExecutor$Worker.run,JSON_Payload
REQ-0147,notify.bugsnag.com,/,file,ThreadPoolExecutor.java,JSON_Payload
REQ-0147,notify.bugsnag.com,/,lineNumber,624.0,JSON_Payload
REQ-0148,notify.bugsnag.com,/,method,java.lang.Thread.run,JSON_Payload
REQ-0148,notify.bugsnag.com,/,file,Thread.java,JSON_Payload
REQ-0148,notify.bugsnag.com,/,lineNumber,1572.0,JSON_Payload
REQ-0149,notify.bugsnag.com,/,method,jdk.internal.misc.Unsafe.park,JSON_Payload
REQ-0149,notify.bugsnag.com,/,file,Unsafe.java,JSON_Payload
REQ-0149,notify.bugsnag.com,/,lineNumber,-2.0,JSON_Payload
REQ-0150,notify.bugsnag.com,/,method,java.util.concurrent.locks.LockSupport.park,JSON_Payload
REQ-0150,notify.bugsnag.com,/,file,LockSupport.java,JSON_Payload
REQ-0150,notify.bugsnag.com,/,lineNumber,376.0,JSON_Payload
REQ-0151,notify.bugsnag.com,/,method,java.util.concurrent.locks.AbstractQueuedSynchronizer$ConditionNode.block,JSON_Payload
REQ-0151,notify.bugsnag.com,/,file,AbstractQueuedSynchronizer.java,JSON_Payload
REQ-0151,notify.bugsnag.com,/,lineNumber,520.0,JSON_Payload
REQ-0152,notify.bugsnag.com,/,method,java.util.concurrent.ForkJoinPool.unmanagedBlock,JSON_Payload
REQ-0152,notify.bugsnag.com,/,file,ForkJoinPool.java,JSON_Payload
REQ-0152,notify.bugsnag.com,/,lineNumber,3797.0,JSON_Payload
REQ-0153,notify.bugsnag.com,/,method,java.util.concurrent.ForkJoinPool.managedBlock,JSON_Payload
REQ-0153,notify.bugsnag.com,/,file,ForkJoinPool.java,JSON_Payload
REQ-0153,notify.bugsnag.com,/,lineNumber,3738.0,JSON_Payload
REQ-0154,notify.bugsnag.com,/,method,java.util.concurrent.locks.AbstractQueuedSynchronizer$ConditionObject.await,JSON_Payload
REQ-0154,notify.bugsnag.com,/,file,AbstractQueuedSynchronizer.java,JSON_Payload
REQ-0154,notify.bugsnag.com,/,lineNumber,1752.0,JSON_Payload
REQ-0155,notify.bugsnag.com,/,method,java.util.concurrent.LinkedBlockingQueue.take,JSON_Payload
REQ-0155,notify.bugsnag.com,/,file,LinkedBlockingQueue.java,JSON_Payload
REQ-0155,notify.bugsnag.com,/,lineNumber,435.0,JSON_Payload
REQ-0156,notify.bugsnag.com,/,method,java.util.concurrent.ThreadPoolExecutor.getTask,JSON_Payload
REQ-0156,notify.bugsnag.com,/,file,ThreadPoolExecutor.java,JSON_Payload
REQ-0156,notify.bugsnag.com,/,lineNumber,1026.0,JSON_Payload
REQ-0157,notify.bugsnag.com,/,method,java.util.concurrent.ThreadPoolExecutor.runWorker,JSON_Payload
REQ-0157,notify.bugsnag.com,/,file,ThreadPoolExecutor.java,JSON_Payload
REQ-0157,notify.bugsnag.com,/,lineNumber,1086.0,JSON_Payload
REQ-0158,notify.bugsnag.com,/,method,java.util.concurrent.ThreadPoolExecutor$Worker.run,JSON_Payload
REQ-0158,notify.bugsnag.com,/,file,ThreadPoolExecutor.java,JSON_Payload
REQ-0158,notify.bugsnag.com,/,lineNumber,624.0,JSON_Payload
REQ-0159,notify.bugsnag.com,/,method,com.google.firebase.concurrent.CustomThreadFactory.$r8$lambda$XB8AY3Hcio74byWuTzgVEC3Hiek,JSON_Payload
REQ-0159,notify.bugsnag.com,/,file,CustomThreadFactory.java,JSON_Payload
REQ-0159,notify.bugsnag.com,/,lineNumber,47.0,JSON_Payload
REQ-0160,notify.bugsnag.com,/,method,com.google.firebase.concurrent.CustomThreadFactory$$ExternalSyntheticLambda0.run,JSON_Payload
REQ-0160,notify.bugsnag.com,/,file,R8$$SyntheticClass,JSON_Payload
REQ-0160,notify.bugsnag.com,/,lineNumber,0.0,JSON_Payload
REQ-0161,notify.bugsnag.com,/,method,java.lang.Thread.run,JSON_Payload
REQ-0161,notify.bugsnag.com,/,file,Thread.java,JSON_Payload
REQ-0161,notify.bugsnag.com,/,lineNumber,1572.0,JSON_Payload
REQ-0162,notify.bugsnag.com,/,method,java.lang.Object.wait,JSON_Payload
REQ-0162,notify.bugsnag.com,/,file,Object.java,JSON_Payload
REQ-0162,notify.bugsnag.com,/,lineNumber,-2.0,JSON_Payload
REQ-0163,notify.bugsnag.com,/,method,java.lang.Object.wait,JSON_Payload
REQ-0163,notify.bugsnag.com,/,file,Object.java,JSON_Payload
REQ-0163,notify.bugsnag.com,/,lineNumber,405.0,JSON_Payload
REQ-0164,notify.bugsnag.com,/,method,java.lang.Object.wait,JSON_Payload
REQ-0164,notify.bugsnag.com,/,file,Object.java,JSON_Payload
REQ-0164,notify.bugsnag.com,/,lineNumber,543.0,JSON_Payload
REQ-0165,notify.bugsnag.com,/,method,com.google.android.gms.dynamite.zza.run,JSON_Payload
REQ-0165,notify.bugsnag.com,/,file,com.google.android.gms:play-services-basement@@18.5.0,JSON_Payload
REQ-0165,notify.bugsnag.com,/,lineNumber,2.0,JSON_Payload
REQ-0166,notify.bugsnag.com,/,method,jdk.internal.misc.Unsafe.park,JSON_Payload
REQ-0166,notify.bugsnag.com,/,file,Unsafe.java,JSON_Payload
REQ-0166,notify.bugsnag.com,/,lineNumber,-2.0,JSON_Payload
REQ-0167,notify.bugsnag.com,/,method,java.util.concurrent.locks.LockSupport.park,JSON_Payload
REQ-0167,notify.bugsnag.com,/,file,LockSupport.java,JSON_Payload
REQ-0167,notify.bugsnag.com,/,lineNumber,376.0,JSON_Payload
REQ-0168,notify.bugsnag.com,/,method,java.util.concurrent.locks.AbstractQueuedSynchronizer$ConditionNode.block,JSON_Payload
REQ-0168,notify.bugsnag.com,/,file,AbstractQueuedSynchronizer.java,JSON_Payload
REQ-0168,notify.bugsnag.com,/,lineNumber,520.0,JSON_Payload
REQ-0169,notify.bugsnag.com,/,method,java.util.concurrent.ForkJoinPool.unmanagedBlock,JSON_Payload
REQ-0169,notify.bugsnag.com,/,file,ForkJoinPool.java,JSON_Payload
REQ-0169,notify.bugsnag.com,/,lineNumber,3797.0,JSON_Payload
REQ-0170,notify.bugsnag.com,/,method,java.util.concurrent.ForkJoinPool.managedBlock,JSON_Payload
REQ-0170,notify.bugsnag.com,/,file,ForkJoinPool.java,JSON_Payload
REQ-0170,notify.bugsnag.com,/,lineNumber,3738.0,JSON_Payload
REQ-0171,notify.bugsnag.com,/,method,java.util.concurrent.locks.AbstractQueuedSynchronizer$ConditionObject.await,JSON_Payload
REQ-0171,notify.bugsnag.com,/,file,AbstractQueuedSynchronizer.java,JSON_Payload
REQ-0171,notify.bugsnag.com,/,lineNumber,1752.0,JSON_Payload
REQ-0172,notify.bugsnag.com,/,method,java.util.concurrent.LinkedBlockingQueue.take,JSON_Payload
REQ-0172,notify.bugsnag.com,/,file,LinkedBlockingQueue.java,JSON_Payload
REQ-0172,notify.bugsnag.com,/,lineNumber,435.0,JSON_Payload
REQ-0173,notify.bugsnag.com,/,method,java.util.concurrent.ThreadPoolExecutor.getTask,JSON_Payload
REQ-0173,notify.bugsnag.com,/,file,ThreadPoolExecutor.java,JSON_Payload
REQ-0173,notify.bugsnag.com,/,lineNumber,1026.0,JSON_Payload
REQ-0174,notify.bugsnag.com,/,method,java.util.concurrent.ThreadPoolExecutor.runWorker,JSON_Payload
REQ-0174,notify.bugsnag.com,/,file,ThreadPoolExecutor.java,JSON_Payload
REQ-0174,notify.bugsnag.com,/,lineNumber,1086.0,JSON_Payload
REQ-0175,notify.bugsnag.com,/,method,java.util.concurrent.ThreadPoolExecutor$Worker.run,JSON_Payload
REQ-0175,notify.bugsnag.com,/,file,ThreadPoolExecutor.java,JSON_Payload
REQ-0175,notify.bugsnag.com,/,lineNumber,624.0,JSON_Payload
REQ-0176,notify.bugsnag.com,/,method,com.google.firebase.concurrent.CustomThreadFactory.$r8$lambda$XB8AY3Hcio74byWuTzgVEC3Hiek,JSON_Payload
REQ-0176,notify.bugsnag.com,/,file,CustomThreadFactory.java,JSON_Payload
REQ-0176,notify.bugsnag.com,/,lineNumber,47.0,JSON_Payload
REQ-0177,notify.bugsnag.com,/,method,com.google.firebase.concurrent.CustomThreadFactory$$ExternalSyntheticLambda0.run,JSON_Payload
REQ-0177,notify.bugsnag.com,/,file,R8$$SyntheticClass,JSON_Payload
REQ-0177,notify.bugsnag.com,/,lineNumber,0.0,JSON_Payload
REQ-0178,notify.bugsnag.com,/,method,java.lang.Thread.run,JSON_Payload
REQ-0178,notify.bugsnag.com,/,file,Thread.java,JSON_Payload
REQ-0178,notify.bugsnag.com,/,lineNumber,1572.0,JSON_Payload
REQ-0179,notify.bugsnag.com,/,method,jdk.internal.misc.Unsafe.park,JSON_Payload
REQ-0179,notify.bugsnag.com,/,file,Unsafe.java,JSON_Payload
REQ-0179,notify.bugsnag.com,/,lineNumber,-2.0,JSON_Payload
REQ-0180,notify.bugsnag.com,/,method,java.util.concurrent.locks.LockSupport.park,JSON_Payload
REQ-0180,notify.bugsnag.com,/,file,LockSupport.java,JSON_Payload
REQ-0180,notify.bugsnag.com,/,lineNumber,376.0,JSON_Payload
REQ-0181,notify.bugsnag.com,/,method,java.util.concurrent.locks.AbstractQueuedSynchronizer$ConditionNode.block,JSON_Payload
REQ-0181,notify.bugsnag.com,/,file,AbstractQueuedSynchronizer.java,JSON_Payload
REQ-0181,notify.bugsnag.com,/,lineNumber,520.0,JSON_Payload
REQ-0182,notify.bugsnag.com,/,method,java.util.concurrent.ForkJoinPool.unmanagedBlock,JSON_Payload
REQ-0182,notify.bugsnag.com,/,file,ForkJoinPool.java,JSON_Payload
REQ-0182,notify.bugsnag.com,/,lineNumber,3797.0,JSON_Payload
REQ-0183,notify.bugsnag.com,/,method,java.util.concurrent.ForkJoinPool.managedBlock,JSON_Payload
REQ-0183,notify.bugsnag.com,/,file,ForkJoinPool.java,JSON_Payload
REQ-0183,notify.bugsnag.com,/,lineNumber,3738.0,JSON_Payload
REQ-0184,notify.bugsnag.com,/,method,java.util.concurrent.locks.AbstractQueuedSynchronizer$ConditionObject.await,JSON_Payload
REQ-0184,notify.bugsnag.com,/,file,AbstractQueuedSynchronizer.java,JSON_Payload
REQ-0184,notify.bugsnag.com,/,lineNumber,1752.0,JSON_Payload
REQ-0185,notify.bugsnag.com,/,method,java.util.concurrent.LinkedBlockingQueue.take,JSON_Payload
REQ-0185,notify.bugsnag.com,/,file,LinkedBlockingQueue.java,JSON_Payload
REQ-0185,notify.bugsnag.com,/,lineNumber,435.0,JSON_Payload
REQ-0186,notify.bugsnag.com,/,method,java.util.concurrent.ThreadPoolExecutor.getTask,JSON_Payload
REQ-0186,notify.bugsnag.com,/,file,ThreadPoolExecutor.java,JSON_Payload
REQ-0186,notify.bugsnag.com,/,lineNumber,1026.0,JSON_Payload
REQ-0187,notify.bugsnag.com,/,method,java.util.concurrent.ThreadPoolExecutor.runWorker,JSON_Payload
REQ-0187,notify.bugsnag.com,/,file,ThreadPoolExecutor.java,JSON_Payload
REQ-0187,notify.bugsnag.com,/,lineNumber,1086.0,JSON_Payload
REQ-0188,notify.bugsnag.com,/,method,java.util.concurrent.ThreadPoolExecutor$Worker.run,JSON_Payload
REQ-0188,notify.bugsnag.com,/,file,ThreadPoolExecutor.java,JSON_Payload
REQ-0188,notify.bugsnag.com,/,lineNumber,624.0,JSON_Payload
REQ-0189,notify.bugsnag.com,/,method,com.google.firebase.concurrent.CustomThreadFactory.$r8$lambda$XB8AY3Hcio74byWuTzgVEC3Hiek,JSON_Payload
REQ-0189,notify.bugsnag.com,/,file,CustomThreadFactory.java,JSON_Payload
REQ-0189,notify.bugsnag.com,/,lineNumber,47.0,JSON_Payload
REQ-0190,notify.bugsnag.com,/,method,com.google.firebase.concurrent.CustomThreadFactory$$ExternalSyntheticLambda0.run,JSON_Payload
REQ-0190,notify.bugsnag.com,/,file,R8$$SyntheticClass,JSON_Payload
REQ-0190,notify.bugsnag.com,/,lineNumber,0.0,JSON_Payload
REQ-0191,notify.bugsnag.com,/,method,java.lang.Thread.run,JSON_Payload
REQ-0191,notify.bugsnag.com,/,file,Thread.java,JSON_Payload
REQ-0191,notify.bugsnag.com,/,lineNumber,1572.0,JSON_Payload
REQ-0192,notify.bugsnag.com,/,method,jdk.internal.misc.Unsafe.park,JSON_Payload
REQ-0192,notify.bugsnag.com,/,file,Unsafe.java,JSON_Payload
REQ-0192,notify.bugsnag.com,/,lineNumber,-2.0,JSON_Payload
REQ-0193,notify.bugsnag.com,/,method,java.util.concurrent.locks.LockSupport.park,JSON_Payload
REQ-0193,notify.bugsnag.com,/,file,LockSupport.java,JSON_Payload
REQ-0193,notify.bugsnag.com,/,lineNumber,376.0,JSON_Payload
REQ-0194,notify.bugsnag.com,/,method,java.util.concurrent.locks.AbstractQueuedSynchronizer$ConditionNode.block,JSON_Payload
REQ-0194,notify.bugsnag.com,/,file,AbstractQueuedSynchronizer.java,JSON_Payload
REQ-0194,notify.bugsnag.com,/,lineNumber,520.0,JSON_Payload
REQ-0195,notify.bugsnag.com,/,method,java.util.concurrent.ForkJoinPool.unmanagedBlock,JSON_Payload
REQ-0195,notify.bugsnag.com,/,file,ForkJoinPool.java,JSON_Payload
REQ-0195,notify.bugsnag.com,/,lineNumber,3797.0,JSON_Payload
REQ-0196,notify.bugsnag.com,/,method,java.util.concurrent.ForkJoinPool.managedBlock,JSON_Payload
REQ-0196,notify.bugsnag.com,/,file,ForkJoinPool.java,JSON_Payload
REQ-0196,notify.bugsnag.com,/,lineNumber,3738.0,JSON_Payload
REQ-0197,notify.bugsnag.com,/,method,java.util.concurrent .locks.AbstractQueuedSynchronizer$ConditionObject.await,JSON_Payload
REQ-0197,notify.bugsnag.com,/,file,AbstractQueuedSynchronizer.java,JSON_Payload
REQ-0197,notify.bugsnag.com,/,lineNumber,1752.0,JSON_Payload
REQ-0198,notify.bugsnag.com,/,method,java.util.concurrent.LinkedBlockingQueue.take,JSON_Payload
REQ-0198,notify.bugsnag.com,/,file,LinkedBlockingQueue.java,JSON_Payload
REQ-0198,notify.bugsnag.com,/,lineNumber,435.0,JSON_Payload
REQ-0199,notify.bugsnag.com,/,method,java.util.concurrent.ThreadPoolExecutor.getTask,JSON_Payload
REQ-0199,notify.bugsnag.com,/,file,ThreadPoolExecutor.java,JSON_Payload
REQ-0199,notify.bugsnag.com,/,lineNumber,1026.0,JSON_Payload
REQ-0200,notify.bugsnag.com,/,method,java.util.concurrent.ThreadPoolExecutor.runWorker,JSON_Payload
REQ-0200,notify.bugsnag.com,/,file,ThreadPoolExecutor.java,JSON_Payload
REQ-0200,notify.bugsnag.com,/,lineNumber,1086.0,JSON_Payload
REQ-0201,notify.bugsnag.com,/,method,java.util.concurrent.ThreadPoolExecutor$Worker.run,JSON_Payload
REQ-0201,notify.bugsnag.com,/,file,ThreadPoolExecutor.java,JSON_Payload
REQ-0201,notify.bugsnag.com,/,lineNumber,624.0,JSON_Payload
REQ-0202,notify.bugsnag.com,/,method,java.lang.Thread.run,JSON_Payload
REQ-0202,notify.bugsnag.com,/,file,Thread.java,JSON_Payload
REQ-0202,notify.bugsnag.com,/,lineNumber,1572.0,JSON_Payload
REQ-0203,notify.bugsnag.com,/,method,android.os.MessageQueue.nativePollOnce,JSON_Payload
REQ-0203,notify.bugsnag.com,/,file,MessageQueue.java,JSON_Payload
REQ-0203,notify.bugsnag.com,/,lineNumber,-2.0,JSON_Payload
REQ-0204,notify.bugsnag.com,/,method,android.os.MessageQueue.nextLegacy,JSON_Payload
REQ-0204,notify.bugsnag.com,/,file,MessageQueue.java,JSON_Payload
REQ-0204,notify.bugsnag.com,/,lineNumber,913.0,JSON_Payload
REQ-0205,notify.bugsnag.com,/,method,android.os.MessageQueue.next,JSON_Payload
REQ-0205,notify.bugsnag.com,/,file,MessageQueue.java,JSON_Payload
REQ-0205,notify.bugsnag.com,/,lineNumber,1025.0,JSON_Payload
REQ-0206,notify.bugsnag.com,/,method,android.os.Looper.loopOnce,JSON_Payload
REQ-0206,notify.bugsnag.com,/,file,Looper.java,JSON_Payload
REQ-0206,notify.bugsnag.com,/,lineNumber,196.0,JSON_Payload
REQ-0207,notify.bugsnag.com,/,method,android.os.Looper.loop,JSON_Payload
REQ-0207,notify.bugsnag.com,/,file,Looper.java,JSON_Payload
REQ-0207,notify.bugsnag.com,/,lineNumber,338.0,JSON_Payload
REQ-0208,notify.bugsnag.com,/,method,android.os.HandlerThread.run,JSON_Payload
REQ-0208,notify.bugsnag.com,/,file,HandlerThread.java,JSON_Payload
REQ-0208,notify.bugsnag.com,/,lineNumber,85.0,JSON_Payload
REQ-0209,notify.bugsnag.com,/,method,jdk.internal.misc.Unsafe.park,JSON_Payload
REQ-0209,notify.bugsnag.com,/,file,Unsafe.java,JSON_Payload
REQ-0209,notify.bugsnag.com,/,lineNumber,-2.0,JSON_Payload
REQ-0210,notify.bugsnag.com,/,method,java.util.concurrent.locks.LockSupport.park,JSON_Payload
REQ-0210,notify.bugsnag.com,/,file,LockSupport.java,JSON_Payload
REQ-0210,notify.bugsnag.com,/,lineNumber,376.0,JSON_Payload
REQ-0211,notify.bugsnag.com,/,method,java.util.concurrent.locks.AbstractQueuedSynchronizer$ConditionNode.block,JSON_Payload
REQ-0211,notify.bugsnag.com,/,file,AbstractQueuedSynchronizer.java,JSON_Payload
REQ-0211,notify.bugsnag.com,/,lineNumber,520.0,JSON_Payload
REQ-0212,notify.bugsnag.com,/,method,java.util.concurrent.ForkJoinPool.unmanagedBlock,JSON_Payload
REQ-0212,notify.bugsnag.com,/,file,ForkJoinPool.java,JSON_Payload
REQ-0212,notify.bugsnag.com,/,lineNumber,3797.0,JSON_Payload
REQ-0213,notify.bugsnag.com,/,method,java.util.concurrent.ForkJoinPool.managedBlock,JSON_Payload
REQ-0213,notify.bugsnag.com,/,file,ForkJoinPool.java,JSON_Payload
REQ-0213,notify.bugsnag.com,/,lineNumber,3738.0,JSON_Payload
REQ-0214,notify.bugsnag.com,/,method,java.util.concurrent.locks.AbstractQueuedSynchronizer$ConditionObject.await,JSON_Payload
REQ-0214,notify.bugsnag.com,/,file,AbstractQueuedSynchronizer.java,JSON_Payload
REQ-0214,notify.bugsnag.com,/,lineNumber,1752.0,JSON_Payload
REQ-0215,notify.bugsnag.com,/,method,java.util.concurrent.ScheduledThreadPoolExecutor$DelayedWorkQueue.take,JSON_Payload
REQ-0215,notify.bugsnag.com,/,file,ScheduledThreadPoolExecutor.java,JSON_Payload
REQ-0215,notify.bugsnag.com,/,lineNumber,1170.0,JSON_Payload
REQ-0216,notify.bugsnag.com,/,method,java.util.concurrent.ScheduledThreadPoolExecutor$DelayedWorkQueue.take,JSON_Payload
REQ-0216,notify.bugsnag.com,/,file,ScheduledThreadPoolExecutor.java,JSON_Payload
REQ-0216,notify.bugsnag.com,/,lineNumber,899.0,JSON_Payload
REQ-0217,notify.bugsnag.com,/,method,java.util.concurrent.ThreadPoolExecutor.getTask,JSON_Payload
REQ-0217,notify.bugsnag.com,/,file,ThreadPoolExecutor.java,JSON_Payload
REQ-0217,notify.bugsnag.com,/,lineNumber,1026.0,JSON_Payload
REQ-0218,notify.bugsnag.com,/,method,java.util.concurrent.ThreadPoolExecutor.runWorker,JSON_Payload
REQ-0218,notify.bugsnag.com,/,file,ThreadPoolExecutor.java,JSON_Payload
REQ-0218,notify.bugsnag.com,/,lineNumber,1086.0,JSON_Payload
REQ-0219,notify.bugsnag.com,/,method,java.util.concurrent.ThreadPoolExecutor$Worker.run,JSON_Payload
REQ-0219,notify.bugsnag.com,/,file,ThreadPoolExecutor.java,JSON_Payload
REQ-0219,notify.bugsnag.com,/,lineNumber,624.0,JSON_Payload
REQ-0220,notify.bugsnag.com,/,method,java.lang.Thread.run,JSON_Payload
REQ-0220,notify.bugsnag.com,/,file,Thread.java,JSON_Payload
REQ-0220,notify.bugsnag.com,/,lineNumber,1572.0,JSON_Payload
REQ-0221,notify.bugsnag.com,/,method,jdk.internal.misc.Unsafe.park,JSON_Payload
REQ-0221,notify.bugsnag.com,/,file,Unsafe.java,JSON_Payload
REQ-0221,notify.bugsnag.com,/,lineNumber,-2.0,JSON_Payload
REQ-0222,notify.bugsnag.com,/,method,java.util.concurrent.locks.LockSupport.park,JSON_Payload
REQ-0222,notify.bugsnag.com,/,file,LockSupport.java,JSON_Payload
REQ-0222,notify.bugsnag.com,/,lineNumber,376.0,JSON_Payload
REQ-0223,notify.bugsnag.com,/,method,java.util.concurrent.locks.AbstractQueuedSynchronizer$ConditionNode.block,JSON_Payload
REQ-0223,notify.bugsnag.com,/,file,AbstractQueuedSynchronizer.java,JSON_Payload
REQ-0223,notify.bugsnag.com,/,lineNumber,520.0,JSON_Payload
REQ-0224,notify.bugsnag.com,/,method,java.util.concurrent.ForkJoinPool.unmanagedBlock,JSON_Payload
REQ-0224,notify.bugsnag.com,/,file,ForkJoinPool.java,JSON_Payload
REQ-0224,notify.bugsnag.com,/,lineNumber,3797.0,JSON_Payload
REQ-0225,notify.bugsnag.com,/,method,java.util.concurrent.ForkJoinPool.managedBlock,JSON_Payload
REQ-0225,notify.bugsnag.com,/,file,ForkJoinPool.java,JSON_Payload
REQ-0225,notify.bugsnag.com,/,lineNumber,3738.0,JSON_Payload
REQ-0226,notify.bugsnag.com,/,method,java.util.concurrent.locks.AbstractQueuedSynchronizer$ConditionObject.await,JSON_Payload
REQ-0226,notify.bugsnag.com,/,file,AbstractQueuedSynchronizer.java,JSON_Payload
REQ-0226,notify.bugsnag.com,/,lineNumber,1752.0,JSON_Payload
REQ-0227,notify.bugsnag.com,/,method,java.util.concurrent.ScheduledThreadPoolExecutor$DelayedWorkQueue.take,JSON_Payload
REQ-0227,notify.bugsnag.com,/,file,ScheduledThreadPoolExecutor.java,JSON_Payload
REQ-0227,notify.bugsnag.com,/,lineNumber,1170.0,JSON_Payload
REQ-0228,notify.bugsnag.com,/,method,java.util.concurrent.ScheduledThreadPoolExecutor$DelayedWorkQueue.take,JSON_Payload
REQ-0228,notify.bugsnag.com,/,file,ScheduledThreadPoolExecutor.java,JSON_Payload
REQ-0228,notify.bugsnag.com,/,lineNumber,899.0,JSON_Payload
REQ-0229,notify.bugsnag.com,/,method,java.util.concurrent.ThreadPoolExecutor.getTask,JSON_Payload
REQ-0229,notify.bugsnag.com,/,file,ThreadPoolExecutor.java,JSON_Payload
REQ-0229,notify.bugsnag.com,/,lineNumber,1026.0,JSON_Payload
REQ-0230,notify.bugsnag.com,/,method,java.util.concurrent.ThreadPoolExecutor.runWorker,JSON_Payload
REQ-0230,notify.bugsnag.com,/,file,ThreadPoolExecutor.java,JSON_Payload
REQ-0230,notify.bugsnag.com,/,lineNumber,1086.0,JSON_Payload
REQ-0231,notify.bugsnag.com,/,method,java.util.concurrent.ThreadPoolExecutor$Worker.run,JSON_Payload
REQ-0231,notify.bugsnag.com,/,file,ThreadPoolExecutor.java,JSON_Payload
REQ-0231,notify.bugsnag.com,/,lineNumber,624.0,JSON_Payload
REQ-0232,notify.bugsnag.com,/,method,com.google.android.gms.common.util.concurrent.zza.run,JSON_Payload
REQ-0232,notify.bugsnag.com,/,file,com.google.android.gms:play-services-basement@@18.5.0,JSON_Payload
REQ-0232,notify.bugsnag.com,/,lineNumber,2.0,JSON_Payload
REQ-0233,notify.bugsnag.com,/,method,java.lang.Thread.run,JSON_Payload
REQ-0233,notify.bugsnag.com,/,file,Thread.java,JSON_Payload
REQ-0233,notify.bugsnag.com,/,lineNumber,1572.0,JSON_Payload
REQ-0234,notify.bugsnag.com,/,method,jdk.internal.misc.Unsafe.park,JSON_Payload
REQ-0234,notify.bugsnag.com,/,file,Unsafe.java,JSON_Payload
REQ-0234,notify.bugsnag.com,/,lineNumber,-2.0,JSON_Payload
REQ-0235,notify.bugsnag.com,/,method,java.util.concurrent.locks.LockSupport.park,JSON_Payload
REQ-0235,notify.bugsnag.com,/,file,LockSupport.java,JSON_Payload
REQ-0235,notify.bugsnag.com,/,lineNumber,376.0,JSON_Payload
REQ-0236,notify.bugsnag.com,/,method,java.util.concurrent.locks.AbstractQueuedSynchronizer$ConditionNode.block,JSON_Payload
REQ-0236,notify.bugsnag.com,/,file,AbstractQueuedSynchronizer.java,JSON_Payload
REQ-0236,notify.bugsnag.com,/,lineNumber,520.0,JSON_Payload
REQ-0237,notify.bugsnag.com,/,method,java.util.concurrent.ForkJoinPool.unmanagedBlock,JSON_Payload
REQ-0237,notify.bugsnag.com,/,file,ForkJoinPool.java,JSON_Payload
REQ-0237,notify.bugsnag.com,/,lineNumber,3797.0,JSON_Payload
REQ-0238,notify.bugsnag.com,/,method,java.util.concurrent.ForkJoinPool.managedBlock,JSON_Payload
REQ-0238,notify.bugsnag.com,/,file,ForkJoinPool.java,JSON_Payload
REQ-0238,notify.bugsnag.com,/,lineNumber,3738.0,JSON_Payload
REQ-0239,notify.bugsnag.com,/,method,java.util.concurrent.locks.AbstractQueuedSynchronizer$ConditionObject.await,JSON_Payload
REQ-0239,notify.bugsnag.com,/,file,AbstractQueuedSynchronizer.java,JSON_Payload
REQ-0239,notify.bugsnag.com,/,lineNumber,1752.0,JSON_Payload
REQ-0240,notify.bugsnag.com,/,method,java.util.concurrent.ScheduledThreadPoolExecutor$DelayedWorkQueue.take,JSON_Payload
REQ-0240,notify.bugsnag.com,/,file,ScheduledThreadPoolExecutor.java,JSON_Payload
REQ-0240,notify.bugsnag.com,/,lineNumber,1170.0,JSON_Payload
REQ-0241,notify.bugsnag.com,/,method,java.util.concurrent.ScheduledThreadPoolExecutor$DelayedWorkQueue.take,JSON_Payload
REQ-0241,notify.bugsnag.com,/,file,ScheduledThreadPoolExecutor.java,JSON_Payload
REQ-0241,notify.bugsnag.com,/,lineNumber,899.0,JSON_Payload
REQ-0242,notify.bugsnag.com,/,method,java.util.concurrent.ThreadPoolExecutor.getTask,JSON_Payload
REQ-0242,notify.bugsnag.com,/,file,ThreadPoolExecutor.java,JSON_Payload
REQ-0242,notify.bugsnag.com,/,lineNumber,1026.0,JSON_Payload
REQ-0243,notify.bugsnag.com,/,method,java.util.concurrent.ThreadPoolExecutor.runWorker,JSON_Payload
REQ-0243,notify.bugsnag.com,/,file,ThreadPoolExecutor.java,JSON_Payload
REQ-0243,notify.bugsnag.com,/,lineNumber,1086.0,JSON_Payload
REQ-0244,notify.bugsnag.com,/,method,java.util.concurrent.ThreadPoolExecutor$Worker.run,JSON_Payload
REQ-0244,notify.bugsnag.com,/,file,ThreadPoolExecutor.java,JSON_Payload
REQ-0244,notify.bugsnag.com,/,lineNumber,624.0,JSON_Payload
REQ-0245,notify.bugsnag.com,/,method,com.google.android.gms.common.util.concurrent.zza.run,JSON_Payload
REQ-0245,notify.bugsnag.com,/,file,com.google.android.gms:play-services-basement@@18.5.0,JSON_Payload
REQ-0245,notify.bugsnag.com,/,lineNumber,2.0,JSON_Payload
REQ-0246,notify.bugsnag.com,/,method,java.lang.Thread.run,JSON_Payload
REQ-0246,notify.bugsnag.com,/,file,Thread.java,JSON_Payload
REQ-0246,notify.bugsnag.com,/,lineNumber,1572.0,JSON_Payload
REQ-0247,notify.bugsnag.com,/,method,android.os.MessageQueue.nativePollOnce,JSON_Payload
REQ-0247,notify.bugsnag.com,/,file,MessageQueue.java,JSON_Payload
REQ-0247,notify.bugsnag.com,/,lineNumber,-2.0,JSON_Payload
REQ-0248,notify.bugsnag.com,/,method,android.os.MessageQueue.nextLegacy,JSON_Payload
REQ-0248,notify.bugsnag.com,/,file,MessageQueue.java,JSON_Payload
REQ-0248,notify.bugsnag.com,/,lineNumber,913.0,JSON_Payload
REQ-0249,notify.bugsnag.com,/,method,android.os.MessageQueue.next,JSON_Payload
REQ-0249,notify.bugsnag.com,/,file,MessageQueue.java,JSON_Payload
REQ-0249,notify.bugsnag.com,/,lineNumber,1025.0,JSON_Payload
REQ-0250,notify.bugsnag.com,/,method,android.os.Looper.loopOnce,JSON_Payload
REQ-0250,notify.bugsnag.com,/,file,Looper.java,JSON_Payload
REQ-0250,notify.bugsnag.com,/,lineNumber,196.0,JSON_Payload
REQ-0251,notify.bugsnag.com,/,method,android.os.Looper.loop,JSON_Payload
REQ-0251,notify.bugsnag.com,/,file,Looper.java,JSON_Payload
REQ-0251,notify.bugsnag.com,/,lineNumber,338.0,JSON_Payload
REQ-0252,notify.bugsnag.com,/,method,android.os.HandlerThread.run,JSON_Payload
REQ-0252,notify.bugsnag.com,/,file,HandlerThread.java,JSON_Payload
REQ-0252,notify.bugsnag.com,/,lineNumber,85.0,JSON_Payload
REQ-0253,notify.bugsnag.com,/,method,java.lang.Object.wait,JSON_Payload
REQ-0253,notify.bugsnag.com,/,file,Object.java,JSON_Payload
REQ-0253,notify.bugsnag.com,/,lineNumber,-2.0,JSON_Payload
REQ-0254,notify.bugsnag.com,/,method,java.lang.Object.wait,JSON_Payload
REQ-0254,notify.bugsnag.com,/,file,Object.java,JSON_Payload
REQ-0254,notify.bugsnag.com,/,lineNumber,405.0,JSON_Payload
REQ-0255,notify.bugsnag.com,/,method,java.lang.Object.wait,JSON_Payload
REQ-0255,notify.bugsnag.com,/,file,Object.java,JSON_Payload
REQ-0255,notify.bugsnag.com,/,lineNumber,543.0,JSON_Payload
REQ-0256,notify.bugsnag.com,/,method,okhttp3.internal.http2.Http2Stream.waitForIo$okhttp,JSON_Payload
REQ-0256,notify.bugsnag.com,/,file,Http2Stream.kt,JSON_Payload
REQ-0256,notify.bugsnag.com,/,lineNumber,557.0,JSON_Payload
REQ-0257,notify.bugsnag.com,/,method,okhttp3.internal.http2.Http2Stream.takeHeaders,JSON_Payload
REQ-0257,notify.bugsnag.com,/,file,Http2Stream.kt,JSON_Payload
REQ-0257,notify.bugsnag.com,/,lineNumber,140.0,JSON_Payload
REQ-0258,notify.bugsnag.com,/,method,okhttp3.internal.http2.Http2ExchangeCodec.readResponseHeaders,JSON_Payload
REQ-0258,notify.bugsnag.com,/,file,Http2ExchangeCodec.kt,JSON_Payload
REQ-0258,notify.bugsnag.com,/,lineNumber,97.0,JSON_Payload
REQ-0259,notify.bugsnag.com,/,method,okhttp3.internal.connection.Exchange.readResponseHeaders,JSON_Payload
REQ-0259,notify.bugsnag.com,/,file,Exchange.kt,JSON_Payload
REQ-0259,notify.bugsnag.com,/,lineNumber,110.0,JSON_Payload
REQ-0260,notify.bugsnag.com,/,method,okhttp3.internal.http.CallServerInterceptor.intercept,JSON_Payload
REQ-0260,notify.bugsnag.com,/,file,CallServerInterceptor.kt,JSON_Payload
REQ-0260,notify.bugsnag.com,/,lineNumber,93.0,JSON_Payload
REQ-0261,notify.bugsnag.com,/,method,okhttp3.internal.http.RealInterceptorChain.proceed,JSON_Payload
REQ-0261,notify.bugsnag.com,/,file,RealInterceptorChain.kt,JSON_Payload
REQ-0261,notify.bugsnag.com,/,lineNumber,109.0,JSON_Payload
REQ-0262,notify.bugsnag.com,/,method,okhttp3.internal.connection.ConnectInterceptor.intercept,JSON_Payload
REQ-0262,notify.bugsnag.com,/,file,ConnectInterceptor.kt,JSON_Payload
REQ-0262,notify.bugsnag.com,/,lineNumber,34.0,JSON_Payload
REQ-0263,notify.bugsnag.com,/,method,okhttp3.internal.http.RealInterceptorChain.proceed,JSON_Payload
REQ-0263,notify.bugsnag.com,/,file,RealInterceptorChain.kt,JSON_Payload
REQ-0263,notify.bugsnag.com,/,lineNumber,109.0,JSON_Payload
REQ-0264,notify.bugsnag.com,/,method,okhttp3.internal.cache.CacheInterceptor.intercept,JSON_Payload
REQ-0264,notify.bugsnag.com,/,file,CacheInterceptor.kt,JSON_Payload
REQ-0264,notify.bugsnag.com,/,lineNumber,95.0,JSON_Payload
REQ-0265,notify.bugsnag.com,/,method,okhttp3.internal.http.RealInterceptorChain.proceed,JSON_Payload
REQ-0265,notify.bugsnag.com,/,file,RealInterceptorChain.kt,JSON_Payload
REQ-0265,notify.bugsnag.com,/,lineNumber,109.0,JSON_Payload
REQ-0266,notify.bugsnag.com,/,method,okhttp3.internal.http.Br idgeInterceptor.intercept,JSON_Payload
REQ-0266,notify.bugsnag.com,/,file,BridgeInterceptor.kt,JSON_Payload
REQ-0266,notify.bugsnag.com,/,lineNumber,83.0,JSON_Payload
REQ-0267,notify.bugsnag.com,/,method,okhttp3.internal.http.RealInterceptorChain.proceed,JSON_Payload
REQ-0267,notify.bugsnag.com,/,file,RealInterceptorChain.kt,JSON_Payload
REQ-0267,notify.bugsnag.com,/,lineNumber,109.0,JSON_Payload
REQ-0268,notify.bugsnag.com,/,method,okhttp3.internal.http.RetryAndFollowUpInterceptor.intercept,JSON_Payload
REQ-0268,notify.bugsnag.com,/,file,RetryAndFollowUpInterceptor.kt,JSON_Payload
REQ-0268,notify.bugsnag.com,/,lineNumber,76.0,JSON_Payload
REQ-0269,notify.bugsnag.com,/,method,okhttp3.internal.http.RealInterceptorChain.proceed,JSON_Payload
REQ-0269,notify.bugsnag.com,/,file,RealInterceptorChain.kt,JSON_Payload
REQ-0269,notify.bugsnag.com,/,lineNumber,109.0,JSON_Payload
REQ-0270,notify.bugsnag.com,/,method,br.com.nhttp.GzipInterceptor.intercept,JSON_Payload
REQ-0270,notify.bugsnag.com,/,file,GzipInterceptor.kt,JSON_Payload
REQ-0270,notify.bugsnag.com,/,lineNumber,18.0,JSON_Payload
REQ-0271,notify.bugsnag.com,/,method,okhttp3.internal.http.RealInterceptorChain.proceed,JSON_Payload
REQ-0271,notify.bugsnag.com,/,file,RealInterceptorChain.kt,JSON_Payload
REQ-0271,notify.bugsnag.com,/,lineNumber,109.0,JSON_Payload
REQ-0272,notify.bugsnag.com,/,method,okhttp3.internal.connection.RealCall.getResponseWithInterceptorChain$okhttp,JSON_Payload
REQ-0272,notify.bugsnag.com,/,file,RealCall.kt,JSON_Payload
REQ-0272,notify.bugsnag.com,/,lineNumber,201.0,JSON_Payload
REQ-0273,notify.bugsnag.com,/,method,okhttp3.internal.connection.RealCall.execute,JSON_Payload
REQ-0273,notify.bugsnag.com,/,file,RealCall.kt,JSON_Payload
REQ-0273,notify.bugsnag.com,/,lineNumber,154.0,JSON_Payload
REQ-0274,notify.bugsnag.com,/,method,com.google.firebase.perf.network.FirebasePerfOkHttpClient.execute,JSON_Payload
REQ-0274,notify.bugsnag.com,/,file,FirebasePerfOkHttpClient.java,JSON_Payload
REQ-0274,notify.bugsnag.com,/,lineNumber,44.0,JSON_Payload
REQ-0275,notify.bugsnag.com,/,method,br.com.nhttp.NhttpPlugin$sendRequest$1$response$1.invokeSuspend,JSON_Payload
REQ-0275,notify.bugsnag.com,/,file,NhttpPlugin.kt,JSON_Payload
REQ-0275,notify.bugsnag.com,/,lineNumber,57.0,JSON_Payload
REQ-0276,notify.bugsnag.com,/,method,br.com.nhttp.NhttpPlugin$sendRequest$1$response$1.invoke,JSON_Payload
REQ-0276,notify.bugsnag.com,/,file,NhttpPlugin.kt,JSON_Payload
REQ-0276,notify.bugsnag.com,/,lineNumber,0.0,JSON_Payload
REQ-0277,notify.bugsnag.com,/,method,br.com.nhttp.NhttpPlugin$sendRequest$1$response$1.invoke,JSON_Payload
REQ-0277,notify.bugsnag.com,/,file,NhttpPlugin.kt,JSON_Payload
REQ-0277,notify.bugsnag.com,/,lineNumber,0.0,JSON_Payload
REQ-0278,notify.bugsnag.com,/,method,kotlinx.coroutines.intrinsics.UndispatchedKt.startUndispatchedOrReturn,JSON_Payload
REQ-0278,notify.bugsnag.com,/,file,Undispatched.kt,JSON_Payload
REQ-0278,notify.bugsnag.com,/,lineNumber,43.0,JSON_Payload
REQ-0279,notify.bugsnag.com,/,method,kotlinx.coroutines.BuildersKt__Builders_commonKt.withContext,JSON_Payload
REQ-0279,notify.bugsnag.com,/,file,Builders.common.kt,JSON_Payload
REQ-0279,notify.bugsnag.com,/,lineNumber,166.0,JSON_Payload
REQ-0280,notify.bugsnag.com,/,method,kotlinx.coroutines.BuildersKt.withContext,JSON_Payload
REQ-0280,notify.bugsnag.com,/,file,dex-id-5a19917d9d96cdda6589898b2e673a2cfa64e5cd,JSON_Payload
REQ-0280,notify.bugsnag.com,/,lineNumber,1.0,JSON_Payload
REQ-0281,notify.bugsnag.com,/,method,br.com.nhttp.NhttpPlugin$sendRequest$1.invokeSuspend,JSON_Payload
REQ-0281,notify.bugsnag.com,/,file,NhttpPlugin.kt,JSON_Payload
REQ-0281,notify.bugsnag.com,/,lineNumber,51.0,JSON_Payload
REQ-0282,notify.bugsnag.com,/,method,kotlin.coroutines.jvm.internal.BaseContinuationImpl.resumeWith,JSON_Payload
REQ-0282,notify.bugsnag.com,/,file,ContinuationImpl.kt,JSON_Payload
REQ-0282,notify.bugsnag.com,/,lineNumber,34.0,JSON_Payload
REQ-0283,notify.bugsnag.com,/,method,kotlinx.coroutines.DispatchedTask.run,JSON_Payload
REQ-0283,notify.bugsnag.com,/,file,DispatchedTask.kt,JSON_Payload
REQ-0283,notify.bugsnag.com,/,lineNumber,100.0,JSON_Payload
REQ-0284,notify.bugsnag.com,/,method,kotlinx.coroutines.internal.LimitedDispatcher$Worker.run,JSON_Payload
REQ-0284,notify.bugsnag.com,/,file,LimitedDispatcher.kt,JSON_Payload
REQ-0284,notify.bugsnag.com,/,lineNumber,113.0,JSON_Payload
REQ-0285,notify.bugsnag.com,/,method,kotlinx.coroutines.scheduling.TaskImpl.run,JSON_Payload
REQ-0285,notify.bugsnag.com,/,file,Tasks.kt,JSON_Payload
REQ-0285,notify.bugsnag.com,/,lineNumber,89.0,JSON_Payload
REQ-0286,notify.bugsnag.com,/,method,kotlinx.coroutines.scheduling.CoroutineScheduler.runSafely,JSON_Payload
REQ-0286,notify.bugsnag.com,/,file,CoroutineScheduler.kt,JSON_Payload
REQ-0286,notify.bugsnag.com,/,lineNumber,586.0,JSON_Payload
REQ-0287,notify.bugsnag.com,/,method,kotlinx.coroutines.scheduling.CoroutineScheduler$Worker.executeTask,JSON_Payload
REQ-0287,notify.bugsnag.com,/,file,CoroutineScheduler.kt,JSON_Payload
REQ-0287,notify.bugsnag.com,/,lineNumber,820.0,JSON_Payload
REQ-0288,notify.bugsnag.com,/,method,kotlinx.coroutines.scheduling.CoroutineScheduler$Worker.runWorker,JSON_Payload
REQ-0288,notify.bugsnag.com,/,file,CoroutineScheduler.kt,JSON_Payload
REQ-0288,notify.bugsnag.com,/,lineNumber,717.0,JSON_Payload
REQ-0289,notify.bugsnag.com,/,method,kotlinx.coroutines.scheduling.CoroutineScheduler$Worker.run,JSON_Payload
REQ-0289,notify.bugsnag.com,/,file,CoroutineScheduler.kt,JSON_Payload
REQ-0289,notify.bugsnag.com,/,lineNumber,704.0,JSON_Payload
REQ-0290,notify.bugsnag.com,/,method,jdk.internal.misc.Unsafe.park,JSON_Payload
REQ-0290,notify.bugsnag.com,/,file,Unsafe.java,JSON_Payload
REQ-0290,notify.bugsnag.com,/,lineNumber,-2.0,JSON_Payload
REQ-0291,notify.bugsnag.com,/,method,java.util.concurrent.locks.LockSupport.parkNanos,JSON_Payload
REQ-0291,notify.bugsnag.com,/,file,LockSupport.java,JSON_Payload
REQ-0291,notify.bugsnag.com,/,lineNumber,417.0,JSON_Payload
REQ-0292,notify.bugsnag.com,/,method,kotlinx.coroutines.scheduling.CoroutineScheduler$Worker.park,JSON_Payload
REQ-0292,notify.bugsnag.com,/,file,CoroutineScheduler.kt,JSON_Payload
REQ-0292,notify.bugsnag.com,/,lineNumber,855.0,JSON_Payload
REQ-0293,notify.bugsnag.com,/,method,kotlinx.coroutines.scheduling.CoroutineScheduler$Worker.tryPark,JSON_Payload
REQ-0293,notify.bugsnag.com,/,file,CoroutineScheduler.kt,JSON_Payload
REQ-0293,notify.bugsnag.com,/,lineNumber,803.0,JSON_Payload
REQ-0294,notify.bugsnag.com,/,method,kotlinx.coroutines.scheduling.CoroutineScheduler$Worker.runWorker,JSON_Payload
REQ-0294,notify.bugsnag.com,/,file,CoroutineScheduler.kt,JSON_Payload
REQ-0294,notify.bugsnag.com,/,lineNumber,751.0,JSON_Payload
REQ-0295,notify.bugsnag.com,/,method,kotlinx.coroutines.scheduling.CoroutineScheduler$Worker.run,JSON_Payload
REQ-0295,notify.bugsnag.com,/,file,CoroutineScheduler.kt,JSON_Payload
REQ-0295,notify.bugsnag.com,/,lineNumber,704.0,JSON_Payload
REQ-0296,notify.bugsnag.com,/,method,jdk.internal.misc.Unsafe.park,JSON_Payload
REQ-0296,notify.bugsnag.com,/,file,Unsafe.java,JSON_Payload
REQ-0296,notify.bugsnag.com,/,lineNumber,-2.0,JSON_Payload
REQ-0297,notify.bugsnag.com,/,method,java.util.concurrent.locks.LockSupport.parkNanos,JSON_Payload
REQ-0297,notify.bugsnag.com,/,file,LockSupport.java,JSON_Payload
REQ-0297,notify.bugsnag.com,/,lineNumber,417.0,JSON_Payload
REQ-0298,notify.bugsnag.com,/,method,kotlinx.coroutines.scheduling.CoroutineScheduler$Worker.park,JSON_Payload
REQ-0298,notify.bugsnag.com,/,file,CoroutineScheduler.kt,JSON_Payload
REQ-0298,notify.bugsnag.com,/,lineNumber,855.0,JSON_Payload
REQ-0299,notify.bugsnag.com,/,method,kotlinx.coroutines.scheduling.CoroutineScheduler$Worker.tryPark,JSON_Payload
REQ-0299,notify.bugsnag.com,/,file,CoroutineScheduler.kt,JSON_Payload
REQ-0299,notify.bugsnag.com,/,lineNumber,803.0,JSON_Payload
REQ-0300,notify.bugsnag.com,/,method,kotlinx.coroutines.scheduling.CoroutineScheduler$Worker.runWorker,JSON_Payload
REQ-0300,notify.bugsnag.com,/,file,CoroutineScheduler.kt,JSON_Payload
REQ-0300,notify.bugsnag.com,/,lineNumber,751.0,JSON_Payload
REQ-0301,notify.bugsnag.com,/,method,kotlinx.coroutines.scheduling.CoroutineScheduler$Worker.run,JSON_Payload
REQ-0301,notify.bugsnag.com,/,file,CoroutineScheduler.kt,JSON_Payload
REQ-0301,notify.bugsnag.com,/,lineNumber,704.0,JSON_Payload
REQ-0302,notify.bugsnag.com,/,method,jdk.internal.misc.Unsafe.park,JSON_Payload
REQ-0302,notify.bugsnag.com,/,file,Unsafe.java,JSON_Payload
REQ-0302,notify.bugsnag.com,/,lineNumber,-2.0,JSON_Payload
REQ-0303,notify.bugsnag.com,/,method,java.util.concurrent.locks.LockSupport.park,JSON_Payload
REQ-0303,notify.bugsnag.com,/,file,LockSupport.java,JSON_Payload
REQ-0303,notify.bugsnag.com,/,lineNumber,376.0,JSON_Payload
REQ-0304,notify.bugsnag.com,/,method,java.util.concurrent.locks.AbstractQueuedSynchronizer$ConditionNode.block,JSON_Payload
REQ-0304,notify.bugsnag.com,/,file,AbstractQueuedSynchronizer.java,JSON_Payload
REQ-0304,notify.bugsnag.com,/,lineNumber,520.0,JSON_Payload
REQ-0305,notify.bugsnag.com,/,method,java.util.concurrent.ForkJoinPool.unmanagedBlock,JSON_Payload
REQ-0305,notify.bugsnag.com,/,file,ForkJoinPool.java,JSON_Payload
REQ-0305,notify.bugsnag.com,/,lineNumber,3797.0,JSON_Payload
REQ-0306,notify.bugsnag.com,/,method,java.util.concurrent.ForkJoinPool.managedBlock,JSON_Payload
REQ-0306,notify.bugsnag.com,/,file,ForkJoinPool.java,JSON_Payload
REQ-0306,notify.bugsnag.com,/,lineNumber,3738.0,JSON_Payload
REQ-0307,notify.bugsnag.com,/,method,java.util.concurrent.locks.AbstractQueuedSynchronizer$ConditionObject.await,JSON_Payload
REQ-0307,notify.bugsnag.com,/,file,AbstractQueuedSynchronizer.java,JSON_Payload
REQ-0307,notify.bugsnag.com,/,lineNumber,1752.0,JSON_Payload
REQ-0308,notify.bugsnag.com,/,method,java.util.concurrent.LinkedBlockingQueue.take,JSON_Payload
REQ-0308,notify.bugsnag.com,/,file,LinkedBlockingQueue.java,JSON_Payload
REQ-0308,notify.bugsnag.com,/,lineNumber,435.0,JSON_Payload
REQ-0309,notify.bugsnag.com,/,method,java.util.concurrent.ThreadPoolExecutor.getTask,JSON_Payload
REQ-0309,notify.bugsnag.com,/,file,ThreadPoolExecutor.java,JSON_Payload
REQ-0309,notify.bugsnag.com,/,lineNumber,1026.0,JSON_Payload
REQ-0310,notify.bugsnag.com,/,method,java.util.concurrent.ThreadPoolExecutor.runWorker,JSON_Payload
REQ-0310,notify.bugsnag.com,/,file,ThreadPoolExecutor.java,JSON_Payload
REQ-0310,notify.bugsnag.com,/,lineNumber,1086.0,JSON_Payload
REQ-0311,notify.bugsnag.com,/,method,java.util.concurrent.ThreadPoolExecutor$Worker.run,JSON_Payload
REQ-0311,notify.bugsnag.com,/,file,ThreadPoolExecutor.java,JSON_Payload
REQ-0311,notify.bugsnag.com,/,lineNumber,624.0,JSON_Payload
REQ-0312,notify.bugsnag.com,/,method,java.lang.Thread.run,JSON_Payload
REQ-0312,notify.bugsnag.com,/,file,Thread.java,JSON_Payload
REQ-0312,notify.bugsnag.com,/,lineNumber,1572.0,JSON_Payload
REQ-0313,notify.bugsnag.com,/,method,jdk.internal.misc.Unsafe.park,JSON_Payload
REQ-0313,notify.bugsnag.com,/,file,Unsafe.java,JSON_Payload
REQ-0313,notify.bugsnag.com,/,lineNumber,-2.0,JSON_Payload
REQ-0314,notify.bugsnag.com,/,method,java.util.concurrent.locks.LockSupport.park,JSON_Payload
REQ-0314,notify.bugsnag.com,/,file,LockSupport.java,JSON_Payload
REQ-0314,notify.bugsnag.com,/,lineNumber,376.0,JSON_Payload
REQ-0315,notify.bugsnag.com,/,method,java.util.concurrent.locks.AbstractQueuedSynchronizer$ConditionNode.block,JSON_Payload
REQ-0315,notify.bugsnag.com,/,file,AbstractQueuedSynchronizer.java,JSON_Payload
REQ-0315,notify.bugsnag.com,/,lineNumber,520.0,JSON_Payload
REQ-0316,notify.bugsnag.com,/,method,java.util.concurrent.ForkJoinPool.unmanagedBlock,JSON_Payload
REQ-0316,notify.bugsnag.com,/,file,ForkJoinPool.java,JSON_Payload
REQ-0316,notify.bugsnag.com,/,lineNumber,3797.0,JSON_Payload
REQ-0317,notify.bugsnag.com,/,method,java.util.concurrent.ForkJoinPool.managedBlock,JSON_Payload
REQ-0317,notify.bugsnag.com,/,file,ForkJoinPool.java,JSON_Payload
REQ-0317,notify.bugsnag.com,/,lineNumber,3738.0,JSON_Payload
REQ-0318,notify.bugsnag.com,/,method,java.util.concurrent.locks.AbstractQueuedSynchronizer$ConditionObject.await,JSON_Payload
REQ-0318,notify.bugsnag.com,/,file,AbstractQueuedSynchronizer.java,JSON_Payload
REQ-0318,notify.bugsnag.com,/,lineNumber,1752.0,JSON_Payload
REQ-0319,notify.bugsnag.com,/,method,java.util.concurrent.LinkedBlockingQueue.take,JSON_Payload
REQ-0319,notify.bugsnag.com,/,file,LinkedBlockingQueue.java,JSON_Payload
REQ-0319,notify.bugsnag.com,/,lineNumber,435.0,JSON_Payload
REQ-0320,notify.bugsnag.com,/,method,java.util.concurrent.ThreadPoolExecutor.getTask,JSON_Payload
REQ-0320,notify.bugsnag.com,/,file,ThreadPoolExecutor.java,JSON_Payload
REQ-0320,notify.bugsnag.com,/,lineNumber,1026.0,JSON_Payload
REQ-0321,notify.bugsnag.com,/,method,java.util.concurrent.ThreadPoolExecutor.runWorker,JSON_Payload
REQ-0321,notify.bugsnag.com,/,file,ThreadPoolExecutor.java,JSON_Payload
REQ-0321,notify.bugsnag.com,/,lineNumber,1086.0,JSON_Payload
REQ-0322,notify.bugsnag.com,/,method,java.util.concurrent.ThreadPoolExecutor$Worker.run,JSON_Payload
REQ-0322,notify.bugsnag.com,/,file,ThreadPoolExecutor.java,JSON_Payload
REQ-0322,notify.bugsnag.com,/,lineNumber,624.0,JSON_Payload
REQ-0323,notify.bugsnag.com,/,method,java.lang.Thread.run,JSON_Payload
REQ-0323,notify.bugsnag.com,/,file,Thread.java,JSON_Payload
REQ-0323,notify.bugsnag.com,/,lineNumber,1572.0,JSON_Payload
REQ-0324,notify.bugsnag.com,/,method,jdk.internal.misc.Unsafe.park,JSON_Payload
REQ-0324,notify.bugsnag.com,/,file,Unsafe.java,JSON_Payload
REQ-0324,notify.bugsnag.com,/,lineNumber,-2.0,JSON_Payload
REQ-0325,notify.bugsnag.com,/,method,java.util.concurrent.locks.LockSupport.park,JSON_Payload
REQ-0325,notify.bugsnag.com,/,file,LockSupport.java,JSON_Payload
REQ-0325,notify.bugsnag.com,/,lineNumber,376.0,JSON_Payload
REQ-0326,notify.bugsnag.com,/,method,java.util.concurrent.locks.AbstractQueuedSynchronizer$ConditionNode.block,JSON_Payload
REQ-0326,notify.bugsnag.com,/,file,AbstractQueuedSynchronizer.java,JSON_Payload
REQ-0326,notify.bugsnag.com,/,lineNumber,520.0,JSON_Payload
REQ-0327,notify.bugsnag.com,/,method,java.util.concurrent.ForkJoinPool.unmanagedBlock,JSON_Payload
REQ-0327,notify.bugsnag.com,/,file,ForkJoinPool.java,JSON_Payload
REQ-0327,notify.bugsnag.com,/,lineNumber,3797.0,JSON_Payload
REQ-0328,notify.bugsnag.com,/,method,java.util.concurrent.ForkJoinPool.managedBlock,JSON_Payload
REQ-0328,notify.bugsnag.com,/,file,ForkJoinPool.java,JSON_Payload
REQ-0328,notify.bugsnag.com,/,lineNumber,3738.0,JSON_Payload
REQ-0329,notify.bugsnag.com,/,method,java.util.concurrent.locks.AbstractQueuedSynchronizer$ConditionObject.await,JSON_Payload
REQ-0329,notify.bugsnag.com,/,file,AbstractQueuedSynchronizer.java,JSON_Payload
REQ-0329,notify.bugsnag.com,/,lineNumber,1752.0,JSON_Payload
REQ-0330,notify.bugsnag.com,/,method,java.util.concurrent.LinkedBlockingQueue.take,JSON_Payload
REQ-0330,notify.bugsnag.com,/,file,LinkedBlockingQueue.java,JSON_Payload
REQ-0330,notify.bugsnag.com,/,lineNumber,435.0,JSON_Payload
REQ-0331,notify.bugsnag.com,/,method,java.util.concurrent.ThreadPoolExecutor.getTask,JSON_Payload
REQ-0331,notify.bugsnag.com,/,file,ThreadPoolExecutor.java,JSON_Payload
REQ-0331,notify.bugsnag.com,/,lineNumber,1026.0,JSON_Payload
REQ-0332,notify.bugsnag.com,/,method,java.util.concurrent.ThreadPoolExecutor.runWorker,JSON_Payload
REQ-0332,notify.bugsnag.com,/,file,ThreadPoolExecutor.java,JSON_Payload
REQ-0332,notify.bugsnag.com,/,lineNumber,1086.0,JSON_Payload
REQ-0333,notify.bugsnag.com,/,method,java.util.concurrent.ThreadPoolExecutor$Worker.run,JSON_Payload
REQ-0333,notify.bugsnag.com,/,file,ThreadPoo lExecutor.java,JSON_Payload
REQ-0333,notify.bugsnag.com,/,lineNumber,624.0,JSON_Payload
REQ-0334,notify.bugsnag.com,/,method,java.lang.Thread.run,JSON_Payload
REQ-0334,notify.bugsnag.com,/,file,Thread.java,JSON_Payload
REQ-0334,notify.bugsnag.com,/,lineNumber,1572.0,JSON_Payload
REQ-0335,notify.bugsnag.com,/,method,jdk.internal.misc.Unsafe.park,JSON_Payload
REQ-0335,notify.bugsnag.com,/,file,Unsafe.java,JSON_Payload
REQ-0335,notify.bugsnag.com,/,lineNumber,-2.0,JSON_Payload
REQ-0336,notify.bugsnag.com,/,method,java.util.concurrent.locks.LockSupport.park,JSON_Payload
REQ-0336,notify.bugsnag.com,/,file,LockSupport.java,JSON_Payload
REQ-0336,notify.bugsnag.com,/,lineNumber,376.0,JSON_Payload
REQ-0337,notify.bugsnag.com,/,method,java.util.concurrent.locks.AbstractQueuedSynchronizer$ConditionNode.block,JSON_Payload
REQ-0337,notify.bugsnag.com,/,file,AbstractQueuedSynchronizer.java,JSON_Payload
REQ-0337,notify.bugsnag.com,/,lineNumber,520.0,JSON_Payload
REQ-0338,notify.bugsnag.com,/,method,java.util.concurrent.ForkJoinPool.unmanagedBlock,JSON_Payload
REQ-0338,notify.bugsnag.com,/,file,ForkJoinPool.java,JSON_Payload
REQ-0338,notify.bugsnag.com,/,lineNumber,3797.0,JSON_Payload
REQ-0339,notify.bugsnag.com,/,method,java.util.concurrent.ForkJoinPool.managedBlock,JSON_Payload
REQ-0339,notify.bugsnag.com,/,file,ForkJoinPool.java,JSON_Payload
REQ-0339,notify.bugsnag.com,/,lineNumber,3738.0,JSON_Payload
REQ-0340,notify.bugsnag.com,/,method,java.util.concurrent.locks.AbstractQueuedSynchronizer$ConditionObject.await,JSON_Payload
REQ-0340,notify.bugsnag.com,/,file,AbstractQueuedSynchronizer.java,JSON_Payload
REQ-0340,notify.bugsnag.com,/,lineNumber,1752.0,JSON_Payload
REQ-0341,notify.bugsnag.com,/,method,java.util.concurrent.LinkedBlockingQueue.take,JSON_Payload
REQ-0341,notify.bugsnag.com,/,file,LinkedBlockingQueue.java,JSON_Payload
REQ-0341,notify.bugsnag.com,/,lineNumber,435.0,JSON_Payload
REQ-0342,notify.bugsnag.com,/,method,java.util.concurrent.ThreadPoolExecutor.getTask,JSON_Payload
REQ-0342,notify.bugsnag.com,/,file,ThreadPoolExecutor.java,JSON_Payload
REQ-0342,notify.bugsnag.com,/,lineNumber,1026.0,JSON_Payload
REQ-0343,notify.bugsnag.com,/,method,java.util.concurrent.ThreadPoolExecutor.runWorker,JSON_Payload
REQ-0343,notify.bugsnag.com,/,file,ThreadPoolExecutor.java,JSON_Payload
REQ-0343,notify.bugsnag.com,/,lineNumber,1086.0,JSON_Payload
REQ-0344,notify.bugsnag.com,/,method,java.util.concurrent.ThreadPoolExecutor$Worker.run,JSON_Payload
REQ-0344,notify.bugsnag.com,/,file,ThreadPoolExecutor.java,JSON_Payload
REQ-0344,notify.bugsnag.com,/,lineNumber,624.0,JSON_Payload
REQ-0345,notify.bugsnag.com,/,method,java.lang.Thread.run,JSON_Payload
REQ-0345,notify.bugsnag.com,/,file,Thread.java,JSON_Payload
REQ-0345,notify.bugsnag.com,/,lineNumber,1572.0,JSON_Payload
REQ-0346,notify.bugsnag.com,/,method,jdk.internal.misc.Unsafe.park,JSON_Payload
REQ-0346,notify.bugsnag.com,/,file,Unsafe.java,JSON_Payload
REQ-0346,notify.bugsnag.com,/,lineNumber,-2.0,JSON_Payload
REQ-0347,notify.bugsnag.com,/,method,java.util.concurrent.locks.LockSupport.parkNanos,JSON_Payload
REQ-0347,notify.bugsnag.com,/,file,LockSupport.java,JSON_Payload
REQ-0347,notify.bugsnag.com,/,lineNumber,276.0,JSON_Payload
REQ-0348,notify.bugsnag.com,/,method,java.util.concurrent.locks.AbstractQueuedSynchronizer$ConditionObject.awaitNanos,JSON_Payload
REQ-0348,notify.bugsnag.com,/,file,AbstractQueuedSynchronizer.java,JSON_Payload
REQ-0348,notify.bugsnag.com,/,lineNumber,1803.0,JSON_Payload
REQ-0349,notify.bugsnag.com,/,method,java.util.concurrent.ScheduledThreadPoolExecutor$DelayedWorkQueue.take,JSON_Payload
REQ-0349,notify.bugsnag.com,/,file,ScheduledThreadPoolExecutor.java,JSON_Payload
REQ-0349,notify.bugsnag.com,/,lineNumber,1182.0,JSON_Payload
REQ-0350,notify.bugsnag.com,/,method,java.util.concurrent.ScheduledThreadPoolExecutor$DelayedWorkQueue.take,JSON_Payload
REQ-0350,notify.bugsnag.com,/,file,ScheduledThreadPoolExecutor.java,JSON_Payload
REQ-0350,notify.bugsnag.com,/,lineNumber,899.0,JSON_Payload
REQ-0351,notify.bugsnag.com,/,method,java.util.concurrent.ThreadPoolExecutor.getTask,JSON_Payload
REQ-0351,notify.bugsnag.com,/,file,ThreadPoolExecutor.java,JSON_Payload
REQ-0351,notify.bugsnag.com,/,lineNumber,1026.0,JSON_Payload
REQ-0352,notify.bugsnag.com,/,method,java.util.concurrent.ThreadPoolExecutor.runWorker,JSON_Payload
REQ-0352,notify.bugsnag.com,/,file,ThreadPoolExecutor.java,JSON_Payload
REQ-0352,notify.bugsnag.com,/,lineNumber,1086.0,JSON_Payload
REQ-0353,notify.bugsnag.com,/,method,java.util.concurrent.ThreadPoolExecutor$Worker.run,JSON_Payload
REQ-0353,notify.bugsnag.com,/,file,ThreadPoolExecutor.java,JSON_Payload
REQ-0353,notify.bugsnag.com,/,lineNumber,624.0,JSON_Payload
REQ-0354,notify.bugsnag.com,/,method,java.lang.Thread.run,JSON_Payload
REQ-0354,notify.bugsnag.com,/,file,Thread.java,JSON_Payload
REQ-0354,notify.bugsnag.com,/,lineNumber,1572.0,JSON_Payload
REQ-0355,notify.bugsnag.com,/,method,jdk.internal.misc.Unsafe.park,JSON_Payload
REQ-0355,notify.bugsnag.com,/,file,Unsafe.java,JSON_Payload
REQ-0355,notify.bugsnag.com,/,lineNumber,-2.0,JSON_Payload
REQ-0356,notify.bugsnag.com,/,method,java.util.concurrent.locks.LockSupport.park,JSON_Payload
REQ-0356,notify.bugsnag.com,/,file,LockSupport.java,JSON_Payload
REQ-0356,notify.bugsnag.com,/,lineNumber,376.0,JSON_Payload
REQ-0357,notify.bugsnag.com,/,method,java.util.concurrent.locks.AbstractQueuedSynchronizer$ConditionNode.block,JSON_Payload
REQ-0357,notify.bugsnag.com,/,file,AbstractQueuedSynchronizer.java,JSON_Payload
REQ-0357,notify.bugsnag.com,/,lineNumber,520.0,JSON_Payload
REQ-0358,notify.bugsnag.com,/,method,java.util.concurrent.ForkJoinPool.unmanagedBlock,JSON_Payload
REQ-0358,notify.bugsnag.com,/,file,ForkJoinPool.java,JSON_Payload
REQ-0358,notify.bugsnag.com,/,lineNumber,3797.0,JSON_Payload
REQ-0359,notify.bugsnag.com,/,method,java.util.concurrent.ForkJoinPool.managedBlock,JSON_Payload
REQ-0359,notify.bugsnag.com,/,file,ForkJoinPool.java,JSON_Payload
REQ-0359,notify.bugsnag.com,/,lineNumber,3738.0,JSON_Payload
REQ-0360,notify.bugsnag.com,/,method,java.util.concurrent.locks.AbstractQueuedSynchronizer$ConditionObject.await,JSON_Payload
REQ-0360,notify.bugsnag.com,/,file,AbstractQueuedSynchronizer.java,JSON_Payload
REQ-0360,notify.bugsnag.com,/,lineNumber,1752.0,JSON_Payload
REQ-0361,notify.bugsnag.com,/,method,java.util.concurrent.ScheduledThreadPoolExecutor$DelayedWorkQueue.take,JSON_Payload
REQ-0361,notify.bugsnag.com,/,file,ScheduledThreadPoolExecutor.java,JSON_Payload
REQ-0361,notify.bugsnag.com,/,lineNumber,1170.0,JSON_Payload
REQ-0362,notify.bugsnag.com,/,method,java.util.concurrent.ScheduledThreadPoolExecutor$DelayedWorkQueue.take,JSON_Payload
REQ-0362,notify.bugsnag.com,/,file,ScheduledThreadPoolExecutor.java,JSON_Payload
REQ-0362,notify.bugsnag.com,/,lineNumber,899.0,JSON_Payload
REQ-0363,notify.bugsnag.com,/,method,java.util.concurrent.ThreadPoolExecutor.getTask,JSON_Payload
REQ-0363,notify.bugsnag.com,/,file,ThreadPoolExecutor.java,JSON_Payload
REQ-0363,notify.bugsnag.com,/,lineNumber,1026.0,JSON_Payload
REQ-0364,notify.bugsnag.com,/,method,java.util.concurrent.ThreadPoolExecutor.runWorker,JSON_Payload
REQ-0364,notify.bugsnag.com,/,file,ThreadPoolExecutor.java,JSON_Payload
REQ-0364,notify.bugsnag.com,/,lineNumber,1086.0,JSON_Payload
REQ-0365,notify.bugsnag.com,/,method,java.util.concurrent.ThreadPoolExecutor$Worker.run,JSON_Payload
REQ-0365,notify.bugsnag.com,/,file,ThreadPoolExecutor.java,JSON_Payload
REQ-0365,notify.bugsnag.com,/,lineNumber,624.0,JSON_Payload
REQ-0366,notify.bugsnag.com,/,method,java.lang.Thread.run,JSON_Payload
REQ-0366,notify.bugsnag.com,/,file,Thread.java,JSON_Payload
REQ-0366,notify.bugsnag.com,/,lineNumber,1572.0,JSON_Payload
REQ-0367,notify.bugsnag.com,/,method,jdk.internal.misc.Unsafe.park,JSON_Payload
REQ-0367,notify.bugsnag.com,/,file,Unsafe.java,JSON_Payload
REQ-0367,notify.bugsnag.com,/,lineNumber,-2.0,JSON_Payload
REQ-0368,notify.bugsnag.com,/,method,java.util.concurrent.locks.LockSupport.park,JSON_Payload
REQ-0368,notify.bugsnag.com,/,file,LockSupport.java,JSON_Payload
REQ-0368,notify.bugsnag.com,/,lineNumber,376.0,JSON_Payload
REQ-0369,notify.bugsnag.com,/,method,java.util.concurrent.locks.AbstractQueuedSynchronizer$ConditionNode.block,JSON_Payload
REQ-0369,notify.bugsnag.com,/,file,AbstractQueuedSynchronizer.java,JSON_Payload
REQ-0369,notify.bugsnag.com,/,lineNumber,520.0,JSON_Payload
REQ-0370,notify.bugsnag.com,/,method,java.util.concurrent.ForkJoinPool.unmanagedBlock,JSON_Payload
REQ-0370,notify.bugsnag.com,/,file,ForkJoinPool.java,JSON_Payload
REQ-0370,notify.bugsnag.com,/,lineNumber,3797.0,JSON_Payload
REQ-0371,notify.bugsnag.com,/,method,java.util.concurrent.ForkJoinPool.managedBlock,JSON_Payload
REQ-0371,notify.bugsnag.com,/,file,ForkJoinPool.java,JSON_Payload
REQ-0371,notify.bugsnag.com,/,lineNumber,3738.0,JSON_Payload
REQ-0372,notify.bugsnag.com,/,method,java.util.concurrent.locks.AbstractQueuedSynchronizer$ConditionObject.await,JSON_Payload
REQ-0372,notify.bugsnag.com,/,file,AbstractQueuedSynchronizer.java,JSON_Payload
REQ-0372,notify.bugsnag.com,/,lineNumber,1752.0,JSON_Payload
REQ-0373,notify.bugsnag.com,/,method,java.util.concurrent.LinkedBlockingQueue.take,JSON_Payload
REQ-0373,notify.bugsnag.com,/,file,LinkedBlockingQueue.java,JSON_Payload
REQ-0373,notify.bugsnag.com,/,lineNumber,435.0,JSON_Payload
REQ-0374,notify.bugsnag.com,/,method,java.util.concurrent.ThreadPoolExecutor.getTask,JSON_Payload
REQ-0374,notify.bugsnag.com,/,file,ThreadPoolExecutor.java,JSON_Payload
REQ-0374,notify.bugsnag.com,/,lineNumber,1026.0,JSON_Payload
REQ-0375,notify.bugsnag.com,/,method,java.util.concurrent.ThreadPoolExecutor.runWorker,JSON_Payload
REQ-0375,notify.bugsnag.com,/,file,ThreadPoolExecutor.java,JSON_Payload
REQ-0375,notify.bugsnag.com,/,lineNumber,1086.0,JSON_Payload
REQ-0376,notify.bugsnag.com,/,method,java.util.concurrent.ThreadPoolExecutor$Worker.run,JSON_Payload
REQ-0376,notify.bugsnag.com,/,file,ThreadPoolExecutor.java,JSON_Payload
REQ-0376,notify.bugsnag.com,/,lineNumber,624.0,JSON_Payload
REQ-0377,notify.bugsnag.com,/,method,java.lang.Thread.run,JSON_Payload
REQ-0377,notify.bugsnag.com,/,file,Thread.java,JSON_Payload
REQ-0377,notify.bugsnag.com,/,lineNumber,1572.0,JSON_Payload
REQ-0378,notify.bugsnag.com,/,method,android.os.MessageQueue.nativePollOnce,JSON_Payload
REQ-0378,notify.bugsnag.com,/,file,MessageQueue.java,JSON_Payload
REQ-0378,notify.bugsnag.com,/,lineNumber,-2.0,JSON_Payload
REQ-0379,notify.bugsnag.com,/,method,android.os.MessageQueue.nextLegacy,JSON_Payload
REQ-0379,notify.bugsnag.com,/,file,MessageQueue.java,JSON_Payload
REQ-0379,notify.bugsnag.com,/,lineNumber,913.0,JSON_Payload
REQ-0380,notify.bugsnag.com,/,method,android.os.MessageQueue.next,JSON_Payload
REQ-0380,notify.bugsnag.com,/,file,MessageQueue.java,JSON_Payload
REQ-0380,notify.bugsnag.com,/,lineNumber,1025.0,JSON_Payload
REQ-0381,notify.bugsnag.com,/,method,android.os.Looper.loopOnce,JSON_Payload
REQ-0381,notify.bugsnag.com,/,file,Looper.java,JSON_Payload
REQ-0381,notify.bugsnag.com,/,lineNumber,196.0,JSON_Payload
REQ-0382,notify.bugsnag.com,/,method,android.os.Looper.loop,JSON_Payload
REQ-0382,notify.bugsnag.com,/,file,Looper.java,JSON_Payload
REQ-0382,notify.bugsnag.com,/,lineNumber,338.0,JSON_Payload
REQ-0383,notify.bugsnag.com,/,method,android.os.HandlerThread.run,JSON_Payload
REQ-0383,notify.bugsnag.com,/,file,HandlerThread.java,JSON_Payload
REQ-0383,notify.bugsnag.com,/,lineNumber,85.0,JSON_Payload
REQ-0384,notify.bugsnag.com,/,method,jdk.internal.misc.Unsafe.park,JSON_Payload
REQ-0384,notify.bugsnag.com,/,file,Unsafe.java,JSON_Payload
REQ-0384,notify.bugsnag.com,/,lineNumber,-2.0,JSON_Payload
REQ-0385,notify.bugsnag.com,/,method,java.util.concurrent.locks.LockSupport.park,JSON_Payload
REQ-0385,notify.bugsnag.com,/,file,LockSupport.java,JSON_Payload
REQ-0385,notify.bugsnag.com,/,lineNumber,376.0,JSON_Payload
REQ-0386,notify.bugsnag.com,/,method,java.util.concurrent.locks.AbstractQueuedSynchronizer$ConditionNode.block,JSON_Payload
REQ-0386,notify.bugsnag.com,/,file,AbstractQueuedSynchronizer.java,JSON_Payload
REQ-0386,notify.bugsnag.com,/,lineNumber,520.0,JSON_Payload
REQ-0387,notify.bugsnag.com,/,method,java.util.concurrent.ForkJoinPool.unmanagedBlock,JSON_Payload
REQ-0387,notify.bugsnag.com,/,file,ForkJoinPool.java,JSON_Payload
REQ-0387,notify.bugsnag.com,/,lineNumber,3797.0,JSON_Payload
REQ-0388,notify.bugsnag.com,/,method,java.util.concurrent.ForkJoinPool.managedBlock,JSON_Payload
REQ-0388,notify.bugsnag.com,/,file,ForkJoinPool.java,JSON_Payload
REQ-0388,notify.bugsnag.com,/,lineNumber,3738.0,JSON_Payload
REQ-0389,notify.bugsnag.com,/,method,java.util.concurrent.locks.AbstractQueuedSynchronizer$ConditionObject.await,JSON_Payload
REQ-0389,notify.bugsnag.com,/,file,AbstractQueuedSynchronizer.java,JSON_Payload
REQ-0389,notify.bugsnag.com,/,lineNumber,1752.0,JSON_Payload
REQ-0390,notify.bugsnag.com,/,method,java.util.concurrent.LinkedBlockingQueue.take,JSON_Payload
REQ-0390,notify.bugsnag.com,/,file,LinkedBlockingQueue.java,JSON_Payload
REQ-0390,notify.bugsnag.com,/,lineNumber,435.0,JSON_Payload
REQ-0391,notify.bugsnag.com,/,method,java.util.concurrent.ThreadPoolExecutor.getTask,JSON_Payload
REQ-0391,notify.bugsnag.com,/,file,ThreadPoolExecutor.java,JSON_Payload
REQ-0391,notify.bugsnag.com,/,lineNumber,1026.0,JSON_Payload
REQ-0392,notify.bugsnag.com,/,method,java.util.concurrent.ThreadPoolExecutor.runWorker,JSON_Payload
REQ-0392,notify.bugsnag.com,/,file,ThreadPoolExecutor.java,JSON_Payload
REQ-0392,notify.bugsnag.com,/,lineNumber,1086.0,JSON_Payload
REQ-0393,notify.bugsnag.com,/,method,java.util.concurrent.ThreadPoolExecutor$Worker.run,JSON_Payload
REQ-0393,notify.bugsnag.com,/,file,ThreadPoolExecutor.java,JSON_Payload
REQ-0393,notify.bugsnag.com,/,lineNumber,624.0,JSON_Payload
REQ-0394,notify.bugsnag.com,/,method,java.lang.Thread.run,JSON_Payload
REQ-0394,notify.bugsnag.com,/,file,Thread.java,JSON_Payload
REQ-0394,notify.bugsnag.com,/,lineNumber,1572.0,JSON_Payload
REQ-0395,notify.bugsnag.com,/,method,jdk.internal.misc.Unsafe.park,JSON_Payload
REQ-0395,notify.bugsnag.com,/,file,Unsafe.java,JSON_Payload
REQ-0395,notify.bugsnag.com,/,lineNumber,-2.0,JSON_Payload
REQ-0396,notify.bugsnag.com,/,method,java.util.concurrent.locks.LockSupport.park,JSON_Payload
REQ-0396,notify.bugsnag.com,/,file,LockSupport.java,JSON_Payload
REQ-0396,notify.bugsnag.com,/,lineNumber,376.0,JSON_Payload
REQ-0397,notify.bugsnag.com,/,method,java.util.concurrent.locks.AbstractQueuedSynchronizer$ConditionNode.block,JSON_Payload
REQ-0397,notify.bugsnag.com,/,file,AbstractQueuedSynchronizer.java,JSON_Payload
REQ-0397,notify.bugsnag.com,/,lineNumber,520.0,JSON_Payload
REQ-0398,notify.bugsnag.com,/,method,java.util.concurrent.ForkJoinPool.unmanagedBlock,JSON_Payload
REQ-0398,notify.bugsnag.com,/,file,ForkJoinPool.java,JSON_Payload
REQ-0398,notify.bugsnag.com,/,lineNumber,3797.0,JSON_Payload
REQ-0399,notify.bugsnag.com,/,method,java.util.concurrent.ForkJoinPool.managedBlock,JSON_Payload
REQ-0399,notify.bugsnag.com,/,file,ForkJoinPool.java,JSON_Payload
REQ-0399,notify.bugsnag.com,/,lineNumber,3738.0,JSON_Payload
REQ-0400,notify.bugsnag.com,/,method,java.util.concurrent.locks.AbstractQueuedSynchronizer$ConditionObject.await,JSON_Payload
REQ-0400,notify.bugsnag.com,/,file,AbstractQueuedSynchronizer.java,JSON_Payload
REQ-0400,notify.bugsnag.com,/,lineNumber,1752.0,JSON_Payload
REQ-0401,notify.bugsnag.com,/,method,java.util.concurrent.LinkedBlockingQueue.take,JSON_Payload
REQ-0401,notify.bugsnag.com,/,file,LinkedB lockingQueue.java,JSON_Payload
REQ-0401,notify.bugsnag.com,/,lineNumber,435.0,JSON_Payload
REQ-0402,notify.bugsnag.com,/,method,java.util.concurrent.ThreadPoolExecutor.getTask,JSON_Payload
REQ-0402,notify.bugsnag.com,/,file,ThreadPoolExecutor.java,JSON_Payload
REQ-0402,notify.bugsnag.com,/,lineNumber,1026.0,JSON_Payload
REQ-0403,notify.bugsnag.com,/,method,java.util.concurrent.ThreadPoolExecutor.runWorker,JSON_Payload
REQ-0403,notify.bugsnag.com,/,file,ThreadPoolExecutor.java,JSON_Payload
REQ-0403,notify.bugsnag.com,/,lineNumber,1086.0,JSON_Payload
REQ-0404,notify.bugsnag.com,/,method,java.util.concurrent.ThreadPoolExecutor$Worker.run,JSON_Payload
REQ-0404,notify.bugsnag.com,/,file,ThreadPoolExecutor.java,JSON_Payload
REQ-0404,notify.bugsnag.com,/,lineNumber,624.0,JSON_Payload
REQ-0405,notify.bugsnag.com,/,method,java.lang.Thread.run,JSON_Payload
REQ-0405,notify.bugsnag.com,/,file,Thread.java,JSON_Payload
REQ-0405,notify.bugsnag.com,/,lineNumber,1572.0,JSON_Payload
REQ-0406,notify.bugsnag.com,/,method,android.os.MessageQueue.nativePollOnce,JSON_Payload
REQ-0406,notify.bugsnag.com,/,file,MessageQueue.java,JSON_Payload
REQ-0406,notify.bugsnag.com,/,lineNumber,-2.0,JSON_Payload
REQ-0407,notify.bugsnag.com,/,method,android.os.MessageQueue.nextLegacy,JSON_Payload
REQ-0407,notify.bugsnag.com,/,file,MessageQueue.java,JSON_Payload
REQ-0407,notify.bugsnag.com,/,lineNumber,913.0,JSON_Payload
REQ-0408,notify.bugsnag.com,/,method,android.os.MessageQueue.next,JSON_Payload
REQ-0408,notify.bugsnag.com,/,file,MessageQueue.java,JSON_Payload
REQ-0408,notify.bugsnag.com,/,lineNumber,1025.0,JSON_Payload
REQ-0409,notify.bugsnag.com,/,method,android.os.Looper.loopOnce,JSON_Payload
REQ-0409,notify.bugsnag.com,/,file,Looper.java,JSON_Payload
REQ-0409,notify.bugsnag.com,/,lineNumber,196.0,JSON_Payload
REQ-0410,notify.bugsnag.com,/,method,android.os.Looper.loop,JSON_Payload
REQ-0410,notify.bugsnag.com,/,file,Looper.java,JSON_Payload
REQ-0410,notify.bugsnag.com,/,lineNumber,338.0,JSON_Payload
REQ-0411,notify.bugsnag.com,/,method,android.os.HandlerThread.run,JSON_Payload
REQ-0411,notify.bugsnag.com,/,file,HandlerThread.java,JSON_Payload
REQ-0411,notify.bugsnag.com,/,lineNumber,85.0,JSON_Payload
REQ-0412,notify.bugsnag.com,/,method,jdk.internal.misc.Unsafe.park,JSON_Payload
REQ-0412,notify.bugsnag.com,/,file,Unsafe.java,JSON_Payload
REQ-0412,notify.bugsnag.com,/,lineNumber,-2.0,JSON_Payload
REQ-0413,notify.bugsnag.com,/,method,java.util.concurrent.locks.LockSupport.park,JSON_Payload
REQ-0413,notify.bugsnag.com,/,file,LockSupport.java,JSON_Payload
REQ-0413,notify.bugsnag.com,/,lineNumber,376.0,JSON_Payload
REQ-0414,notify.bugsnag.com,/,method,java.util.concurrent.locks.AbstractQueuedSynchronizer$ConditionNode.block,JSON_Payload
REQ-0414,notify.bugsnag.com,/,file,AbstractQueuedSynchronizer.java,JSON_Payload
REQ-0414,notify.bugsnag.com,/,lineNumber,520.0,JSON_Payload
REQ-0415,notify.bugsnag.com,/,method,java.util.concurrent.ForkJoinPool.unmanagedBlock,JSON_Payload
REQ-0415,notify.bugsnag.com,/,file,ForkJoinPool.java,JSON_Payload
REQ-0415,notify.bugsnag.com,/,lineNumber,3797.0,JSON_Payload
REQ-0416,notify.bugsnag.com,/,method,java.util.concurrent.ForkJoinPool.managedBlock,JSON_Payload
REQ-0416,notify.bugsnag.com,/,file,ForkJoinPool.java,JSON_Payload
REQ-0416,notify.bugsnag.com,/,lineNumber,3738.0,JSON_Payload
REQ-0417,notify.bugsnag.com,/,method,java.util.concurrent.locks.AbstractQueuedSynchronizer$ConditionObject.await,JSON_Payload
REQ-0417,notify.bugsnag.com,/,file,AbstractQueuedSynchronizer.java,JSON_Payload
REQ-0417,notify.bugsnag.com,/,lineNumber,1752.0,JSON_Payload
REQ-0418,notify.bugsnag.com,/,method,java.util.concurrent.LinkedBlockingQueue.take,JSON_Payload
REQ-0418,notify.bugsnag.com,/,file,LinkedBlockingQueue.java,JSON_Payload
REQ-0418,notify.bugsnag.com,/,lineNumber,435.0,JSON_Payload
REQ-0419,notify.bugsnag.com,/,method,java.util.concurrent.ThreadPoolExecutor.getTask,JSON_Payload
REQ-0419,notify.bugsnag.com,/,file,ThreadPoolExecutor.java,JSON_Payload
REQ-0419,notify.bugsnag.com,/,lineNumber,1026.0,JSON_Payload
REQ-0420,notify.bugsnag.com,/,method,java.util.concurrent.ThreadPoolExecutor.runWorker,JSON_Payload
REQ-0420,notify.bugsnag.com,/,file,ThreadPoolExecutor.java,JSON_Payload
REQ-0420,notify.bugsnag.com,/,lineNumber,1086.0,JSON_Payload
REQ-0421,notify.bugsnag.com,/,method,java.util.concurrent.ThreadPoolExecutor$Worker.run,JSON_Payload
REQ-0421,notify.bugsnag.com,/,file,ThreadPoolExecutor.java,JSON_Payload
REQ-0421,notify.bugsnag.com,/,lineNumber,624.0,JSON_Payload
REQ-0422,notify.bugsnag.com,/,method,java.lang.Thread.run,JSON_Payload
REQ-0422,notify.bugsnag.com,/,file,Thread.java,JSON_Payload
REQ-0422,notify.bugsnag.com,/,lineNumber,1572.0,JSON_Payload
REQ-0423,notify.bugsnag.com,/,method,android.os.MessageQueue.nativePollOnce,JSON_Payload
REQ-0423,notify.bugsnag.com,/,file,MessageQueue.java,JSON_Payload
REQ-0423,notify.bugsnag.com,/,lineNumber,-2.0,JSON_Payload
REQ-0424,notify.bugsnag.com,/,method,android.os.MessageQueue.nextLegacy,JSON_Payload
REQ-0424,notify.bugsnag.com,/,file,MessageQueue.java,JSON_Payload
REQ-0424,notify.bugsnag.com,/,lineNumber,913.0,JSON_Payload
REQ-0425,notify.bugsnag.com,/,method,android.os.MessageQueue.next,JSON_Payload
REQ-0425,notify.bugsnag.com,/,file,MessageQueue.java,JSON_Payload
REQ-0425,notify.bugsnag.com,/,lineNumber,1025.0,JSON_Payload
REQ-0426,notify.bugsnag.com,/,method,android.os.Looper.loopOnce,JSON_Payload
REQ-0426,notify.bugsnag.com,/,file,Looper.java,JSON_Payload
REQ-0426,notify.bugsnag.com,/,lineNumber,196.0,JSON_Payload
REQ-0427,notify.bugsnag.com,/,method,android.os.Looper.loop,JSON_Payload
REQ-0427,notify.bugsnag.com,/,file,Looper.java,JSON_Payload
REQ-0427,notify.bugsnag.com,/,lineNumber,338.0,JSON_Payload
REQ-0428,notify.bugsnag.com,/,method,android.os.HandlerThread.run,JSON_Payload
REQ-0428,notify.bugsnag.com,/,file,HandlerThread.java,JSON_Payload
REQ-0428,notify.bugsnag.com,/,lineNumber,85.0,JSON_Payload
REQ-0429,notify.bugsnag.com,/,method,jdk.internal.misc.Unsafe.park,JSON_Payload
REQ-0429,notify.bugsnag.com,/,file,Unsafe.java,JSON_Payload
REQ-0429,notify.bugsnag.com,/,lineNumber,-2.0,JSON_Payload
REQ-0430,notify.bugsnag.com,/,method,java.util.concurrent.locks.LockSupport.parkNanos,JSON_Payload
REQ-0430,notify.bugsnag.com,/,file,LockSupport.java,JSON_Payload
REQ-0430,notify.bugsnag.com,/,lineNumber,276.0,JSON_Payload
REQ-0431,notify.bugsnag.com,/,method,java.util.concurrent.locks.AbstractQueuedSynchronizer$ConditionObject.awaitNanos,JSON_Payload
REQ-0431,notify.bugsnag.com,/,file,AbstractQueuedSynchronizer.java,JSON_Payload
REQ-0431,notify.bugsnag.com,/,lineNumber,1803.0,JSON_Payload
REQ-0432,notify.bugsnag.com,/,method,java.util.concurrent.LinkedBlockingQueue.poll,JSON_Payload
REQ-0432,notify.bugsnag.com,/,file,LinkedBlockingQueue.java,JSON_Payload
REQ-0432,notify.bugsnag.com,/,lineNumber,460.0,JSON_Payload
REQ-0433,notify.bugsnag.com,/,method,java.util.concurrent.ThreadPoolExecutor.getTask,JSON_Payload
REQ-0433,notify.bugsnag.com,/,file,ThreadPoolExecutor.java,JSON_Payload
REQ-0433,notify.bugsnag.com,/,lineNumber,1025.0,JSON_Payload
REQ-0434,notify.bugsnag.com,/,method,java.util.concurrent.ThreadPoolExecutor.runWorker,JSON_Payload
REQ-0434,notify.bugsnag.com,/,file,ThreadPoolExecutor.java,JSON_Payload
REQ-0434,notify.bugsnag.com,/,lineNumber,1086.0,JSON_Payload
REQ-0435,notify.bugsnag.com,/,method,java.util.concurrent.ThreadPoolExecutor$Worker.run,JSON_Payload
REQ-0435,notify.bugsnag.com,/,file,ThreadPoolExecutor.java,JSON_Payload
REQ-0435,notify.bugsnag.com,/,lineNumber,624.0,JSON_Payload
REQ-0436,notify.bugsnag.com,/,method,java.lang.Thread.run,JSON_Payload
REQ-0436,notify.bugsnag.com,/,file,Thread.java,JSON_Payload
REQ-0436,notify.bugsnag.com,/,lineNumber,1572.0,JSON_Payload
REQ-0437,notify.bugsnag.com,/,method,java.lang.Object.wait,JSON_Payload
REQ-0437,notify.bugsnag.com,/,file,Object.java,JSON_Payload
REQ-0437,notify.bugsnag.com,/,lineNumber,-2.0,JSON_Payload
REQ-0438,notify.bugsnag.com,/,method,java.lang.Object.wait,JSON_Payload
REQ-0438,notify.bugsnag.com,/,file,Object.java,JSON_Payload
REQ-0438,notify.bugsnag.com,/,lineNumber,405.0,JSON_Payload
REQ-0439,notify.bugsnag.com,/,method,java.lang.ref.ReferenceQueue.remove,JSON_Payload
REQ-0439,notify.bugsnag.com,/,file,ReferenceQueue.java,JSON_Payload
REQ-0439,notify.bugsnag.com,/,lineNumber,207.0,JSON_Payload
REQ-0440,notify.bugsnag.com,/,method,java.lang.ref.ReferenceQueue.remove,JSON_Payload
REQ-0440,notify.bugsnag.com,/,file,ReferenceQueue.java,JSON_Payload
REQ-0440,notify.bugsnag.com,/,lineNumber,228.0,JSON_Payload
REQ-0441,notify.bugsnag.com,/,method,com.facebook.jni.DestructorThread$1.run,JSON_Payload
REQ-0441,notify.bugsnag.com,/,file,DestructorThread.java,JSON_Payload
REQ-0441,notify.bugsnag.com,/,lineNumber,77.0,JSON_Payload
REQ-0442,notify.bugsnag.com,/,method,jdk.internal.misc.Unsafe.park,JSON_Payload
REQ-0442,notify.bugsnag.com,/,file,Unsafe.java,JSON_Payload
REQ-0442,notify.bugsnag.com,/,lineNumber,-2.0,JSON_Payload
REQ-0443,notify.bugsnag.com,/,method,java.util.concurrent.locks.LockSupport.parkNanos,JSON_Payload
REQ-0443,notify.bugsnag.com,/,file,LockSupport.java,JSON_Payload
REQ-0443,notify.bugsnag.com,/,lineNumber,417.0,JSON_Payload
REQ-0444,notify.bugsnag.com,/,method,java.util.concurrent.LinkedTransferQueue$DualNode.await,JSON_Payload
REQ-0444,notify.bugsnag.com,/,file,LinkedTransferQueue.java,JSON_Payload
REQ-0444,notify.bugsnag.com,/,lineNumber,452.0,JSON_Payload
REQ-0445,notify.bugsnag.com,/,method,java.util.concurrent.SynchronousQueue$Transferer.xferLifo,JSON_Payload
REQ-0445,notify.bugsnag.com,/,file,SynchronousQueue.java,JSON_Payload
REQ-0445,notify.bugsnag.com,/,lineNumber,194.0,JSON_Payload
REQ-0446,notify.bugsnag.com,/,method,java.util.concurrent.SynchronousQueue.xfer,JSON_Payload
REQ-0446,notify.bugsnag.com,/,file,SynchronousQueue.java,JSON_Payload
REQ-0446,notify.bugsnag.com,/,lineNumber,235.0,JSON_Payload
REQ-0447,notify.bugsnag.com,/,method,java.util.concurrent.SynchronousQueue.poll,JSON_Payload
REQ-0447,notify.bugsnag.com,/,file,SynchronousQueue.java,JSON_Payload
REQ-0447,notify.bugsnag.com,/,lineNumber,338.0,JSON_Payload
REQ-0448,notify.bugsnag.com,/,method,java.util.concurrent.ThreadPoolExecutor.getTask,JSON_Payload
REQ-0448,notify.bugsnag.com,/,file,ThreadPoolExecutor.java,JSON_Payload
REQ-0448,notify.bugsnag.com,/,lineNumber,1025.0,JSON_Payload
REQ-0449,notify.bugsnag.com,/,method,java.util.concurrent.ThreadPoolExecutor.runWorker,JSON_Payload
REQ-0449,notify.bugsnag.com,/,file,ThreadPoolExecutor.java,JSON_Payload
REQ-0449,notify.bugsnag.com,/,lineNumber,1086.0,JSON_Payload
REQ-0450,notify.bugsnag.com,/,method,java.util.concurrent.ThreadPoolExecutor$Worker.run,JSON_Payload
REQ-0450,notify.bugsnag.com,/,file,ThreadPoolExecutor.java,JSON_Payload
REQ-0450,notify.bugsnag.com,/,lineNumber,624.0,JSON_Payload
REQ-0451,notify.bugsnag.com,/,method,java.lang.Thread.run,JSON_Payload
REQ-0451,notify.bugsnag.com,/,file,Thread.java,JSON_Payload
REQ-0451,notify.bugsnag.com,/,lineNumber,1572.0,JSON_Payload
REQ-0452,notify.bugsnag.com,/,method,jdk.internal.misc.Unsafe.park,JSON_Payload
REQ-0452,notify.bugsnag.com,/,file,Unsafe.java,JSON_Payload
REQ-0452,notify.bugsnag.com,/,lineNumber,-2.0,JSON_Payload
REQ-0453,notify.bugsnag.com,/,method,java.util.concurrent.locks.LockSupport.parkNanos,JSON_Payload
REQ-0453,notify.bugsnag.com,/,file,LockSupport.java,JSON_Payload
REQ-0453,notify.bugsnag.com,/,lineNumber,417.0,JSON_Payload
REQ-0454,notify.bugsnag.com,/,method,java.util.concurrent.LinkedTransferQueue$DualNode.await,JSON_Payload
REQ-0454,notify.bugsnag.com,/,file,LinkedTransferQueue.java,JSON_Payload
REQ-0454,notify.bugsnag.com,/,lineNumber,452.0,JSON_Payload
REQ-0455,notify.bugsnag.com,/,method,java.util.concurrent.SynchronousQueue$Transferer.xferLifo,JSON_Payload
REQ-0455,notify.bugsnag.com,/,file,SynchronousQueue.java,JSON_Payload
REQ-0455,notify.bugsnag.com,/,lineNumber,194.0,JSON_Payload
REQ-0456,notify.bugsnag.com,/,method,java.util.concurrent.SynchronousQueue.xfer,JSON_Payload
REQ-0456,notify.bugsnag.com,/,file,SynchronousQueue.java,JSON_Payload
REQ-0456,notify.bugsnag.com,/,lineNumber,235.0,JSON_Payload
REQ-0457,notify.bugsnag.com,/,method,java.util.concurrent.SynchronousQueue.poll,JSON_Payload
REQ-0457,notify.bugsnag.com,/,file,SynchronousQueue.java,JSON_Payload
REQ-0457,notify.bugsnag.com,/,lineNumber,338.0,JSON_Payload
REQ-0458,notify.bugsnag.com,/,method,java.util.concurrent.ThreadPoolExecutor.getTask,JSON_Payload
REQ-0458,notify.bugsnag.com,/,file,ThreadPoolExecutor.java,JSON_Payload
REQ-0458,notify.bugsnag.com,/,lineNumber,1025.0,JSON_Payload
REQ-0459,notify.bugsnag.com,/,method,java.util.concurrent.ThreadPoolExecutor.runWorker,JSON_Payload
REQ-0459,notify.bugsnag.com,/,file,ThreadPoolExecutor.java,JSON_Payload
REQ-0459,notify.bugsnag.com,/,lineNumber,1086.0,JSON_Payload
REQ-0460,notify.bugsnag.com,/,method,java.util.concurrent.ThreadPoolExecutor$Worker.run,JSON_Payload
REQ-0460,notify.bugsnag.com,/,file,ThreadPoolExecutor.java,JSON_Payload
REQ-0460,notify.bugsnag.com,/,lineNumber,624.0,JSON_Payload
REQ-0461,notify.bugsnag.com,/,method,java.lang.Thread.run,JSON_Payload
REQ-0461,notify.bugsnag.com,/,file,Thread.java,JSON_Payload
REQ-0461,notify.bugsnag.com,/,lineNumber,1572.0,JSON_Payload
REQ-0462,notify.bugsnag.com,/,method,android.os.MessageQueue.nativePollOnce,JSON_Payload
REQ-0462,notify.bugsnag.com,/,file,MessageQueue.java,JSON_Payload
REQ-0462,notify.bugsnag.com,/,lineNumber,-2.0,JSON_Payload
REQ-0463,notify.bugsnag.com,/,method,android.os.MessageQueue.nextLegacy,JSON_Payload
REQ-0463,notify.bugsnag.com,/,file,MessageQueue.java,JSON_Payload
REQ-0463,notify.bugsnag.com,/,lineNumber,913.0,JSON_Payload
REQ-0464,notify.bugsnag.com,/,method,android.os.MessageQueue.next,JSON_Payload
REQ-0464,notify.bugsnag.com,/,file,MessageQueue.java,JSON_Payload
REQ-0464,notify.bugsnag.com,/,lineNumber,1025.0,JSON_Payload
REQ-0465,notify.bugsnag.com,/,method,android.os.Looper.loopOnce,JSON_Payload
REQ-0465,notify.bugsnag.com,/,file,Looper.java,JSON_Payload
REQ-0465,notify.bugsnag.com,/,lineNumber,196.0,JSON_Payload
REQ-0466,notify.bugsnag.com,/,method,android.os.Looper.loop,JSON_Payload
REQ-0466,notify.bugsnag.com,/,file,Looper.java,JSON_Payload
REQ-0466,notify.bugsnag.com,/,lineNumber,338.0,JSON_Payload
REQ-0467,notify.bugsnag.com,/,method,android.os.HandlerThread.run,JSON_Payload
REQ-0467,notify.bugsnag.com,/,file,HandlerThread.java,JSON_Payload
REQ-0467,notify.bugsnag.com,/,lineNumber,85.0,JSON_Payload
REQ-0468,notify.bugsnag.com,/,method,android.os.MessageQueue.nativePollOnce,JSON_Payload
REQ-0468,notify.bugsnag.com,/,file,MessageQueue.java,JSON_Payload
REQ-0468,notify.bugsnag.com,/,lineNumber,-2.0,JSON_Payload
REQ-0469,notify.bugsnag.com,/,method,android.os.MessageQueue.nextLegacy,JSON_Payload
REQ-0469,notify.bugsnag.com,/,file,MessageQueue.java,JSON_Payload
REQ-0469,notify.bugsnag.com,/,lineNumber,913.0,JSON_Payload
REQ-0470,notify.bugsnag.com,/,method,android.os.MessageQueue.next,JSON_Payload
REQ-0470,notify.bugsnag.com,/,file ,MessageQueue.java,JSON_Payload
REQ-0470,notify.bugsnag.com,/,lineNumber,1025.0,JSON_Payload
REQ-0471,notify.bugsnag.com,/,method,android.os.Looper.loopOnce,JSON_Payload
REQ-0471,notify.bugsnag.com,/,file,Looper.java,JSON_Payload
REQ-0471,notify.bugsnag.com,/,lineNumber,196.0,JSON_Payload
REQ-0472,notify.bugsnag.com,/,method,android.os.Looper.loop,JSON_Payload
REQ-0472,notify.bugsnag.com,/,file,Looper.java,JSON_Payload
REQ-0472,notify.bugsnag.com,/,lineNumber,338.0,JSON_Payload
REQ-0473,notify.bugsnag.com,/,method,android.os.HandlerThread.run,JSON_Payload
REQ-0473,notify.bugsnag.com,/,file,HandlerThread.java,JSON_Payload
REQ-0473,notify.bugsnag.com,/,lineNumber,85.0,JSON_Payload
REQ-0474,notify.bugsnag.com,/,method,com.facebook.jni.NativeRunnable.run,JSON_Payload
REQ-0474,notify.bugsnag.com,/,file,NativeRunnable.java,JSON_Payload
REQ-0474,notify.bugsnag.com,/,lineNumber,-2.0,JSON_Payload
REQ-0475,notify.bugsnag.com,/,method,android.os.Handler.handleCallback,JSON_Payload
REQ-0475,notify.bugsnag.com,/,file,Handler.java,JSON_Payload
REQ-0475,notify.bugsnag.com,/,lineNumber,995.0,JSON_Payload
REQ-0476,notify.bugsnag.com,/,method,android.os.Handler.dispatchMessage,JSON_Payload
REQ-0476,notify.bugsnag.com,/,file,Handler.java,JSON_Payload
REQ-0476,notify.bugsnag.com,/,lineNumber,103.0,JSON_Payload
REQ-0477,notify.bugsnag.com,/,method,com.facebook.react.bridge.queue.MessageQueueThreadHandler.dispatchMessage,JSON_Payload
REQ-0477,notify.bugsnag.com,/,file,MessageQueueThreadHandler.java,JSON_Payload
REQ-0477,notify.bugsnag.com,/,lineNumber,27.0,JSON_Payload
REQ-0478,notify.bugsnag.com,/,method,android.os.Looper.loopOnce,JSON_Payload
REQ-0478,notify.bugsnag.com,/,file,Looper.java,JSON_Payload
REQ-0478,notify.bugsnag.com,/,lineNumber,248.0,JSON_Payload
REQ-0479,notify.bugsnag.com,/,method,android.os.Looper.loop,JSON_Payload
REQ-0479,notify.bugsnag.com,/,file,Looper.java,JSON_Payload
REQ-0479,notify.bugsnag.com,/,lineNumber,338.0,JSON_Payload
REQ-0480,notify.bugsnag.com,/,method,com.facebook.react.bridge.queue.MessageQueueThreadImpl.$r8$lambda$A-xptrrouKKkxROXrYr0wU31v4c,JSON_Payload
REQ-0480,notify.bugsnag.com,/,file,MessageQueueThreadImpl.java,JSON_Payload
REQ-0480,notify.bugsnag.com,/,lineNumber,217.0,JSON_Payload
REQ-0481,notify.bugsnag.com,/,method,com.facebook.react.bridge.queue.MessageQueueThreadImpl$$ExternalSyntheticLambda1.run,JSON_Payload
REQ-0481,notify.bugsnag.com,/,file,R8$$SyntheticClass,JSON_Payload
REQ-0481,notify.bugsnag.com,/,lineNumber,0.0,JSON_Payload
REQ-0482,notify.bugsnag.com,/,method,java.lang.Thread.run,JSON_Payload
REQ-0482,notify.bugsnag.com,/,file,Thread.java,JSON_Payload
REQ-0482,notify.bugsnag.com,/,lineNumber,1572.0,JSON_Payload
REQ-0483,notify.bugsnag.com,/,method,dalvik.system.VMStack.getThreadStackTrace,JSON_Payload
REQ-0483,notify.bugsnag.com,/,file,VMStack.java,JSON_Payload
REQ-0483,notify.bugsnag.com,/,lineNumber,-2.0,JSON_Payload
REQ-0484,notify.bugsnag.com,/,method,java.lang.Thread.getStackTrace,JSON_Payload
REQ-0484,notify.bugsnag.com,/,file,Thread.java,JSON_Payload
REQ-0484,notify.bugsnag.com,/,lineNumber,2852.0,JSON_Payload
REQ-0485,notify.bugsnag.com,/,method,com.bugsnag.android.ThreadState.captureThreadTrace$toBugsnagThread,JSON_Payload
REQ-0485,notify.bugsnag.com,/,file,ThreadState.kt,JSON_Payload
REQ-0485,notify.bugsnag.com,/,lineNumber,97.0,JSON_Payload
REQ-0486,notify.bugsnag.com,/,method,com.bugsnag.android.ThreadState.captureThreadTrace,JSON_Payload
REQ-0486,notify.bugsnag.com,/,file,ThreadState.kt,JSON_Payload
REQ-0486,notify.bugsnag.com,/,lineNumber,139.0,JSON_Payload
REQ-0487,notify.bugsnag.com,/,method,com.bugsnag.android.ThreadState.<init>,JSON_Payload
REQ-0487,notify.bugsnag.com,/,file,ThreadState.kt,JSON_Payload
REQ-0487,notify.bugsnag.com,/,lineNumber,46.0,JSON_Payload
REQ-0488,notify.bugsnag.com,/,method,com.bugsnag.android.ThreadState.<init>,JSON_Payload
REQ-0488,notify.bugsnag.com,/,file,ThreadState.kt,JSON_Payload
REQ-0488,notify.bugsnag.com,/,lineNumber,13.0,JSON_Payload
REQ-0489,notify.bugsnag.com,/,method,com.bugsnag.android.ThreadState.<init>,JSON_Payload
REQ-0489,notify.bugsnag.com,/,file,ThreadState.kt,JSON_Payload
REQ-0489,notify.bugsnag.com,/,lineNumber,29.0,JSON_Payload
REQ-0490,notify.bugsnag.com,/,method,com.bugsnag.android.InternalHooks.getThreads,JSON_Payload
REQ-0490,notify.bugsnag.com,/,file,InternalHooks.java,JSON_Payload
REQ-0490,notify.bugsnag.com,/,lineNumber,35.0,JSON_Payload
REQ-0491,notify.bugsnag.com,/,method,com.bugsnag.android.BugsnagReactNativePlugin.getPayloadInfo,JSON_Payload
REQ-0491,notify.bugsnag.com,/,file,BugsnagReactNativePlugin.kt,JSON_Payload
REQ-0491,notify.bugsnag.com,/,lineNumber,178.0,JSON_Payload
REQ-0492,notify.bugsnag.com,/,method,com.bugsnag.android.BugsnagReactNativeImpl.getPayloadInfo,JSON_Payload
REQ-0492,notify.bugsnag.com,/,file,BugsnagReactNativeImpl.java,JSON_Payload
REQ-0492,notify.bugsnag.com,/,lineNumber,205.0,JSON_Payload
REQ-0493,notify.bugsnag.com,/,method,com.bugsnag.android.BugsnagReactNativeImpl.getPayloadInfoAsync,JSON_Payload
REQ-0493,notify.bugsnag.com,/,file,BugsnagReactNativeImpl.java,JSON_Payload
REQ-0493,notify.bugsnag.com,/,lineNumber,214.0,JSON_Payload
REQ-0494,notify.bugsnag.com,/,method,com.bugsnag.android.BugsnagReactNative.getPayloadInfoAsync,JSON_Payload
REQ-0494,notify.bugsnag.com,/,file,BugsnagReactNative.java,JSON_Payload
REQ-0494,notify.bugsnag.com,/,lineNumber,112.0,JSON_Payload
REQ-0495,notify.bugsnag.com,/,method,java.lang.reflect.Method.invoke,JSON_Payload
REQ-0495,notify.bugsnag.com,/,file,Method.java,JSON_Payload
REQ-0495,notify.bugsnag.com,/,lineNumber,-2.0,JSON_Payload
REQ-0496,notify.bugsnag.com,/,method,com.facebook.react.bridge.JavaMethodWrapper.invoke,JSON_Payload
REQ-0496,notify.bugsnag.com,/,file,JavaMethodWrapper.java,JSON_Payload
REQ-0496,notify.bugsnag.com,/,lineNumber,372.0,JSON_Payload
REQ-0497,notify.bugsnag.com,/,method,com.facebook.react.bridge.JavaModuleWrapper.invoke,JSON_Payload
REQ-0497,notify.bugsnag.com,/,file,JavaModuleWrapper.java,JSON_Payload
REQ-0497,notify.bugsnag.com,/,lineNumber,146.0,JSON_Payload
REQ-0498,notify.bugsnag.com,/,method,com.facebook.jni.NativeRunnable.run,JSON_Payload
REQ-0498,notify.bugsnag.com,/,file,NativeRunnable.java,JSON_Payload
REQ-0498,notify.bugsnag.com,/,lineNumber,-2.0,JSON_Payload
REQ-0499,notify.bugsnag.com,/,method,android.os.Handler.handleCallback,JSON_Payload
REQ-0499,notify.bugsnag.com,/,file,Handler.java,JSON_Payload
REQ-0499,notify.bugsnag.com,/,lineNumber,995.0,JSON_Payload
REQ-0500,notify.bugsnag.com,/,method,android.os.Handler.dispatchMessage,JSON_Payload
REQ-0500,notify.bugsnag.com,/,file,Handler.java,JSON_Payload
REQ-0500,notify.bugsnag.com,/,lineNumber,103.0,JSON_Payload
REQ-0501,notify.bugsnag.com,/,method,com.facebook.react.bridge.queue.MessageQueueThreadHandler.dispatchMessage,JSON_Payload
REQ-0501,notify.bugsnag.com,/,file,MessageQueueThreadHandler.java,JSON_Payload
REQ-0501,notify.bugsnag.com,/,lineNumber,27.0,JSON_Payload
REQ-0502,notify.bugsnag.com,/,method,android.os.Looper.loopOnce,JSON_Payload
REQ-0502,notify.bugsnag.com,/,file,Looper.java,JSON_Payload
REQ-0502,notify.bugsnag.com,/,lineNumber,248.0,JSON_Payload
REQ-0503,notify.bugsnag.com,/,method,android.os.Looper.loop,JSON_Payload
REQ-0503,notify.bugsnag.com,/,file,Looper.java,JSON_Payload
REQ-0503,notify.bugsnag.com,/,lineNumber,338.0,JSON_Payload
REQ-0504,notify.bugsnag.com,/,method,com.facebook.react.bridge.queue.MessageQueueThreadImpl.$r8$lambda$A-xptrrouKKkxROXrYr0wU31v4c,JSON_Payload
REQ-0504,notify.bugsnag.com,/,file,MessageQueueThreadImpl.java,JSON_Payload
REQ-0504,notify.bugsnag.com,/,lineNumber,217.0,JSON_Payload
REQ-0505,notify.bugsnag.com,/,method,com.facebook.react.bridge.queue.MessageQueueThreadImpl$$ExternalSyntheticLambda1.run,JSON_Payload
REQ-0505,notify.bugsnag.com,/,file,R8$$SyntheticClass,JSON_Payload
REQ-0505,notify.bugsnag.com,/,lineNumber,0.0,JSON_Payload
REQ-0506,notify.bugsnag.com,/,method,java.lang.Thread.run,JSON_Payload
REQ-0506,notify.bugsnag.com,/,file,Thread.java,JSON_Payload
REQ-0506,notify.bugsnag.com,/,lineNumber,1572.0,JSON_Payload
REQ-0507,notify.bugsnag.com,/,method,android.os.MessageQueue.nativePollOnce,JSON_Payload
REQ-0507,notify.bugsnag.com,/,file,MessageQueue.java,JSON_Payload
REQ-0507,notify.bugsnag.com,/,lineNumber,-2.0,JSON_Payload
REQ-0508,notify.bugsnag.com,/,method,android.os.MessageQueue.nextLegacy,JSON_Payload
REQ-0508,notify.bugsnag.com,/,file,MessageQueue.java,JSON_Payload
REQ-0508,notify.bugsnag.com,/,lineNumber,913.0,JSON_Payload
REQ-0509,notify.bugsnag.com,/,method,android.os.MessageQueue.next,JSON_Payload
REQ-0509,notify.bugsnag.com,/,file,MessageQueue.java,JSON_Payload
REQ-0509,notify.bugsnag.com,/,lineNumber,1025.0,JSON_Payload
REQ-0510,notify.bugsnag.com,/,method,android.os.Looper.loopOnce,JSON_Payload
REQ-0510,notify.bugsnag.com,/,file,Looper.java,JSON_Payload
REQ-0510,notify.bugsnag.com,/,lineNumber,196.0,JSON_Payload
REQ-0511,notify.bugsnag.com,/,method,android.os.Looper.loop,JSON_Payload
REQ-0511,notify.bugsnag.com,/,file,Looper.java,JSON_Payload
REQ-0511,notify.bugsnag.com,/,lineNumber,338.0,JSON_Payload
REQ-0512,notify.bugsnag.com,/,method,android.os.HandlerThread.run,JSON_Payload
REQ-0512,notify.bugsnag.com,/,file,HandlerThread.java,JSON_Payload
REQ-0512,notify.bugsnag.com,/,lineNumber,85.0,JSON_Payload
REQ-0513,notify.bugsnag.com,/,method,android.os.MessageQueue.nativePollOnce,JSON_Payload
REQ-0513,notify.bugsnag.com,/,file,MessageQueue.java,JSON_Payload
REQ-0513,notify.bugsnag.com,/,lineNumber,-2.0,JSON_Payload
REQ-0514,notify.bugsnag.com,/,method,android.os.MessageQueue.nextLegacy,JSON_Payload
REQ-0514,notify.bugsnag.com,/,file,MessageQueue.java,JSON_Payload
REQ-0514,notify.bugsnag.com,/,lineNumber,913.0,JSON_Payload
REQ-0515,notify.bugsnag.com,/,method,android.os.MessageQueue.next,JSON_Payload
REQ-0515,notify.bugsnag.com,/,file,MessageQueue.java,JSON_Payload
REQ-0515,notify.bugsnag.com,/,lineNumber,1025.0,JSON_Payload
REQ-0516,notify.bugsnag.com,/,method,android.os.Looper.loopOnce,JSON_Payload
REQ-0516,notify.bugsnag.com,/,file,Looper.java,JSON_Payload
REQ-0516,notify.bugsnag.com,/,lineNumber,196.0,JSON_Payload
REQ-0517,notify.bugsnag.com,/,method,android.os.Looper.loop,JSON_Payload
REQ-0517,notify.bugsnag.com,/,file,Looper.java,JSON_Payload
REQ-0517,notify.bugsnag.com,/,lineNumber,338.0,JSON_Payload
REQ-0518,notify.bugsnag.com,/,method,android.os.HandlerThread.run,JSON_Payload
REQ-0518,notify.bugsnag.com,/,file,HandlerThread.java,JSON_Payload
REQ-0518,notify.bugsnag.com,/,lineNumber,85.0,JSON_Payload
REQ-0519,notify.bugsnag.com,/,method,jdk.internal.misc.Unsafe.park,JSON_Payload
REQ-0519,notify.bugsnag.com,/,file,Unsafe.java,JSON_Payload
REQ-0519,notify.bugsnag.com,/,lineNumber,-2.0,JSON_Payload
REQ-0520,notify.bugsnag.com,/,method,java.util.concurrent.locks.LockSupport.park,JSON_Payload
REQ-0520,notify.bugsnag.com,/,file,LockSupport.java,JSON_Payload
REQ-0520,notify.bugsnag.com,/,lineNumber,376.0,JSON_Payload
REQ-0521,notify.bugsnag.com,/,method,java.util.concurrent.locks.AbstractQueuedSynchronizer$ConditionNode.block,JSON_Payload
REQ-0521,notify.bugsnag.com,/,file,AbstractQueuedSynchronizer.java,JSON_Payload
REQ-0521,notify.bugsnag.com,/,lineNumber,520.0,JSON_Payload
REQ-0522,notify.bugsnag.com,/,method,java.util.concurrent.ForkJoinPool.unmanagedBlock,JSON_Payload
REQ-0522,notify.bugsnag.com,/,file,ForkJoinPool.java,JSON_Payload
REQ-0522,notify.bugsnag.com,/,lineNumber,3797.0,JSON_Payload
REQ-0523,notify.bugsnag.com,/,method,java.util.concurrent.ForkJoinPool.managedBlock,JSON_Payload
REQ-0523,notify.bugsnag.com,/,file,ForkJoinPool.java,JSON_Payload
REQ-0523,notify.bugsnag.com,/,lineNumber,3738.0,JSON_Payload
REQ-0524,notify.bugsnag.com,/,method,java.util.concurrent.locks.AbstractQueuedSynchronizer$ConditionObject.await,JSON_Payload
REQ-0524,notify.bugsnag.com,/,file,AbstractQueuedSynchronizer.java,JSON_Payload
REQ-0524,notify.bugsnag.com,/,lineNumber,1752.0,JSON_Payload
REQ-0525,notify.bugsnag.com,/,method,java.util.concurrent.ScheduledThreadPoolExecutor$DelayedWorkQueue.take,JSON_Payload
REQ-0525,notify.bugsnag.com,/,file,ScheduledThreadPoolExecutor.java,JSON_Payload
REQ-0525,notify.bugsnag.com,/,lineNumber,1170.0,JSON_Payload
REQ-0526,notify.bugsnag.com,/,method,java.util.concurrent.ScheduledThreadPoolExecutor$DelayedWorkQueue.take,JSON_Payload
REQ-0526,notify.bugsnag.com,/,file,ScheduledThreadPoolExecutor.java,JSON_Payload
REQ-0526,notify.bugsnag.com,/,lineNumber,899.0,JSON_Payload
REQ-0527,notify.bugsnag.com,/,method,java.util.concurrent.ThreadPoolExecutor.getTask,JSON_Payload
REQ-0527,notify.bugsnag.com,/,file,ThreadPoolExecutor.java,JSON_Payload
REQ-0527,notify.bugsnag.com,/,lineNumber,1026.0,JSON_Payload
REQ-0528,notify.bugsnag.com,/,method,java.util.concurrent.ThreadPoolExecutor.runWorker,JSON_Payload
REQ-0528,notify.bugsnag.com,/,file,ThreadPoolExecutor.java,JSON_Payload
REQ-0528,notify.bugsnag.com,/,lineNumber,1086.0,JSON_Payload
REQ-0529,notify.bugsnag.com,/,method,java.util.concurrent.ThreadPoolExecutor$Worker.run,JSON_Payload
REQ-0529,notify.bugsnag.com,/,file,ThreadPoolExecutor.java,JSON_Payload
REQ-0529,notify.bugsnag.com,/,lineNumber,624.0,JSON_Payload
REQ-0530,notify.bugsnag.com,/,method,java.lang.Thread.run,JSON_Payload
REQ-0530,notify.bugsnag.com,/,file,Thread.java,JSON_Payload
REQ-0530,notify.bugsnag.com,/,lineNumber,1572.0,JSON_Payload
REQ-0531,notify.bugsnag.com,/,method,android.os.MessageQueue.nativePollOnce,JSON_Payload
REQ-0531,notify.bugsnag.com,/,file,MessageQueue.java,JSON_Payload
REQ-0531,notify.bugsnag.com,/,lineNumber,-2.0,JSON_Payload
REQ-0532,notify.bugsnag.com,/,method,android.os.MessageQueue.nextLegacy,JSON_Payload
REQ-0532,notify.bugsnag.com,/,file,MessageQueue.java,JSON_Payload
REQ-0532,notify.bugsnag.com,/,lineNumber,913.0,JSON_Payload
REQ-0533,notify.bugsnag.com,/,method,android.os.MessageQueue.next,JSON_Payload
REQ-0533,notify.bugsnag.com,/,file,MessageQueue.java,JSON_Payload
REQ-0533,notify.bugsnag.com,/,lineNumber,1025.0,JSON_Payload
REQ-0534,notify.bugsnag.com,/,method,android.os.Looper.loopOnce,JSON_Payload
REQ-0534,notify.bugsnag.com,/,file,Looper.java,JSON_Payload
REQ-0534,notify.bugsnag.com,/,lineNumber,196.0,JSON_Payload
REQ-0535,notify.bugsnag.com,/,method,android.os.Looper.loop,JSON_Payload
REQ-0535,notify.bugsnag.com,/,file,Looper.java,JSON_Payload
REQ-0535,notify.bugsnag.com,/,lineNumber,338.0,JSON_Payload
REQ-0536,notify.bugsnag.com,/,method,android.os.HandlerThread.run,JSON_Payload
REQ-0536,notify.bugsnag.com,/,file,HandlerThread.java,JSON_Payload
REQ-0536,notify.bugsnag.com,/,lineNumber,85.0,JSON_Payload
REQ-0537,notify.bugsnag.com,/,method,java.lang.Object.wait,JSON_Payload
REQ-0537,notify.bugsnag.com,/,file,Object.java,JSON_Payload
REQ-0537,notify.bugsnag.com,/,lineNumber,-2.0,JSON_Payload
REQ-0538,notify.bugsnag.com,/,method,com.android.okhttp.ConnectionPool$1.run,JSON_Payload
REQ-0538,notify.bugsnag.com,/,file,ConnectionPool.java,JSON_Payload
REQ-0538,notify.bugsnag.com,/,lineNumber,106.0,JSON_Payload
REQ-0539,notify.bugsnag.com,/,method,java.util.concurrent.ThreadPoolExecutor.runWorker,JSON_Payload
REQ-0539,notify.bugsnag.com,/,file,ThreadPoolExecutor.java,JSON_Payload
REQ-0539,notify.bugsnag.com,/,lineNumber,1100.0,JSON_Payload
REQ-0540,notify.bugsnag.com,/,method,java.util.concurrent.ThreadPoolExecutor$Worker.run,JSON_Payload
REQ-0540,notify.bugsnag.com,/,file,ThreadPoolExecutor.java,JSON_Payload
REQ-0540,notify.bugsnag.com,/,lineNumber,624.0,JSON_Payload
REQ-0541,notify.bugsnag.com,/,method,java.lang.Thread.run,JSON_Payload
REQ-0541,notify.bugsnag.com,/,file,Thread.java,JSON_Payload
REQ-0541,notify.bugsnag.com,/,lineNumber,1572.0,JSON_Payload
REQ-0542,notify.bugsnag.com,/,method,jdk.internal.misc.Unsafe.park,JSON_Payload
REQ-0542,notify.bugsnag.com,/,file,Unsafe.java,JSON_Payload
REQ-0542,notify.bugsnag.com,/,lineNumber,-2.0,JSON_Payload
REQ-0543,notify.bugsnag.com,/,method,java.util.concurrent.lock s.LockSupport.parkNanos,JSON_Payload
REQ-0543,notify.bugsnag.com,/,file,LockSupport.java,JSON_Payload
REQ-0543,notify.bugsnag.com,/,lineNumber,276.0,JSON_Payload
REQ-0544,notify.bugsnag.com,/,method,java.util.concurrent.locks.AbstractQueuedSynchronizer$ConditionObject.awaitNanos,JSON_Payload
REQ-0544,notify.bugsnag.com,/,file,AbstractQueuedSynchronizer.java,JSON_Payload
REQ-0544,notify.bugsnag.com,/,lineNumber,1803.0,JSON_Payload
REQ-0545,notify.bugsnag.com,/,method,java.util.concurrent.ScheduledThreadPoolExecutor$DelayedWorkQueue.take,JSON_Payload
REQ-0545,notify.bugsnag.com,/,file,ScheduledThreadPoolExecutor.java,JSON_Payload
REQ-0545,notify.bugsnag.com,/,lineNumber,1182.0,JSON_Payload
REQ-0546,notify.bugsnag.com,/,method,java.util.concurrent.ScheduledThreadPoolExecutor$DelayedWorkQueue.take,JSON_Payload
REQ-0546,notify.bugsnag.com,/,file,ScheduledThreadPoolExecutor.java,JSON_Payload
REQ-0546,notify.bugsnag.com,/,lineNumber,899.0,JSON_Payload
REQ-0547,notify.bugsnag.com,/,method,java.util.concurrent.ThreadPoolExecutor.getTask,JSON_Payload
REQ-0547,notify.bugsnag.com,/,file,ThreadPoolExecutor.java,JSON_Payload
REQ-0547,notify.bugsnag.com,/,lineNumber,1026.0,JSON_Payload
REQ-0548,notify.bugsnag.com,/,method,java.util.concurrent.ThreadPoolExecutor.runWorker,JSON_Payload
REQ-0548,notify.bugsnag.com,/,file,ThreadPoolExecutor.java,JSON_Payload
REQ-0548,notify.bugsnag.com,/,lineNumber,1086.0,JSON_Payload
REQ-0549,notify.bugsnag.com,/,method,java.util.concurrent.ThreadPoolExecutor$Worker.run,JSON_Payload
REQ-0549,notify.bugsnag.com,/,file,ThreadPoolExecutor.java,JSON_Payload
REQ-0549,notify.bugsnag.com,/,lineNumber,624.0,JSON_Payload
REQ-0550,notify.bugsnag.com,/,method,java.lang.Thread.run,JSON_Payload
REQ-0550,notify.bugsnag.com,/,file,Thread.java,JSON_Payload
REQ-0550,notify.bugsnag.com,/,lineNumber,1572.0,JSON_Payload
REQ-0551,notify.bugsnag.com,/,method,java.net.SocketInputStream.socketRead0,JSON_Payload
REQ-0551,notify.bugsnag.com,/,file,SocketInputStream.java,JSON_Payload
REQ-0551,notify.bugsnag.com,/,lineNumber,-2.0,JSON_Payload
REQ-0552,notify.bugsnag.com,/,method,java.net.SocketInputStream.socketRead,JSON_Payload
REQ-0552,notify.bugsnag.com,/,file,SocketInputStream.java,JSON_Payload
REQ-0552,notify.bugsnag.com,/,lineNumber,118.0,JSON_Payload
REQ-0553,notify.bugsnag.com,/,method,java.net.SocketInputStream.read,JSON_Payload
REQ-0553,notify.bugsnag.com,/,file,SocketInputStream.java,JSON_Payload
REQ-0553,notify.bugsnag.com,/,lineNumber,173.0,JSON_Payload
REQ-0554,notify.bugsnag.com,/,method,java.net.SocketInputStream.read,JSON_Payload
REQ-0554,notify.bugsnag.com,/,file,SocketInputStream.java,JSON_Payload
REQ-0554,notify.bugsnag.com,/,lineNumber,143.0,JSON_Payload
REQ-0555,notify.bugsnag.com,/,method,com.android.org.conscrypt.ConscryptEngineSocket$SSLInputStream.readFromSocket,JSON_Payload
REQ-0555,notify.bugsnag.com,/,file,ConscryptEngineSocket.java,JSON_Payload
REQ-0555,notify.bugsnag.com,/,lineNumber,1015.0,JSON_Payload
REQ-0556,notify.bugsnag.com,/,method,com.android.org.conscrypt.ConscryptEngineSocket$SSLInputStream.processDataFromSocket,JSON_Payload
REQ-0556,notify.bugsnag.com,/,file,ConscryptEngineSocket.java,JSON_Payload
REQ-0556,notify.bugsnag.com,/,lineNumber,979.0,JSON_Payload
REQ-0557,notify.bugsnag.com,/,method,com.android.org.conscrypt.ConscryptEngineSocket$SSLInputStream.-$$Nest$mprocessDataFromSocket,JSON_Payload
REQ-0557,notify.bugsnag.com,/,file,ConscryptEngineSocket.java,JSON_Payload
REQ-0557,notify.bugsnag.com,/,lineNumber,0.0,JSON_Payload
REQ-0558,notify.bugsnag.com,/,method,com.android.org.conscrypt.ConscryptEngineSocket.doHandshake,JSON_Payload
REQ-0558,notify.bugsnag.com,/,file,ConscryptEngineSocket.java,JSON_Payload
REQ-0558,notify.bugsnag.com,/,lineNumber,243.0,JSON_Payload
REQ-0559,notify.bugsnag.com,/,method,com.android.org.conscrypt.ConscryptEngineSocket.startHandshake,JSON_Payload
REQ-0559,notify.bugsnag.com,/,file,ConscryptEngineSocket.java,JSON_Payload
REQ-0559,notify.bugsnag.com,/,lineNumber,225.0,JSON_Payload
REQ-0560,notify.bugsnag.com,/,method,com.android.okhttp.internal.io.RealConnection.connectTls,JSON_Payload
REQ-0560,notify.bugsnag.com,/,file,RealConnection.java,JSON_Payload
REQ-0560,notify.bugsnag.com,/,lineNumber,196.0,JSON_Payload
REQ-0561,notify.bugsnag.com,/,method,com.android.okhttp.internal.io.RealConnection.connectSocket,JSON_Payload
REQ-0561,notify.bugsnag.com,/,file,RealConnection.java,JSON_Payload
REQ-0561,notify.bugsnag.com,/,lineNumber,153.0,JSON_Payload
REQ-0562,notify.bugsnag.com,/,method,com.android.okhttp.internal.io.RealConnection.connect,JSON_Payload
REQ-0562,notify.bugsnag.com,/,file,RealConnection.java,JSON_Payload
REQ-0562,notify.bugsnag.com,/,lineNumber,116.0,JSON_Payload
REQ-0563,notify.bugsnag.com,/,method,com.android.okhttp.internal.http.StreamAllocation.findConnection,JSON_Payload
REQ-0563,notify.bugsnag.com,/,file,StreamAllocation.java,JSON_Payload
REQ-0563,notify.bugsnag.com,/,lineNumber,186.0,JSON_Payload
REQ-0564,notify.bugsnag.com,/,method,com.android.okhttp.internal.http.StreamAllocation.findHealthyConnection,JSON_Payload
REQ-0564,notify.bugsnag.com,/,file,StreamAllocation.java,JSON_Payload
REQ-0564,notify.bugsnag.com,/,lineNumber,128.0,JSON_Payload
REQ-0565,notify.bugsnag.com,/,method,com.android.okhttp.internal.http.StreamAllocation.newStream,JSON_Payload
REQ-0565,notify.bugsnag.com,/,file,StreamAllocation.java,JSON_Payload
REQ-0565,notify.bugsnag.com,/,lineNumber,97.0,JSON_Payload
REQ-0566,notify.bugsnag.com,/,method,com.android.okhttp.internal.http.HttpEngine.connect,JSON_Payload
REQ-0566,notify.bugsnag.com,/,file,HttpEngine.java,JSON_Payload
REQ-0566,notify.bugsnag.com,/,lineNumber,289.0,JSON_Payload
REQ-0567,notify.bugsnag.com,/,method,com.android.okhttp.internal.http.HttpEngine.sendRequest,JSON_Payload
REQ-0567,notify.bugsnag.com,/,file,HttpEngine.java,JSON_Payload
REQ-0567,notify.bugsnag.com,/,lineNumber,232.0,JSON_Payload
REQ-0568,notify.bugsnag.com,/,method,com.android.okhttp.internal.huc.HttpURLConnectionImpl.execute,JSON_Payload
REQ-0568,notify.bugsnag.com,/,file,HttpURLConnectionImpl.java,JSON_Payload
REQ-0568,notify.bugsnag.com,/,lineNumber,465.0,JSON_Payload
REQ-0569,notify.bugsnag.com,/,method,com.android.okhttp.internal.huc.HttpURLConnectionImpl.connect,JSON_Payload
REQ-0569,notify.bugsnag.com,/,file,HttpURLConnectionImpl.java,JSON_Payload
REQ-0569,notify.bugsnag.com,/,lineNumber,131.0,JSON_Payload
REQ-0570,notify.bugsnag.com,/,method,com.android.okhttp.internal.huc.HttpURLConnectionImpl.getOutputStream,JSON_Payload
REQ-0570,notify.bugsnag.com,/,file,HttpURLConnectionImpl.java,JSON_Payload
REQ-0570,notify.bugsnag.com,/,lineNumber,262.0,JSON_Payload
REQ-0571,notify.bugsnag.com,/,method,com.android.okhttp.internal.huc.DelegatingHttpsURLConnection.getOutputStream,JSON_Payload
REQ-0571,notify.bugsnag.com,/,file,DelegatingHttpsURLConnection.java,JSON_Payload
REQ-0571,notify.bugsnag.com,/,lineNumber,219.0,JSON_Payload
REQ-0572,notify.bugsnag.com,/,method,com.android.okhttp.internal.huc.HttpsURLConnectionImpl.getOutputStream,JSON_Payload
REQ-0572,notify.bugsnag.com,/,file,HttpsURLConnectionImpl.java,JSON_Payload
REQ-0572,notify.bugsnag.com,/,lineNumber,30.0,JSON_Payload
REQ-0573,notify.bugsnag.com,/,method,com.google.firebase.perf.network.InstrURLConnectionBase.getOutputStream,JSON_Payload
REQ-0573,notify.bugsnag.com,/,file,InstrURLConnectionBase.java,JSON_Payload
REQ-0573,notify.bugsnag.com,/,lineNumber,165.0,JSON_Payload
REQ-0574,notify.bugsnag.com,/,method,com.google.firebase.perf.network.InstrHttpsURLConnection.getOutputStream,JSON_Payload
REQ-0574,notify.bugsnag.com,/,file,InstrHttpsURLConnection.java,JSON_Payload
REQ-0574,notify.bugsnag.com,/,lineNumber,89.0,JSON_Payload
REQ-0575,notify.bugsnag.com,/,method,com.moengage.core.internal.rest.interceptor.CallServerInterceptor.addBody,JSON_Payload
REQ-0575,notify.bugsnag.com,/,file,CallServerInterceptor.kt,JSON_Payload
REQ-0575,notify.bugsnag.com,/,lineNumber,152.0,JSON_Payload
REQ-0576,notify.bugsnag.com,/,method,com.moengage.core.internal.rest.interceptor.CallServerInterceptor.intercept,JSON_Payload
REQ-0576,notify.bugsnag.com,/,file,CallServerInterceptor.kt,JSON_Payload
REQ-0576,notify.bugsnag.com,/,lineNumber,96.0,JSON_Payload
REQ-0577,notify.bugsnag.com,/,method,com.moengage.core.internal.rest.interceptor.InterceptorChainHandler.proceed,JSON_Payload
REQ-0577,notify.bugsnag.com,/,file,InterceptorChainHandler.kt,JSON_Payload
REQ-0577,notify.bugsnag.com,/,lineNumber,63.0,JSON_Payload
REQ-0578,notify.bugsnag.com,/,method,com.moengage.core.internal.rest.interceptor.GzipInterceptor.intercept,JSON_Payload
REQ-0578,notify.bugsnag.com,/,file,GzipInterceptor.kt,JSON_Payload
REQ-0578,notify.bugsnag.com,/,lineNumber,47.0,JSON_Payload
REQ-0579,notify.bugsnag.com,/,method,com.moengage.core.internal.rest.interceptor.InterceptorChainHandler.proceed,JSON_Payload
REQ-0579,notify.bugsnag.com,/,file,InterceptorChainHandler.kt,JSON_Payload
REQ-0579,notify.bugsnag.com,/,lineNumber,63.0,JSON_Payload
REQ-0580,notify.bugsnag.com,/,method,com.moengage.core.internal.rest.RestClient.execute,JSON_Payload
REQ-0580,notify.bugsnag.com,/,file,RestClient.kt,JSON_Payload
REQ-0580,notify.bugsnag.com,/,lineNumber,39.0,JSON_Payload
REQ-0581,notify.bugsnag.com,/,method,com.moengage.core.internal.rest.RestClient.executeRequest,JSON_Payload
REQ-0581,notify.bugsnag.com,/,file,RestClient.kt,JSON_Payload
REQ-0581,notify.bugsnag.com,/,lineNumber,29.0,JSON_Payload
REQ-0582,notify.bugsnag.com,/,method,com.moengage.core.internal.repository.remote.ApiManager.reportAdd$core_defaultRelease,JSON_Payload
REQ-0582,notify.bugsnag.com,/,file,ApiManager.kt,JSON_Payload
REQ-0582,notify.bugsnag.com,/,lineNumber,90.0,JSON_Payload
REQ-0583,notify.bugsnag.com,/,method,com.moengage.core.internal.repository.remote.RemoteRepositoryImpl.reportAdd,JSON_Payload
REQ-0583,notify.bugsnag.com,/,file,RemoteRepositoryImpl.kt,JSON_Payload
REQ-0583,notify.bugsnag.com,/,lineNumber,43.0,JSON_Payload
REQ-0584,notify.bugsnag.com,/,method,com.moengage.core.internal.repository.CoreRepository.reportAdd,JSON_Payload
REQ-0584,notify.bugsnag.com,/,file,CoreRepository.kt,JSON_Payload
REQ-0584,notify.bugsnag.com,/,lineNumber,0.0,JSON_Payload
REQ-0585,notify.bugsnag.com,/,method,com.moengage.core.internal.repository.CoreRepository.syncReports,JSON_Payload
REQ-0585,notify.bugsnag.com,/,file,CoreRepository.kt,JSON_Payload
REQ-0585,notify.bugsnag.com,/,lineNumber,169.0,JSON_Payload
REQ-0586,notify.bugsnag.com,/,method,com.moengage.core.internal.data.reports.ReportsHandler.syncData,JSON_Payload
REQ-0586,notify.bugsnag.com,/,file,ReportsHandler.kt,JSON_Payload
REQ-0586,notify.bugsnag.com,/,lineNumber,173.0,JSON_Payload
REQ-0587,notify.bugsnag.com,/,method,com.moengage.core.internal.data.reports.ReportsHandler.syncData$default,JSON_Payload
REQ-0587,notify.bugsnag.com,/,file,ReportsHandler.kt,JSON_Payload
REQ-0587,notify.bugsnag.com,/,lineNumber,116.0,JSON_Payload
REQ-0588,notify.bugsnag.com,/,method,com.moengage.core.internal.data.reports.ReportsHandler.syncInteractionData$lambda$1,JSON_Payload
REQ-0588,notify.bugsnag.com,/,file,ReportsHandler.kt,JSON_Payload
REQ-0588,notify.bugsnag.com,/,lineNumber,79.0,JSON_Payload
REQ-0589,notify.bugsnag.com,/,method,com.moengage.core.internal.data.reports.ReportsHandler.$r8$lambda$9xNzGCdtv0SIQ7tyFvwNm_zKd6E,JSON_Payload
REQ-0589,notify.bugsnag.com,/,file,ReportsHandler.kt,JSON_Payload
REQ-0589,notify.bugsnag.com,/,lineNumber,0.0,JSON_Payload
REQ-0590,notify.bugsnag.com,/,method,com.moengage.core.internal.data.reports.ReportsHandler$$ExternalSyntheticLambda12.run,JSON_Payload
REQ-0590,notify.bugsnag.com,/,file,R8$$SyntheticClass,JSON_Payload
REQ-0590,notify.bugsnag.com,/,lineNumber,0.0,JSON_Payload
REQ-0591,notify.bugsnag.com,/,method,com.moengage.core.internal.executor.AsyncHandler.execute$lambda$6,JSON_Payload
REQ-0591,notify.bugsnag.com,/,file,AsyncHandler.kt,JSON_Payload
REQ-0591,notify.bugsnag.com,/,lineNumber,90.0,JSON_Payload
REQ-0592,notify.bugsnag.com,/,method,com.moengage.core.internal.executor.AsyncHandler.$r8$lambda$17zDKPSIeLrphBh5wy1iod17SDA,JSON_Payload
REQ-0592,notify.bugsnag.com,/,file,AsyncHandler.kt,JSON_Payload
REQ-0592,notify.bugsnag.com,/,lineNumber,0.0,JSON_Payload
REQ-0593,notify.bugsnag.com,/,method,com.moengage.core.internal.executor.AsyncHandler$$ExternalSyntheticLambda7.run,JSON_Payload
REQ-0593,notify.bugsnag.com,/,file,R8$$SyntheticClass,JSON_Payload
REQ-0593,notify.bugsnag.com,/,lineNumber,0.0,JSON_Payload
REQ-0594,notify.bugsnag.com,/,method,java.util.concurrent.ThreadPoolExecutor.runWorker,JSON_Payload
REQ-0594,notify.bugsnag.com,/,file,ThreadPoolExecutor.java,JSON_Payload
REQ-0594,notify.bugsnag.com,/,lineNumber,1100.0,JSON_Payload
REQ-0595,notify.bugsnag.com,/,method,java.util.concurrent.ThreadPoolExecutor$Worker.run,JSON_Payload
REQ-0595,notify.bugsnag.com,/,file,ThreadPoolExecutor.java,JSON_Payload
REQ-0595,notify.bugsnag.com,/,lineNumber,624.0,JSON_Payload
REQ-0596,notify.bugsnag.com,/,method,java.lang.Thread.run,JSON_Payload
REQ-0596,notify.bugsnag.com,/,file,Thread.java,JSON_Payload
REQ-0596,notify.bugsnag.com,/,lineNumber,1572.0,JSON_Payload
REQ-0597,notify.bugsnag.com,/,method,java.lang.Object.wait,JSON_Payload
REQ-0597,notify.bugsnag.com,/,file,Object.java,JSON_Payload
REQ-0597,notify.bugsnag.com,/,lineNumber,-2.0,JSON_Payload
REQ-0598,notify.bugsnag.com,/,method,java.lang.Object.wait,JSON_Payload
REQ-0598,notify.bugsnag.com,/,file,Object.java,JSON_Payload
REQ-0598,notify.bugsnag.com,/,lineNumber,405.0,JSON_Payload
REQ-0599,notify.bugsnag.com,/,method,m7.si.run,JSON_Payload
REQ-0599,notify.bugsnag.com,/,file,:com.google.android.gms.dynamite_measurementdynamite@262932035@26.29.32 (260400-0),JSON_Payload
REQ-0599,notify.bugsnag.com,/,lineNumber,67.0,JSON_Payload
REQ-0600,notify.bugsnag.com,/,method,jdk.internal.misc.Unsafe.park,JSON_Payload
REQ-0600,notify.bugsnag.com,/,file,Unsafe.java,JSON_Payload
REQ-0600,notify.bugsnag.com,/,lineNumber,-2.0,JSON_Payload
REQ-0601,notify.bugsnag.com,/,method,java.util.concurrent.locks.LockSupport.parkNanos,JSON_Payload
REQ-0601,notify.bugsnag.com,/,file,LockSupport.java,JSON_Payload
REQ-0601,notify.bugsnag.com,/,lineNumber,417.0,JSON_Payload
REQ-0602,notify.bugsnag.com,/,method,java.util.concurrent.LinkedTransferQueue$DualNode.await,JSON_Payload
REQ-0602,notify.bugsnag.com,/,file,LinkedTransferQueue.java,JSON_Payload
REQ-0602,notify.bugsnag.com,/,lineNumber,452.0,JSON_Payload
REQ-0603,notify.bugsnag.com,/,method,java.util.concurrent.SynchronousQueue$Transferer.xferLifo,JSON_Payload
REQ-0603,notify.bugsnag.com,/,file,SynchronousQueue.java,JSON_Payload
REQ-0603,notify.bugsnag.com,/,lineNumber,194.0,JSON_Payload
REQ-0604,notify.bugsnag.com,/,method,java.util.concurrent.SynchronousQueue.xfer,JSON_Payload
REQ-0604,notify.bugsnag.com,/,file,SynchronousQueue.java,JSON_Payload
REQ-0604,notify.bugsnag.com,/,lineNumber,235.0,JSON_Payload
REQ-0605,notify.bugsnag.com,/,method,java.util.concurrent.SynchronousQueue.poll,JSON_Payload
REQ-0605,notify.bugsnag.com,/,file,SynchronousQueue.java,JSON_Payload
REQ-0605,notify.bugsnag.com,/,lineNumber,338.0,JSON_Payload
REQ-0606,notify.bugsnag.com,/,method,java.util.concurrent.ThreadPoolExecutor.getTask,JSON_Payload
REQ-0606,notify.bugsnag.com,/,file,ThreadPoolExecutor.ja va,JSON_Payload
REQ-0606,notify.bugsnag.com,/,lineNumber,1025.0,JSON_Payload
REQ-0607,notify.bugsnag.com,/,method,java.util.concurrent.ThreadPoolExecutor.runWorker,JSON_Payload
REQ-0607,notify.bugsnag.com,/,file,ThreadPoolExecutor.java,JSON_Payload
REQ-0607,notify.bugsnag.com,/,lineNumber,1086.0,JSON_Payload
REQ-0608,notify.bugsnag.com,/,method,java.util.concurrent.ThreadPoolExecutor$Worker.run,JSON_Payload
REQ-0608,notify.bugsnag.com,/,file,ThreadPoolExecutor.java,JSON_Payload
REQ-0608,notify.bugsnag.com,/,lineNumber,624.0,JSON_Payload
REQ-0609,notify.bugsnag.com,/,method,java.lang.Thread.run,JSON_Payload
REQ-0609,notify.bugsnag.com,/,file,Thread.java,JSON_Payload
REQ-0609,notify.bugsnag.com,/,lineNumber,1572.0,JSON_Payload
REQ-0610,notify.bugsnag.com,/,method,jdk.internal.misc.Unsafe.park,JSON_Payload
REQ-0610,notify.bugsnag.com,/,file,Unsafe.java,JSON_Payload
REQ-0610,notify.bugsnag.com,/,lineNumber,-2.0,JSON_Payload
REQ-0611,notify.bugsnag.com,/,method,java.util.concurrent.locks.LockSupport.parkNanos,JSON_Payload
REQ-0611,notify.bugsnag.com,/,file,LockSupport.java,JSON_Payload
REQ-0611,notify.bugsnag.com,/,lineNumber,417.0,JSON_Payload
REQ-0612,notify.bugsnag.com,/,method,java.util.concurrent.LinkedTransferQueue$DualNode.await,JSON_Payload
REQ-0612,notify.bugsnag.com,/,file,LinkedTransferQueue.java,JSON_Payload
REQ-0612,notify.bugsnag.com,/,lineNumber,452.0,JSON_Payload
REQ-0613,notify.bugsnag.com,/,method,java.util.concurrent.SynchronousQueue$Transferer.xferLifo,JSON_Payload
REQ-0613,notify.bugsnag.com,/,file,SynchronousQueue.java,JSON_Payload
REQ-0613,notify.bugsnag.com,/,lineNumber,194.0,JSON_Payload
REQ-0614,notify.bugsnag.com,/,method,java.util.concurrent.SynchronousQueue.xfer,JSON_Payload
REQ-0614,notify.bugsnag.com,/,file,SynchronousQueue.java,JSON_Payload
REQ-0614,notify.bugsnag.com,/,lineNumber,235.0,JSON_Payload
REQ-0615,notify.bugsnag.com,/,method,java.util.concurrent.SynchronousQueue.poll,JSON_Payload
REQ-0615,notify.bugsnag.com,/,file,SynchronousQueue.java,JSON_Payload
REQ-0615,notify.bugsnag.com,/,lineNumber,338.0,JSON_Payload
REQ-0616,notify.bugsnag.com,/,method,java.util.concurrent.ThreadPoolExecutor.getTask,JSON_Payload
REQ-0616,notify.bugsnag.com,/,file,ThreadPoolExecutor.java,JSON_Payload
REQ-0616,notify.bugsnag.com,/,lineNumber,1025.0,JSON_Payload
REQ-0617,notify.bugsnag.com,/,method,java.util.concurrent.ThreadPoolExecutor.runWorker,JSON_Payload
REQ-0617,notify.bugsnag.com,/,file,ThreadPoolExecutor.java,JSON_Payload
REQ-0617,notify.bugsnag.com,/,lineNumber,1086.0,JSON_Payload
REQ-0618,notify.bugsnag.com,/,method,java.util.concurrent.ThreadPoolExecutor$Worker.run,JSON_Payload
REQ-0618,notify.bugsnag.com,/,file,ThreadPoolExecutor.java,JSON_Payload
REQ-0618,notify.bugsnag.com,/,lineNumber,624.0,JSON_Payload
REQ-0619,notify.bugsnag.com,/,method,com.google.firebase.concurrent.CustomThreadFactory.$r8$lambda$XB8AY3Hcio74byWuTzgVEC3Hiek,JSON_Payload
REQ-0619,notify.bugsnag.com,/,file,CustomThreadFactory.java,JSON_Payload
REQ-0619,notify.bugsnag.com,/,lineNumber,47.0,JSON_Payload
REQ-0620,notify.bugsnag.com,/,method,com.google.firebase.concurrent.CustomThreadFactory$$ExternalSyntheticLambda0.run,JSON_Payload
REQ-0620,notify.bugsnag.com,/,file,R8$$SyntheticClass,JSON_Payload
REQ-0620,notify.bugsnag.com,/,lineNumber,0.0,JSON_Payload
REQ-0621,notify.bugsnag.com,/,method,java.lang.Thread.run,JSON_Payload
REQ-0621,notify.bugsnag.com,/,file,Thread.java,JSON_Payload
REQ-0621,notify.bugsnag.com,/,lineNumber,1572.0,JSON_Payload
REQ-0622,notify.bugsnag.com,/,method,android.os.MessageQueue.nativePollOnce,JSON_Payload
REQ-0622,notify.bugsnag.com,/,file,MessageQueue.java,JSON_Payload
REQ-0622,notify.bugsnag.com,/,lineNumber,-2.0,JSON_Payload
REQ-0623,notify.bugsnag.com,/,method,android.os.MessageQueue.nextLegacy,JSON_Payload
REQ-0623,notify.bugsnag.com,/,file,MessageQueue.java,JSON_Payload
REQ-0623,notify.bugsnag.com,/,lineNumber,913.0,JSON_Payload
REQ-0624,notify.bugsnag.com,/,method,android.os.MessageQueue.next,JSON_Payload
REQ-0624,notify.bugsnag.com,/,file,MessageQueue.java,JSON_Payload
REQ-0624,notify.bugsnag.com,/,lineNumber,1025.0,JSON_Payload
REQ-0625,notify.bugsnag.com,/,method,android.os.Looper.loopOnce,JSON_Payload
REQ-0625,notify.bugsnag.com,/,file,Looper.java,JSON_Payload
REQ-0625,notify.bugsnag.com,/,lineNumber,196.0,JSON_Payload
REQ-0626,notify.bugsnag.com,/,method,android.os.Looper.loop,JSON_Payload
REQ-0626,notify.bugsnag.com,/,file,Looper.java,JSON_Payload
REQ-0626,notify.bugsnag.com,/,lineNumber,338.0,JSON_Payload
REQ-0627,notify.bugsnag.com,/,method,android.os.HandlerThread.run,JSON_Payload
REQ-0627,notify.bugsnag.com,/,file,HandlerThread.java,JSON_Payload
REQ-0627,notify.bugsnag.com,/,lineNumber,85.0,JSON_Payload
REQ-0628,notify.bugsnag.com,/,method,jdk.internal.misc.Unsafe.park,JSON_Payload
REQ-0628,notify.bugsnag.com,/,file,Unsafe.java,JSON_Payload
REQ-0628,notify.bugsnag.com,/,lineNumber,-2.0,JSON_Payload
REQ-0629,notify.bugsnag.com,/,method,java.util.concurrent.locks.LockSupport.parkNanos,JSON_Payload
REQ-0629,notify.bugsnag.com,/,file,LockSupport.java,JSON_Payload
REQ-0629,notify.bugsnag.com,/,lineNumber,417.0,JSON_Payload
REQ-0630,notify.bugsnag.com,/,method,java.util.concurrent.LinkedTransferQueue$DualNode.await,JSON_Payload
REQ-0630,notify.bugsnag.com,/,file,LinkedTransferQueue.java,JSON_Payload
REQ-0630,notify.bugsnag.com,/,lineNumber,452.0,JSON_Payload
REQ-0631,notify.bugsnag.com,/,method,java.util.concurrent.SynchronousQueue$Transferer.xferLifo,JSON_Payload
REQ-0631,notify.bugsnag.com,/,file,SynchronousQueue.java,JSON_Payload
REQ-0631,notify.bugsnag.com,/,lineNumber,194.0,JSON_Payload
REQ-0632,notify.bugsnag.com,/,method,java.util.concurrent.SynchronousQueue.xfer,JSON_Payload
REQ-0632,notify.bugsnag.com,/,file,SynchronousQueue.java,JSON_Payload
REQ-0632,notify.bugsnag.com,/,lineNumber,235.0,JSON_Payload
REQ-0633,notify.bugsnag.com,/,method,java.util.concurrent.SynchronousQueue.poll,JSON_Payload
REQ-0633,notify.bugsnag.com,/,file,SynchronousQueue.java,JSON_Payload
REQ-0633,notify.bugsnag.com,/,lineNumber,338.0,JSON_Payload
REQ-0634,notify.bugsnag.com,/,method,java.util.concurrent.ThreadPoolExecutor.getTask,JSON_Payload
REQ-0634,notify.bugsnag.com,/,file,ThreadPoolExecutor.java,JSON_Payload
REQ-0634,notify.bugsnag.com,/,lineNumber,1025.0,JSON_Payload
REQ-0635,notify.bugsnag.com,/,method,java.util.concurrent.ThreadPoolExecutor.runWorker,JSON_Payload
REQ-0635,notify.bugsnag.com,/,file,ThreadPoolExecutor.java,JSON_Payload
REQ-0635,notify.bugsnag.com,/,lineNumber,1086.0,JSON_Payload
REQ-0636,notify.bugsnag.com,/,method,java.util.concurrent.ThreadPoolExecutor$Worker.run,JSON_Payload
REQ-0636,notify.bugsnag.com,/,file,ThreadPoolExecutor.java,JSON_Payload
REQ-0636,notify.bugsnag.com,/,lineNumber,624.0,JSON_Payload
REQ-0637,notify.bugsnag.com,/,method,java.lang.Thread.run,JSON_Payload
REQ-0637,notify.bugsnag.com,/,file,Thread.java,JSON_Payload
REQ-0637,notify.bugsnag.com,/,lineNumber,1572.0,JSON_Payload
REQ-0638,notify.bugsnag.com,/,method,jdk.internal.misc.Unsafe.park,JSON_Payload
REQ-0638,notify.bugsnag.com,/,file,Unsafe.java,JSON_Payload
REQ-0638,notify.bugsnag.com,/,lineNumber,-2.0,JSON_Payload
REQ-0639,notify.bugsnag.com,/,method,java.util.concurrent.locks.LockSupport.parkNanos,JSON_Payload
REQ-0639,notify.bugsnag.com,/,file,LockSupport.java,JSON_Payload
REQ-0639,notify.bugsnag.com,/,lineNumber,417.0,JSON_Payload
REQ-0640,notify.bugsnag.com,/,method,java.util.concurrent.LinkedTransferQueue$DualNode.await,JSON_Payload
REQ-0640,notify.bugsnag.com,/,file,LinkedTransferQueue.java,JSON_Payload
REQ-0640,notify.bugsnag.com,/,lineNumber,452.0,JSON_Payload
REQ-0641,notify.bugsnag.com,/,method,java.util.concurrent.SynchronousQueue$Transferer.xferLifo,JSON_Payload
REQ-0641,notify.bugsnag.com,/,file,SynchronousQueue.java,JSON_Payload
REQ-0641,notify.bugsnag.com,/,lineNumber,194.0,JSON_Payload
REQ-0642,notify.bugsnag.com,/,method,java.util.concurrent.SynchronousQueue.xfer,JSON_Payload
REQ-0642,notify.bugsnag.com,/,file,SynchronousQueue.java,JSON_Payload
REQ-0642,notify.bugsnag.com,/,lineNumber,235.0,JSON_Payload
REQ-0643,notify.bugsnag.com,/,method,java.util.concurrent.SynchronousQueue.poll,JSON_Payload
REQ-0643,notify.bugsnag.com,/,file,SynchronousQueue.java,JSON_Payload
REQ-0643,notify.bugsnag.com,/,lineNumber,338.0,JSON_Payload
REQ-0644,notify.bugsnag.com,/,method,java.util.concurrent.ThreadPoolExecutor.getTask,JSON_Payload
REQ-0644,notify.bugsnag.com,/,file,ThreadPoolExecutor.java,JSON_Payload
REQ-0644,notify.bugsnag.com,/,lineNumber,1025.0,JSON_Payload
REQ-0645,notify.bugsnag.com,/,method,java.util.concurrent.ThreadPoolExecutor.runWorker,JSON_Payload
REQ-0645,notify.bugsnag.com,/,file,ThreadPoolExecutor.java,JSON_Payload
REQ-0645,notify.bugsnag.com,/,lineNumber,1086.0,JSON_Payload
REQ-0646,notify.bugsnag.com,/,method,java.util.concurrent.ThreadPoolExecutor$Worker.run,JSON_Payload
REQ-0646,notify.bugsnag.com,/,file,ThreadPoolExecutor.java,JSON_Payload
REQ-0646,notify.bugsnag.com,/,lineNumber,624.0,JSON_Payload
REQ-0647,notify.bugsnag.com,/,method,java.lang.Thread.run,JSON_Payload
REQ-0647,notify.bugsnag.com,/,file,Thread.java,JSON_Payload
REQ-0647,notify.bugsnag.com,/,lineNumber,1572.0,JSON_Payload
REQ-0648,notify.bugsnag.com,/,method,jdk.internal.misc.Unsafe.park,JSON_Payload
REQ-0648,notify.bugsnag.com,/,file,Unsafe.java,JSON_Payload
REQ-0648,notify.bugsnag.com,/,lineNumber,-2.0,JSON_Payload
REQ-0649,notify.bugsnag.com,/,method,java.util.concurrent.locks.LockSupport.parkNanos,JSON_Payload
REQ-0649,notify.bugsnag.com,/,file,LockSupport.java,JSON_Payload
REQ-0649,notify.bugsnag.com,/,lineNumber,417.0,JSON_Payload
REQ-0650,notify.bugsnag.com,/,method,java.util.concurrent.LinkedTransferQueue$DualNode.await,JSON_Payload
REQ-0650,notify.bugsnag.com,/,file,LinkedTransferQueue.java,JSON_Payload
REQ-0650,notify.bugsnag.com,/,lineNumber,452.0,JSON_Payload
REQ-0651,notify.bugsnag.com,/,method,java.util.concurrent.SynchronousQueue$Transferer.xferLifo,JSON_Payload
REQ-0651,notify.bugsnag.com,/,file,SynchronousQueue.java,JSON_Payload
REQ-0651,notify.bugsnag.com,/,lineNumber,194.0,JSON_Payload
REQ-0652,notify.bugsnag.com,/,method,java.util.concurrent.SynchronousQueue.xfer,JSON_Payload
REQ-0652,notify.bugsnag.com,/,file,SynchronousQueue.java,JSON_Payload
REQ-0652,notify.bugsnag.com,/,lineNumber,235.0,JSON_Payload
REQ-0653,notify.bugsnag.com,/,method,java.util.concurrent.SynchronousQueue.poll,JSON_Payload
REQ-0653,notify.bugsnag.com,/,file,SynchronousQueue.java,JSON_Payload
REQ-0653,notify.bugsnag.com,/,lineNumber,338.0,JSON_Payload
REQ-0654,notify.bugsnag.com,/,method,java.util.concurrent.ThreadPoolExecutor.getTask,JSON_Payload
REQ-0654,notify.bugsnag.com,/,file,ThreadPoolExecutor.java,JSON_Payload
REQ-0654,notify.bugsnag.com,/,lineNumber,1025.0,JSON_Payload
REQ-0655,notify.bugsnag.com,/,method,java.util.concurrent.ThreadPoolExecutor.runWorker,JSON_Payload
REQ-0655,notify.bugsnag.com,/,file,ThreadPoolExecutor.java,JSON_Payload
REQ-0655,notify.bugsnag.com,/,lineNumber,1086.0,JSON_Payload
REQ-0656,notify.bugsnag.com,/,method,java.util.concurrent.ThreadPoolExecutor$Worker.run,JSON_Payload
REQ-0656,notify.bugsnag.com,/,file,ThreadPoolExecutor.java,JSON_Payload
REQ-0656,notify.bugsnag.com,/,lineNumber,624.0,JSON_Payload
REQ-0657,notify.bugsnag.com,/,method,java.lang.Thread.run,JSON_Payload
REQ-0657,notify.bugsnag.com,/,file,Thread.java,JSON_Payload
REQ-0657,notify.bugsnag.com,/,lineNumber,1572.0,JSON_Payload
REQ-0658,notify.bugsnag.com,/,method,jdk.internal.misc.Unsafe.park,JSON_Payload
REQ-0658,notify.bugsnag.com,/,file,Unsafe.java,JSON_Payload
REQ-0658,notify.bugsnag.com,/,lineNumber,-2.0,JSON_Payload
REQ-0659,notify.bugsnag.com,/,method,java.util.concurrent.locks.LockSupport.parkNanos,JSON_Payload
REQ-0659,notify.bugsnag.com,/,file,LockSupport.java,JSON_Payload
REQ-0659,notify.bugsnag.com,/,lineNumber,417.0,JSON_Payload
REQ-0660,notify.bugsnag.com,/,method,java.util.concurrent.LinkedTransferQueue$DualNode.await,JSON_Payload
REQ-0660,notify.bugsnag.com,/,file,LinkedTransferQueue.java,JSON_Payload
REQ-0660,notify.bugsnag.com,/,lineNumber,452.0,JSON_Payload
REQ-0661,notify.bugsnag.com,/,method,java.util.concurrent.SynchronousQueue$Transferer.xferLifo,JSON_Payload
REQ-0661,notify.bugsnag.com,/,file,SynchronousQueue.java,JSON_Payload
REQ-0661,notify.bugsnag.com,/,lineNumber,194.0,JSON_Payload
REQ-0662,notify.bugsnag.com,/,method,java.util.concurrent.SynchronousQueue.xfer,JSON_Payload
REQ-0662,notify.bugsnag.com,/,file,SynchronousQueue.java,JSON_Payload
REQ-0662,notify.bugsnag.com,/,lineNumber,235.0,JSON_Payload
REQ-0663,notify.bugsnag.com,/,method,java.util.concurrent.SynchronousQueue.poll,JSON_Payload
REQ-0663,notify.bugsnag.com,/,file,SynchronousQueue.java,JSON_Payload
REQ-0663,notify.bugsnag.com,/,lineNumber,338.0,JSON_Payload
REQ-0664,notify.bugsnag.com,/,method,java.util.concurrent.ThreadPoolExecutor.getTask,JSON_Payload
REQ-0664,notify.bugsnag.com,/,file,ThreadPoolExecutor.java,JSON_Payload
REQ-0664,notify.bugsnag.com,/,lineNumber,1025.0,JSON_Payload
REQ-0665,notify.bugsnag.com,/,method,java.util.concurrent.ThreadPoolExecutor.runWorker,JSON_Payload
REQ-0665,notify.bugsnag.com,/,file,ThreadPoolExecutor.java,JSON_Payload
REQ-0665,notify.bugsnag.com,/,lineNumber,1086.0,JSON_Payload
REQ-0666,notify.bugsnag.com,/,method,java.util.concurrent.ThreadPoolExecutor$Worker.run,JSON_Payload
REQ-0666,notify.bugsnag.com,/,file,ThreadPoolExecutor.java,JSON_Payload
REQ-0666,notify.bugsnag.com,/,lineNumber,624.0,JSON_Payload
REQ-0667,notify.bugsnag.com,/,method,java.lang.Thread.run,JSON_Payload
REQ-0667,notify.bugsnag.com,/,file,Thread.java,JSON_Payload
REQ-0667,notify.bugsnag.com,/,lineNumber,1572.0,JSON_Payload
REQ-0668,notify.bugsnag.com,/,method,jdk.internal.misc.Unsafe.park,JSON_Payload
REQ-0668,notify.bugsnag.com,/,file,Unsafe.java,JSON_Payload
REQ-0668,notify.bugsnag.com,/,lineNumber,-2.0,JSON_Payload
REQ-0669,notify.bugsnag.com,/,method,java.util.concurrent.locks.LockSupport.parkNanos,JSON_Payload
REQ-0669,notify.bugsnag.com,/,file,LockSupport.java,JSON_Payload
REQ-0669,notify.bugsnag.com,/,lineNumber,417.0,JSON_Payload
REQ-0670,notify.bugsnag.com,/,method,java.util.concurrent.LinkedTransferQueue$DualNode.await,JSON_Payload
REQ-0670,notify.bugsnag.com,/,file,LinkedTransferQueue.java,JSON_Payload
REQ-0670,notify.bugsnag.com,/,lineNumber,452.0,JSON_Payload
REQ-0671,notify.bugsnag.com,/,method,java.util.concurrent.SynchronousQueue$Transferer.xferLifo,JSON_Payload
REQ-0671,notify.bugsnag.com,/,file,SynchronousQueue.java,JSON_Payload
REQ-0671,notify.bugsnag.com,/,lineNumber,194.0,JSON_Payload
REQ-0672,notify.bugsnag.com,/,method,java.util.concurrent.SynchronousQueue.xfer,JSON_Payload
REQ-0672,notify.bugsnag.com,/,file,SynchronousQueue.java,JSON_Payload
REQ-0672,notify.bugsnag.com,/,lineNumber,235.0,JSON_Payload
REQ-0673,notify.bugsnag.com,/,method,java.util.concurrent.SynchronousQueue.poll,JSON_Payload
REQ-0673,notify.bugsnag.com,/,file,SynchronousQueue.java,JSON_Payload
REQ-0673,notify.bugsnag.com,/,lineNumber,338.0,JSON_Payload
REQ-0674,notify.bugsnag.com,/,method,java.util.concurrent.ThreadPoolExecutor.getTask,JSON_Payload
REQ-0674,notify.bugsnag.com,/,file,ThreadPoolExecutor.java,JSON_Payload
REQ-0674,notify.bugsnag.com,/,lineNumber,1025.0,JSON_Payload
REQ-0675,notify.bugsnag.com,/,method,java.util.concurrent.ThreadPoolExecutor.runWorker,JSON_Payload
REQ-0675,notify.bugsnag.com,/,file,ThreadPoolExecutor.java,JSON_Payload
REQ-0675,notify.bugsnag.com,/,lineNumb er,1086.0,JSON_Payload
REQ-0676,notify.bugsnag.com,/,method,java.util.concurrent.ThreadPoolExecutor$Worker.run,JSON_Payload
REQ-0676,notify.bugsnag.com,/,file,ThreadPoolExecutor.java,JSON_Payload
REQ-0676,notify.bugsnag.com,/,lineNumber,624.0,JSON_Payload
REQ-0677,notify.bugsnag.com,/,method,com.google.firebase.concurrent.CustomThreadFactory.$r8$lambda$XB8AY3Hcio74byWuTzgVEC3Hiek,JSON_Payload
REQ-0677,notify.bugsnag.com,/,file,CustomThreadFactory.java,JSON_Payload
REQ-0677,notify.bugsnag.com,/,lineNumber,47.0,JSON_Payload
REQ-0678,notify.bugsnag.com,/,method,com.google.firebase.concurrent.CustomThreadFactory$$ExternalSyntheticLambda0.run,JSON_Payload
REQ-0678,notify.bugsnag.com,/,file,R8$$SyntheticClass,JSON_Payload
REQ-0678,notify.bugsnag.com,/,lineNumber,0.0,JSON_Payload
REQ-0679,notify.bugsnag.com,/,method,java.lang.Thread.run,JSON_Payload
REQ-0679,notify.bugsnag.com,/,file,Thread.java,JSON_Payload
REQ-0679,notify.bugsnag.com,/,lineNumber,1572.0,JSON_Payload
REQ-0680,notify.bugsnag.com,/,method,jdk.internal.misc.Unsafe.park,JSON_Payload
REQ-0680,notify.bugsnag.com,/,file,Unsafe.java,JSON_Payload
REQ-0680,notify.bugsnag.com,/,lineNumber,-2.0,JSON_Payload
REQ-0681,notify.bugsnag.com,/,method,java.util.concurrent.locks.LockSupport.parkNanos,JSON_Payload
REQ-0681,notify.bugsnag.com,/,file,LockSupport.java,JSON_Payload
REQ-0681,notify.bugsnag.com,/,lineNumber,417.0,JSON_Payload
REQ-0682,notify.bugsnag.com,/,method,java.util.concurrent.LinkedTransferQueue$DualNode.await,JSON_Payload
REQ-0682,notify.bugsnag.com,/,file,LinkedTransferQueue.java,JSON_Payload
REQ-0682,notify.bugsnag.com,/,lineNumber,452.0,JSON_Payload
REQ-0683,notify.bugsnag.com,/,method,java.util.concurrent.SynchronousQueue$Transferer.xferLifo,JSON_Payload
REQ-0683,notify.bugsnag.com,/,file,SynchronousQueue.java,JSON_Payload
REQ-0683,notify.bugsnag.com,/,lineNumber,194.0,JSON_Payload
REQ-0684,notify.bugsnag.com,/,method,java.util.concurrent.SynchronousQueue.xfer,JSON_Payload
REQ-0684,notify.bugsnag.com,/,file,SynchronousQueue.java,JSON_Payload
REQ-0684,notify.bugsnag.com,/,lineNumber,235.0,JSON_Payload
REQ-0685,notify.bugsnag.com,/,method,java.util.concurrent.SynchronousQueue.poll,JSON_Payload
REQ-0685,notify.bugsnag.com,/,file,SynchronousQueue.java,JSON_Payload
REQ-0685,notify.bugsnag.com,/,lineNumber,338.0,JSON_Payload
REQ-0686,notify.bugsnag.com,/,method,java.util.concurrent.ThreadPoolExecutor.getTask,JSON_Payload
REQ-0686,notify.bugsnag.com,/,file,ThreadPoolExecutor.java,JSON_Payload
REQ-0686,notify.bugsnag.com,/,lineNumber,1025.0,JSON_Payload
REQ-0687,notify.bugsnag.com,/,method,java.util.concurrent.ThreadPoolExecutor.runWorker,JSON_Payload
REQ-0687,notify.bugsnag.com,/,file,ThreadPoolExecutor.java,JSON_Payload
REQ-0687,notify.bugsnag.com,/,lineNumber,1086.0,JSON_Payload
REQ-0688,notify.bugsnag.com,/,method,java.util.concurrent.ThreadPoolExecutor$Worker.run,JSON_Payload
REQ-0688,notify.bugsnag.com,/,file,ThreadPoolExecutor.java,JSON_Payload
REQ-0688,notify.bugsnag.com,/,lineNumber,624.0,JSON_Payload
REQ-0689,notify.bugsnag.com,/,method,com.google.firebase.concurrent.CustomThreadFactory.$r8$lambda$XB8AY3Hcio74byWuTzgVEC3Hiek,JSON_Payload
REQ-0689,notify.bugsnag.com,/,file,CustomThreadFactory.java,JSON_Payload
REQ-0689,notify.bugsnag.com,/,lineNumber,47.0,JSON_Payload
REQ-0690,notify.bugsnag.com,/,method,com.google.firebase.concurrent.CustomThreadFactory$$ExternalSyntheticLambda0.run,JSON_Payload
REQ-0690,notify.bugsnag.com,/,file,R8$$SyntheticClass,JSON_Payload
REQ-0690,notify.bugsnag.com,/,lineNumber,0.0,JSON_Payload
REQ-0691,notify.bugsnag.com,/,method,java.lang.Thread.run,JSON_Payload
REQ-0691,notify.bugsnag.com,/,file,Thread.java,JSON_Payload
REQ-0691,notify.bugsnag.com,/,lineNumber,1572.0,JSON_Payload
REQ-0692,notify.bugsnag.com,/,method,jdk.internal.misc.Unsafe.park,JSON_Payload
REQ-0692,notify.bugsnag.com,/,file,Unsafe.java,JSON_Payload
REQ-0692,notify.bugsnag.com,/,lineNumber,-2.0,JSON_Payload
REQ-0693,notify.bugsnag.com,/,method,java.util.concurrent.locks.LockSupport.parkNanos,JSON_Payload
REQ-0693,notify.bugsnag.com,/,file,LockSupport.java,JSON_Payload
REQ-0693,notify.bugsnag.com,/,lineNumber,417.0,JSON_Payload
REQ-0694,notify.bugsnag.com,/,method,java.util.concurrent.LinkedTransferQueue$DualNode.await,JSON_Payload
REQ-0694,notify.bugsnag.com,/,file,LinkedTransferQueue.java,JSON_Payload
REQ-0694,notify.bugsnag.com,/,lineNumber,452.0,JSON_Payload
REQ-0695,notify.bugsnag.com,/,method,java.util.concurrent.SynchronousQueue$Transferer.xferLifo,JSON_Payload
REQ-0695,notify.bugsnag.com,/,file,SynchronousQueue.java,JSON_Payload
REQ-0695,notify.bugsnag.com,/,lineNumber,194.0,JSON_Payload
REQ-0696,notify.bugsnag.com,/,method,java.util.concurrent.SynchronousQueue.xfer,JSON_Payload
REQ-0696,notify.bugsnag.com,/,file,SynchronousQueue.java,JSON_Payload
REQ-0696,notify.bugsnag.com,/,lineNumber,235.0,JSON_Payload
REQ-0697,notify.bugsnag.com,/,method,java.util.concurrent.SynchronousQueue.poll,JSON_Payload
REQ-0697,notify.bugsnag.com,/,file,SynchronousQueue.java,JSON_Payload
REQ-0697,notify.bugsnag.com,/,lineNumber,338.0,JSON_Payload
REQ-0698,notify.bugsnag.com,/,method,java.util.concurrent.ThreadPoolExecutor.getTask,JSON_Payload
REQ-0698,notify.bugsnag.com,/,file,ThreadPoolExecutor.java,JSON_Payload
REQ-0698,notify.bugsnag.com,/,lineNumber,1025.0,JSON_Payload
REQ-0699,notify.bugsnag.com,/,method,java.util.concurrent.ThreadPoolExecutor.runWorker,JSON_Payload
REQ-0699,notify.bugsnag.com,/,file,ThreadPoolExecutor.java,JSON_Payload
REQ-0699,notify.bugsnag.com,/,lineNumber,1086.0,JSON_Payload
REQ-0700,notify.bugsnag.com,/,method,java.util.concurrent.ThreadPoolExecutor$Worker.run,JSON_Payload
REQ-0700,notify.bugsnag.com,/,file,ThreadPoolExecutor.java,JSON_Payload
REQ-0700,notify.bugsnag.com,/,lineNumber,624.0,JSON_Payload
REQ-0701,notify.bugsnag.com,/,method,com.google.firebase.concurrent.CustomThreadFactory.$r8$lambda$XB8AY3Hcio74byWuTzgVEC3Hiek,JSON_Payload
REQ-0701,notify.bugsnag.com,/,file,CustomThreadFactory.java,JSON_Payload
REQ-0701,notify.bugsnag.com,/,lineNumber,47.0,JSON_Payload
REQ-0702,notify.bugsnag.com,/,method,com.google.firebase.concurrent.CustomThreadFactory$$ExternalSyntheticLambda0.run,JSON_Payload
REQ-0702,notify.bugsnag.com,/,file,R8$$SyntheticClass,JSON_Payload
REQ-0702,notify.bugsnag.com,/,lineNumber,0.0,JSON_Payload
REQ-0703,notify.bugsnag.com,/,method,java.lang.Thread.run,JSON_Payload
REQ-0703,notify.bugsnag.com,/,file,Thread.java,JSON_Payload
REQ-0703,notify.bugsnag.com,/,lineNumber,1572.0,JSON_Payload
REQ-0704,notify.bugsnag.com,/,method,jdk.internal.misc.Unsafe.park,JSON_Payload
REQ-0704,notify.bugsnag.com,/,file,Unsafe.java,JSON_Payload
REQ-0704,notify.bugsnag.com,/,lineNumber,-2.0,JSON_Payload
REQ-0705,notify.bugsnag.com,/,method,java.util.concurrent.locks.LockSupport.parkNanos,JSON_Payload
REQ-0705,notify.bugsnag.com,/,file,LockSupport.java,JSON_Payload
REQ-0705,notify.bugsnag.com,/,lineNumber,417.0,JSON_Payload
REQ-0706,notify.bugsnag.com,/,method,java.util.concurrent.LinkedTransferQueue$DualNode.await,JSON_Payload
REQ-0706,notify.bugsnag.com,/,file,LinkedTransferQueue.java,JSON_Payload
REQ-0706,notify.bugsnag.com,/,lineNumber,452.0,JSON_Payload
REQ-0707,notify.bugsnag.com,/,method,java.util.concurrent.SynchronousQueue$Transferer.xferLifo,JSON_Payload
REQ-0707,notify.bugsnag.com,/,file,SynchronousQueue.java,JSON_Payload
REQ-0707,notify.bugsnag.com,/,lineNumber,194.0,JSON_Payload
REQ-0708,notify.bugsnag.com,/,method,java.util.concurrent.SynchronousQueue.xfer,JSON_Payload
REQ-0708,notify.bugsnag.com,/,file,SynchronousQueue.java,JSON_Payload
REQ-0708,notify.bugsnag.com,/,lineNumber,235.0,JSON_Payload
REQ-0709,notify.bugsnag.com,/,method,java.util.concurrent.SynchronousQueue.poll,JSON_Payload
REQ-0709,notify.bugsnag.com,/,file,SynchronousQueue.java,JSON_Payload
REQ-0709,notify.bugsnag.com,/,lineNumber,338.0,JSON_Payload
REQ-0710,notify.bugsnag.com,/,method,java.util.concurrent.ThreadPoolExecutor.getTask,JSON_Payload
REQ-0710,notify.bugsnag.com,/,file,ThreadPoolExecutor.java,JSON_Payload
REQ-0710,notify.bugsnag.com,/,lineNumber,1025.0,JSON_Payload
REQ-0711,notify.bugsnag.com,/,method,java.util.concurrent.ThreadPoolExecutor.runWorker,JSON_Payload
REQ-0711,notify.bugsnag.com,/,file,ThreadPoolExecutor.java,JSON_Payload
REQ-0711,notify.bugsnag.com,/,lineNumber,1086.0,JSON_Payload
REQ-0712,notify.bugsnag.com,/,method,java.util.concurrent.ThreadPoolExecutor$Worker.run,JSON_Payload
REQ-0712,notify.bugsnag.com,/,file,ThreadPoolExecutor.java,JSON_Payload
REQ-0712,notify.bugsnag.com,/,lineNumber,624.0,JSON_Payload
REQ-0713,notify.bugsnag.com,/,method,com.google.firebase.concurrent.CustomThreadFactory.$r8$lambda$XB8AY3Hcio74byWuTzgVEC3Hiek,JSON_Payload
REQ-0713,notify.bugsnag.com,/,file,CustomThreadFactory.java,JSON_Payload
REQ-0713,notify.bugsnag.com,/,lineNumber,47.0,JSON_Payload
REQ-0714,notify.bugsnag.com,/,method,com.google.firebase.concurrent.CustomThreadFactory$$ExternalSyntheticLambda0.run,JSON_Payload
REQ-0714,notify.bugsnag.com,/,file,R8$$SyntheticClass,JSON_Payload
REQ-0714,notify.bugsnag.com,/,lineNumber,0.0,JSON_Payload
REQ-0715,notify.bugsnag.com,/,method,java.lang.Thread.run,JSON_Payload
REQ-0715,notify.bugsnag.com,/,file,Thread.java,JSON_Payload
REQ-0715,notify.bugsnag.com,/,lineNumber,1572.0,JSON_Payload
REQ-0716,notify.bugsnag.com,/,method,java.lang.Object.wait,JSON_Payload
REQ-0716,notify.bugsnag.com,/,file,Object.java,JSON_Payload
REQ-0716,notify.bugsnag.com,/,lineNumber,-2.0,JSON_Payload
REQ-0717,notify.bugsnag.com,/,method,com.android.okhttp.okio.AsyncTimeout.awaitTimeout,JSON_Payload
REQ-0717,notify.bugsnag.com,/,file,AsyncTimeout.java,JSON_Payload
REQ-0717,notify.bugsnag.com,/,lineNumber,325.0,JSON_Payload
REQ-0718,notify.bugsnag.com,/,method,com.android.okhttp.okio.AsyncTimeout.access$000,JSON_Payload
REQ-0718,notify.bugsnag.com,/,file,AsyncTimeout.java,JSON_Payload
REQ-0718,notify.bugsnag.com,/,lineNumber,42.0,JSON_Payload
REQ-0719,notify.bugsnag.com,/,method,com.android.okhttp.okio.AsyncTimeout$Watchdog.run,JSON_Payload
REQ-0719,notify.bugsnag.com,/,file,AsyncTimeout.java,JSON_Payload
REQ-0719,notify.bugsnag.com,/,lineNumber,288.0,JSON_Payload
REQ-0720,notify.bugsnag.com,/,method,jdk.internal.misc.Unsafe.park,JSON_Payload
REQ-0720,notify.bugsnag.com,/,file,Unsafe.java,JSON_Payload
REQ-0720,notify.bugsnag.com,/,lineNumber,-2.0,JSON_Payload
REQ-0721,notify.bugsnag.com,/,method,java.util.concurrent.locks.LockSupport.park,JSON_Payload
REQ-0721,notify.bugsnag.com,/,file,LockSupport.java,JSON_Payload
REQ-0721,notify.bugsnag.com,/,lineNumber,376.0,JSON_Payload
REQ-0722,notify.bugsnag.com,/,method,java.util.concurrent.locks.AbstractQueuedSynchronizer$ConditionNode.block,JSON_Payload
REQ-0722,notify.bugsnag.com,/,file,AbstractQueuedSynchronizer.java,JSON_Payload
REQ-0722,notify.bugsnag.com,/,lineNumber,520.0,JSON_Payload
REQ-0723,notify.bugsnag.com,/,method,java.util.concurrent.ForkJoinPool.unmanagedBlock,JSON_Payload
REQ-0723,notify.bugsnag.com,/,file,ForkJoinPool.java,JSON_Payload
REQ-0723,notify.bugsnag.com,/,lineNumber,3797.0,JSON_Payload
REQ-0724,notify.bugsnag.com,/,method,java.util.concurrent.ForkJoinPool.managedBlock,JSON_Payload
REQ-0724,notify.bugsnag.com,/,file,ForkJoinPool.java,JSON_Payload
REQ-0724,notify.bugsnag.com,/,lineNumber,3738.0,JSON_Payload
REQ-0725,notify.bugsnag.com,/,method,java.util.concurrent.locks.AbstractQueuedSynchronizer$ConditionObject.await,JSON_Payload
REQ-0725,notify.bugsnag.com,/,file,AbstractQueuedSynchronizer.java,JSON_Payload
REQ-0725,notify.bugsnag.com,/,lineNumber,1752.0,JSON_Payload
REQ-0726,notify.bugsnag.com,/,method,java.util.concurrent.LinkedBlockingDeque.takeFirst,JSON_Payload
REQ-0726,notify.bugsnag.com,/,file,LinkedBlockingDeque.java,JSON_Payload
REQ-0726,notify.bugsnag.com,/,lineNumber,486.0,JSON_Payload
REQ-0727,notify.bugsnag.com,/,method,java.util.concurrent.LinkedBlockingDeque.take,JSON_Payload
REQ-0727,notify.bugsnag.com,/,file,LinkedBlockingDeque.java,JSON_Payload
REQ-0727,notify.bugsnag.com,/,lineNumber,680.0,JSON_Payload
REQ-0728,notify.bugsnag.com,/,method,com.microsoft.clarity.i.y.invoke,JSON_Payload
REQ-0728,notify.bugsnag.com,/,file,SourceFile,JSON_Payload
REQ-0728,notify.bugsnag.com,/,lineNumber,3.0,JSON_Payload
REQ-0729,notify.bugsnag.com,/,method,com.microsoft.clarity.q.g.a,JSON_Payload
REQ-0729,notify.bugsnag.com,/,file,SourceFile,JSON_Payload
REQ-0729,notify.bugsnag.com,/,lineNumber,2.0,JSON_Payload
REQ-0730,notify.bugsnag.com,/,method,com.microsoft.clarity.q.g.a,JSON_Payload
REQ-0730,notify.bugsnag.com,/,file,SourceFile,JSON_Payload
REQ-0730,notify.bugsnag.com,/,lineNumber,1.0,JSON_Payload
REQ-0731,notify.bugsnag.com,/,method,com.microsoft.clarity.i.P.a,JSON_Payload
REQ-0731,notify.bugsnag.com,/,file,SourceFile,JSON_Payload
REQ-0731,notify.bugsnag.com,/,lineNumber,3074.0,JSON_Payload
REQ-0732,notify.bugsnag.com,/,method,com.microsoft.clarity.i.P$$ExternalSyntheticLambda0.run,JSON_Payload
REQ-0732,notify.bugsnag.com,/,file,R8$$SyntheticClass,JSON_Payload
REQ-0732,notify.bugsnag.com,/,lineNumber,0.0,JSON_Payload
REQ-0733,notify.bugsnag.com,/,method,java.lang.Thread.run,JSON_Payload
REQ-0733,notify.bugsnag.com,/,file,Thread.java,JSON_Payload
REQ-0733,notify.bugsnag.com,/,lineNumber,1572.0,JSON_Payload
REQ-0734,notify.bugsnag.com,/,method,jdk.internal.misc.Unsafe.park,JSON_Payload
REQ-0734,notify.bugsnag.com,/,file,Unsafe.java,JSON_Payload
REQ-0734,notify.bugsnag.com,/,lineNumber,-2.0,JSON_Payload
REQ-0735,notify.bugsnag.com,/,method,java.util.concurrent.locks.LockSupport.park,JSON_Payload
REQ-0735,notify.bugsnag.com,/,file,LockSupport.java,JSON_Payload
REQ-0735,notify.bugsnag.com,/,lineNumber,376.0,JSON_Payload
REQ-0736,notify.bugsnag.com,/,method,java.util.concurrent.locks.AbstractQueuedSynchronizer$ConditionNode.block,JSON_Payload
REQ-0736,notify.bugsnag.com,/,file,AbstractQueuedSynchronizer.java,JSON_Payload
REQ-0736,notify.bugsnag.com,/,lineNumber,520.0,JSON_Payload
REQ-0737,notify.bugsnag.com,/,method,java.util.concurrent.ForkJoinPool.unmanagedBlock,JSON_Payload
REQ-0737,notify.bugsnag.com,/,file,ForkJoinPool.java,JSON_Payload
REQ-0737,notify.bugsnag.com,/,lineNumber,3797.0,JSON_Payload
REQ-0738,notify.bugsnag.com,/,method,java.util.concurrent.ForkJoinPool.managedBlock,JSON_Payload
REQ-0738,notify.bugsnag.com,/,file,ForkJoinPool.java,JSON_Payload
REQ-0738,notify.bugsnag.com,/,lineNumber,3738.0,JSON_Payload
REQ-0739,notify.bugsnag.com,/,method,java.util.concurrent.locks.AbstractQueuedSynchronizer$ConditionObject.await,JSON_Payload
REQ-0739,notify.bugsnag.com,/,file,AbstractQueuedSynchronizer.java,JSON_Payload
REQ-0739,notify.bugsnag.com,/,lineNumber,1752.0,JSON_Payload
REQ-0740,notify.bugsnag.com,/,method,java.util.concurrent.LinkedBlockingQueue.take,JSON_Payload
REQ-0740,notify.bugsnag.com,/,file,LinkedBlockingQueue.java,JSON_Payload
REQ-0740,notify.bugsnag.com,/,lineNumber,435.0,JSON_Payload
REQ-0741,notify.bugsnag.com,/,method,com.microsoft.clarity.g.O.invoke,JSON_Payload
REQ-0741,notify.bugsnag.com,/,file,SourceFile,JSON_Payload
REQ-0741,notify.bugsnag.com,/,lineNumber,3.0,JSON_Payload
REQ-0742,notify.bugsnag.com,/,method,com.microsoft.clarity.q.g.a,JSON_Payload
REQ-0742,notify.bugsnag.com,/,file,SourceFile,JSON_Payload
REQ-0742,notify.bugsnag.com,/,lineNumber,2.0,JSON_Payload
REQ-0743,notify.bugsnag.com,/,method,com.microsoft.clarity.q.g.a,JSON_Payload
REQ-0743,notify.bugsnag.com,/,file,SourceFile,JSON_Payload
REQ-0743,notify.bugsnag.com,/,lineNumber,1.0,JSON_Payload
REQ-0744,notify.bugsnag.com,/,method,com.microsoft.clarity.g.S.a,JSON_Payload
REQ-0744,notify.bugsnag.com,/,file,SourceFile,JSON_Payload
REQ-0744,notify.bugsnag.com,/,lineNumber,432.0,JSON_Payload
REQ-0745,notify.bugsnag.com,/,method,com.microsoft.clarity.g.S$$ExternalSyntheticLambda0.run,JSON_Payload
REQ-0745,notify.bugsnag.com,/,file,R8$$ SyntheticClass,JSON_Payload
REQ-0745,notify.bugsnag.com,/,lineNumber,0.0,JSON_Payload
REQ-0746,notify.bugsnag.com,/,method,java.lang.Thread.run,JSON_Payload
REQ-0746,notify.bugsnag.com,/,file,Thread.java,JSON_Payload
REQ-0746,notify.bugsnag.com,/,lineNumber,1572.0,JSON_Payload
REQ-0747,notify.bugsnag.com,/,method,jdk.internal.misc.Unsafe.park,JSON_Payload
REQ-0747,notify.bugsnag.com,/,file,Unsafe.java,JSON_Payload
REQ-0747,notify.bugsnag.com,/,lineNumber,-2.0,JSON_Payload
REQ-0748,notify.bugsnag.com,/,method,java.util.concurrent.locks.LockSupport.park,JSON_Payload
REQ-0748,notify.bugsnag.com,/,file,LockSupport.java,JSON_Payload
REQ-0748,notify.bugsnag.com,/,lineNumber,376.0,JSON_Payload
REQ-0749,notify.bugsnag.com,/,method,java.util.concurrent.locks.AbstractQueuedSynchronizer$ConditionNode.block,JSON_Payload
REQ-0749,notify.bugsnag.com,/,file,AbstractQueuedSynchronizer.java,JSON_Payload
REQ-0749,notify.bugsnag.com,/,lineNumber,520.0,JSON_Payload
REQ-0750,notify.bugsnag.com,/,method,java.util.concurrent.ForkJoinPool.unmanagedBlock,JSON_Payload
REQ-0750,notify.bugsnag.com,/,file,ForkJoinPool.java,JSON_Payload
REQ-0750,notify.bugsnag.com,/,lineNumber,3797.0,JSON_Payload
REQ-0751,notify.bugsnag.com,/,method,java.util.concurrent.ForkJoinPool.managedBlock,JSON_Payload
REQ-0751,notify.bugsnag.com,/,file,ForkJoinPool.java,JSON_Payload
REQ-0751,notify.bugsnag.com,/,lineNumber,3738.0,JSON_Payload
REQ-0752,notify.bugsnag.com,/,method,java.util.concurrent.locks.AbstractQueuedSynchronizer$ConditionObject.await,JSON_Payload
REQ-0752,notify.bugsnag.com,/,file,AbstractQueuedSynchronizer.java,JSON_Payload
REQ-0752,notify.bugsnag.com,/,lineNumber,1752.0,JSON_Payload
REQ-0753,notify.bugsnag.com,/,method,java.util.concurrent.LinkedBlockingQueue.take,JSON_Payload
REQ-0753,notify.bugsnag.com,/,file,LinkedBlockingQueue.java,JSON_Payload
REQ-0753,notify.bugsnag.com,/,lineNumber,435.0,JSON_Payload
REQ-0754,notify.bugsnag.com,/,method,com.microsoft.clarity.i.h.invoke,JSON_Payload
REQ-0754,notify.bugsnag.com,/,file,SourceFile,JSON_Payload
REQ-0754,notify.bugsnag.com,/,lineNumber,3.0,JSON_Payload
REQ-0755,notify.bugsnag.com,/,method,com.microsoft.clarity.q.g.a,JSON_Payload
REQ-0755,notify.bugsnag.com,/,file,SourceFile,JSON_Payload
REQ-0755,notify.bugsnag.com,/,lineNumber,2.0,JSON_Payload
REQ-0756,notify.bugsnag.com,/,method,com.microsoft.clarity.q.g.a,JSON_Payload
REQ-0756,notify.bugsnag.com,/,file,SourceFile,JSON_Payload
REQ-0756,notify.bugsnag.com,/,lineNumber,1.0,JSON_Payload
REQ-0757,notify.bugsnag.com,/,method,com.microsoft.clarity.i.q.b,JSON_Payload
REQ-0757,notify.bugsnag.com,/,file,SourceFile,JSON_Payload
REQ-0757,notify.bugsnag.com,/,lineNumber,24.0,JSON_Payload
REQ-0758,notify.bugsnag.com,/,method,com.microsoft.clarity.i.q$$ExternalSyntheticLambda0.run,JSON_Payload
REQ-0758,notify.bugsnag.com,/,file,R8$$SyntheticClass,JSON_Payload
REQ-0758,notify.bugsnag.com,/,lineNumber,0.0,JSON_Payload
REQ-0759,notify.bugsnag.com,/,method,java.lang.Thread.run,JSON_Payload
REQ-0759,notify.bugsnag.com,/,file,Thread.java,JSON_Payload
REQ-0759,notify.bugsnag.com,/,lineNumber,1572.0,JSON_Payload
REQ-0760,notify.bugsnag.com,/,method,jdk.internal.misc.Unsafe.park,JSON_Payload
REQ-0760,notify.bugsnag.com,/,file,Unsafe.java,JSON_Payload
REQ-0760,notify.bugsnag.com,/,lineNumber,-2.0,JSON_Payload
REQ-0761,notify.bugsnag.com,/,method,java.util.concurrent.locks.LockSupport.park,JSON_Payload
REQ-0761,notify.bugsnag.com,/,file,LockSupport.java,JSON_Payload
REQ-0761,notify.bugsnag.com,/,lineNumber,376.0,JSON_Payload
REQ-0762,notify.bugsnag.com,/,method,java.util.concurrent.locks.AbstractQueuedSynchronizer$ConditionNode.block,JSON_Payload
REQ-0762,notify.bugsnag.com,/,file,AbstractQueuedSynchronizer.java,JSON_Payload
REQ-0762,notify.bugsnag.com,/,lineNumber,520.0,JSON_Payload
REQ-0763,notify.bugsnag.com,/,method,java.util.concurrent.ForkJoinPool.unmanagedBlock,JSON_Payload
REQ-0763,notify.bugsnag.com,/,file,ForkJoinPool.java,JSON_Payload
REQ-0763,notify.bugsnag.com,/,lineNumber,3797.0,JSON_Payload
REQ-0764,notify.bugsnag.com,/,method,java.util.concurrent.ForkJoinPool.managedBlock,JSON_Payload
REQ-0764,notify.bugsnag.com,/,file,ForkJoinPool.java,JSON_Payload
REQ-0764,notify.bugsnag.com,/,lineNumber,3738.0,JSON_Payload
REQ-0765,notify.bugsnag.com,/,method,java.util.concurrent.locks.AbstractQueuedSynchronizer$ConditionObject.await,JSON_Payload
REQ-0765,notify.bugsnag.com,/,file,AbstractQueuedSynchronizer.java,JSON_Payload
REQ-0765,notify.bugsnag.com,/,lineNumber,1752.0,JSON_Payload
REQ-0766,notify.bugsnag.com,/,method,java.util.concurrent.LinkedBlockingQueue.take,JSON_Payload
REQ-0766,notify.bugsnag.com,/,file,LinkedBlockingQueue.java,JSON_Payload
REQ-0766,notify.bugsnag.com,/,lineNumber,435.0,JSON_Payload
REQ-0767,notify.bugsnag.com,/,method,java.util.concurrent.ThreadPoolExecutor.getTask,JSON_Payload
REQ-0767,notify.bugsnag.com,/,file,ThreadPoolExecutor.java,JSON_Payload
REQ-0767,notify.bugsnag.com,/,lineNumber,1026.0,JSON_Payload
REQ-0768,notify.bugsnag.com,/,method,java.util.concurrent.ThreadPoolExecutor.runWorker,JSON_Payload
REQ-0768,notify.bugsnag.com,/,file,ThreadPoolExecutor.java,JSON_Payload
REQ-0768,notify.bugsnag.com,/,lineNumber,1086.0,JSON_Payload
REQ-0769,notify.bugsnag.com,/,method,java.util.concurrent.ThreadPoolExecutor$Worker.run,JSON_Payload
REQ-0769,notify.bugsnag.com,/,file,ThreadPoolExecutor.java,JSON_Payload
REQ-0769,notify.bugsnag.com,/,lineNumber,624.0,JSON_Payload
REQ-0770,notify.bugsnag.com,/,method,java.lang.Thread.run,JSON_Payload
REQ-0770,notify.bugsnag.com,/,file,Thread.java,JSON_Payload
REQ-0770,notify.bugsnag.com,/,lineNumber,1572.0,JSON_Payload
REQ-0771,notify.bugsnag.com,/,method,jdk.internal.misc.Unsafe.park,JSON_Payload
REQ-0771,notify.bugsnag.com,/,file,Unsafe.java,JSON_Payload
REQ-0771,notify.bugsnag.com,/,lineNumber,-2.0,JSON_Payload
REQ-0772,notify.bugsnag.com,/,method,java.util.concurrent.locks.LockSupport.park,JSON_Payload
REQ-0772,notify.bugsnag.com,/,file,LockSupport.java,JSON_Payload
REQ-0772,notify.bugsnag.com,/,lineNumber,376.0,JSON_Payload
REQ-0773,notify.bugsnag.com,/,method,java.util.concurrent.locks.AbstractQueuedSynchronizer$ConditionNode.block,JSON_Payload
REQ-0773,notify.bugsnag.com,/,file,AbstractQueuedSynchronizer.java,JSON_Payload
REQ-0773,notify.bugsnag.com,/,lineNumber,520.0,JSON_Payload
REQ-0774,notify.bugsnag.com,/,method,java.util.concurrent.ForkJoinPool.unmanagedBlock,JSON_Payload
REQ-0774,notify.bugsnag.com,/,file,ForkJoinPool.java,JSON_Payload
REQ-0774,notify.bugsnag.com,/,lineNumber,3797.0,JSON_Payload
REQ-0775,notify.bugsnag.com,/,method,java.util.concurrent.ForkJoinPool.managedBlock,JSON_Payload
REQ-0775,notify.bugsnag.com,/,file,ForkJoinPool.java,JSON_Payload
REQ-0775,notify.bugsnag.com,/,lineNumber,3738.0,JSON_Payload
REQ-0776,notify.bugsnag.com,/,method,java.util.concurrent.locks.AbstractQueuedSynchronizer$ConditionObject.await,JSON_Payload
REQ-0776,notify.bugsnag.com,/,file,AbstractQueuedSynchronizer.java,JSON_Payload
REQ-0776,notify.bugsnag.com,/,lineNumber,1752.0,JSON_Payload
REQ-0777,notify.bugsnag.com,/,method,java.util.concurrent.LinkedBlockingQueue.take,JSON_Payload
REQ-0777,notify.bugsnag.com,/,file,LinkedBlockingQueue.java,JSON_Payload
REQ-0777,notify.bugsnag.com,/,lineNumber,435.0,JSON_Payload
REQ-0778,notify.bugsnag.com,/,method,java.util.concurrent.ThreadPoolExecutor.getTask,JSON_Payload
REQ-0778,notify.bugsnag.com,/,file,ThreadPoolExecutor.java,JSON_Payload
REQ-0778,notify.bugsnag.com,/,lineNumber,1026.0,JSON_Payload
REQ-0779,notify.bugsnag.com,/,method,java.util.concurrent.ThreadPoolExecutor.runWorker,JSON_Payload
REQ-0779,notify.bugsnag.com,/,file,ThreadPoolExecutor.java,JSON_Payload
REQ-0779,notify.bugsnag.com,/,lineNumber,1086.0,JSON_Payload
REQ-0780,notify.bugsnag.com,/,method,java.util.concurrent.ThreadPoolExecutor$Worker.run,JSON_Payload
REQ-0780,notify.bugsnag.com,/,file,ThreadPoolExecutor.java,JSON_Payload
REQ-0780,notify.bugsnag.com,/,lineNumber,624.0,JSON_Payload
REQ-0781,notify.bugsnag.com,/,method,java.lang.Thread.run,JSON_Payload
REQ-0781,notify.bugsnag.com,/,file,Thread.java,JSON_Payload
REQ-0781,notify.bugsnag.com,/,lineNumber,1572.0,JSON_Payload
REQ-0782,notify.bugsnag.com,/,method,jdk.internal.misc.Unsafe.park,JSON_Payload
REQ-0782,notify.bugsnag.com,/,file,Unsafe.java,JSON_Payload
REQ-0782,notify.bugsnag.com,/,lineNumber,-2.0,JSON_Payload
REQ-0783,notify.bugsnag.com,/,method,java.util.concurrent.locks.LockSupport.park,JSON_Payload
REQ-0783,notify.bugsnag.com,/,file,LockSupport.java,JSON_Payload
REQ-0783,notify.bugsnag.com,/,lineNumber,376.0,JSON_Payload
REQ-0784,notify.bugsnag.com,/,method,java.util.concurrent.locks.AbstractQueuedSynchronizer$ConditionNode.block,JSON_Payload
REQ-0784,notify.bugsnag.com,/,file,AbstractQueuedSynchronizer.java,JSON_Payload
REQ-0784,notify.bugsnag.com,/,lineNumber,520.0,JSON_Payload
REQ-0785,notify.bugsnag.com,/,method,java.util.concurrent.ForkJoinPool.unmanagedBlock,JSON_Payload
REQ-0785,notify.bugsnag.com,/,file,ForkJoinPool.java,JSON_Payload
REQ-0785,notify.bugsnag.com,/,lineNumber,3797.0,JSON_Payload
REQ-0786,notify.bugsnag.com,/,method,java.util.concurrent.ForkJoinPool.managedBlock,JSON_Payload
REQ-0786,notify.bugsnag.com,/,file,ForkJoinPool.java,JSON_Payload
REQ-0786,notify.bugsnag.com,/,lineNumber,3738.0,JSON_Payload
REQ-0787,notify.bugsnag.com,/,method,java.util.concurrent.locks.AbstractQueuedSynchronizer$ConditionObject.await,JSON_Payload
REQ-0787,notify.bugsnag.com,/,file,AbstractQueuedSynchronizer.java,JSON_Payload
REQ-0787,notify.bugsnag.com,/,lineNumber,1752.0,JSON_Payload
REQ-0788,notify.bugsnag.com,/,method,java.util.concurrent.LinkedBlockingQueue.take,JSON_Payload
REQ-0788,notify.bugsnag.com,/,file,LinkedBlockingQueue.java,JSON_Payload
REQ-0788,notify.bugsnag.com,/,lineNumber,435.0,JSON_Payload
REQ-0789,notify.bugsnag.com,/,method,java.util.concurrent.ThreadPoolExecutor.getTask,JSON_Payload
REQ-0789,notify.bugsnag.com,/,file,ThreadPoolExecutor.java,JSON_Payload
REQ-0789,notify.bugsnag.com,/,lineNumber,1026.0,JSON_Payload
REQ-0790,notify.bugsnag.com,/,method,java.util.concurrent.ThreadPoolExecutor.runWorker,JSON_Payload
REQ-0790,notify.bugsnag.com,/,file,ThreadPoolExecutor.java,JSON_Payload
REQ-0790,notify.bugsnag.com,/,lineNumber,1086.0,JSON_Payload
REQ-0791,notify.bugsnag.com,/,method,java.util.concurrent.ThreadPoolExecutor$Worker.run,JSON_Payload
REQ-0791,notify.bugsnag.com,/,file,ThreadPoolExecutor.java,JSON_Payload
REQ-0791,notify.bugsnag.com,/,lineNumber,624.0,JSON_Payload
REQ-0792,notify.bugsnag.com,/,method,java.lang.Thread.run,JSON_Payload
REQ-0792,notify.bugsnag.com,/,file,Thread.java,JSON_Payload
REQ-0792,notify.bugsnag.com,/,lineNumber,1572.0,JSON_Payload
REQ-0793,notify.bugsnag.com,/,method,jdk.internal.misc.Unsafe.park,JSON_Payload
REQ-0793,notify.bugsnag.com,/,file,Unsafe.java,JSON_Payload
REQ-0793,notify.bugsnag.com,/,lineNumber,-2.0,JSON_Payload
REQ-0794,notify.bugsnag.com,/,method,java.util.concurrent.locks.LockSupport.park,JSON_Payload
REQ-0794,notify.bugsnag.com,/,file,LockSupport.java,JSON_Payload
REQ-0794,notify.bugsnag.com,/,lineNumber,376.0,JSON_Payload
REQ-0795,notify.bugsnag.com,/,method,java.util.concurrent.locks.AbstractQueuedSynchronizer$ConditionNode.block,JSON_Payload
REQ-0795,notify.bugsnag.com,/,file,AbstractQueuedSynchronizer.java,JSON_Payload
REQ-0795,notify.bugsnag.com,/,lineNumber,520.0,JSON_Payload
REQ-0796,notify.bugsnag.com,/,method,java.util.concurrent.ForkJoinPool.unmanagedBlock,JSON_Payload
REQ-0796,notify.bugsnag.com,/,file,ForkJoinPool.java,JSON_Payload
REQ-0796,notify.bugsnag.com,/,lineNumber,3797.0,JSON_Payload
REQ-0797,notify.bugsnag.com,/,method,java.util.concurrent.ForkJoinPool.managedBlock,JSON_Payload
REQ-0797,notify.bugsnag.com,/,file,ForkJoinPool.java,JSON_Payload
REQ-0797,notify.bugsnag.com,/,lineNumber,3738.0,JSON_Payload
REQ-0798,notify.bugsnag.com,/,method,java.util.concurrent.locks.AbstractQueuedSynchronizer$ConditionObject.await,JSON_Payload
REQ-0798,notify.bugsnag.com,/,file,AbstractQueuedSynchronizer.java,JSON_Payload
REQ-0798,notify.bugsnag.com,/,lineNumber,1752.0,JSON_Payload
REQ-0799,notify.bugsnag.com,/,method,java.util.concurrent.LinkedBlockingQueue.take,JSON_Payload
REQ-0799,notify.bugsnag.com,/,file,LinkedBlockingQueue.java,JSON_Payload
REQ-0799,notify.bugsnag.com,/,lineNumber,435.0,JSON_Payload
REQ-0800,notify.bugsnag.com,/,method,java.util.concurrent.ThreadPoolExecutor.getTask,JSON_Payload
REQ-0800,notify.bugsnag.com,/,file,ThreadPoolExecutor.java,JSON_Payload
REQ-0800,notify.bugsnag.com,/,lineNumber,1026.0,JSON_Payload
REQ-0801,notify.bugsnag.com,/,method,java.util.concurrent.ThreadPoolExecutor.runWorker,JSON_Payload
REQ-0801,notify.bugsnag.com,/,file,ThreadPoolExecutor.java,JSON_Payload
REQ-0801,notify.bugsnag.com,/,lineNumber,1086.0,JSON_Payload
REQ-0802,notify.bugsnag.com,/,method,java.util.concurrent.ThreadPoolExecutor$Worker.run,JSON_Payload
REQ-0802,notify.bugsnag.com,/,file,ThreadPoolExecutor.java,JSON_Payload
REQ-0802,notify.bugsnag.com,/,lineNumber,624.0,JSON_Payload
REQ-0803,notify.bugsnag.com,/,method,java.lang.Thread.run,JSON_Payload
REQ-0803,notify.bugsnag.com,/,file,Thread.java,JSON_Payload
REQ-0803,notify.bugsnag.com,/,lineNumber,1572.0,JSON_Payload
REQ-0804,notify.bugsnag.com,/,method,android.os.MessageQueue.nativePollOnce,JSON_Payload
REQ-0804,notify.bugsnag.com,/,file,MessageQueue.java,JSON_Payload
REQ-0804,notify.bugsnag.com,/,lineNumber,-2.0,JSON_Payload
REQ-0805,notify.bugsnag.com,/,method,android.os.MessageQueue.nextLegacy,JSON_Payload
REQ-0805,notify.bugsnag.com,/,file,MessageQueue.java,JSON_Payload
REQ-0805,notify.bugsnag.com,/,lineNumber,913.0,JSON_Payload
REQ-0806,notify.bugsnag.com,/,method,android.os.MessageQueue.next,JSON_Payload
REQ-0806,notify.bugsnag.com,/,file,MessageQueue.java,JSON_Payload
REQ-0806,notify.bugsnag.com,/,lineNumber,1025.0,JSON_Payload
REQ-0807,notify.bugsnag.com,/,method,android.os.Looper.loopOnce,JSON_Payload
REQ-0807,notify.bugsnag.com,/,file,Looper.java,JSON_Payload
REQ-0807,notify.bugsnag.com,/,lineNumber,196.0,JSON_Payload
REQ-0808,notify.bugsnag.com,/,method,android.os.Looper.loop,JSON_Payload
REQ-0808,notify.bugsnag.com,/,file,Looper.java,JSON_Payload
REQ-0808,notify.bugsnag.com,/,lineNumber,338.0,JSON_Payload
REQ-0809,notify.bugsnag.com,/,method,android.os.HandlerThread.run,JSON_Payload
REQ-0809,notify.bugsnag.com,/,file,HandlerThread.java,JSON_Payload
REQ-0809,notify.bugsnag.com,/,lineNumber,85.0,JSON_Payload
REQ-0810,notify.bugsnag.com,/,method,java.lang.Object.wait,JSON_Payload
REQ-0810,notify.bugsnag.com,/,file,Object.java,JSON_Payload
REQ-0810,notify.bugsnag.com,/,lineNumber,-2.0,JSON_Payload
REQ-0811,notify.bugsnag.com,/,method,java.lang.Object.wait,JSON_Payload
REQ-0811,notify.bugsnag.com,/,file,Object.java,JSON_Payload
REQ-0811,notify.bugsnag.com,/,lineNumber,405.0,JSON_Payload
REQ-0812,notify.bugsnag.com,/,method,java.lang.ref.ReferenceQueue.remove,JSON_Payload
REQ-0812,notify.bugsnag.com,/,file,ReferenceQueue.java,JSON_Payload
REQ-0812,notify.bugsnag.com,/,lineNumber,207.0,JSON_Payload
REQ-0813,notify.bugsnag.com,/,method,java.lang.ref.ReferenceQueue.remove,JSON_Payload
REQ-0813,notify.bugsnag.com,/,file,ReferenceQueue.java,JSON_Payload
REQ-0813,notify.bugsnag.com,/,lineNumber,228.0,JSON_Payload
REQ-0814,notify.bugsnag.com,/,method,WV.xx.run,JSON_Payload
REQ-0814,notify.bugsnag.com,/,file,chromium-SystemWebViewGoogle64 32.aab-stable-787118103,JSON_Payload
REQ-0814,notify.bugsnag.com,/,lineNumber,3.0,JSON_Payload
REQ-0815,notify.bugsnag.com,/,method,android.os.MessageQueue.nativePollOnce,JSON_Payload
REQ-0815,notify.bugsnag.com,/,file,MessageQueue.java,JSON_Payload
REQ-0815,notify.bugsnag.com,/,lineNumber,-2.0,JSON_Payload
REQ-0816,notify.bugsnag.com,/,method,android.os.MessageQueue.nextLegacy,JSON_Payload
REQ-0816,notify.bugsnag.com,/,file,MessageQueue.java,JSON_Payload
REQ-0816,notify.bugsnag.com,/,lineNumber,913.0,JSON_Payload
REQ-0817,notify.bugsnag.com,/,method,android.os.MessageQueue.next,JSON_Payload
REQ-0817,notify.bugsnag.com,/,file,MessageQueue.java,JSON_Payload
REQ-0817,notify.bugsnag.com,/,lineNumber,1025.0,JSON_Payload
REQ-0818,notify.bugsnag.com,/,method,android.os.Looper.loopOnce,JSON_Payload
REQ-0818,notify.bugsnag.com,/,file,Looper.java,JSON_Payload
REQ-0818,notify.bugsnag.com,/,lineNumber,196.0,JSON_Payload
REQ-0819,notify.bugsnag.com,/,method,android.os.Looper.loop,JSON_Payload
REQ-0819,notify.bugsnag.com,/,file,Looper.java,JSON_Payload
REQ-0819,notify.bugsnag.com,/,lineNumber,338.0,JSON_Payload
REQ-0820,notify.bugsnag.com,/,method,android.os.HandlerThread.run,JSON_Payload
REQ-0820,notify.bugsnag.com,/,file,HandlerThread.java,JSON_Payload
REQ-0820,notify.bugsnag.com,/,lineNumber,85.0,JSON_Payload
REQ-0821,notify.bugsnag.com,/,method,jdk.internal.misc.Unsafe.park,JSON_Payload
REQ-0821,notify.bugsnag.com,/,file,Unsafe.java,JSON_Payload
REQ-0821,notify.bugsnag.com,/,lineNumber,-2.0,JSON_Payload
REQ-0822,notify.bugsnag.com,/,method,java.util.concurrent.locks.LockSupport.parkNanos,JSON_Payload
REQ-0822,notify.bugsnag.com,/,file,LockSupport.java,JSON_Payload
REQ-0822,notify.bugsnag.com,/,lineNumber,417.0,JSON_Payload
REQ-0823,notify.bugsnag.com,/,method,WV.l50.run,JSON_Payload
REQ-0823,notify.bugsnag.com,/,file,chromium-SystemWebViewGoogle6432.aab-stable-787118103,JSON_Payload
REQ-0823,notify.bugsnag.com,/,lineNumber,167.0,JSON_Payload
REQ-0824,notify.bugsnag.com,/,method,jdk.internal.misc.Unsafe.park,JSON_Payload
REQ-0824,notify.bugsnag.com,/,file,Unsafe.java,JSON_Payload
REQ-0824,notify.bugsnag.com,/,lineNumber,-2.0,JSON_Payload
REQ-0825,notify.bugsnag.com,/,method,java.util.concurrent.locks.LockSupport.parkNanos,JSON_Payload
REQ-0825,notify.bugsnag.com,/,file,LockSupport.java,JSON_Payload
REQ-0825,notify.bugsnag.com,/,lineNumber,417.0,JSON_Payload
REQ-0826,notify.bugsnag.com,/,method,WV.l50.run,JSON_Payload
REQ-0826,notify.bugsnag.com,/,file,chromium-SystemWebViewGoogle6432.aab-stable-787118103,JSON_Payload
REQ-0826,notify.bugsnag.com,/,lineNumber,167.0,JSON_Payload
REQ-0827,notify.bugsnag.com,/,method,android.os.MessageQueue.nativePollOnce,JSON_Payload
REQ-0827,notify.bugsnag.com,/,file,MessageQueue.java,JSON_Payload
REQ-0827,notify.bugsnag.com,/,lineNumber,-2.0,JSON_Payload
REQ-0828,notify.bugsnag.com,/,method,android.os.MessageQueue.nextLegacy,JSON_Payload
REQ-0828,notify.bugsnag.com,/,file,MessageQueue.java,JSON_Payload
REQ-0828,notify.bugsnag.com,/,lineNumber,913.0,JSON_Payload
REQ-0829,notify.bugsnag.com,/,method,android.os.MessageQueue.next,JSON_Payload
REQ-0829,notify.bugsnag.com,/,file,MessageQueue.java,JSON_Payload
REQ-0829,notify.bugsnag.com,/,lineNumber,1025.0,JSON_Payload
REQ-0830,notify.bugsnag.com,/,method,android.os.Looper.loopOnce,JSON_Payload
REQ-0830,notify.bugsnag.com,/,file,Looper.java,JSON_Payload
REQ-0830,notify.bugsnag.com,/,lineNumber,196.0,JSON_Payload
REQ-0831,notify.bugsnag.com,/,method,android.os.Looper.loop,JSON_Payload
REQ-0831,notify.bugsnag.com,/,file,Looper.java,JSON_Payload
REQ-0831,notify.bugsnag.com,/,lineNumber,338.0,JSON_Payload
REQ-0832,notify.bugsnag.com,/,method,android.os.HandlerThread.run,JSON_Payload
REQ-0832,notify.bugsnag.com,/,file,HandlerThread.java,JSON_Payload
REQ-0832,notify.bugsnag.com,/,lineNumber,85.0,JSON_Payload
REQ-0833,notify.bugsnag.com,/,method,jdk.internal.misc.Unsafe.park,JSON_Payload
REQ-0833,notify.bugsnag.com,/,file,Unsafe.java,JSON_Payload
REQ-0833,notify.bugsnag.com,/,lineNumber,-2.0,JSON_Payload
REQ-0834,notify.bugsnag.com,/,method,java.util.concurrent.locks.LockSupport.park,JSON_Payload
REQ-0834,notify.bugsnag.com,/,file,LockSupport.java,JSON_Payload
REQ-0834,notify.bugsnag.com,/,lineNumber,376.0,JSON_Payload
REQ-0835,notify.bugsnag.com,/,method,java.util.concurrent.locks.AbstractQueuedSynchronizer$ConditionNode.block,JSON_Payload
REQ-0835,notify.bugsnag.com,/,file,AbstractQueuedSynchronizer.java,JSON_Payload
REQ-0835,notify.bugsnag.com,/,lineNumber,520.0,JSON_Payload
REQ-0836,notify.bugsnag.com,/,method,java.util.concurrent.ForkJoinPool.unmanagedBlock,JSON_Payload
REQ-0836,notify.bugsnag.com,/,file,ForkJoinPool.java,JSON_Payload
REQ-0836,notify.bugsnag.com,/,lineNumber,3797.0,JSON_Payload
REQ-0837,notify.bugsnag.com,/,method,java.util.concurrent.ForkJoinPool.managedBlock,JSON_Payload
REQ-0837,notify.bugsnag.com,/,file,ForkJoinPool.java,JSON_Payload
REQ-0837,notify.bugsnag.com,/,lineNumber,3738.0,JSON_Payload
REQ-0838,notify.bugsnag.com,/,method,java.util.concurrent.locks.AbstractQueuedSynchronizer$ConditionObject.await,JSON_Payload
REQ-0838,notify.bugsnag.com,/,file,AbstractQueuedSynchronizer.java,JSON_Payload
REQ-0838,notify.bugsnag.com,/,lineNumber,1752.0,JSON_Payload
REQ-0839,notify.bugsnag.com,/,method,java.util.concurrent.LinkedBlockingQueue.take,JSON_Payload
REQ-0839,notify.bugsnag.com,/,file,LinkedBlockingQueue.java,JSON_Payload
REQ-0839,notify.bugsnag.com,/,lineNumber,435.0,JSON_Payload
REQ-0840,notify.bugsnag.com,/,method,java.util.concurrent.ThreadPoolExecutor.getTask,JSON_Payload
REQ-0840,notify.bugsnag.com,/,file,ThreadPoolExecutor.java,JSON_Payload
REQ-0840,notify.bugsnag.com,/,lineNumber,1026.0,JSON_Payload
REQ-0841,notify.bugsnag.com,/,method,java.util.concurrent.ThreadPoolExecutor.runWorker,JSON_Payload
REQ-0841,notify.bugsnag.com,/,file,ThreadPoolExecutor.java,JSON_Payload
REQ-0841,notify.bugsnag.com,/,lineNumber,1086.0,JSON_Payload
REQ-0842,notify.bugsnag.com,/,method,java.util.concurrent.ThreadPoolExecutor$Worker.run,JSON_Payload
REQ-0842,notify.bugsnag.com,/,file,ThreadPoolExecutor.java,JSON_Payload
REQ-0842,notify.bugsnag.com,/,lineNumber,624.0,JSON_Payload
REQ-0843,notify.bugsnag.com,/,method,java.lang.Thread.run,JSON_Payload
REQ-0843,notify.bugsnag.com,/,file,Thread.java,JSON_Payload
REQ-0843,notify.bugsnag.com,/,lineNumber,1572.0,JSON_Payload
REQ-0844,notify.bugsnag.com,/,method,jdk.internal.misc.Unsafe.park,JSON_Payload
REQ-0844,notify.bugsnag.com,/,file,Unsafe.java,JSON_Payload
REQ-0844,notify.bugsnag.com,/,lineNumber,-2.0,JSON_Payload
REQ-0845,notify.bugsnag.com,/,method,java.util.concurrent.locks.LockSupport.parkNanos,JSON_Payload
REQ-0845,notify.bugsnag.com,/,file,LockSupport.java,JSON_Payload
REQ-0845,notify.bugsnag.com,/,lineNumber,417.0,JSON_Payload
REQ-0846,notify.bugsnag.com,/,method,java.util.concurrent.LinkedTransferQueue$DualNode.await,JSON_Payload
REQ-0846,notify.bugsnag.com,/,file,LinkedTransferQueue.java,JSON_Payload
REQ-0846,notify.bugsnag.com,/,lineNumber,452.0,JSON_Payload
REQ-0847,notify.bugsnag.com,/,method,java.util.concurrent.SynchronousQueue$Transferer.xferLifo,JSON_Payload
REQ-0847,notify.bugsnag.com,/,file,SynchronousQueue.java,JSON_Payload
REQ-0847,notify.bugsnag.com,/,lineNumber,194.0,JSON_Payload
REQ-0848,notify.bugsnag.com,/,method,java.util.concurrent.SynchronousQueue.xfer,JSON_Payload
REQ-0848,notify.bugsnag.com,/,file,SynchronousQueue.java,JSON_Payload
REQ-0848,notify.bugsnag.com,/,lineNumber,235.0,JSON_Payload
REQ-0849,notify.bugsnag.com,/,method,java.util.concurrent.SynchronousQueue.poll,JSON_Payload
REQ-0849,notify.bugsnag.com,/,file,SynchronousQueue.java,JSON_Payload
REQ-0849,notify.bugsnag.com,/,lineNumber,338.0,JSON_Payload
REQ-0850,notify.bugsnag.com,/,method,java.util.concurrent.ThreadPoolExecutor.getTask,JSON_Payload
REQ-0850,notify.bugsnag.com,/,file,ThreadPoolExecutor.java,JSON_Payload
REQ-0850,notify.bugsnag.com,/,lineNumber,1025.0,JSON_Payload
REQ-0851,notify.bugsnag.com,/,method,java.util.concurrent.ThreadPoolExecutor.runWorker,JSON_Payload
REQ-0851,notify.bugsnag.com,/,file,ThreadPoolExecutor.java,JSON_Payload
REQ-0851,notify.bugsnag.com,/,lineNumber,1086.0,JSON_Payload
REQ-0852,notify.bugsnag.com,/,method,java.util.concurrent.ThreadPoolExecutor$Worker.run,JSON_Payload
REQ-0852,notify.bugsnag.com,/,file,ThreadPoolExecutor.java,JSON_Payload
REQ-0852,notify.bugsnag.com,/,lineNumber,624.0,JSON_Payload
REQ-0853,notify.bugsnag.com,/,method,java.lang.Thread.run,JSON_Payload
REQ-0853,notify.bugsnag.com,/,file,Thread.java,JSON_Payload
REQ-0853,notify.bugsnag.com,/,lineNumber,1572.0,JSON_Payload
REQ-0854,notify.bugsnag.com,/,method,jdk.internal.misc.Unsafe.park,JSON_Payload
REQ-0854,notify.bugsnag.com,/,file,Unsafe.java,JSON_Payload
REQ-0854,notify.bugsnag.com,/,lineNumber,-2.0,JSON_Payload
REQ-0855,notify.bugsnag.com,/,method,java.util.concurrent.locks.LockSupport.park,JSON_Payload
REQ-0855,notify.bugsnag.com,/,file,LockSupport.java,JSON_Payload
REQ-0855,notify.bugsnag.com,/,lineNumber,376.0,JSON_Payload
REQ-0856,notify.bugsnag.com,/,method,java.util.concurrent.locks.AbstractQueuedSynchronizer$ConditionNode.block,JSON_Payload
REQ-0856,notify.bugsnag.com,/,file,AbstractQueuedSynchronizer.java,JSON_Payload
REQ-0856,notify.bugsnag.com,/,lineNumber,520.0,JSON_Payload
REQ-0857,notify.bugsnag.com,/,method,java.util.concurrent.ForkJoinPool.unmanagedBlock,JSON_Payload
REQ-0857,notify.bugsnag.com,/,file,ForkJoinPool.java,JSON_Payload
REQ-0857,notify.bugsnag.com,/,lineNumber,3797.0,JSON_Payload
REQ-0858,notify.bugsnag.com,/,method,java.util.concurrent.ForkJoinPool.managedBlock,JSON_Payload
REQ-0858,notify.bugsnag.com,/,file,ForkJoinPool.java,JSON_Payload
REQ-0858,notify.bugsnag.com,/,lineNumber,3738.0,JSON_Payload
REQ-0859,notify.bugsnag.com,/,method,java.util.concurrent.locks.AbstractQueuedSynchronizer$ConditionObject.await,JSON_Payload
REQ-0859,notify.bugsnag.com,/,file,AbstractQueuedSynchronizer.java,JSON_Payload
REQ-0859,notify.bugsnag.com,/,lineNumber,1752.0,JSON_Payload
REQ-0860,notify.bugsnag.com,/,method,java.util.concurrent.LinkedBlockingQueue.take,JSON_Payload
REQ-0860,notify.bugsnag.com,/,file,LinkedBlockingQueue.java,JSON_Payload
REQ-0860,notify.bugsnag.com,/,lineNumber,435.0,JSON_Payload
REQ-0861,notify.bugsnag.com,/,method,java.util.concurrent.ThreadPoolExecutor.getTask,JSON_Payload
REQ-0861,notify.bugsnag.com,/,file,ThreadPoolExecutor.java,JSON_Payload
REQ-0861,notify.bugsnag.com,/,lineNumber,1026.0,JSON_Payload
REQ-0862,notify.bugsnag.com,/,method,java.util.concurrent.ThreadPoolExecutor.runWorker,JSON_Payload
REQ-0862,notify.bugsnag.com,/,file,ThreadPoolExecutor.java,JSON_Payload
REQ-0862,notify.bugsnag.com,/,lineNumber,1086.0,JSON_Payload
REQ-0863,notify.bugsnag.com,/,method,java.util.concurrent.ThreadPoolExecutor$Worker.run,JSON_Payload
REQ-0863,notify.bugsnag.com,/,file,ThreadPoolExecutor.java,JSON_Payload
REQ-0863,notify.bugsnag.com,/,lineNumber,624.0,JSON_Payload
REQ-0864,notify.bugsnag.com,/,method,java.lang.Thread.run,JSON_Payload
REQ-0864,notify.bugsnag.com,/,file,Thread.java,JSON_Payload
REQ-0864,notify.bugsnag.com,/,lineNumber,1572.0,JSON_Payload
REQ-0865,notify.bugsnag.com,/,method,java.net.SocketInputStream.socketRead0,JSON_Payload
REQ-0865,notify.bugsnag.com,/,file,SocketInputStream.java,JSON_Payload
REQ-0865,notify.bugsnag.com,/,lineNumber,-2.0,JSON_Payload
REQ-0866,notify.bugsnag.com,/,method,java.net.SocketInputStream.socketRead,JSON_Payload
REQ-0866,notify.bugsnag.com,/,file,SocketInputStream.java,JSON_Payload
REQ-0866,notify.bugsnag.com,/,lineNumber,118.0,JSON_Payload
REQ-0867,notify.bugsnag.com,/,method,java.net.SocketInputStream.read,JSON_Payload
REQ-0867,notify.bugsnag.com,/,file,SocketInputStream.java,JSON_Payload
REQ-0867,notify.bugsnag.com,/,lineNumber,173.0,JSON_Payload
REQ-0868,notify.bugsnag.com,/,method,java.net.SocketInputStream.read,JSON_Payload
REQ-0868,notify.bugsnag.com,/,file,SocketInputStream.java,JSON_Payload
REQ-0868,notify.bugsnag.com,/,lineNumber,143.0,JSON_Payload
REQ-0869,notify.bugsnag.com,/,method,com.android.org.conscrypt.ConscryptEngineSocket$SSLInputStream.readFromSocket,JSON_Payload
REQ-0869,notify.bugsnag.com,/,file,ConscryptEngineSocket.java,JSON_Payload
REQ-0869,notify.bugsnag.com,/,lineNumber,1015.0,JSON_Payload
REQ-0870,notify.bugsnag.com,/,method,com.android.org.conscrypt.ConscryptEngineSocket$SSLInputStream.processDataFromSocket,JSON_Payload
REQ-0870,notify.bugsnag.com,/,file,ConscryptEngineSocket.java,JSON_Payload
REQ-0870,notify.bugsnag.com,/,lineNumber,979.0,JSON_Payload
REQ-0871,notify.bugsnag.com,/,method,com.android.org.conscrypt.ConscryptEngineSocket$SSLInputStream.readUntilDataAvailable,JSON_Payload
REQ-0871,notify.bugsnag.com,/,file,ConscryptEngineSocket.java,JSON_Payload
REQ-0871,notify.bugsnag.com,/,lineNumber,894.0,JSON_Payload
REQ-0872,notify.bugsnag.com,/,method,com.android.org.conscrypt.ConscryptEngineSocket$SSLInputStream.read,JSON_Payload
REQ-0872,notify.bugsnag.com,/,file,ConscryptEngineSocket.java,JSON_Payload
REQ-0872,notify.bugsnag.com,/,lineNumber,867.0,JSON_Payload
REQ-0873,notify.bugsnag.com,/,method,okio.InputStreamSource.read,JSON_Payload
REQ-0873,notify.bugsnag.com,/,file,JvmOkio.kt,JSON_Payload
REQ-0873,notify.bugsnag.com,/,lineNumber,93.0,JSON_Payload
REQ-0874,notify.bugsnag.com,/,method,okio.AsyncTimeout$source$1.read,JSON_Payload
REQ-0874,notify.bugsnag.com,/,file,AsyncTimeout.kt,JSON_Payload
REQ-0874,notify.bugsnag.com,/,lineNumber,128.0,JSON_Payload
REQ-0875,notify.bugsnag.com,/,method,okio.RealBufferedSource.request,JSON_Payload
REQ-0875,notify.bugsnag.com,/,file,RealBufferedSource.kt,JSON_Payload
REQ-0875,notify.bugsnag.com,/,lineNumber,63.0,JSON_Payload
REQ-0876,notify.bugsnag.com,/,method,okio.RealBufferedSource.require,JSON_Payload
REQ-0876,notify.bugsnag.com,/,file,RealBufferedSource.kt,JSON_Payload
REQ-0876,notify.bugsnag.com,/,lineNumber,56.0,JSON_Payload
REQ-0877,notify.bugsnag.com,/,method,okhttp3.internal.http2.Http2Reader.nextFrame,JSON_Payload
REQ-0877,notify.bugsnag.com,/,file,Http2Reader.kt,JSON_Payload
REQ-0877,notify.bugsnag.com,/,lineNumber,89.0,JSON_Payload
REQ-0878,notify.bugsnag.com,/,method,okhttp3.internal.http2.Http2Connection$ReaderRunnable.invoke,JSON_Payload
REQ-0878,notify.bugsnag.com,/,file,Http2Connection.kt,JSON_Payload
REQ-0878,notify.bugsnag.com,/,lineNumber,618.0,JSON_Payload
REQ-0879,notify.bugsnag.com,/,method,okhttp3.internal.http2.Http2Connection$ReaderRunnable.invoke,JSON_Payload
REQ-0879,notify.bugsnag.com,/,file,Http2Connection.kt,JSON_Payload
REQ-0879,notify.bugsnag.com,/,lineNumber,609.0,JSON_Payload
REQ-0880,notify.bugsnag.com,/,method,okhttp3.internal.concurrent.TaskQueue$execute$1.runOnce,JSON_Payload
REQ-0880,notify.bugsnag.com,/,file,TaskQueue.kt,JSON_Payload
REQ-0880,notify.bugsnag.com,/,lineNumber,98.0,JSON_Payload
REQ-0881,notify.bugsnag.com,/,method,okhttp3.internal.concurrent.TaskRunner.runTask,JSON_Payload
REQ-0881,notify.bugsnag.com,/,file,TaskRunner.kt,JSON_Payload
REQ-0881,notify.bugsnag.com,/,lineNumber,116.0,JSON_Payload
REQ-0882,notify.bugsnag.com,/,method,okhttp3.internal.concurre nt.TaskRunner.access$runTask,JSON_Payload
REQ-0882,notify.bugsnag.com,/,file,TaskRunner.kt,JSON_Payload
REQ-0882,notify.bugsnag.com,/,lineNumber,42.0,JSON_Payload
REQ-0883,notify.bugsnag.com,/,method,okhttp3.internal.concurrent.TaskRunner$runnable$1.run,JSON_Payload
REQ-0883,notify.bugsnag.com,/,file,TaskRunner.kt,JSON_Payload
REQ-0883,notify.bugsnag.com,/,lineNumber,65.0,JSON_Payload
REQ-0884,notify.bugsnag.com,/,method,java.util.concurrent.ThreadPoolExecutor.runWorker,JSON_Payload
REQ-0884,notify.bugsnag.com,/,file,ThreadPoolExecutor.java,JSON_Payload
REQ-0884,notify.bugsnag.com,/,lineNumber,1100.0,JSON_Payload
REQ-0885,notify.bugsnag.com,/,method,java.util.concurrent.ThreadPoolExecutor$Worker.run,JSON_Payload
REQ-0885,notify.bugsnag.com,/,file,ThreadPoolExecutor.java,JSON_Payload
REQ-0885,notify.bugsnag.com,/,lineNumber,624.0,JSON_Payload
REQ-0886,notify.bugsnag.com,/,method,java.lang.Thread.run,JSON_Payload
REQ-0886,notify.bugsnag.com,/,file,Thread.java,JSON_Payload
REQ-0886,notify.bugsnag.com,/,lineNumber,1572.0,JSON_Payload
REQ-0887,notify.bugsnag.com,/,method,java.net.SocketInputStream.socketRead0,JSON_Payload
REQ-0887,notify.bugsnag.com,/,file,SocketInputStream.java,JSON_Payload
REQ-0887,notify.bugsnag.com,/,lineNumber,-2.0,JSON_Payload
REQ-0888,notify.bugsnag.com,/,method,java.net.SocketInputStream.socketRead,JSON_Payload
REQ-0888,notify.bugsnag.com,/,file,SocketInputStream.java,JSON_Payload
REQ-0888,notify.bugsnag.com,/,lineNumber,118.0,JSON_Payload
REQ-0889,notify.bugsnag.com,/,method,java.net.SocketInputStream.read,JSON_Payload
REQ-0889,notify.bugsnag.com,/,file,SocketInputStream.java,JSON_Payload
REQ-0889,notify.bugsnag.com,/,lineNumber,173.0,JSON_Payload
REQ-0890,notify.bugsnag.com,/,method,java.net.SocketInputStream.read,JSON_Payload
REQ-0890,notify.bugsnag.com,/,file,SocketInputStream.java,JSON_Payload
REQ-0890,notify.bugsnag.com,/,lineNumber,143.0,JSON_Payload
REQ-0891,notify.bugsnag.com,/,method,com.android.org.conscrypt.ConscryptEngineSocket$SSLInputStream.readFromSocket,JSON_Payload
REQ-0891,notify.bugsnag.com,/,file,ConscryptEngineSocket.java,JSON_Payload
REQ-0891,notify.bugsnag.com,/,lineNumber,1015.0,JSON_Payload
REQ-0892,notify.bugsnag.com,/,method,com.android.org.conscrypt.ConscryptEngineSocket$SSLInputStream.processDataFromSocket,JSON_Payload
REQ-0892,notify.bugsnag.com,/,file,ConscryptEngineSocket.java,JSON_Payload
REQ-0892,notify.bugsnag.com,/,lineNumber,979.0,JSON_Payload
REQ-0893,notify.bugsnag.com,/,method,com.android.org.conscrypt.ConscryptEngineSocket$SSLInputStream.readUntilDataAvailable,JSON_Payload
REQ-0893,notify.bugsnag.com,/,file,ConscryptEngineSocket.java,JSON_Payload
REQ-0893,notify.bugsnag.com,/,lineNumber,894.0,JSON_Payload
REQ-0894,notify.bugsnag.com,/,method,com.android.org.conscrypt.ConscryptEngineSocket$SSLInputStream.read,JSON_Payload
REQ-0894,notify.bugsnag.com,/,file,ConscryptEngineSocket.java,JSON_Payload
REQ-0894,notify.bugsnag.com,/,lineNumber,867.0,JSON_Payload
REQ-0895,notify.bugsnag.com,/,method,okio.InputStreamSource.read,JSON_Payload
REQ-0895,notify.bugsnag.com,/,file,JvmOkio.kt,JSON_Payload
REQ-0895,notify.bugsnag.com,/,lineNumber,93.0,JSON_Payload
REQ-0896,notify.bugsnag.com,/,method,okio.AsyncTimeout$source$1.read,JSON_Payload
REQ-0896,notify.bugsnag.com,/,file,AsyncTimeout.kt,JSON_Payload
REQ-0896,notify.bugsnag.com,/,lineNumber,128.0,JSON_Payload
REQ-0897,notify.bugsnag.com,/,method,okio.RealBufferedSource.request,JSON_Payload
REQ-0897,notify.bugsnag.com,/,file,RealBufferedSource.kt,JSON_Payload
REQ-0897,notify.bugsnag.com,/,lineNumber,63.0,JSON_Payload
REQ-0898,notify.bugsnag.com,/,method,okio.RealBufferedSource.require,JSON_Payload
REQ-0898,notify.bugsnag.com,/,file,RealBufferedSource.kt,JSON_Payload
REQ-0898,notify.bugsnag.com,/,lineNumber,56.0,JSON_Payload
REQ-0899,notify.bugsnag.com,/,method,okhttp3.internal.http2.Http2Reader.nextFrame,JSON_Payload
REQ-0899,notify.bugsnag.com,/,file,Http2Reader.kt,JSON_Payload
REQ-0899,notify.bugsnag.com,/,lineNumber,89.0,JSON_Payload
REQ-0900,notify.bugsnag.com,/,method,okhttp3.internal.http2.Http2Connection$ReaderRunnable.invoke,JSON_Payload
REQ-0900,notify.bugsnag.com,/,file,Http2Connection.kt,JSON_Payload
REQ-0900,notify.bugsnag.com,/,lineNumber,618.0,JSON_Payload
REQ-0901,notify.bugsnag.com,/,method,okhttp3.internal.http2.Http2Connection$ReaderRunnable.invoke,JSON_Payload
REQ-0901,notify.bugsnag.com,/,file,Http2Connection.kt,JSON_Payload
REQ-0901,notify.bugsnag.com,/,lineNumber,609.0,JSON_Payload
REQ-0902,notify.bugsnag.com,/,method,okhttp3.internal.concurrent.TaskQueue$execute$1.runOnce,JSON_Payload
REQ-0902,notify.bugsnag.com,/,file,TaskQueue.kt,JSON_Payload
REQ-0902,notify.bugsnag.com,/,lineNumber,98.0,JSON_Payload
REQ-0903,notify.bugsnag.com,/,method,okhttp3.internal.concurrent.TaskRunner.runTask,JSON_Payload
REQ-0903,notify.bugsnag.com,/,file,TaskRunner.kt,JSON_Payload
REQ-0903,notify.bugsnag.com,/,lineNumber,116.0,JSON_Payload
REQ-0904,notify.bugsnag.com,/,method,okhttp3.internal.concurrent.TaskRunner.access$runTask,JSON_Payload
REQ-0904,notify.bugsnag.com,/,file,TaskRunner.kt,JSON_Payload
REQ-0904,notify.bugsnag.com,/,lineNumber,42.0,JSON_Payload
REQ-0905,notify.bugsnag.com,/,method,okhttp3.internal.concurrent.TaskRunner$runnable$1.run,JSON_Payload
REQ-0905,notify.bugsnag.com,/,file,TaskRunner.kt,JSON_Payload
REQ-0905,notify.bugsnag.com,/,lineNumber,65.0,JSON_Payload
REQ-0906,notify.bugsnag.com,/,method,java.util.concurrent.ThreadPoolExecutor.runWorker,JSON_Payload
REQ-0906,notify.bugsnag.com,/,file,ThreadPoolExecutor.java,JSON_Payload
REQ-0906,notify.bugsnag.com,/,lineNumber,1100.0,JSON_Payload
REQ-0907,notify.bugsnag.com,/,method,java.util.concurrent.ThreadPoolExecutor$Worker.run,JSON_Payload
REQ-0907,notify.bugsnag.com,/,file,ThreadPoolExecutor.java,JSON_Payload
REQ-0907,notify.bugsnag.com,/,lineNumber,624.0,JSON_Payload
REQ-0908,notify.bugsnag.com,/,method,java.lang.Thread.run,JSON_Payload
REQ-0908,notify.bugsnag.com,/,file,Thread.java,JSON_Payload
REQ-0908,notify.bugsnag.com,/,lineNumber,1572.0,JSON_Payload
REQ-0909,notify.bugsnag.com,/,method,java.lang.Object.wait,JSON_Payload
REQ-0909,notify.bugsnag.com,/,file,Object.java,JSON_Payload
REQ-0909,notify.bugsnag.com,/,lineNumber,-2.0,JSON_Payload
REQ-0910,notify.bugsnag.com,/,method,okhttp3.internal.concurrent.TaskRunner$RealBackend.coordinatorWait,JSON_Payload
REQ-0910,notify.bugsnag.com,/,file,TaskRunner.kt,JSON_Payload
REQ-0910,notify.bugsnag.com,/,lineNumber,294.0,JSON_Payload
REQ-0911,notify.bugsnag.com,/,method,okhttp3.internal.concurrent.TaskRunner.awaitTaskToRun,JSON_Payload
REQ-0911,notify.bugsnag.com,/,file,TaskRunner.kt,JSON_Payload
REQ-0911,notify.bugsnag.com,/,lineNumber,218.0,JSON_Payload
REQ-0912,notify.bugsnag.com,/,method,okhttp3.internal.concurrent.TaskRunner$runnable$1.run,JSON_Payload
REQ-0912,notify.bugsnag.com,/,file,TaskRunner.kt,JSON_Payload
REQ-0912,notify.bugsnag.com,/,lineNumber,59.0,JSON_Payload
REQ-0913,notify.bugsnag.com,/,method,java.util.concurrent.ThreadPoolExecutor.runWorker,JSON_Payload
REQ-0913,notify.bugsnag.com,/,file,ThreadPoolExecutor.java,JSON_Payload
REQ-0913,notify.bugsnag.com,/,lineNumber,1100.0,JSON_Payload
REQ-0914,notify.bugsnag.com,/,method,java.util.concurrent.ThreadPoolExecutor$Worker.run,JSON_Payload
REQ-0914,notify.bugsnag.com,/,file,ThreadPoolExecutor.java,JSON_Payload
REQ-0914,notify.bugsnag.com,/,lineNumber,624.0,JSON_Payload
REQ-0915,notify.bugsnag.com,/,method,java.lang.Thread.run,JSON_Payload
REQ-0915,notify.bugsnag.com,/,file,Thread.java,JSON_Payload
REQ-0915,notify.bugsnag.com,/,lineNumber,1572.0,JSON_Payload
REQ-0916,notify.bugsnag.com,/,method,java.net.SocketInputStream.socketRead0,JSON_Payload
REQ-0916,notify.bugsnag.com,/,file,SocketInputStream.java,JSON_Payload
REQ-0916,notify.bugsnag.com,/,lineNumber,-2.0,JSON_Payload
REQ-0917,notify.bugsnag.com,/,method,java.net.SocketInputStream.socketRead,JSON_Payload
REQ-0917,notify.bugsnag.com,/,file,SocketInputStream.java,JSON_Payload
REQ-0917,notify.bugsnag.com,/,lineNumber,118.0,JSON_Payload
REQ-0918,notify.bugsnag.com,/,method,java.net.SocketInputStream.read,JSON_Payload
REQ-0918,notify.bugsnag.com,/,file,SocketInputStream.java,JSON_Payload
REQ-0918,notify.bugsnag.com,/,lineNumber,173.0,JSON_Payload
REQ-0919,notify.bugsnag.com,/,method,java.net.SocketInputStream.read,JSON_Payload
REQ-0919,notify.bugsnag.com,/,file,SocketInputStream.java,JSON_Payload
REQ-0919,notify.bugsnag.com,/,lineNumber,143.0,JSON_Payload
REQ-0920,notify.bugsnag.com,/,method,com.android.org.conscrypt.ConscryptEngineSocket$SSLInputStream.readFromSocket,JSON_Payload
REQ-0920,notify.bugsnag.com,/,file,ConscryptEngineSocket.java,JSON_Payload
REQ-0920,notify.bugsnag.com,/,lineNumber,1015.0,JSON_Payload
REQ-0921,notify.bugsnag.com,/,method,com.android.org.conscrypt.ConscryptEngineSocket$SSLInputStream.processDataFromSocket,JSON_Payload
REQ-0921,notify.bugsnag.com,/,file,ConscryptEngineSocket.java,JSON_Payload
REQ-0921,notify.bugsnag.com,/,lineNumber,979.0,JSON_Payload
REQ-0922,notify.bugsnag.com,/,method,com.android.org.conscrypt.ConscryptEngineSocket$SSLInputStream.readUntilDataAvailable,JSON_Payload
REQ-0922,notify.bugsnag.com,/,file,ConscryptEngineSocket.java,JSON_Payload
REQ-0922,notify.bugsnag.com,/,lineNumber,894.0,JSON_Payload
REQ-0923,notify.bugsnag.com,/,method,com.android.org.conscrypt.ConscryptEngineSocket$SSLInputStream.read,JSON_Payload
REQ-0923,notify.bugsnag.com,/,file,ConscryptEngineSocket.java,JSON_Payload
REQ-0923,notify.bugsnag.com,/,lineNumber,867.0,JSON_Payload
REQ-0924,notify.bugsnag.com,/,method,okio.InputStreamSource.read,JSON_Payload
REQ-0924,notify.bugsnag.com,/,file,JvmOkio.kt,JSON_Payload
REQ-0924,notify.bugsnag.com,/,lineNumber,93.0,JSON_Payload
REQ-0925,notify.bugsnag.com,/,method,okio.AsyncTimeout$source$1.read,JSON_Payload
REQ-0925,notify.bugsnag.com,/,file,AsyncTimeout.kt,JSON_Payload
REQ-0925,notify.bugsnag.com,/,lineNumber,128.0,JSON_Payload
REQ-0926,notify.bugsnag.com,/,method,okio.RealBufferedSource.request,JSON_Payload
REQ-0926,notify.bugsnag.com,/,file,RealBufferedSource.kt,JSON_Payload
REQ-0926,notify.bugsnag.com,/,lineNumber,63.0,JSON_Payload
REQ-0927,notify.bugsnag.com,/,method,okio.RealBufferedSource.require,JSON_Payload
REQ-0927,notify.bugsnag.com,/,file,RealBufferedSource.kt,JSON_Payload
REQ-0927,notify.bugsnag.com,/,lineNumber,56.0,JSON_Payload
REQ-0928,notify.bugsnag.com,/,method,okhttp3.internal.http2.Http2Reader.nextFrame,JSON_Payload
REQ-0928,notify.bugsnag.com,/,file,Http2Reader.kt,JSON_Payload
REQ-0928,notify.bugsnag.com,/,lineNumber,89.0,JSON_Payload
REQ-0929,notify.bugsnag.com,/,method,okhttp3.internal.http2.Http2Connection$ReaderRunnable.invoke,JSON_Payload
REQ-0929,notify.bugsnag.com,/,file,Http2Connection.kt,JSON_Payload
REQ-0929,notify.bugsnag.com,/,lineNumber,618.0,JSON_Payload
REQ-0930,notify.bugsnag.com,/,method,okhttp3.internal.http2.Http2Connection$ReaderRunnable.invoke,JSON_Payload
REQ-0930,notify.bugsnag.com,/,file,Http2Connection.kt,JSON_Payload
REQ-0930,notify.bugsnag.com,/,lineNumber,609.0,JSON_Payload
REQ-0931,notify.bugsnag.com,/,method,okhttp3.internal.concurrent.TaskQueue$execute$1.runOnce,JSON_Payload
REQ-0931,notify.bugsnag.com,/,file,TaskQueue.kt,JSON_Payload
REQ-0931,notify.bugsnag.com,/,lineNumber,98.0,JSON_Payload
REQ-0932,notify.bugsnag.com,/,method,okhttp3.internal.concurrent.TaskRunner.runTask,JSON_Payload
REQ-0932,notify.bugsnag.com,/,file,TaskRunner.kt,JSON_Payload
REQ-0932,notify.bugsnag.com,/,lineNumber,116.0,JSON_Payload
REQ-0933,notify.bugsnag.com,/,method,okhttp3.internal.concurrent.TaskRunner.access$runTask,JSON_Payload
REQ-0933,notify.bugsnag.com,/,file,TaskRunner.kt,JSON_Payload
REQ-0933,notify.bugsnag.com,/,lineNumber,42.0,JSON_Payload
REQ-0934,notify.bugsnag.com,/,method,okhttp3.internal.concurrent.TaskRunner$runnable$1.run,JSON_Payload
REQ-0934,notify.bugsnag.com,/,file,TaskRunner.kt,JSON_Payload
REQ-0934,notify.bugsnag.com,/,lineNumber,65.0,JSON_Payload
REQ-0935,notify.bugsnag.com,/,method,java.util.concurrent.ThreadPoolExecutor.runWorker,JSON_Payload
REQ-0935,notify.bugsnag.com,/,file,ThreadPoolExecutor.java,JSON_Payload
REQ-0935,notify.bugsnag.com,/,lineNumber,1100.0,JSON_Payload
REQ-0936,notify.bugsnag.com,/,method,java.util.concurrent.ThreadPoolExecutor$Worker.run,JSON_Payload
REQ-0936,notify.bugsnag.com,/,file,ThreadPoolExecutor.java,JSON_Payload
REQ-0936,notify.bugsnag.com,/,lineNumber,624.0,JSON_Payload
REQ-0937,notify.bugsnag.com,/,method,java.lang.Thread.run,JSON_Payload
REQ-0937,notify.bugsnag.com,/,file,Thread.java,JSON_Payload
REQ-0937,notify.bugsnag.com,/,lineNumber,1572.0,JSON_Payload
REQ-0938,notify.bugsnag.com,/,method,jdk.internal.misc.Unsafe.park,JSON_Payload
REQ-0938,notify.bugsnag.com,/,file,Unsafe.java,JSON_Payload
REQ-0938,notify.bugsnag.com,/,lineNumber,-2.0,JSON_Payload
REQ-0939,notify.bugsnag.com,/,method,java.util.concurrent.locks.LockSupport.parkNanos,JSON_Payload
REQ-0939,notify.bugsnag.com,/,file,LockSupport.java,JSON_Payload
REQ-0939,notify.bugsnag.com,/,lineNumber,417.0,JSON_Payload
REQ-0940,notify.bugsnag.com,/,method,java.util.concurrent.LinkedTransferQueue$DualNode.await,JSON_Payload
REQ-0940,notify.bugsnag.com,/,file,LinkedTransferQueue.java,JSON_Payload
REQ-0940,notify.bugsnag.com,/,lineNumber,452.0,JSON_Payload
REQ-0941,notify.bugsnag.com,/,method,java.util.concurrent.SynchronousQueue$Transferer.xferLifo,JSON_Payload
REQ-0941,notify.bugsnag.com,/,file,SynchronousQueue.java,JSON_Payload
REQ-0941,notify.bugsnag.com,/,lineNumber,194.0,JSON_Payload
REQ-0942,notify.bugsnag.com,/,method,java.util.concurrent.SynchronousQueue.xfer,JSON_Payload
REQ-0942,notify.bugsnag.com,/,file,SynchronousQueue.java,JSON_Payload
REQ-0942,notify.bugsnag.com,/,lineNumber,235.0,JSON_Payload
REQ-0943,notify.bugsnag.com,/,method,java.util.concurrent.SynchronousQueue.poll,JSON_Payload
REQ-0943,notify.bugsnag.com,/,file,SynchronousQueue.java,JSON_Payload
REQ-0943,notify.bugsnag.com,/,lineNumber,338.0,JSON_Payload
REQ-0944,notify.bugsnag.com,/,method,java.util.concurrent.ThreadPoolExecutor.getTask,JSON_Payload
REQ-0944,notify.bugsnag.com,/,file,ThreadPoolExecutor.java,JSON_Payload
REQ-0944,notify.bugsnag.com,/,lineNumber,1025.0,JSON_Payload
REQ-0945,notify.bugsnag.com,/,method,java.util.concurrent.ThreadPoolExecutor.runWorker,JSON_Payload
REQ-0945,notify.bugsnag.com,/,file,ThreadPoolExecutor.java,JSON_Payload
REQ-0945,notify.bugsnag.com,/,lineNumber,1086.0,JSON_Payload
REQ-0946,notify.bugsnag.com,/,method,java.util.concurrent.ThreadPoolExecutor$Worker.run,JSON_Payload
REQ-0946,notify.bugsnag.com,/,file,ThreadPoolExecutor.java,JSON_Payload
REQ-0946,notify.bugsnag.com,/,lineNumber,624.0,JSON_Payload
REQ-0947,notify.bugsnag.com,/,method,java.lang.Thread.run,JSON_Payload
REQ-0947,notify.bugsnag.com,/,file,Thread.java,JSON_Payload
REQ-0947,notify.bugsnag.com,/,lineNumber,1572.0,JSON_Payload
REQ-0948,notify.bugsnag.com,/,method,android.os.MessageQueue.nativePollOnce,JSON_Payload
REQ-0948,notify.bugsnag.com,/,file,MessageQueue.java,JSON_Payload
REQ-0948,notify.bugsnag.com,/,lineNumber,-2.0,JSON_Payload
REQ-0949,notify.bugsnag.com,/,method,android.os.MessageQueue.nextLegacy,JSON_Payload
REQ-0949,notify.bugsnag.com,/,file,MessageQueue.java,JSON_Payload
REQ-0949,notify.bugsnag.com,/,lineNumber,913.0,JSON_Payload
REQ-0950,notify.bugsnag.com,/,method,android.os.MessageQueue.next,JSON_Payload
REQ-0950,notify.bugsnag.com,/,file,MessageQueue.java,JSON_Payload
REQ-0950,notify.bugsnag.com,/,lineNumber,1025.0,JSON_Payload
REQ-0951,notify.bugsnag.com,/,method,android.os.Looper.loopOnce,JSON_Payload
REQ-0951,notify.bugsnag.com,/,file,Looper.java,JSON_Payload
REQ-0951,notify.bugsnag.com,/,lineNumber,196.0,JSON_Payload
REQ-0952,notify.bugsnag.com,/,method,android.os.Looper.loop,JSON_Payload
REQ-0952,notify.bugsnag.com,/,file,Looper.java,JSON_Payload
REQ-0952,notify.bugsnag.com,/,lineNumber,338.0,JSON_Payload
REQ-0953,notify.bugsnag.com,/,method,android.os.HandlerThread.run,JSON_Payload
REQ-0953,notify.bugsnag.com,/,file,HandlerThread.java,JSON_Payload
REQ-0953,notify.bugsnag.com,/,lineNumber,85.0,JSON_Payload
REQ-0954,notify.bugsnag.com,/,method,jdk.internal.misc.Unsafe.park,JSON_Payload
REQ-0954,notify.bugsnag.com,/,file,Unsafe.java,JSON_Payload
REQ-0954,notify.bugsnag.com,/,lineNumber,-2.0,JSON_Payload
REQ-0955,notify.bugsnag.com,/,method,java.util.concurrent.locks.LockSupport.parkNanos,JSON_Payload
REQ-0955,notify.bugsnag.com,/,file,LockSupport.java,JSON_Payload
REQ-0955,notify.bugsnag.com,/,lineNumber,276.0,JSON_Payload
REQ-0956,notify.bugsnag.com,/,method,java.util.concurrent.locks.AbstractQueuedSynchronizer$ConditionObject.awaitNanos,JSON_Payload
REQ-0956,notify.bugsnag.com,/,file,AbstractQueuedSynchronizer.java,JSON_Payload
REQ-0956,notify.bugsnag.com,/,lineNumber,1803.0,JSON_Payload
REQ-0957,notify.bugsnag.com,/,method,java.util.concurrent.ScheduledThreadPoolExecutor$DelayedWorkQueue.take,JSON_Payload
REQ-0957,notify.bugsnag.com,/,file,ScheduledThreadPoolExecutor.java,JSON_Payload
REQ-0957,notify.bugsnag.com,/,lineNumber,1182.0,JSON_Payload
REQ-0958,notify.bugsnag.com,/,method,java.util.concurrent.ScheduledThreadPoolExecutor$DelayedWorkQueue.take,JSON_Payload
REQ-0958,notify.bugsnag.com,/,file,ScheduledThreadPoolExecutor.java,JSON_Payload
REQ-0958,notify.bugsnag.com,/,lineNumber,899.0,JSON_Payload
REQ-0959,notify.bugsnag.com,/,method,java.util.concurrent.ThreadPoolExecutor.getTask,JSON_Payload
REQ-0959,notify.bugsnag.com,/,file,ThreadPoolExecutor.java,JSON_Payload
REQ-0959,notify.bugsnag.com,/,lineNumber,1026.0,JSON_Payload
REQ-0960,notify.bugsnag.com,/,method,java.util.concurrent.ThreadPoolExecutor.runWorker,JSON_Payload
REQ-0960,notify.bugsnag.com,/,file,ThreadPoolExecutor.java,JSON_Payload
REQ-0960,notify.bugsnag.com,/,lineNumber,1086.0,JSON_Payload
REQ-0961,notify.bugsnag.com,/,method,java.util.concurrent.ThreadPoolExecutor$Worker.run,JSON_Payload
REQ-0961,notify.bugsnag.com,/,file,ThreadPoolExecutor.java,JSON_Payload
REQ-0961,notify.bugsnag.com,/,lineNumber,624.0,JSON_Payload
REQ-0962,notify.bugsnag.com,/,method,com.google.firebase.firestore.util.AsyncQueue$SynchronizedShutdownAwareExecutor$DelayedStartFactory.run,JSON_Payload
REQ-0962,notify.bugsnag.com,/,file,AsyncQueue.java,JSON_Payload
REQ-0962,notify.bugsnag.com,/,lineNumber,235.0,JSON_Payload
REQ-0963,notify.bugsnag.com,/,method,java.lang.Thread.run,JSON_Payload
REQ-0963,notify.bugsnag.com,/,file,Thread.java,JSON_Payload
REQ-0963,notify.bugsnag.com,/,lineNumber,1572.0,JSON_Payload
REQ-0964,notify.bugsnag.com,/,method,android.os.MessageQueue.nativePollOnce,JSON_Payload
REQ-0964,notify.bugsnag.com,/,file,MessageQueue.java,JSON_Payload
REQ-0964,notify.bugsnag.com,/,lineNumber,-2.0,JSON_Payload
REQ-0965,notify.bugsnag.com,/,method,android.os.MessageQueue.nextLegacy,JSON_Payload
REQ-0965,notify.bugsnag.com,/,file,MessageQueue.java,JSON_Payload
REQ-0965,notify.bugsnag.com,/,lineNumber,913.0,JSON_Payload
REQ-0966,notify.bugsnag.com,/,method,android.os.MessageQueue.next,JSON_Payload
REQ-0966,notify.bugsnag.com,/,file,MessageQueue.java,JSON_Payload
REQ-0966,notify.bugsnag.com,/,lineNumber,1025.0,JSON_Payload
REQ-0967,notify.bugsnag.com,/,method,android.os.Looper.loopOnce,JSON_Payload
REQ-0967,notify.bugsnag.com,/,file,Looper.java,JSON_Payload
REQ-0967,notify.bugsnag.com,/,lineNumber,196.0,JSON_Payload
REQ-0968,notify.bugsnag.com,/,method,android.os.Looper.loop,JSON_Payload
REQ-0968,notify.bugsnag.com,/,file,Looper.java,JSON_Payload
REQ-0968,notify.bugsnag.com,/,lineNumber,338.0,JSON_Payload
REQ-0969,notify.bugsnag.com,/,method,android.os.HandlerThread.run,JSON_Payload
REQ-0969,notify.bugsnag.com,/,file,HandlerThread.java,JSON_Payload
REQ-0969,notify.bugsnag.com,/,lineNumber,85.0,JSON_Payload
REQ-0970,notify.bugsnag.com,/,method,jdk.internal.misc.Unsafe.park,JSON_Payload
REQ-0970,notify.bugsnag.com,/,file,Unsafe.java,JSON_Payload
REQ-0970,notify.bugsnag.com,/,lineNumber,-2.0,JSON_Payload
REQ-0971,notify.bugsnag.com,/,method,java.util.concurrent.locks.LockSupport.parkNanos,JSON_Payload
REQ-0971,notify.bugsnag.com,/,file,LockSupport.java,JSON_Payload
REQ-0971,notify.bugsnag.com,/,lineNumber,276.0,JSON_Payload
REQ-0972,notify.bugsnag.com,/,method,java.util.concurrent.locks.AbstractQueuedSynchronizer$ConditionObject.await,JSON_Payload
REQ-0972,notify.bugsnag.com,/,file,AbstractQueuedSynchronizer.java,JSON_Payload
REQ-0972,notify.bugsnag.com,/,lineNumber,1892.0,JSON_Payload
REQ-0973,notify.bugsnag.com,/,method,okio.AsyncTimeout$Companion.awaitTimeout$okio,JSON_Payload
REQ-0973,notify.bugsnag.com,/,file,AsyncTimeout.kt,JSON_Payload
REQ-0973,notify.bugsnag.com,/,lineNumber,320.0,JSON_Payload
REQ-0974,notify.bugsnag.com,/,method,okio.AsyncTimeout$Watchdog.run,JSON_Payload
REQ-0974,notify.bugsnag.com,/,file,AsyncTimeout.kt,JSON_Payload
REQ-0974,notify.bugsnag.com,/,lineNumber,186.0,JSON_Payload
REQ-0975,notify.bugsnag.com,/,method,android.os.MessageQueue.nativePollOnce,JSON_Payload
REQ-0975,notify.bugsnag.com,/,file,MessageQueue.java,JSON_Payload
REQ-0975,notify.bugsnag.com,/,lineNumber,-2.0,JSON_Payload
REQ-0976,notify.bugsnag.com,/,method,android.os.MessageQueue.nextLegacy,JSON_Payload
REQ-0976,notify.bugsnag.com,/,file,MessageQueue.java,JSON_Payload
REQ-0976,notify.bugsnag.com,/,lineNumber,913.0,JSON_Payload
REQ-0977,notify.bugsnag.com,/,method,android.os.MessageQueue.next,JSON_Payload
REQ-0977,notify.bugsnag.com,/,file,MessageQueue.java,JSON_Payload
REQ-0977,notify.bugsnag.com,/,lineNumber,1025.0,JSON_Payload
REQ-0978,notify.bugsnag.com,/,method,android.os.Looper.loopOnce,JSON_Payload
REQ-0978,notify.bugsnag.com,/,file,Looper.java,JSON_Payload
REQ-0978,notify.bugsnag.com,/,lineNumber,196.0,JSON_Payload
REQ-0979,notify.bugsnag.com,/,method,android.os.Looper.loop,JSON_Payload
REQ-0979,notify.bugsnag.com,/,file,Looper.java,JSON_Payload
REQ-0979,notify.bugsnag.com,/,lineNumber,338.0,JSON_Payload
REQ-0980,notify.bugsnag.com,/,method,android.os.HandlerThread.run,JSON_Payload
REQ-0980,notify.bugsnag.com,/,file,HandlerThread.java,JSON_Payload
REQ-0980,notify.bugsnag.com,/,lineNumber,85.0,JSON_Payload
REQ-0981,notify.bugsnag.com,/,method,android.os.MessageQueue.nativePollOnce,JSON_Payload
REQ-0981,notify.bugsnag.com,/,file,MessageQueue.java,JSON_Payload
REQ-0981,notify.bugsnag.com,/,lineNumber,-2.0,JSON_Payload
REQ-0982,notify.bugsnag.com,/,method,android.os.MessageQueue.nextLegacy,JSON_Payload
REQ-0982,notify.bugsnag.com,/,file,MessageQueue.java,JSON_Payload
REQ-0982,notify.bugsnag.com,/,lineNumber,913.0,JSON_Payload
REQ-0983,notify.bugsnag.com,/,method,android.os.MessageQueue.next,JSON_Payload
REQ-0983,notify.bugsnag.com,/,file,MessageQueue.java,JSON_Payload
REQ-0983,notify.bugsnag.com,/,lineNumber,1025.0,JSON_Payload
REQ-0984,notify.bugsnag.com,/,method,android.os.Looper.loopOnce,JSON_Payload
REQ-0984,notify.bugsnag.com,/,file,Looper.java,JSON_Payload
REQ-0984,notify.bugsnag.com,/,lineNumber,196.0,JSON_Payload
REQ-0985,notify.bugsnag.com,/,method,android.os.Looper.loop,JSON_Payload
REQ-0985,notify.bugsnag.com,/,file,Looper.java,JSON_Payload
REQ-0985,notify.bugsnag.com,/,lineNumber,338.0,JSON_Payload
REQ-0986,notify.bugsnag.com,/,method,android.os.HandlerThread.run,JSON_Payload
REQ-0986,notify.bugsnag.com,/,file,HandlerThread.java,JSON_Payload
REQ-0986,notify.bugsnag.com,/,lineNumber,85.0,JSON_Payload
REQ-0987,notify.bugsnag.com,/,method,jdk.internal.misc.Unsafe.park,JSON_Payload
REQ-0987,notify.bugsnag.com,/,file,Unsafe.java,JSON_Payload
REQ-0987,notify.bugsnag.com,/,lineNumber,-2.0,JSON_Payload
REQ-0988,notify.bugsnag.com,/,method,java.util.concurrent.locks.LockSupport.park,JSON_Payload
REQ-0988,notify.bugsnag.com,/,file,LockSupport.java,JSON_Payload
REQ-0988,notify.bugsnag.com,/,lineNumber,376.0,JSON_Payload
REQ-0989,notify.bugsnag.com,/,method,java.util.concurrent.locks.AbstractQueuedSynchronizer$ConditionNode.block,JSON_Payload
REQ-0989,notify.bugsnag.com,/,file,AbstractQueuedSynchronizer.java,JSON_Payload
REQ-0989,notify.bugsnag.com,/,lineNumber,520.0,JSON_Payload
REQ-0990,notify.bugsnag.com,/,method,java.util.concurrent.ForkJoinPool.unmanagedBlock,JSON_Payload
REQ-0990,notify.bugsnag.com,/,file,ForkJoinPool.java,JSON_Payload
REQ-0990,notify.bugsnag.com,/,lineNumber,3797.0,JSON_Payload
REQ-0991,notify.bugsnag.com,/,method,java.util.concurrent.ForkJoinPool.managedBlock,JSON_Payload
REQ-0991,notify.bugsnag.com,/,file,ForkJoinPool.java,JSON_Payload
REQ-0991,notify.bugsnag.com,/,lineNumber,3738.0,JSON_Payload
REQ-0992,notify.bugsnag.com,/,method,java.util.concurrent.locks.AbstractQueuedSynchronizer$ConditionObject.await,JSON_Payload
REQ-0992,notify.bugsnag.com,/,file,AbstractQueuedSynchronizer.java,JSON_Payload
REQ-0992,notify.bugsnag.com,/,lineNumber,1752.0,JSON_Payload
REQ-0993,notify.bugsnag.com,/,method,java.util.concurrent.ScheduledThreadPoolExecutor$DelayedWorkQueue.take,JSON_Payload
REQ-0993,notify.bugsnag.com,/,file,ScheduledThreadPoolExecutor.java,JSON_Payload
REQ-0993,notify.bugsnag.com,/,lineNumber,1170.0,JSON_Payload
REQ-0994,notify.bugsnag.com,/,method,java.util.concurrent.ScheduledThreadPoolExecutor$DelayedWorkQueue.take,JSON_Payload
REQ-0994,notify.bugsnag.com,/,file,ScheduledThreadPoolExecutor.java,JSON_Payload
REQ-0994,notify.bugsnag.com,/,lineNumber,899.0,JSON_Payload
REQ-0995,notify.bugsnag.com,/,method,java.util.concurrent.ThreadPoolExecutor.getTask,JSON_Payload
REQ-0995,notify.bugsnag.com,/,file,ThreadPoolExecutor.java,JSON_Payload
REQ-0995,notify.bugsnag.com,/,lineNumber,1026.0,JSON_Payload
REQ-0996,notify.bugsnag.com,/,method,java.util.concurrent.ThreadPoolExecutor.runWorker,JSON_Payload
REQ-0996,notify.bugsnag.com,/,file,ThreadPoolExecutor.java,JSON_Payload
REQ-0996,notify.bugsnag.com,/,lineNumber,1086.0,JSON_Payload
REQ-0997,notify.bugsnag.com,/,method,java.util.concurrent.ThreadPoolExecutor$Worker.run,JSON_Payload
REQ-0997,notify.bugsnag.com,/,file,ThreadPoolExecutor.java,JSON_Payload
REQ-0997,notify.bugsnag.com,/,lineNumber,624.0,JSON_Payload
REQ-0998,notify.bugsnag.com,/,method,java.lang.Thread.run,JSON_Payload
REQ-0998,notify.bugsnag.com,/,file,Thread.java,JSON_Payload
REQ-0998,notify.bugsnag.com,/,lineNumber,1572.0,JSON_Payload
REQ-0999,notify.bugsnag.com,/,method,jdk.internal.misc.Unsafe.park,JSON_Payload
REQ-0999,notify.bugsnag.com,/,file,Unsafe.java,JSON_Payload
REQ-0999,notify.bugsnag.com,/,lineNumber,-2.0,JSON_Payload
REQ-1000,notify.bugsnag.com,/,method,java.util.concurrent.locks.LockSupport.parkNanos,JSON_Payload
REQ-1000,notify.bugsnag.com,/,file,LockSupport.java,JSON_Payload
REQ-1000,notify.bugsnag.com,/,lineNumber,417.0,JSON_Payload
REQ-1001,notify.bugsnag.com,/,method,kotlinx.coroutines.scheduling.CoroutineScheduler$Worker.park,JSON_Payload
REQ-1001,notify.bugsnag.com,/,file,CoroutineScheduler.kt,JSON_Payload
REQ-1001,notify.bugsnag.com,/,lineNumber,855.0,JSON_Payload
REQ-1002,notify.bugsnag.com,/,method,kotlinx.coroutines.scheduling.CoroutineScheduler$Worker.tryPark,JSON_Payload
REQ-1002,notify.bugsnag.com,/,file,CoroutineScheduler.kt,JSON_Payload
REQ-1002,notify.bugsnag.com,/,lineNumber,803.0,JSON_Payload
REQ-1003,notify.bugsnag.com,/,method,kotlinx.coroutines.scheduling.CoroutineScheduler$Worker.runWorker,JSON_Payload
REQ-1003,notify.bugsnag.com,/,file,CoroutineScheduler.kt,JSON_Payload
REQ-1003,notify.bugsnag.com,/,lineNumber,751.0,JSON_Payload
REQ-1004,notify.bugsnag.com,/,method,kotlinx.coroutines.scheduling.CoroutineScheduler$Worker.run,JSON_Payload
REQ-1004,notify.bugsnag.com,/,file,CoroutineScheduler.kt,JSON_Payload
REQ-1004,notify.bugsnag.com,/,lineNumber,704.0,JSON_Payload
REQ-1005,notify.bugsnag.com,/,method,jdk.internal.misc.Unsafe.park,JSON_Payload
REQ-1005,notify.bugsnag.com,/,file,Unsafe.java,JSON_Payload
REQ-1005,notify.bugsnag.com,/,lineNumber,-2.0,JSON_Payload
REQ-1006,notify.bugsnag.com,/,method,java.util.concurrent.locks.LockSupport.parkNanos,JSON_Payload
REQ-1006,notify.bugsnag.com,/,file,LockSupport.java,JSON_Payload
REQ-1006,notify.bugsnag.com,/,lineNumber,417.0,JSON_Payload
REQ-1007,notify.bugsnag.com,/,method,kotlinx.coroutines.scheduling.CoroutineScheduler$Worker.park,JSON_Payload
REQ-1007,notify.bugsnag.com,/,file,CoroutineScheduler.kt,JSON_Payload
REQ-1007,notify.bugsnag.com,/,lineNumber,855.0,JSON_Payload
REQ-1008,notify.bugsnag.com,/,method,kotlinx.coroutines.scheduling.CoroutineScheduler$Worker.tryPark,JSON_Payload
REQ-1008,notify.bugsnag.com,/,file,CoroutineScheduler.kt,JSON_Payload
REQ-1008,notify.bugsnag.com,/,lineNumber,803.0,JSON_Payload
REQ-1009,notify.bugsnag.com,/,method,kotlinx.coroutines.scheduling.CoroutineScheduler$Worker.runWorker,JSON_Payload
REQ-1009,notify.bugsnag.com,/,file,CoroutineScheduler.kt,JSON_Payload
REQ-1009,notify.bugsnag.com,/,lineNumber,751.0,JSON_Payload
REQ-1010,notify.bugsnag.com,/,method,kotlinx.coroutines.scheduling.CoroutineScheduler$Worker.run,JSON_Payload
REQ-1010,notify.bugsnag.com,/,file,CoroutineScheduler.kt,JSON_Payload
REQ-1010,notify.bugsnag.com,/,lineNumber,704.0,JSON_Payload
REQ-1011,notify.bugsnag.com,/,method,android.o s.MessageQueue.nativePollOnce,JSON_Payload
REQ-1011,notify.bugsnag.com,/,file,MessageQueue.java,JSON_Payload
REQ-1011,notify.bugsnag.com,/,lineNumber,-2.0,JSON_Payload
REQ-1012,notify.bugsnag.com,/,method,android.os.MessageQueue.nextLegacy,JSON_Payload
REQ-1012,notify.bugsnag.com,/,file,MessageQueue.java,JSON_Payload
REQ-1012,notify.bugsnag.com,/,lineNumber,913.0,JSON_Payload
REQ-1013,notify.bugsnag.com,/,method,android.os.MessageQueue.next,JSON_Payload
REQ-1013,notify.bugsnag.com,/,file,MessageQueue.java,JSON_Payload
REQ-1013,notify.bugsnag.com,/,lineNumber,1025.0,JSON_Payload
REQ-1014,notify.bugsnag.com,/,method,android.os.Looper.loopOnce,JSON_Payload
REQ-1014,notify.bugsnag.com,/,file,Looper.java,JSON_Payload
REQ-1014,notify.bugsnag.com,/,lineNumber,196.0,JSON_Payload
REQ-1015,notify.bugsnag.com,/,method,android.os.Looper.loop,JSON_Payload
REQ-1015,notify.bugsnag.com,/,file,Looper.java,JSON_Payload
REQ-1015,notify.bugsnag.com,/,lineNumber,338.0,JSON_Payload
REQ-1016,notify.bugsnag.com,/,method,android.os.HandlerThread.run,JSON_Payload
REQ-1016,notify.bugsnag.com,/,file,HandlerThread.java,JSON_Payload
REQ-1016,notify.bugsnag.com,/,lineNumber,85.0,JSON_Payload
REQ-1017,notify.bugsnag.com,/,method,jdk.internal.misc.Unsafe.park,JSON_Payload
REQ-1017,notify.bugsnag.com,/,file,Unsafe.java,JSON_Payload
REQ-1017,notify.bugsnag.com,/,lineNumber,-2.0,JSON_Payload
REQ-1018,notify.bugsnag.com,/,method,java.util.concurrent.locks.LockSupport.parkNanos,JSON_Payload
REQ-1018,notify.bugsnag.com,/,file,LockSupport.java,JSON_Payload
REQ-1018,notify.bugsnag.com,/,lineNumber,276.0,JSON_Payload
REQ-1019,notify.bugsnag.com,/,method,java.util.concurrent.locks.AbstractQueuedSynchronizer$ConditionObject.awaitNanos,JSON_Payload
REQ-1019,notify.bugsnag.com,/,file,AbstractQueuedSynchronizer.java,JSON_Payload
REQ-1019,notify.bugsnag.com,/,lineNumber,1803.0,JSON_Payload
REQ-1020,notify.bugsnag.com,/,method,java.util.concurrent.ScheduledThreadPoolExecutor$DelayedWorkQueue.take,JSON_Payload
REQ-1020,notify.bugsnag.com,/,file,ScheduledThreadPoolExecutor.java,JSON_Payload
REQ-1020,notify.bugsnag.com,/,lineNumber,1182.0,JSON_Payload
REQ-1021,notify.bugsnag.com,/,method,java.util.concurrent.ScheduledThreadPoolExecutor$DelayedWorkQueue.take,JSON_Payload
REQ-1021,notify.bugsnag.com,/,file,ScheduledThreadPoolExecutor.java,JSON_Payload
REQ-1021,notify.bugsnag.com,/,lineNumber,899.0,JSON_Payload
REQ-1022,notify.bugsnag.com,/,method,java.util.concurrent.ThreadPoolExecutor.getTask,JSON_Payload
REQ-1022,notify.bugsnag.com,/,file,ThreadPoolExecutor.java,JSON_Payload
REQ-1022,notify.bugsnag.com,/,lineNumber,1026.0,JSON_Payload
REQ-1023,notify.bugsnag.com,/,method,java.util.concurrent.ThreadPoolExecutor.runWorker,JSON_Payload
REQ-1023,notify.bugsnag.com,/,file,ThreadPoolExecutor.java,JSON_Payload
REQ-1023,notify.bugsnag.com,/,lineNumber,1086.0,JSON_Payload
REQ-1024,notify.bugsnag.com,/,method,java.util.concurrent.ThreadPoolExecutor$Worker.run,JSON_Payload
REQ-1024,notify.bugsnag.com,/,file,ThreadPoolExecutor.java,JSON_Payload
REQ-1024,notify.bugsnag.com,/,lineNumber,624.0,JSON_Payload
REQ-1025,notify.bugsnag.com,/,method,java.lang.Thread.run,JSON_Payload
REQ-1025,notify.bugsnag.com,/,file,Thread.java,JSON_Payload
REQ-1025,notify.bugsnag.com,/,lineNumber,1572.0,JSON_Payload
REQ-1026,notify.bugsnag.com,/,method,jdk.internal.misc.Unsafe.park,JSON_Payload
REQ-1026,notify.bugsnag.com,/,file,Unsafe.java,JSON_Payload
REQ-1026,notify.bugsnag.com,/,lineNumber,-2.0,JSON_Payload
REQ-1027,notify.bugsnag.com,/,method,java.util.concurrent.locks.LockSupport.parkNanos,JSON_Payload
REQ-1027,notify.bugsnag.com,/,file,LockSupport.java,JSON_Payload
REQ-1027,notify.bugsnag.com,/,lineNumber,417.0,JSON_Payload
REQ-1028,notify.bugsnag.com,/,method,java.util.concurrent.LinkedTransferQueue$DualNode.await,JSON_Payload
REQ-1028,notify.bugsnag.com,/,file,LinkedTransferQueue.java,JSON_Payload
REQ-1028,notify.bugsnag.com,/,lineNumber,452.0,JSON_Payload
REQ-1029,notify.bugsnag.com,/,method,java.util.concurrent.SynchronousQueue$Transferer.xferLifo,JSON_Payload
REQ-1029,notify.bugsnag.com,/,file,SynchronousQueue.java,JSON_Payload
REQ-1029,notify.bugsnag.com,/,lineNumber,194.0,JSON_Payload
REQ-1030,notify.bugsnag.com,/,method,java.util.concurrent.SynchronousQueue.xfer,JSON_Payload
REQ-1030,notify.bugsnag.com,/,file,SynchronousQueue.java,JSON_Payload
REQ-1030,notify.bugsnag.com,/,lineNumber,235.0,JSON_Payload
REQ-1031,notify.bugsnag.com,/,method,java.util.concurrent.SynchronousQueue.poll,JSON_Payload
REQ-1031,notify.bugsnag.com,/,file,SynchronousQueue.java,JSON_Payload
REQ-1031,notify.bugsnag.com,/,lineNumber,338.0,JSON_Payload
REQ-1032,notify.bugsnag.com,/,method,java.util.concurrent.ThreadPoolExecutor.getTask,JSON_Payload
REQ-1032,notify.bugsnag.com,/,file,ThreadPoolExecutor.java,JSON_Payload
REQ-1032,notify.bugsnag.com,/,lineNumber,1025.0,JSON_Payload
REQ-1033,notify.bugsnag.com,/,method,java.util.concurrent.ThreadPoolExecutor.runWorker,JSON_Payload
REQ-1033,notify.bugsnag.com,/,file,ThreadPoolExecutor.java,JSON_Payload
REQ-1033,notify.bugsnag.com,/,lineNumber,1086.0,JSON_Payload
REQ-1034,notify.bugsnag.com,/,method,java.util.concurrent.ThreadPoolExecutor$Worker.run,JSON_Payload
REQ-1034,notify.bugsnag.com,/,file,ThreadPoolExecutor.java,JSON_Payload
REQ-1034,notify.bugsnag.com,/,lineNumber,624.0,JSON_Payload
REQ-1035,notify.bugsnag.com,/,method,java.lang.Thread.run,JSON_Payload
REQ-1035,notify.bugsnag.com,/,file,Thread.java,JSON_Payload
REQ-1035,notify.bugsnag.com,/,lineNumber,1572.0,JSON_Payload
REQ-1036,notify.bugsnag.com,/,method,jdk.internal.misc.Unsafe.park,JSON_Payload
REQ-1036,notify.bugsnag.com,/,file,Unsafe.java,JSON_Payload
REQ-1036,notify.bugsnag.com,/,lineNumber,-2.0,JSON_Payload
REQ-1037,notify.bugsnag.com,/,method,java.util.concurrent.locks.LockSupport.parkNanos,JSON_Payload
REQ-1037,notify.bugsnag.com,/,file,LockSupport.java,JSON_Payload
REQ-1037,notify.bugsnag.com,/,lineNumber,417.0,JSON_Payload
REQ-1038,notify.bugsnag.com,/,method,java.util.concurrent.LinkedTransferQueue$DualNode.await,JSON_Payload
REQ-1038,notify.bugsnag.com,/,file,LinkedTransferQueue.java,JSON_Payload
REQ-1038,notify.bugsnag.com,/,lineNumber,452.0,JSON_Payload
REQ-1039,notify.bugsnag.com,/,method,java.util.concurrent.SynchronousQueue$Transferer.xferLifo,JSON_Payload
REQ-1039,notify.bugsnag.com,/,file,SynchronousQueue.java,JSON_Payload
REQ-1039,notify.bugsnag.com,/,lineNumber,194.0,JSON_Payload
REQ-1040,notify.bugsnag.com,/,method,java.util.concurrent.SynchronousQueue.xfer,JSON_Payload
REQ-1040,notify.bugsnag.com,/,file,SynchronousQueue.java,JSON_Payload
REQ-1040,notify.bugsnag.com,/,lineNumber,235.0,JSON_Payload
REQ-1041,notify.bugsnag.com,/,method,java.util.concurrent.SynchronousQueue.poll,JSON_Payload
REQ-1041,notify.bugsnag.com,/,file,SynchronousQueue.java,JSON_Payload
REQ-1041,notify.bugsnag.com,/,lineNumber,338.0,JSON_Payload
REQ-1042,notify.bugsnag.com,/,method,java.util.concurrent.ThreadPoolExecutor.getTask,JSON_Payload
REQ-1042,notify.bugsnag.com,/,file,ThreadPoolExecutor.java,JSON_Payload
REQ-1042,notify.bugsnag.com,/,lineNumber,1025.0,JSON_Payload
REQ-1043,notify.bugsnag.com,/,method,java.util.concurrent.ThreadPoolExecutor.runWorker,JSON_Payload
REQ-1043,notify.bugsnag.com,/,file,ThreadPoolExecutor.java,JSON_Payload
REQ-1043,notify.bugsnag.com,/,lineNumber,1086.0,JSON_Payload
REQ-1044,notify.bugsnag.com,/,method,java.util.concurrent.ThreadPoolExecutor$Worker.run,JSON_Payload
REQ-1044,notify.bugsnag.com,/,file,ThreadPoolExecutor.java,JSON_Payload
REQ-1044,notify.bugsnag.com,/,lineNumber,624.0,JSON_Payload
REQ-1045,notify.bugsnag.com,/,method,java.lang.Thread.run,JSON_Payload
REQ-1045,notify.bugsnag.com,/,file,Thread.java,JSON_Payload
REQ-1045,notify.bugsnag.com,/,lineNumber,1572.0,JSON_Payload
REQ-1046,notify.bugsnag.com,/,method,jdk.internal.misc.Unsafe.park,JSON_Payload
REQ-1046,notify.bugsnag.com,/,file,Unsafe.java,JSON_Payload
REQ-1046,notify.bugsnag.com,/,lineNumber,-2.0,JSON_Payload
REQ-1047,notify.bugsnag.com,/,method,java.util.concurrent.locks.LockSupport.parkNanos,JSON_Payload
REQ-1047,notify.bugsnag.com,/,file,LockSupport.java,JSON_Payload
REQ-1047,notify.bugsnag.com,/,lineNumber,417.0,JSON_Payload
REQ-1048,notify.bugsnag.com,/,method,java.util.concurrent.LinkedTransferQueue$DualNode.await,JSON_Payload
REQ-1048,notify.bugsnag.com,/,file,LinkedTransferQueue.java,JSON_Payload
REQ-1048,notify.bugsnag.com,/,lineNumber,452.0,JSON_Payload
REQ-1049,notify.bugsnag.com,/,method,java.util.concurrent.SynchronousQueue$Transferer.xferLifo,JSON_Payload
REQ-1049,notify.bugsnag.com,/,file,SynchronousQueue.java,JSON_Payload
REQ-1049,notify.bugsnag.com,/,lineNumber,194.0,JSON_Payload
REQ-1050,notify.bugsnag.com,/,method,java.util.concurrent.SynchronousQueue.xfer,JSON_Payload
REQ-1050,notify.bugsnag.com,/,file,SynchronousQueue.java,JSON_Payload
REQ-1050,notify.bugsnag.com,/,lineNumber,235.0,JSON_Payload
REQ-1051,notify.bugsnag.com,/,method,java.util.concurrent.SynchronousQueue.poll,JSON_Payload
REQ-1051,notify.bugsnag.com,/,file,SynchronousQueue.java,JSON_Payload
REQ-1051,notify.bugsnag.com,/,lineNumber,338.0,JSON_Payload
REQ-1052,notify.bugsnag.com,/,method,java.util.concurrent.ThreadPoolExecutor.getTask,JSON_Payload
REQ-1052,notify.bugsnag.com,/,file,ThreadPoolExecutor.java,JSON_Payload
REQ-1052,notify.bugsnag.com,/,lineNumber,1025.0,JSON_Payload
REQ-1053,notify.bugsnag.com,/,method,java.util.concurrent.ThreadPoolExecutor.runWorker,JSON_Payload
REQ-1053,notify.bugsnag.com,/,file,ThreadPoolExecutor.java,JSON_Payload
REQ-1053,notify.bugsnag.com,/,lineNumber,1086.0,JSON_Payload
REQ-1054,notify.bugsnag.com,/,method,java.util.concurrent.ThreadPoolExecutor$Worker.run,JSON_Payload
REQ-1054,notify.bugsnag.com,/,file,ThreadPoolExecutor.java,JSON_Payload
REQ-1054,notify.bugsnag.com,/,lineNumber,624.0,JSON_Payload
REQ-1055,notify.bugsnag.com,/,method,java.lang.Thread.run,JSON_Payload
REQ-1055,notify.bugsnag.com,/,file,Thread.java,JSON_Payload
REQ-1055,notify.bugsnag.com,/,lineNumber,1572.0,JSON_Payload
REQ-1056,notify.bugsnag.com,/,method,java.net.SocketInputStream.socketRead0,JSON_Payload
REQ-1056,notify.bugsnag.com,/,file,SocketInputStream.java,JSON_Payload
REQ-1056,notify.bugsnag.com,/,lineNumber,-2.0,JSON_Payload
REQ-1057,notify.bugsnag.com,/,method,java.net.SocketInputStream.socketRead,JSON_Payload
REQ-1057,notify.bugsnag.com,/,file,SocketInputStream.java,JSON_Payload
REQ-1057,notify.bugsnag.com,/,lineNumber,118.0,JSON_Payload
REQ-1058,notify.bugsnag.com,/,method,java.net.SocketInputStream.read,JSON_Payload
REQ-1058,notify.bugsnag.com,/,file,SocketInputStream.java,JSON_Payload
REQ-1058,notify.bugsnag.com,/,lineNumber,173.0,JSON_Payload
REQ-1059,notify.bugsnag.com,/,method,java.net.SocketInputStream.read,JSON_Payload
REQ-1059,notify.bugsnag.com,/,file,SocketInputStream.java,JSON_Payload
REQ-1059,notify.bugsnag.com,/,lineNumber,143.0,JSON_Payload
REQ-1060,notify.bugsnag.com,/,method,com.android.org.conscrypt.ConscryptEngineSocket$SSLInputStream.readFromSocket,JSON_Payload
REQ-1060,notify.bugsnag.com,/,file,ConscryptEngineSocket.java,JSON_Payload
REQ-1060,notify.bugsnag.com,/,lineNumber,1015.0,JSON_Payload
REQ-1061,notify.bugsnag.com,/,method,com.android.org.conscrypt.ConscryptEngineSocket$SSLInputStream.processDataFromSocket,JSON_Payload
REQ-1061,notify.bugsnag.com,/,file,ConscryptEngineSocket.java,JSON_Payload
REQ-1061,notify.bugsnag.com,/,lineNumber,979.0,JSON_Payload
REQ-1062,notify.bugsnag.com,/,method,com.android.org.conscrypt.ConscryptEngineSocket$SSLInputStream.readUntilDataAvailable,JSON_Payload
REQ-1062,notify.bugsnag.com,/,file,ConscryptEngineSocket.java,JSON_Payload
REQ-1062,notify.bugsnag.com,/,lineNumber,894.0,JSON_Payload
REQ-1063,notify.bugsnag.com,/,method,com.android.org.conscrypt.ConscryptEngineSocket$SSLInputStream.read,JSON_Payload
REQ-1063,notify.bugsnag.com,/,file,ConscryptEngineSocket.java,JSON_Payload
REQ-1063,notify.bugsnag.com,/,lineNumber,867.0,JSON_Payload
REQ-1064,notify.bugsnag.com,/,method,okio.InputStreamSource.read,JSON_Payload
REQ-1064,notify.bugsnag.com,/,file,JvmOkio.kt,JSON_Payload
REQ-1064,notify.bugsnag.com,/,lineNumber,93.0,JSON_Payload
REQ-1065,notify.bugsnag.com,/,method,okio.AsyncTimeout$source$1.read,JSON_Payload
REQ-1065,notify.bugsnag.com,/,file,AsyncTimeout.kt,JSON_Payload
REQ-1065,notify.bugsnag.com,/,lineNumber,128.0,JSON_Payload
REQ-1066,notify.bugsnag.com,/,method,okio.RealBufferedSource.request,JSON_Payload
REQ-1066,notify.bugsnag.com,/,file,RealBufferedSource.kt,JSON_Payload
REQ-1066,notify.bugsnag.com,/,lineNumber,63.0,JSON_Payload
REQ-1067,notify.bugsnag.com,/,method,okio.RealBufferedSource.require,JSON_Payload
REQ-1067,notify.bugsnag.com,/,file,RealBufferedSource.kt,JSON_Payload
REQ-1067,notify.bugsnag.com,/,lineNumber,56.0,JSON_Payload
REQ-1068,notify.bugsnag.com,/,method,okhttp3.internal.http2.Http2Reader.nextFrame,JSON_Payload
REQ-1068,notify.bugsnag.com,/,file,Http2Reader.kt,JSON_Payload
REQ-1068,notify.bugsnag.com,/,lineNumber,89.0,JSON_Payload
REQ-1069,notify.bugsnag.com,/,method,okhttp3.internal.http2.Http2Connection$ReaderRunnable.invoke,JSON_Payload
REQ-1069,notify.bugsnag.com,/,file,Http2Connection.kt,JSON_Payload
REQ-1069,notify.bugsnag.com,/,lineNumber,618.0,JSON_Payload
REQ-1070,notify.bugsnag.com,/,method,okhttp3.internal.http2.Http2Connection$ReaderRunnable.invoke,JSON_Payload
REQ-1070,notify.bugsnag.com,/,file,Http2Connection.kt,JSON_Payload
REQ-1070,notify.bugsnag.com,/,lineNumber,609.0,JSON_Payload
REQ-1071,notify.bugsnag.com,/,method,okhttp3.internal.concurrent.TaskQueue$execute$1.runOnce,JSON_Payload
REQ-1071,notify.bugsnag.com,/,file,TaskQueue.kt,JSON_Payload
REQ-1071,notify.bugsnag.com,/,lineNumber,98.0,JSON_Payload
REQ-1072,notify.bugsnag.com,/,method,okhttp3.internal.concurrent.TaskRunner.runTask,JSON_Payload
REQ-1072,notify.bugsnag.com,/,file,TaskRunner.kt,JSON_Payload
REQ-1072,notify.bugsnag.com,/,lineNumber,116.0,JSON_Payload
REQ-1073,notify.bugsnag.com,/,method,okhttp3.internal.concurrent.TaskRunner.access$runTask,JSON_Payload
REQ-1073,notify.bugsnag.com,/,file,TaskRunner.kt,JSON_Payload
REQ-1073,notify.bugsnag.com,/,lineNumber,42.0,JSON_Payload
REQ-1074,notify.bugsnag.com,/,method,okhttp3.internal.concurrent.TaskRunner$runnable$1.run,JSON_Payload
REQ-1074,notify.bugsnag.com,/,file,TaskRunner.kt,JSON_Payload
REQ-1074,notify.bugsnag.com,/,lineNumber,65.0,JSON_Payload
REQ-1075,notify.bugsnag.com,/,method,java.util.concurrent.ThreadPoolExecutor.runWorker,JSON_Payload
REQ-1075,notify.bugsnag.com,/,file,ThreadPoolExecutor.java,JSON_Payload
REQ-1075,notify.bugsnag.com,/,lineNumber,1100.0,JSON_Payload
REQ-1076,notify.bugsnag.com,/,method,java.util.concurrent.ThreadPoolExecutor$Worker.run,JSON_Payload
REQ-1076,notify.bugsnag.com,/,file,ThreadPoolExecutor.java,JSON_Payload
REQ-1076,notify.bugsnag.com,/,lineNumber,624.0,JSON_Payload
REQ-1077,notify.bugsnag.com,/,method,java.lang.Thread.run,JSON_Payload
REQ-1077,notify.bugsnag.com,/,file,Thread.java,JSON_Payload
REQ-1077,notify.bugsnag.com,/,lineNumber,1572.0,JSON_Payload
REQ-1078,notify.bugsnag.com,/,method,jdk.internal.misc.Unsafe.park,JSON_Payload
REQ-1078,notify.bugsnag.com,/,file,Unsafe.java,JSON_Payload
REQ-1078,notify.bugsnag.com,/,lineNumber,-2.0,JSON_Payload
REQ-1079,notify.bugsnag.com,/,method,java.util.concurrent.locks.LockSupport.parkNanos,JSON_Payload
REQ-1079,notify.bugsnag.com,/,file,LockSupport.java,JSON_Payload
REQ-1079,notify.bugsnag.com,/,lineNumber,417.0,JSON_Payload
REQ-1080,notify.bugsnag.com,/,method,java.util.concurrent.LinkedTransferQueue$DualNode.await,JSON_Payload
REQ-1080,notify.bugsnag.com,/,file,LinkedTransferQueue.java,JSON_Payload
REQ-1080,notify.bugsnag.com,/,lineNumber,452.0,JSON_Payload
REQ-1081,notify.bugsnag.com,/,method,java.util.concurrent.SynchronousQueue$Transferer.xferLifo,JSON_Payload
REQ-1081,notify.bugsnag.com,/,file,SynchronousQueue.java,JSON_Payload
REQ-1081,notify.bugsnag.com,/,lineNumber,194.0,JSON_Payload
REQ-1082,notify.bugsnag.com,/,me thod,java.util.concurrent.SynchronousQueue.xfer,JSON_Payload
REQ-1082,notify.bugsnag.com,/,file,SynchronousQueue.java,JSON_Payload
REQ-1082,notify.bugsnag.com,/,lineNumber,235.0,JSON_Payload
REQ-1083,notify.bugsnag.com,/,method,java.util.concurrent.SynchronousQueue.poll,JSON_Payload
REQ-1083,notify.bugsnag.com,/,file,SynchronousQueue.java,JSON_Payload
REQ-1083,notify.bugsnag.com,/,lineNumber,338.0,JSON_Payload
REQ-1084,notify.bugsnag.com,/,method,java.util.concurrent.ThreadPoolExecutor.getTask,JSON_Payload
REQ-1084,notify.bugsnag.com,/,file,ThreadPoolExecutor.java,JSON_Payload
REQ-1084,notify.bugsnag.com,/,lineNumber,1025.0,JSON_Payload
REQ-1085,notify.bugsnag.com,/,method,java.util.concurrent.ThreadPoolExecutor.runWorker,JSON_Payload
REQ-1085,notify.bugsnag.com,/,file,ThreadPoolExecutor.java,JSON_Payload
REQ-1085,notify.bugsnag.com,/,lineNumber,1086.0,JSON_Payload
REQ-1086,notify.bugsnag.com,/,method,java.util.concurrent.ThreadPoolExecutor$Worker.run,JSON_Payload
REQ-1086,notify.bugsnag.com,/,file,ThreadPoolExecutor.java,JSON_Payload
REQ-1086,notify.bugsnag.com,/,lineNumber,624.0,JSON_Payload
REQ-1087,notify.bugsnag.com,/,method,java.lang.Thread.run,JSON_Payload
REQ-1087,notify.bugsnag.com,/,file,Thread.java,JSON_Payload
REQ-1087,notify.bugsnag.com,/,lineNumber,1572.0,JSON_Payload
REQ-1088,notify.bugsnag.com,/,method,java.net.SocketInputStream.socketRead0,JSON_Payload
REQ-1088,notify.bugsnag.com,/,file,SocketInputStream.java,JSON_Payload
REQ-1088,notify.bugsnag.com,/,lineNumber,-2.0,JSON_Payload
REQ-1089,notify.bugsnag.com,/,method,java.net.SocketInputStream.socketRead,JSON_Payload
REQ-1089,notify.bugsnag.com,/,file,SocketInputStream.java,JSON_Payload
REQ-1089,notify.bugsnag.com,/,lineNumber,118.0,JSON_Payload
REQ-1090,notify.bugsnag.com,/,method,java.net.SocketInputStream.read,JSON_Payload
REQ-1090,notify.bugsnag.com,/,file,SocketInputStream.java,JSON_Payload
REQ-1090,notify.bugsnag.com,/,lineNumber,173.0,JSON_Payload
REQ-1091,notify.bugsnag.com,/,method,java.net.SocketInputStream.read,JSON_Payload
REQ-1091,notify.bugsnag.com,/,file,SocketInputStream.java,JSON_Payload
REQ-1091,notify.bugsnag.com,/,lineNumber,143.0,JSON_Payload
REQ-1092,notify.bugsnag.com,/,method,com.android.org.conscrypt.ConscryptEngineSocket$SSLInputStream.readFromSocket,JSON_Payload
REQ-1092,notify.bugsnag.com,/,file,ConscryptEngineSocket.java,JSON_Payload
REQ-1092,notify.bugsnag.com,/,lineNumber,1015.0,JSON_Payload
REQ-1093,notify.bugsnag.com,/,method,com.android.org.conscrypt.ConscryptEngineSocket$SSLInputStream.processDataFromSocket,JSON_Payload
REQ-1093,notify.bugsnag.com,/,file,ConscryptEngineSocket.java,JSON_Payload
REQ-1093,notify.bugsnag.com,/,lineNumber,979.0,JSON_Payload
REQ-1094,notify.bugsnag.com,/,method,com.android.org.conscrypt.ConscryptEngineSocket$SSLInputStream.readUntilDataAvailable,JSON_Payload
REQ-1094,notify.bugsnag.com,/,file,ConscryptEngineSocket.java,JSON_Payload
REQ-1094,notify.bugsnag.com,/,lineNumber,894.0,JSON_Payload
REQ-1095,notify.bugsnag.com,/,method,com.android.org.conscrypt.ConscryptEngineSocket$SSLInputStream.read,JSON_Payload
REQ-1095,notify.bugsnag.com,/,file,ConscryptEngineSocket.java,JSON_Payload
REQ-1095,notify.bugsnag.com,/,lineNumber,867.0,JSON_Payload
REQ-1096,notify.bugsnag.com,/,method,okio.InputStreamSource.read,JSON_Payload
REQ-1096,notify.bugsnag.com,/,file,JvmOkio.kt,JSON_Payload
REQ-1096,notify.bugsnag.com,/,lineNumber,93.0,JSON_Payload
REQ-1097,notify.bugsnag.com,/,method,okio.AsyncTimeout$source$1.read,JSON_Payload
REQ-1097,notify.bugsnag.com,/,file,AsyncTimeout.kt,JSON_Payload
REQ-1097,notify.bugsnag.com,/,lineNumber,128.0,JSON_Payload
REQ-1098,notify.bugsnag.com,/,method,okio.RealBufferedSource.request,JSON_Payload
REQ-1098,notify.bugsnag.com,/,file,RealBufferedSource.kt,JSON_Payload
REQ-1098,notify.bugsnag.com,/,lineNumber,63.0,JSON_Payload
REQ-1099,notify.bugsnag.com,/,method,okio.RealBufferedSource.require,JSON_Payload
REQ-1099,notify.bugsnag.com,/,file,RealBufferedSource.kt,JSON_Payload
REQ-1099,notify.bugsnag.com,/,lineNumber,56.0,JSON_Payload
REQ-1100,notify.bugsnag.com,/,method,io.grpc.okhttp.internal.framed.Http2$Reader.nextFrame,JSON_Payload
REQ-1100,notify.bugsnag.com,/,file,Http2.java,JSON_Payload
REQ-1100,notify.bugsnag.com,/,lineNumber,120.0,JSON_Payload
REQ-1101,notify.bugsnag.com,/,method,io.grpc.okhttp.OkHttpClientTransport$ClientFrameHandler.run,JSON_Payload
REQ-1101,notify.bugsnag.com,/,file,OkHttpClientTransport.java,JSON_Payload
REQ-1101,notify.bugsnag.com,/,lineNumber,1107.0,JSON_Payload
REQ-1102,notify.bugsnag.com,/,method,java.util.concurrent.ThreadPoolExecutor.runWorker,JSON_Payload
REQ-1102,notify.bugsnag.com,/,file,ThreadPoolExecutor.java,JSON_Payload
REQ-1102,notify.bugsnag.com,/,lineNumber,1100.0,JSON_Payload
REQ-1103,notify.bugsnag.com,/,method,java.util.concurrent.ThreadPoolExecutor$Worker.run,JSON_Payload
REQ-1103,notify.bugsnag.com,/,file,ThreadPoolExecutor.java,JSON_Payload
REQ-1103,notify.bugsnag.com,/,lineNumber,624.0,JSON_Payload
REQ-1104,notify.bugsnag.com,/,method,java.lang.Thread.run,JSON_Payload
REQ-1104,notify.bugsnag.com,/,file,Thread.java,JSON_Payload
REQ-1104,notify.bugsnag.com,/,lineNumber,1572.0,JSON_Payload
REQ-1105,notify.bugsnag.com,/,method,jdk.internal.misc.Unsafe.park,JSON_Payload
REQ-1105,notify.bugsnag.com,/,file,Unsafe.java,JSON_Payload
REQ-1105,notify.bugsnag.com,/,lineNumber,-2.0,JSON_Payload
REQ-1106,notify.bugsnag.com,/,method,java.util.concurrent.locks.LockSupport.parkNanos,JSON_Payload
REQ-1106,notify.bugsnag.com,/,file,LockSupport.java,JSON_Payload
REQ-1106,notify.bugsnag.com,/,lineNumber,417.0,JSON_Payload
REQ-1107,notify.bugsnag.com,/,method,kotlinx.coroutines.scheduling.CoroutineScheduler$Worker.park,JSON_Payload
REQ-1107,notify.bugsnag.com,/,file,CoroutineScheduler.kt,JSON_Payload
REQ-1107,notify.bugsnag.com,/,lineNumber,855.0,JSON_Payload
REQ-1108,notify.bugsnag.com,/,method,kotlinx.coroutines.scheduling.CoroutineScheduler$Worker.tryPark,JSON_Payload
REQ-1108,notify.bugsnag.com,/,file,CoroutineScheduler.kt,JSON_Payload
REQ-1108,notify.bugsnag.com,/,lineNumber,803.0,JSON_Payload
REQ-1109,notify.bugsnag.com,/,method,kotlinx.coroutines.scheduling.CoroutineScheduler$Worker.runWorker,JSON_Payload
REQ-1109,notify.bugsnag.com,/,file,CoroutineScheduler.kt,JSON_Payload
REQ-1109,notify.bugsnag.com,/,lineNumber,751.0,JSON_Payload
REQ-1110,notify.bugsnag.com,/,method,kotlinx.coroutines.scheduling.CoroutineScheduler$Worker.run,JSON_Payload
REQ-1110,notify.bugsnag.com,/,file,CoroutineScheduler.kt,JSON_Payload
REQ-1110,notify.bugsnag.com,/,lineNumber,704.0,JSON_Payload
REQ-1111,notify.bugsnag.com,/,method,jdk.internal.misc.Unsafe.park,JSON_Payload
REQ-1111,notify.bugsnag.com,/,file,Unsafe.java,JSON_Payload
REQ-1111,notify.bugsnag.com,/,lineNumber,-2.0,JSON_Payload
REQ-1112,notify.bugsnag.com,/,method,java.util.concurrent.locks.LockSupport.parkNanos,JSON_Payload
REQ-1112,notify.bugsnag.com,/,file,LockSupport.java,JSON_Payload
REQ-1112,notify.bugsnag.com,/,lineNumber,417.0,JSON_Payload
REQ-1113,notify.bugsnag.com,/,method,kotlinx.coroutines.scheduling.CoroutineScheduler$Worker.park,JSON_Payload
REQ-1113,notify.bugsnag.com,/,file,CoroutineScheduler.kt,JSON_Payload
REQ-1113,notify.bugsnag.com,/,lineNumber,855.0,JSON_Payload
REQ-1114,notify.bugsnag.com,/,method,kotlinx.coroutines.scheduling.CoroutineScheduler$Worker.tryPark,JSON_Payload
REQ-1114,notify.bugsnag.com,/,file,CoroutineScheduler.kt,JSON_Payload
REQ-1114,notify.bugsnag.com,/,lineNumber,803.0,JSON_Payload
REQ-1115,notify.bugsnag.com,/,method,kotlinx.coroutines.scheduling.CoroutineScheduler$Worker.runWorker,JSON_Payload
REQ-1115,notify.bugsnag.com,/,file,CoroutineScheduler.kt,JSON_Payload
REQ-1115,notify.bugsnag.com,/,lineNumber,751.0,JSON_Payload
REQ-1116,notify.bugsnag.com,/,method,kotlinx.coroutines.scheduling.CoroutineScheduler$Worker.run,JSON_Payload
REQ-1116,notify.bugsnag.com,/,file,CoroutineScheduler.kt,JSON_Payload
REQ-1116,notify.bugsnag.com,/,lineNumber,704.0,JSON_Payload
REQ-1117,notify.bugsnag.com,/,method,android.os.MessageQueue.nativePollOnce,JSON_Payload
REQ-1117,notify.bugsnag.com,/,file,MessageQueue.java,JSON_Payload
REQ-1117,notify.bugsnag.com,/,lineNumber,-2.0,JSON_Payload
REQ-1118,notify.bugsnag.com,/,method,android.os.MessageQueue.nextLegacy,JSON_Payload
REQ-1118,notify.bugsnag.com,/,file,MessageQueue.java,JSON_Payload
REQ-1118,notify.bugsnag.com,/,lineNumber,913.0,JSON_Payload
REQ-1119,notify.bugsnag.com,/,method,android.os.MessageQueue.next,JSON_Payload
REQ-1119,notify.bugsnag.com,/,file,MessageQueue.java,JSON_Payload
REQ-1119,notify.bugsnag.com,/,lineNumber,1025.0,JSON_Payload
REQ-1120,notify.bugsnag.com,/,method,android.os.Looper.loopOnce,JSON_Payload
REQ-1120,notify.bugsnag.com,/,file,Looper.java,JSON_Payload
REQ-1120,notify.bugsnag.com,/,lineNumber,196.0,JSON_Payload
REQ-1121,notify.bugsnag.com,/,method,android.os.Looper.loop,JSON_Payload
REQ-1121,notify.bugsnag.com,/,file,Looper.java,JSON_Payload
REQ-1121,notify.bugsnag.com,/,lineNumber,338.0,JSON_Payload
REQ-1122,notify.bugsnag.com,/,method,android.os.HandlerThread.run,JSON_Payload
REQ-1122,notify.bugsnag.com,/,file,HandlerThread.java,JSON_Payload
REQ-1122,notify.bugsnag.com,/,lineNumber,85.0,JSON_Payload
REQ-1123,notify.bugsnag.com,/,method,android.os.MessageQueue.nativePollOnce,JSON_Payload
REQ-1123,notify.bugsnag.com,/,file,MessageQueue.java,JSON_Payload
REQ-1123,notify.bugsnag.com,/,lineNumber,-2.0,JSON_Payload
REQ-1124,notify.bugsnag.com,/,method,android.os.MessageQueue.nextLegacy,JSON_Payload
REQ-1124,notify.bugsnag.com,/,file,MessageQueue.java,JSON_Payload
REQ-1124,notify.bugsnag.com,/,lineNumber,913.0,JSON_Payload
REQ-1125,notify.bugsnag.com,/,method,android.os.MessageQueue.next,JSON_Payload
REQ-1125,notify.bugsnag.com,/,file,MessageQueue.java,JSON_Payload
REQ-1125,notify.bugsnag.com,/,lineNumber,1025.0,JSON_Payload
REQ-1126,notify.bugsnag.com,/,method,android.os.Looper.loopOnce,JSON_Payload
REQ-1126,notify.bugsnag.com,/,file,Looper.java,JSON_Payload
REQ-1126,notify.bugsnag.com,/,lineNumber,196.0,JSON_Payload
REQ-1127,notify.bugsnag.com,/,method,android.os.Looper.loop,JSON_Payload
REQ-1127,notify.bugsnag.com,/,file,Looper.java,JSON_Payload
REQ-1127,notify.bugsnag.com,/,lineNumber,338.0,JSON_Payload
REQ-1128,notify.bugsnag.com,/,method,android.os.HandlerThread.run,JSON_Payload
REQ-1128,notify.bugsnag.com,/,file,HandlerThread.java,JSON_Payload
REQ-1128,notify.bugsnag.com,/,lineNumber,85.0,JSON_Payload
REQ-1129,notify.bugsnag.com,/,method,java.lang.Object.wait,JSON_Payload
REQ-1129,notify.bugsnag.com,/,file,Object.java,JSON_Payload
REQ-1129,notify.bugsnag.com,/,lineNumber,-2.0,JSON_Payload
REQ-1130,notify.bugsnag.com,/,method,java.lang.Object.wait,JSON_Payload
REQ-1130,notify.bugsnag.com,/,file,Object.java,JSON_Payload
REQ-1130,notify.bugsnag.com,/,lineNumber,405.0,JSON_Payload
REQ-1131,notify.bugsnag.com,/,method,java.lang.ref.ReferenceQueue.remove,JSON_Payload
REQ-1131,notify.bugsnag.com,/,file,ReferenceQueue.java,JSON_Payload
REQ-1131,notify.bugsnag.com,/,lineNumber,207.0,JSON_Payload
REQ-1132,notify.bugsnag.com,/,method,java.lang.ref.ReferenceQueue.remove,JSON_Payload
REQ-1132,notify.bugsnag.com,/,file,ReferenceQueue.java,JSON_Payload
REQ-1132,notify.bugsnag.com,/,lineNumber,228.0,JSON_Payload
REQ-1133,notify.bugsnag.com,/,method,com.github.dart_lang.jni.PortCleaner.$r8$lambda$U_1Ia4JSuistEkkksAmUFEFUUog,JSON_Payload
REQ-1133,notify.bugsnag.com,/,file,PortCleaner.java,JSON_Payload
REQ-1133,notify.bugsnag.com,/,lineNumber,67.0,JSON_Payload
REQ-1134,notify.bugsnag.com,/,method,com.github.dart_lang.jni.PortCleaner$$ExternalSyntheticLambda0.run,JSON_Payload
REQ-1134,notify.bugsnag.com,/,file,R8$$SyntheticClass,JSON_Payload
REQ-1134,notify.bugsnag.com,/,lineNumber,0.0,JSON_Payload
REQ-1135,notify.bugsnag.com,/,method,java.lang.Thread.run,JSON_Payload
REQ-1135,notify.bugsnag.com,/,file,Thread.java,JSON_Payload
REQ-1135,notify.bugsnag.com,/,lineNumber,1572.0,JSON_Payload
REQ-1136,notify.bugsnag.com,/,method,jdk.internal.misc.Unsafe.park,JSON_Payload
REQ-1136,notify.bugsnag.com,/,file,Unsafe.java,JSON_Payload
REQ-1136,notify.bugsnag.com,/,lineNumber,-2.0,JSON_Payload
REQ-1137,notify.bugsnag.com,/,method,java.util.concurrent.locks.LockSupport.parkNanos,JSON_Payload
REQ-1137,notify.bugsnag.com,/,file,LockSupport.java,JSON_Payload
REQ-1137,notify.bugsnag.com,/,lineNumber,417.0,JSON_Payload
REQ-1138,notify.bugsnag.com,/,method,java.util.concurrent.LinkedTransferQueue$DualNode.await,JSON_Payload
REQ-1138,notify.bugsnag.com,/,file,LinkedTransferQueue.java,JSON_Payload
REQ-1138,notify.bugsnag.com,/,lineNumber,452.0,JSON_Payload
REQ-1139,notify.bugsnag.com,/,method,java.util.concurrent.SynchronousQueue$Transferer.xferLifo,JSON_Payload
REQ-1139,notify.bugsnag.com,/,file,SynchronousQueue.java,JSON_Payload
REQ-1139,notify.bugsnag.com,/,lineNumber,194.0,JSON_Payload
REQ-1140,notify.bugsnag.com,/,method,java.util.concurrent.SynchronousQueue.xfer,JSON_Payload
REQ-1140,notify.bugsnag.com,/,file,SynchronousQueue.java,JSON_Payload
REQ-1140,notify.bugsnag.com,/,lineNumber,235.0,JSON_Payload
REQ-1141,notify.bugsnag.com,/,method,java.util.concurrent.SynchronousQueue.poll,JSON_Payload
REQ-1141,notify.bugsnag.com,/,file,SynchronousQueue.java,JSON_Payload
REQ-1141,notify.bugsnag.com,/,lineNumber,338.0,JSON_Payload
REQ-1142,notify.bugsnag.com,/,method,java.util.concurrent.ThreadPoolExecutor.getTask,JSON_Payload
REQ-1142,notify.bugsnag.com,/,file,ThreadPoolExecutor.java,JSON_Payload
REQ-1142,notify.bugsnag.com,/,lineNumber,1025.0,JSON_Payload
REQ-1143,notify.bugsnag.com,/,method,java.util.concurrent.ThreadPoolExecutor.runWorker,JSON_Payload
REQ-1143,notify.bugsnag.com,/,file,ThreadPoolExecutor.java,JSON_Payload
REQ-1143,notify.bugsnag.com,/,lineNumber,1086.0,JSON_Payload
REQ-1144,notify.bugsnag.com,/,method,java.util.concurrent.ThreadPoolExecutor$Worker.run,JSON_Payload
REQ-1144,notify.bugsnag.com,/,file,ThreadPoolExecutor.java,JSON_Payload
REQ-1144,notify.bugsnag.com,/,lineNumber,624.0,JSON_Payload
REQ-1145,notify.bugsnag.com,/,method,java.lang.Thread.run,JSON_Payload
REQ-1145,notify.bugsnag.com,/,file,Thread.java,JSON_Payload
REQ-1145,notify.bugsnag.com,/,lineNumber,1572.0,JSON_Payload
REQ-1146,notify.bugsnag.com,/,method,jdk.internal.misc.Unsafe.park,JSON_Payload
REQ-1146,notify.bugsnag.com,/,file,Unsafe.java,JSON_Payload
REQ-1146,notify.bugsnag.com,/,lineNumber,-2.0,JSON_Payload
REQ-1147,notify.bugsnag.com,/,method,java.util.concurrent.locks.LockSupport.parkNanos,JSON_Payload
REQ-1147,notify.bugsnag.com,/,file,LockSupport.java,JSON_Payload
REQ-1147,notify.bugsnag.com,/,lineNumber,417.0,JSON_Payload
REQ-1148,notify.bugsnag.com,/,method,java.util.concurrent.LinkedTransferQueue$DualNode.await,JSON_Payload
REQ-1148,notify.bugsnag.com,/,file,LinkedTransferQueue.java,JSON_Payload
REQ-1148,notify.bugsnag.com,/,lineNumber,452.0,JSON_Payload
REQ-1149,notify.bugsnag.com,/,method,java.util.concurrent.SynchronousQueue$Transferer.xferLifo,JSON_Payload
REQ-1149,notify.bugsnag.com,/,file,SynchronousQueue.java,JSON_Payload
REQ-1149,notify.bugsnag.com,/,lineNumber,194.0,JSON_Payload
REQ-1150,notify.bugsnag.com,/,method,java.util.concurrent.SynchronousQueue.xfer,JSON_Payload
REQ-1150,notify.bugsnag.com,/,file,Syn chronousQueue.java,JSON_Payload
REQ-1150,notify.bugsnag.com,/,lineNumber,235.0,JSON_Payload
REQ-1151,notify.bugsnag.com,/,method,java.util.concurrent.SynchronousQueue.poll,JSON_Payload
REQ-1151,notify.bugsnag.com,/,file,SynchronousQueue.java,JSON_Payload
REQ-1151,notify.bugsnag.com,/,lineNumber,338.0,JSON_Payload
REQ-1152,notify.bugsnag.com,/,method,java.util.concurrent.ThreadPoolExecutor.getTask,JSON_Payload
REQ-1152,notify.bugsnag.com,/,file,ThreadPoolExecutor.java,JSON_Payload
REQ-1152,notify.bugsnag.com,/,lineNumber,1025.0,JSON_Payload
REQ-1153,notify.bugsnag.com,/,method,java.util.concurrent.ThreadPoolExecutor.runWorker,JSON_Payload
REQ-1153,notify.bugsnag.com,/,file,ThreadPoolExecutor.java,JSON_Payload
REQ-1153,notify.bugsnag.com,/,lineNumber,1086.0,JSON_Payload
REQ-1154,notify.bugsnag.com,/,method,java.util.concurrent.ThreadPoolExecutor$Worker.run,JSON_Payload
REQ-1154,notify.bugsnag.com,/,file,ThreadPoolExecutor.java,JSON_Payload
REQ-1154,notify.bugsnag.com,/,lineNumber,624.0,JSON_Payload
REQ-1155,notify.bugsnag.com,/,method,java.lang.Thread.run,JSON_Payload
REQ-1155,notify.bugsnag.com,/,file,Thread.java,JSON_Payload
REQ-1155,notify.bugsnag.com,/,lineNumber,1572.0,JSON_Payload
REQ-1156,notify.bugsnag.com,/,method,jdk.internal.misc.Unsafe.park,JSON_Payload
REQ-1156,notify.bugsnag.com,/,file,Unsafe.java,JSON_Payload
REQ-1156,notify.bugsnag.com,/,lineNumber,-2.0,JSON_Payload
REQ-1157,notify.bugsnag.com,/,method,java.util.concurrent.locks.LockSupport.parkNanos,JSON_Payload
REQ-1157,notify.bugsnag.com,/,file,LockSupport.java,JSON_Payload
REQ-1157,notify.bugsnag.com,/,lineNumber,417.0,JSON_Payload
REQ-1158,notify.bugsnag.com,/,method,java.util.concurrent.LinkedTransferQueue$DualNode.await,JSON_Payload
REQ-1158,notify.bugsnag.com,/,file,LinkedTransferQueue.java,JSON_Payload
REQ-1158,notify.bugsnag.com,/,lineNumber,452.0,JSON_Payload
REQ-1159,notify.bugsnag.com,/,method,java.util.concurrent.SynchronousQueue$Transferer.xferLifo,JSON_Payload
REQ-1159,notify.bugsnag.com,/,file,SynchronousQueue.java,JSON_Payload
REQ-1159,notify.bugsnag.com,/,lineNumber,194.0,JSON_Payload
REQ-1160,notify.bugsnag.com,/,method,java.util.concurrent.SynchronousQueue.xfer,JSON_Payload
REQ-1160,notify.bugsnag.com,/,file,SynchronousQueue.java,JSON_Payload
REQ-1160,notify.bugsnag.com,/,lineNumber,235.0,JSON_Payload
REQ-1161,notify.bugsnag.com,/,method,java.util.concurrent.SynchronousQueue.poll,JSON_Payload
REQ-1161,notify.bugsnag.com,/,file,SynchronousQueue.java,JSON_Payload
REQ-1161,notify.bugsnag.com,/,lineNumber,338.0,JSON_Payload
REQ-1162,notify.bugsnag.com,/,method,java.util.concurrent.ThreadPoolExecutor.getTask,JSON_Payload
REQ-1162,notify.bugsnag.com,/,file,ThreadPoolExecutor.java,JSON_Payload
REQ-1162,notify.bugsnag.com,/,lineNumber,1025.0,JSON_Payload
REQ-1163,notify.bugsnag.com,/,method,java.util.concurrent.ThreadPoolExecutor.runWorker,JSON_Payload
REQ-1163,notify.bugsnag.com,/,file,ThreadPoolExecutor.java,JSON_Payload
REQ-1163,notify.bugsnag.com,/,lineNumber,1086.0,JSON_Payload
REQ-1164,notify.bugsnag.com,/,method,java.util.concurrent.ThreadPoolExecutor$Worker.run,JSON_Payload
REQ-1164,notify.bugsnag.com,/,file,ThreadPoolExecutor.java,JSON_Payload
REQ-1164,notify.bugsnag.com,/,lineNumber,624.0,JSON_Payload
REQ-1165,notify.bugsnag.com,/,method,java.lang.Thread.run,JSON_Payload
REQ-1165,notify.bugsnag.com,/,file,Thread.java,JSON_Payload
REQ-1165,notify.bugsnag.com,/,lineNumber,1572.0,JSON_Payload
REQ-1166,notify.bugsnag.com,/,method,jdk.internal.misc.Unsafe.park,JSON_Payload
REQ-1166,notify.bugsnag.com,/,file,Unsafe.java,JSON_Payload
REQ-1166,notify.bugsnag.com,/,lineNumber,-2.0,JSON_Payload
REQ-1167,notify.bugsnag.com,/,method,java.util.concurrent.locks.LockSupport.parkNanos,JSON_Payload
REQ-1167,notify.bugsnag.com,/,file,LockSupport.java,JSON_Payload
REQ-1167,notify.bugsnag.com,/,lineNumber,417.0,JSON_Payload
REQ-1168,notify.bugsnag.com,/,method,java.util.concurrent.LinkedTransferQueue$DualNode.await,JSON_Payload
REQ-1168,notify.bugsnag.com,/,file,LinkedTransferQueue.java,JSON_Payload
REQ-1168,notify.bugsnag.com,/,lineNumber,452.0,JSON_Payload
REQ-1169,notify.bugsnag.com,/,method,java.util.concurrent.SynchronousQueue$Transferer.xferLifo,JSON_Payload
REQ-1169,notify.bugsnag.com,/,file,SynchronousQueue.java,JSON_Payload
REQ-1169,notify.bugsnag.com,/,lineNumber,194.0,JSON_Payload
REQ-1170,notify.bugsnag.com,/,method,java.util.concurrent.SynchronousQueue.xfer,JSON_Payload
REQ-1170,notify.bugsnag.com,/,file,SynchronousQueue.java,JSON_Payload
REQ-1170,notify.bugsnag.com,/,lineNumber,235.0,JSON_Payload
REQ-1171,notify.bugsnag.com,/,method,java.util.concurrent.SynchronousQueue.poll,JSON_Payload
REQ-1171,notify.bugsnag.com,/,file,SynchronousQueue.java,JSON_Payload
REQ-1171,notify.bugsnag.com,/,lineNumber,338.0,JSON_Payload
REQ-1172,notify.bugsnag.com,/,method,java.util.concurrent.ThreadPoolExecutor.getTask,JSON_Payload
REQ-1172,notify.bugsnag.com,/,file,ThreadPoolExecutor.java,JSON_Payload
REQ-1172,notify.bugsnag.com,/,lineNumber,1025.0,JSON_Payload
REQ-1173,notify.bugsnag.com,/,method,java.util.concurrent.ThreadPoolExecutor.runWorker,JSON_Payload
REQ-1173,notify.bugsnag.com,/,file,ThreadPoolExecutor.java,JSON_Payload
REQ-1173,notify.bugsnag.com,/,lineNumber,1086.0,JSON_Payload
REQ-1174,notify.bugsnag.com,/,method,java.util.concurrent.ThreadPoolExecutor$Worker.run,JSON_Payload
REQ-1174,notify.bugsnag.com,/,file,ThreadPoolExecutor.java,JSON_Payload
REQ-1174,notify.bugsnag.com,/,lineNumber,624.0,JSON_Payload
REQ-1175,notify.bugsnag.com,/,method,java.lang.Thread.run,JSON_Payload
REQ-1175,notify.bugsnag.com,/,file,Thread.java,JSON_Payload
REQ-1175,notify.bugsnag.com,/,lineNumber,1572.0,JSON_Payload
REQ-1176,notify.bugsnag.com,/,method,jdk.internal.misc.Unsafe.park,JSON_Payload
REQ-1176,notify.bugsnag.com,/,file,Unsafe.java,JSON_Payload
REQ-1176,notify.bugsnag.com,/,lineNumber,-2.0,JSON_Payload
REQ-1177,notify.bugsnag.com,/,method,java.util.concurrent.locks.LockSupport.parkNanos,JSON_Payload
REQ-1177,notify.bugsnag.com,/,file,LockSupport.java,JSON_Payload
REQ-1177,notify.bugsnag.com,/,lineNumber,417.0,JSON_Payload
REQ-1178,notify.bugsnag.com,/,method,java.util.concurrent.LinkedTransferQueue$DualNode.await,JSON_Payload
REQ-1178,notify.bugsnag.com,/,file,LinkedTransferQueue.java,JSON_Payload
REQ-1178,notify.bugsnag.com,/,lineNumber,452.0,JSON_Payload
REQ-1179,notify.bugsnag.com,/,method,java.util.concurrent.SynchronousQueue$Transferer.xferLifo,JSON_Payload
REQ-1179,notify.bugsnag.com,/,file,SynchronousQueue.java,JSON_Payload
REQ-1179,notify.bugsnag.com,/,lineNumber,194.0,JSON_Payload
REQ-1180,notify.bugsnag.com,/,method,java.util.concurrent.SynchronousQueue.xfer,JSON_Payload
REQ-1180,notify.bugsnag.com,/,file,SynchronousQueue.java,JSON_Payload
REQ-1180,notify.bugsnag.com,/,lineNumber,235.0,JSON_Payload
REQ-1181,notify.bugsnag.com,/,method,java.util.concurrent.SynchronousQueue.poll,JSON_Payload
REQ-1181,notify.bugsnag.com,/,file,SynchronousQueue.java,JSON_Payload
REQ-1181,notify.bugsnag.com,/,lineNumber,338.0,JSON_Payload
REQ-1182,notify.bugsnag.com,/,method,java.util.concurrent.ThreadPoolExecutor.getTask,JSON_Payload
REQ-1182,notify.bugsnag.com,/,file,ThreadPoolExecutor.java,JSON_Payload
REQ-1182,notify.bugsnag.com,/,lineNumber,1025.0,JSON_Payload
REQ-1183,notify.bugsnag.com,/,method,java.util.concurrent.ThreadPoolExecutor.runWorker,JSON_Payload
REQ-1183,notify.bugsnag.com,/,file,ThreadPoolExecutor.java,JSON_Payload
REQ-1183,notify.bugsnag.com,/,lineNumber,1086.0,JSON_Payload
REQ-1184,notify.bugsnag.com,/,method,java.util.concurrent.ThreadPoolExecutor$Worker.run,JSON_Payload
REQ-1184,notify.bugsnag.com,/,file,ThreadPoolExecutor.java,JSON_Payload
REQ-1184,notify.bugsnag.com,/,lineNumber,624.0,JSON_Payload
REQ-1185,notify.bugsnag.com,/,method,java.lang.Thread.run,JSON_Payload
REQ-1185,notify.bugsnag.com,/,file,Thread.java,JSON_Payload
REQ-1185,notify.bugsnag.com,/,lineNumber,1572.0,JSON_Payload
REQ-1186,notify.bugsnag.com,/,method,jdk.internal.misc.Unsafe.park,JSON_Payload
REQ-1186,notify.bugsnag.com,/,file,Unsafe.java,JSON_Payload
REQ-1186,notify.bugsnag.com,/,lineNumber,-2.0,JSON_Payload
REQ-1187,notify.bugsnag.com,/,method,java.util.concurrent.locks.LockSupport.parkNanos,JSON_Payload
REQ-1187,notify.bugsnag.com,/,file,LockSupport.java,JSON_Payload
REQ-1187,notify.bugsnag.com,/,lineNumber,417.0,JSON_Payload
REQ-1188,notify.bugsnag.com,/,method,java.util.concurrent.LinkedTransferQueue$DualNode.await,JSON_Payload
REQ-1188,notify.bugsnag.com,/,file,LinkedTransferQueue.java,JSON_Payload
REQ-1188,notify.bugsnag.com,/,lineNumber,452.0,JSON_Payload
REQ-1189,notify.bugsnag.com,/,method,java.util.concurrent.SynchronousQueue$Transferer.xferLifo,JSON_Payload
REQ-1189,notify.bugsnag.com,/,file,SynchronousQueue.java,JSON_Payload
REQ-1189,notify.bugsnag.com,/,lineNumber,194.0,JSON_Payload
REQ-1190,notify.bugsnag.com,/,method,java.util.concurrent.SynchronousQueue.xfer,JSON_Payload
REQ-1190,notify.bugsnag.com,/,file,SynchronousQueue.java,JSON_Payload
REQ-1190,notify.bugsnag.com,/,lineNumber,235.0,JSON_Payload
REQ-1191,notify.bugsnag.com,/,method,java.util.concurrent.SynchronousQueue.poll,JSON_Payload
REQ-1191,notify.bugsnag.com,/,file,SynchronousQueue.java,JSON_Payload
REQ-1191,notify.bugsnag.com,/,lineNumber,338.0,JSON_Payload
REQ-1192,notify.bugsnag.com,/,method,java.util.concurrent.ThreadPoolExecutor.getTask,JSON_Payload
REQ-1192,notify.bugsnag.com,/,file,ThreadPoolExecutor.java,JSON_Payload
REQ-1192,notify.bugsnag.com,/,lineNumber,1025.0,JSON_Payload
REQ-1193,notify.bugsnag.com,/,method,java.util.concurrent.ThreadPoolExecutor.runWorker,JSON_Payload
REQ-1193,notify.bugsnag.com,/,file,ThreadPoolExecutor.java,JSON_Payload
REQ-1193,notify.bugsnag.com,/,lineNumber,1086.0,JSON_Payload
REQ-1194,notify.bugsnag.com,/,method,java.util.concurrent.ThreadPoolExecutor$Worker.run,JSON_Payload
REQ-1194,notify.bugsnag.com,/,file,ThreadPoolExecutor.java,JSON_Payload
REQ-1194,notify.bugsnag.com,/,lineNumber,624.0,JSON_Payload
REQ-1195,notify.bugsnag.com,/,method,java.lang.Thread.run,JSON_Payload
REQ-1195,notify.bugsnag.com,/,file,Thread.java,JSON_Payload
REQ-1195,notify.bugsnag.com,/,lineNumber,1572.0,JSON_Payload
REQ-1196,notify.bugsnag.com,/,method,jdk.internal.misc.Unsafe.park,JSON_Payload
REQ-1196,notify.bugsnag.com,/,file,Unsafe.java,JSON_Payload
REQ-1196,notify.bugsnag.com,/,lineNumber,-2.0,JSON_Payload
REQ-1197,notify.bugsnag.com,/,method,java.util.concurrent.locks.LockSupport.parkNanos,JSON_Payload
REQ-1197,notify.bugsnag.com,/,file,LockSupport.java,JSON_Payload
REQ-1197,notify.bugsnag.com,/,lineNumber,417.0,JSON_Payload
REQ-1198,notify.bugsnag.com,/,method,java.util.concurrent.LinkedTransferQueue$DualNode.await,JSON_Payload
REQ-1198,notify.bugsnag.com,/,file,LinkedTransferQueue.java,JSON_Payload
REQ-1198,notify.bugsnag.com,/,lineNumber,452.0,JSON_Payload
REQ-1199,notify.bugsnag.com,/,method,java.util.concurrent.SynchronousQueue$Transferer.xferLifo,JSON_Payload
REQ-1199,notify.bugsnag.com,/,file,SynchronousQueue.java,JSON_Payload
REQ-1199,notify.bugsnag.com,/,lineNumber,194.0,JSON_Payload
REQ-1200,notify.bugsnag.com,/,method,java.util.concurrent.SynchronousQueue.xfer,JSON_Payload
REQ-1200,notify.bugsnag.com,/,file,SynchronousQueue.java,JSON_Payload
REQ-1200,notify.bugsnag.com,/,lineNumber,235.0,JSON_Payload
REQ-1201,notify.bugsnag.com,/,method,java.util.concurrent.SynchronousQueue.poll,JSON_Payload
REQ-1201,notify.bugsnag.com,/,file,SynchronousQueue.java,JSON_Payload
REQ-1201,notify.bugsnag.com,/,lineNumber,338.0,JSON_Payload
REQ-1202,notify.bugsnag.com,/,method,java.util.concurrent.ThreadPoolExecutor.getTask,JSON_Payload
REQ-1202,notify.bugsnag.com,/,file,ThreadPoolExecutor.java,JSON_Payload
REQ-1202,notify.bugsnag.com,/,lineNumber,1025.0,JSON_Payload
REQ-1203,notify.bugsnag.com,/,method,java.util.concurrent.ThreadPoolExecutor.runWorker,JSON_Payload
REQ-1203,notify.bugsnag.com,/,file,ThreadPoolExecutor.java,JSON_Payload
REQ-1203,notify.bugsnag.com,/,lineNumber,1086.0,JSON_Payload
REQ-1204,notify.bugsnag.com,/,method,java.util.concurrent.ThreadPoolExecutor$Worker.run,JSON_Payload
REQ-1204,notify.bugsnag.com,/,file,ThreadPoolExecutor.java,JSON_Payload
REQ-1204,notify.bugsnag.com,/,lineNumber,624.0,JSON_Payload
REQ-1205,notify.bugsnag.com,/,method,java.lang.Thread.run,JSON_Payload
REQ-1205,notify.bugsnag.com,/,file,Thread.java,JSON_Payload
REQ-1205,notify.bugsnag.com,/,lineNumber,1572.0,JSON_Payload
REQ-1206,notify.bugsnag.com,/,method,jdk.internal.misc.Unsafe.park,JSON_Payload
REQ-1206,notify.bugsnag.com,/,file,Unsafe.java,JSON_Payload
REQ-1206,notify.bugsnag.com,/,lineNumber,-2.0,JSON_Payload
REQ-1207,notify.bugsnag.com,/,method,java.util.concurrent.locks.LockSupport.parkNanos,JSON_Payload
REQ-1207,notify.bugsnag.com,/,file,LockSupport.java,JSON_Payload
REQ-1207,notify.bugsnag.com,/,lineNumber,276.0,JSON_Payload
REQ-1208,notify.bugsnag.com,/,method,kotlinx.coroutines.DefaultExecutor.run,JSON_Payload
REQ-1208,notify.bugsnag.com,/,file,DefaultExecutor.kt,JSON_Payload
REQ-1208,notify.bugsnag.com,/,lineNumber,118.0,JSON_Payload
REQ-1209,notify.bugsnag.com,/,method,java.lang.Thread.run,JSON_Payload
REQ-1209,notify.bugsnag.com,/,file,Thread.java,JSON_Payload
REQ-1209,notify.bugsnag.com,/,lineNumber,1572.0,JSON_Payload
REQ-1210,notify.bugsnag.com,/,method,jdk.internal.misc.Unsafe.park,JSON_Payload
REQ-1210,notify.bugsnag.com,/,file,Unsafe.java,JSON_Payload
REQ-1210,notify.bugsnag.com,/,lineNumber,-2.0,JSON_Payload
REQ-1211,notify.bugsnag.com,/,method,java.util.concurrent.locks.LockSupport.parkNanos,JSON_Payload
REQ-1211,notify.bugsnag.com,/,file,LockSupport.java,JSON_Payload
REQ-1211,notify.bugsnag.com,/,lineNumber,276.0,JSON_Payload
REQ-1212,notify.bugsnag.com,/,method,java.util.concurrent.locks.AbstractQueuedSynchronizer$ConditionObject.awaitNanos,JSON_Payload
REQ-1212,notify.bugsnag.com,/,file,AbstractQueuedSynchronizer.java,JSON_Payload
REQ-1212,notify.bugsnag.com,/,lineNumber,1803.0,JSON_Payload
REQ-1213,notify.bugsnag.com,/,method,java.util.concurrent.LinkedBlockingQueue.poll,JSON_Payload
REQ-1213,notify.bugsnag.com,/,file,LinkedBlockingQueue.java,JSON_Payload
REQ-1213,notify.bugsnag.com,/,lineNumber,460.0,JSON_Payload
REQ-1214,notify.bugsnag.com,/,method,java.util.concurrent.ThreadPoolExecutor.getTask,JSON_Payload
REQ-1214,notify.bugsnag.com,/,file,ThreadPoolExecutor.java,JSON_Payload
REQ-1214,notify.bugsnag.com,/,lineNumber,1025.0,JSON_Payload
REQ-1215,notify.bugsnag.com,/,method,java.util.concurrent.ThreadPoolExecutor.runWorker,JSON_Payload
REQ-1215,notify.bugsnag.com,/,file,ThreadPoolExecutor.java,JSON_Payload
REQ-1215,notify.bugsnag.com,/,lineNumber,1086.0,JSON_Payload
REQ-1216,notify.bugsnag.com,/,method,java.util.concurrent.ThreadPoolExecutor$Worker.run,JSON_Payload
REQ-1216,notify.bugsnag.com,/,file,ThreadPoolExecutor.java,JSON_Payload
REQ-1216,notify.bugsnag.com,/,lineNumber,624.0,JSON_Payload
REQ-1217,notify.bugsnag.com,/,method,java.lang.Thread.run,JSON_Payload
REQ-1217,notify.bugsnag.com,/,file,Thread.java,JSON_Payload
REQ-1217,notify.bugsnag.com,/,lineNumber,1572.0,JSON_Payload
REQ-1218,notify.bugsnag.com,/,method,android.os.MessageQueue.nativePollOnce,JSON_Payload
REQ-1218,notify.bugsnag.com,/,file,MessageQueue.java,JSON_Payload
REQ-1218,notify.bugsnag.com,/,lineNumber,-2.0,JSON_Payload
REQ-1219,notify.bugsnag.com,/,method,andro id.os.MessageQueue.nextLegacy,JSON_Payload
REQ-1219,notify.bugsnag.com,/,file,MessageQueue.java,JSON_Payload
REQ-1219,notify.bugsnag.com,/,lineNumber,913.0,JSON_Payload
REQ-1220,notify.bugsnag.com,/,method,android.os.MessageQueue.next,JSON_Payload
REQ-1220,notify.bugsnag.com,/,file,MessageQueue.java,JSON_Payload
REQ-1220,notify.bugsnag.com,/,lineNumber,1025.0,JSON_Payload
REQ-1221,notify.bugsnag.com,/,method,android.os.Looper.loopOnce,JSON_Payload
REQ-1221,notify.bugsnag.com,/,file,Looper.java,JSON_Payload
REQ-1221,notify.bugsnag.com,/,lineNumber,196.0,JSON_Payload
REQ-1222,notify.bugsnag.com,/,method,android.os.Looper.loop,JSON_Payload
REQ-1222,notify.bugsnag.com,/,file,Looper.java,JSON_Payload
REQ-1222,notify.bugsnag.com,/,lineNumber,338.0,JSON_Payload
REQ-1223,notify.bugsnag.com,/,method,android.os.HandlerThread.run,JSON_Payload
REQ-1223,notify.bugsnag.com,/,file,HandlerThread.java,JSON_Payload
REQ-1223,notify.bugsnag.com,/,lineNumber,85.0,JSON_Payload
REQ-1224,notify.bugsnag.com,/,method,jdk.internal.misc.Unsafe.park,JSON_Payload
REQ-1224,notify.bugsnag.com,/,file,Unsafe.java,JSON_Payload
REQ-1224,notify.bugsnag.com,/,lineNumber,-2.0,JSON_Payload
REQ-1225,notify.bugsnag.com,/,method,java.util.concurrent.locks.LockSupport.park,JSON_Payload
REQ-1225,notify.bugsnag.com,/,file,LockSupport.java,JSON_Payload
REQ-1225,notify.bugsnag.com,/,lineNumber,376.0,JSON_Payload
REQ-1226,notify.bugsnag.com,/,method,java.util.concurrent.locks.AbstractQueuedSynchronizer$ConditionNode.block,JSON_Payload
REQ-1226,notify.bugsnag.com,/,file,AbstractQueuedSynchronizer.java,JSON_Payload
REQ-1226,notify.bugsnag.com,/,lineNumber,520.0,JSON_Payload
REQ-1227,notify.bugsnag.com,/,method,java.util.concurrent.ForkJoinPool.unmanagedBlock,JSON_Payload
REQ-1227,notify.bugsnag.com,/,file,ForkJoinPool.java,JSON_Payload
REQ-1227,notify.bugsnag.com,/,lineNumber,3797.0,JSON_Payload
REQ-1228,notify.bugsnag.com,/,method,java.util.concurrent.ForkJoinPool.managedBlock,JSON_Payload
REQ-1228,notify.bugsnag.com,/,file,ForkJoinPool.java,JSON_Payload
REQ-1228,notify.bugsnag.com,/,lineNumber,3738.0,JSON_Payload
REQ-1229,notify.bugsnag.com,/,method,java.util.concurrent.locks.AbstractQueuedSynchronizer$ConditionObject.await,JSON_Payload
REQ-1229,notify.bugsnag.com,/,file,AbstractQueuedSynchronizer.java,JSON_Payload
REQ-1229,notify.bugsnag.com,/,lineNumber,1752.0,JSON_Payload
REQ-1230,notify.bugsnag.com,/,method,java.util.concurrent.LinkedBlockingQueue.take,JSON_Payload
REQ-1230,notify.bugsnag.com,/,file,LinkedBlockingQueue.java,JSON_Payload
REQ-1230,notify.bugsnag.com,/,lineNumber,435.0,JSON_Payload
REQ-1231,notify.bugsnag.com,/,method,java.util.concurrent.ThreadPoolExecutor.getTask,JSON_Payload
REQ-1231,notify.bugsnag.com,/,file,ThreadPoolExecutor.java,JSON_Payload
REQ-1231,notify.bugsnag.com,/,lineNumber,1026.0,JSON_Payload
REQ-1232,notify.bugsnag.com,/,method,java.util.concurrent.ThreadPoolExecutor.runWorker,JSON_Payload
REQ-1232,notify.bugsnag.com,/,file,ThreadPoolExecutor.java,JSON_Payload
REQ-1232,notify.bugsnag.com,/,lineNumber,1086.0,JSON_Payload
REQ-1233,notify.bugsnag.com,/,method,java.util.concurrent.ThreadPoolExecutor$Worker.run,JSON_Payload
REQ-1233,notify.bugsnag.com,/,file,ThreadPoolExecutor.java,JSON_Payload
REQ-1233,notify.bugsnag.com,/,lineNumber,624.0,JSON_Payload
REQ-1234,notify.bugsnag.com,/,method,java.lang.Thread.run,JSON_Payload
REQ-1234,notify.bugsnag.com,/,file,Thread.java,JSON_Payload
REQ-1234,notify.bugsnag.com,/,lineNumber,1572.0,JSON_Payload
REQ-1235,notify.bugsnag.com,/,method,jdk.internal.misc.Unsafe.park,JSON_Payload
REQ-1235,notify.bugsnag.com,/,file,Unsafe.java,JSON_Payload
REQ-1235,notify.bugsnag.com,/,lineNumber,-2.0,JSON_Payload
REQ-1236,notify.bugsnag.com,/,method,java.util.concurrent.locks.LockSupport.park,JSON_Payload
REQ-1236,notify.bugsnag.com,/,file,LockSupport.java,JSON_Payload
REQ-1236,notify.bugsnag.com,/,lineNumber,376.0,JSON_Payload
REQ-1237,notify.bugsnag.com,/,method,java.util.concurrent.locks.AbstractQueuedSynchronizer$ConditionNode.block,JSON_Payload
REQ-1237,notify.bugsnag.com,/,file,AbstractQueuedSynchronizer.java,JSON_Payload
REQ-1237,notify.bugsnag.com,/,lineNumber,520.0,JSON_Payload
REQ-1238,notify.bugsnag.com,/,method,java.util.concurrent.ForkJoinPool.unmanagedBlock,JSON_Payload
REQ-1238,notify.bugsnag.com,/,file,ForkJoinPool.java,JSON_Payload
REQ-1238,notify.bugsnag.com,/,lineNumber,3797.0,JSON_Payload
REQ-1239,notify.bugsnag.com,/,method,java.util.concurrent.ForkJoinPool.managedBlock,JSON_Payload
REQ-1239,notify.bugsnag.com,/,file,ForkJoinPool.java,JSON_Payload
REQ-1239,notify.bugsnag.com,/,lineNumber,3738.0,JSON_Payload
REQ-1240,notify.bugsnag.com,/,method,java.util.concurrent.locks.AbstractQueuedSynchronizer$ConditionObject.await,JSON_Payload
REQ-1240,notify.bugsnag.com,/,file,AbstractQueuedSynchronizer.java,JSON_Payload
REQ-1240,notify.bugsnag.com,/,lineNumber,1752.0,JSON_Payload
REQ-1241,notify.bugsnag.com,/,method,java.util.concurrent.LinkedBlockingQueue.take,JSON_Payload
REQ-1241,notify.bugsnag.com,/,file,LinkedBlockingQueue.java,JSON_Payload
REQ-1241,notify.bugsnag.com,/,lineNumber,435.0,JSON_Payload
REQ-1242,notify.bugsnag.com,/,method,java.util.concurrent.ThreadPoolExecutor.getTask,JSON_Payload
REQ-1242,notify.bugsnag.com,/,file,ThreadPoolExecutor.java,JSON_Payload
REQ-1242,notify.bugsnag.com,/,lineNumber,1026.0,JSON_Payload
REQ-1243,notify.bugsnag.com,/,method,java.util.concurrent.ThreadPoolExecutor.runWorker,JSON_Payload
REQ-1243,notify.bugsnag.com,/,file,ThreadPoolExecutor.java,JSON_Payload
REQ-1243,notify.bugsnag.com,/,lineNumber,1086.0,JSON_Payload
REQ-1244,notify.bugsnag.com,/,method,java.util.concurrent.ThreadPoolExecutor$Worker.run,JSON_Payload
REQ-1244,notify.bugsnag.com,/,file,ThreadPoolExecutor.java,JSON_Payload
REQ-1244,notify.bugsnag.com,/,lineNumber,624.0,JSON_Payload
REQ-1245,notify.bugsnag.com,/,method,java.lang.Thread.run,JSON_Payload
REQ-1245,notify.bugsnag.com,/,file,Thread.java,JSON_Payload
REQ-1245,notify.bugsnag.com,/,lineNumber,1572.0,JSON_Payload
REQ-1246,notify.bugsnag.com,/,method,jdk.internal.misc.Unsafe.park,JSON_Payload
REQ-1246,notify.bugsnag.com,/,file,Unsafe.java,JSON_Payload
REQ-1246,notify.bugsnag.com,/,lineNumber,-2.0,JSON_Payload
REQ-1247,notify.bugsnag.com,/,method,java.util.concurrent.locks.LockSupport.park,JSON_Payload
REQ-1247,notify.bugsnag.com,/,file,LockSupport.java,JSON_Payload
REQ-1247,notify.bugsnag.com,/,lineNumber,376.0,JSON_Payload
REQ-1248,notify.bugsnag.com,/,method,java.util.concurrent.locks.AbstractQueuedSynchronizer$ConditionNode.block,JSON_Payload
REQ-1248,notify.bugsnag.com,/,file,AbstractQueuedSynchronizer.java,JSON_Payload
REQ-1248,notify.bugsnag.com,/,lineNumber,520.0,JSON_Payload
REQ-1249,notify.bugsnag.com,/,method,java.util.concurrent.ForkJoinPool.unmanagedBlock,JSON_Payload
REQ-1249,notify.bugsnag.com,/,file,ForkJoinPool.java,JSON_Payload
REQ-1249,notify.bugsnag.com,/,lineNumber,3797.0,JSON_Payload
REQ-1250,notify.bugsnag.com,/,method,java.util.concurrent.ForkJoinPool.managedBlock,JSON_Payload
REQ-1250,notify.bugsnag.com,/,file,ForkJoinPool.java,JSON_Payload
REQ-1250,notify.bugsnag.com,/,lineNumber,3738.0,JSON_Payload
REQ-1251,notify.bugsnag.com,/,method,java.util.concurrent.locks.AbstractQueuedSynchronizer$ConditionObject.await,JSON_Payload
REQ-1251,notify.bugsnag.com,/,file,AbstractQueuedSynchronizer.java,JSON_Payload
REQ-1251,notify.bugsnag.com,/,lineNumber,1752.0,JSON_Payload
REQ-1252,notify.bugsnag.com,/,method,java.util.concurrent.LinkedBlockingQueue.take,JSON_Payload
REQ-1252,notify.bugsnag.com,/,file,LinkedBlockingQueue.java,JSON_Payload
REQ-1252,notify.bugsnag.com,/,lineNumber,435.0,JSON_Payload
REQ-1253,notify.bugsnag.com,/,method,java.util.concurrent.ThreadPoolExecutor.getTask,JSON_Payload
REQ-1253,notify.bugsnag.com,/,file,ThreadPoolExecutor.java,JSON_Payload
REQ-1253,notify.bugsnag.com,/,lineNumber,1026.0,JSON_Payload
REQ-1254,notify.bugsnag.com,/,method,java.util.concurrent.ThreadPoolExecutor.runWorker,JSON_Payload
REQ-1254,notify.bugsnag.com,/,file,ThreadPoolExecutor.java,JSON_Payload
REQ-1254,notify.bugsnag.com,/,lineNumber,1086.0,JSON_Payload
REQ-1255,notify.bugsnag.com,/,method,java.util.concurrent.ThreadPoolExecutor$Worker.run,JSON_Payload
REQ-1255,notify.bugsnag.com,/,file,ThreadPoolExecutor.java,JSON_Payload
REQ-1255,notify.bugsnag.com,/,lineNumber,624.0,JSON_Payload
REQ-1256,notify.bugsnag.com,/,method,java.lang.Thread.run,JSON_Payload
REQ-1256,notify.bugsnag.com,/,file,Thread.java,JSON_Payload
REQ-1256,notify.bugsnag.com,/,lineNumber,1572.0,JSON_Payload
REQ-1257,notify.bugsnag.com,/,method,jdk.internal.misc.Unsafe.park,JSON_Payload
REQ-1257,notify.bugsnag.com,/,file,Unsafe.java,JSON_Payload
REQ-1257,notify.bugsnag.com,/,lineNumber,-2.0,JSON_Payload
REQ-1258,notify.bugsnag.com,/,method,java.util.concurrent.locks.LockSupport.park,JSON_Payload
REQ-1258,notify.bugsnag.com,/,file,LockSupport.java,JSON_Payload
REQ-1258,notify.bugsnag.com,/,lineNumber,376.0,JSON_Payload
REQ-1259,notify.bugsnag.com,/,method,java.util.concurrent.locks.AbstractQueuedSynchronizer$ConditionNode.block,JSON_Payload
REQ-1259,notify.bugsnag.com,/,file,AbstractQueuedSynchronizer.java,JSON_Payload
REQ-1259,notify.bugsnag.com,/,lineNumber,520.0,JSON_Payload
REQ-1260,notify.bugsnag.com,/,method,java.util.concurrent.ForkJoinPool.unmanagedBlock,JSON_Payload
REQ-1260,notify.bugsnag.com,/,file,ForkJoinPool.java,JSON_Payload
REQ-1260,notify.bugsnag.com,/,lineNumber,3797.0,JSON_Payload
REQ-1261,notify.bugsnag.com,/,method,java.util.concurrent.ForkJoinPool.managedBlock,JSON_Payload
REQ-1261,notify.bugsnag.com,/,file,ForkJoinPool.java,JSON_Payload
REQ-1261,notify.bugsnag.com,/,lineNumber,3738.0,JSON_Payload
REQ-1262,notify.bugsnag.com,/,method,java.util.concurrent.locks.AbstractQueuedSynchronizer$ConditionObject.await,JSON_Payload
REQ-1262,notify.bugsnag.com,/,file,AbstractQueuedSynchronizer.java,JSON_Payload
REQ-1262,notify.bugsnag.com,/,lineNumber,1752.0,JSON_Payload
REQ-1263,notify.bugsnag.com,/,method,java.util.concurrent.LinkedBlockingQueue.take,JSON_Payload
REQ-1263,notify.bugsnag.com,/,file,LinkedBlockingQueue.java,JSON_Payload
REQ-1263,notify.bugsnag.com,/,lineNumber,435.0,JSON_Payload
REQ-1264,notify.bugsnag.com,/,method,java.util.concurrent.ThreadPoolExecutor.getTask,JSON_Payload
REQ-1264,notify.bugsnag.com,/,file,ThreadPoolExecutor.java,JSON_Payload
REQ-1264,notify.bugsnag.com,/,lineNumber,1026.0,JSON_Payload
REQ-1265,notify.bugsnag.com,/,method,java.util.concurrent.ThreadPoolExecutor.runWorker,JSON_Payload
REQ-1265,notify.bugsnag.com,/,file,ThreadPoolExecutor.java,JSON_Payload
REQ-1265,notify.bugsnag.com,/,lineNumber,1086.0,JSON_Payload
REQ-1266,notify.bugsnag.com,/,method,java.util.concurrent.ThreadPoolExecutor$Worker.run,JSON_Payload
REQ-1266,notify.bugsnag.com,/,file,ThreadPoolExecutor.java,JSON_Payload
REQ-1266,notify.bugsnag.com,/,lineNumber,624.0,JSON_Payload
REQ-1267,notify.bugsnag.com,/,method,java.lang.Thread.run,JSON_Payload
REQ-1267,notify.bugsnag.com,/,file,Thread.java,JSON_Payload
REQ-1267,notify.bugsnag.com,/,lineNumber,1572.0,JSON_Payload
REQ-1268,notify.bugsnag.com,/,method,jdk.internal.misc.Unsafe.park,JSON_Payload
REQ-1268,notify.bugsnag.com,/,file,Unsafe.java,JSON_Payload
REQ-1268,notify.bugsnag.com,/,lineNumber,-2.0,JSON_Payload
REQ-1269,notify.bugsnag.com,/,method,java.util.concurrent.locks.LockSupport.park,JSON_Payload
REQ-1269,notify.bugsnag.com,/,file,LockSupport.java,JSON_Payload
REQ-1269,notify.bugsnag.com,/,lineNumber,376.0,JSON_Payload
REQ-1270,notify.bugsnag.com,/,method,java.util.concurrent.locks.AbstractQueuedSynchronizer$ConditionNode.block,JSON_Payload
REQ-1270,notify.bugsnag.com,/,file,AbstractQueuedSynchronizer.java,JSON_Payload
REQ-1270,notify.bugsnag.com,/,lineNumber,520.0,JSON_Payload
REQ-1271,notify.bugsnag.com,/,method,java.util.concurrent.ForkJoinPool.unmanagedBlock,JSON_Payload
REQ-1271,notify.bugsnag.com,/,file,ForkJoinPool.java,JSON_Payload
REQ-1271,notify.bugsnag.com,/,lineNumber,3797.0,JSON_Payload
REQ-1272,notify.bugsnag.com,/,method,java.util.concurrent.ForkJoinPool.managedBlock,JSON_Payload
REQ-1272,notify.bugsnag.com,/,file,ForkJoinPool.java,JSON_Payload
REQ-1272,notify.bugsnag.com,/,lineNumber,3738.0,JSON_Payload
REQ-1273,notify.bugsnag.com,/,method,java.util.concurrent.locks.AbstractQueuedSynchronizer$ConditionObject.await,JSON_Payload
REQ-1273,notify.bugsnag.com,/,file,AbstractQueuedSynchronizer.java,JSON_Payload
REQ-1273,notify.bugsnag.com,/,lineNumber,1752.0,JSON_Payload
REQ-1274,notify.bugsnag.com,/,method,java.util.concurrent.LinkedBlockingQueue.take,JSON_Payload
REQ-1274,notify.bugsnag.com,/,file,LinkedBlockingQueue.java,JSON_Payload
REQ-1274,notify.bugsnag.com,/,lineNumber,435.0,JSON_Payload
REQ-1275,notify.bugsnag.com,/,method,java.util.concurrent.ThreadPoolExecutor.getTask,JSON_Payload
REQ-1275,notify.bugsnag.com,/,file,ThreadPoolExecutor.java,JSON_Payload
REQ-1275,notify.bugsnag.com,/,lineNumber,1026.0,JSON_Payload
REQ-1276,notify.bugsnag.com,/,method,java.util.concurrent.ThreadPoolExecutor.runWorker,JSON_Payload
REQ-1276,notify.bugsnag.com,/,file,ThreadPoolExecutor.java,JSON_Payload
REQ-1276,notify.bugsnag.com,/,lineNumber,1086.0,JSON_Payload
REQ-1277,notify.bugsnag.com,/,method,java.util.concurrent.ThreadPoolExecutor$Worker.run,JSON_Payload
REQ-1277,notify.bugsnag.com,/,file,ThreadPoolExecutor.java,JSON_Payload
REQ-1277,notify.bugsnag.com,/,lineNumber,624.0,JSON_Payload
REQ-1278,notify.bugsnag.com,/,method,java.lang.Thread.run,JSON_Payload
REQ-1278,notify.bugsnag.com,/,file,Thread.java,JSON_Payload
REQ-1278,notify.bugsnag.com,/,lineNumber,1572.0,JSON_Payload
REQ-1279,notify.bugsnag.com,/,method,jdk.internal.misc.Unsafe.park,JSON_Payload
REQ-1279,notify.bugsnag.com,/,file,Unsafe.java,JSON_Payload
REQ-1279,notify.bugsnag.com,/,lineNumber,-2.0,JSON_Payload
REQ-1280,notify.bugsnag.com,/,method,java.util.concurrent.locks.LockSupport.park,JSON_Payload
REQ-1280,notify.bugsnag.com,/,file,LockSupport.java,JSON_Payload
REQ-1280,notify.bugsnag.com,/,lineNumber,376.0,JSON_Payload
REQ-1281,notify.bugsnag.com,/,method,java.util.concurrent.locks.AbstractQueuedSynchronizer$ConditionNode.block,JSON_Payload
REQ-1281,notify.bugsnag.com,/,file,AbstractQueuedSynchronizer.java,JSON_Payload
REQ-1281,notify.bugsnag.com,/,lineNumber,520.0,JSON_Payload
REQ-1282,notify.bugsnag.com,/,method,java.util.concurrent.ForkJoinPool.unmanagedBlock,JSON_Payload
REQ-1282,notify.bugsnag.com,/,file,ForkJoinPool.java,JSON_Payload
REQ-1282,notify.bugsnag.com,/,lineNumber,3797.0,JSON_Payload
REQ-1283,notify.bugsnag.com,/,method,java.util.concurrent.ForkJoinPool.managedBlock,JSON_Payload
REQ-1283,notify.bugsnag.com,/,file,ForkJoinPool.java,JSON_Payload
REQ-1283,notify.bugsnag.com,/,lineNumber,3738.0,JSON_Payload
REQ-1284,notify.bugsnag.com,/,method,java.util.concurrent.locks.AbstractQueuedSynchronizer$ConditionObject.await,JSON_Payload
REQ-1284,notify.bugsnag.com,/,file,AbstractQueuedSynchronizer.java,JSON_Payload
REQ-1284,notify.bugsnag.com,/,lineNumber,1752.0,JSON_Payload
REQ-1285,notify.bugsnag.com,/,method,java.util.concurrent.LinkedBlockingQueue.take,JSON_Payload
REQ-1285,notify.bugsnag.com,/,file,LinkedBlockingQueue.java,JSON_Payload
REQ-1285,notify.bugsnag.com,/,lineNumber,435.0,JSON_Payload
REQ-1286,notify.bugsnag.com,/,method,java.util.concurrent.ThreadPoolExecutor.getTask,JSON_Payload
REQ-1286,notify.bugsnag.com,/,file,ThreadPoolExecutor.java,JSON_Payload
REQ-1286,notify.bugsnag.com,/,lineNumber,1026.0,JSON_Payload
REQ-1287,notify.bugsnag.com,/,method,java.util.concurrent.ThreadPoolExecutor.runWorker,JSON_Payload
REQ-1287,notify.bugsnag.com,/,file,ThreadPoolExecutor.java,JSON_Payload
REQ-1287,notify.bugsnag.com,/,lineNumber,1086.0,JSON_Payload
REQ-1288,notify.bugsnag.com,/,method,java.util.concurrent.ThreadPoolExecutor$Worker.run,JSON_Payload
REQ-1288,notify.bugsnag.com,/,file,ThreadPoolExecutor.java,JSON_Payload
REQ-1288,notify.bugsnag.com,/,lineNumber,624.0,JSON_Payload
REQ-1289,notify.bugsnag.com,/,method,java.lang.Thread.run,JSON_Payload
REQ-1289,notify.bugsnag.com,/,file,Thread.java,JSON_Payload
REQ-1289,notify.bugsnag.com,/,lineNumber,1572.0,JSON_Payload
REQ-1290,notify.bugsnag.com,/,method,jdk.internal.misc.Unsafe.park,JSON_Payload
REQ-1290,notify.bugsnag.com,/,file,Unsafe.java,JSON_Payload
REQ-1290,notify.bugsnag.com,/,lineNumber,-2.0,JSON_Payload
REQ-1291,notify.bugsnag.com,/,method,java.util.concurrent.locks.LockSupport.park,JSON_Payload
REQ-1291,notify.bugsnag.com,/,file,LockSupport.java,JSON_Payload
REQ-1291,notify.bugsnag.com,/,lineNumber,376.0,JSON_Payload
REQ-1292,notify.bugsnag.com,/,method,java.util.concurrent.locks.AbstractQueuedSynchronizer$ConditionNode.block,JSON_Payload
REQ-1292,notify.bugsnag.com,/,file,AbstractQueuedSynchronizer.java,JSON_Payload
REQ-1292,notify.bugsnag.com,/,lineNumber,520.0,JSON_Payload
REQ-1293,notify.bugsnag.com,/,method,java.util.concurrent.ForkJoinPool.unmanagedBlock,JSON_Payload
REQ-1293,notify.bugsnag.com,/,file,ForkJoinPool.java,JSON_Payload
REQ-1293,notify.bugsnag.com,/,lineNumber,3797.0,JSON_Payload
REQ-1294,notify.bugsnag.com,/,method,java.util.concurrent.ForkJoinPool.managedBlock,JSON_Payload
REQ-1294,notify.bugsnag.com,/,file,ForkJoinPool.java,JSON_Payload
REQ-1294,notify.bugsnag.com,/,lineNumber,3738.0,JSON_Payload
REQ-1295,notify.bugsnag.com,/,method,java.util.concurrent.locks.AbstractQueuedSynchronizer$ConditionObject.await,JSON_Payload
REQ-1295,notify.bugsnag.com,/,file,AbstractQueuedSynchronizer.java,JSON_Payload
REQ-1295,notify.bugsnag.com,/,lineNumber,1752.0,JSON_Payload
REQ-1296,notify.bugsnag.com,/,method,java.util.concurrent.LinkedBlockingQueue.take,JSON_Payload
REQ-1296,notify.bugsnag.com,/,file,LinkedBlockingQueue.java,JSON_Payload
REQ-1296,notify.bugsnag.com,/,lineNumber,435.0,JSON_Payload
REQ-1297,notify.bugsnag.com,/,method,java.util.concurrent.ThreadPoolExecutor.getTask,JSON_Payload
REQ-1297,notify.bugsnag.com,/,file,ThreadPoolExecutor.java,JSON_Payload
REQ-1297,notify.bugsnag.com,/,lineNumber,1026.0,JSON_Payload
REQ-1298,notify.bugsnag.com,/,method,java.util.concurrent.ThreadPoolExecutor.runWorker,JSON_Payload
REQ-1298,notify.bugsnag.com,/,file,ThreadPoolExecutor.java,JSON_Payload
REQ-1298,notify.bugsnag.com,/,lineNumber,1086.0,JSON_Payload
REQ-1299,notify.bugsnag.com,/,method,java.util.concurrent.ThreadPoolExecutor$Worker.run,JSON_Payload
REQ-1299,notify.bugsnag.com,/,file,ThreadPoolExecutor.java,JSON_Payload
REQ-1299,notify.bugsnag.com,/,lineNumber,624.0,JSON_Payload
REQ-1300,notify.bugsnag.com,/,method,java.lang.Thread.run,JSON_Payload
REQ-1300,notify.bugsnag.com,/,file,Thread.java,JSON_Payload
REQ-1300,notify.bugsnag.com,/,lineNumber,1572.0,JSON_Payload
REQ-1301,notify.bugsnag.com,/,method,java.lang.Object.wait,JSON_Payload
REQ-1301,notify.bugsnag.com,/,file,Object.java,JSON_Payload
REQ-1301,notify.bugsnag.com,/,lineNumber,-2.0,JSON_Payload
REQ-1302,notify.bugsnag.com,/,method,java.lang.Object.wait,JSON_Payload
REQ-1302,notify.bugsnag.com,/,file,Object.java,JSON_Payload
REQ-1302,notify.bugsnag.com,/,lineNumber,405.0,JSON_Payload
REQ-1303,notify.bugsnag.com,/,method,java.lang.ref.ReferenceQueue.remove,JSON_Payload
REQ-1303,notify.bugsnag.com,/,file,ReferenceQueue.java,JSON_Payload
REQ-1303,notify.bugsnag.com,/,lineNumber,207.0,JSON_Payload
REQ-1304,notify.bugsnag.com,/,method,java.lang.ref.ReferenceQueue.remove,JSON_Payload
REQ-1304,notify.bugsnag.com,/,file,ReferenceQueue.java,JSON_Payload
REQ-1304,notify.bugsnag.com,/,lineNumber,228.0,JSON_Payload
REQ-1305,notify.bugsnag.com,/,method,com.bumptech.glide.load.engine.ActiveResources.cleanReferenceQueue,JSON_Payload
REQ-1305,notify.bugsnag.com,/,file,ActiveResources.java,JSON_Payload
REQ-1305,notify.bugsnag.com,/,lineNumber,128.0,JSON_Payload
REQ-1306,notify.bugsnag.com,/,method,com.bumptech.glide.load.engine.ActiveResources$2.run,JSON_Payload
REQ-1306,notify.bugsnag.com,/,file,ActiveResources.java,JSON_Payload
REQ-1306,notify.bugsnag.com,/,lineNumber,61.0,JSON_Payload
REQ-1307,notify.bugsnag.com,/,method,java.util.concurrent.ThreadPoolExecutor.runWorker,JSON_Payload
REQ-1307,notify.bugsnag.com,/,file,ThreadPoolExecutor.java,JSON_Payload
REQ-1307,notify.bugsnag.com,/,lineNumber,1100.0,JSON_Payload
REQ-1308,notify.bugsnag.com,/,method,java.util.concurrent.ThreadPoolExecutor$Worker.run,JSON_Payload
REQ-1308,notify.bugsnag.com,/,file,ThreadPoolExecutor.java,JSON_Payload
REQ-1308,notify.bugsnag.com,/,lineNumber,624.0,JSON_Payload
REQ-1309,notify.bugsnag.com,/,method,com.bumptech.glide.load.engine.ActiveResources$1$1.run,JSON_Payload
REQ-1309,notify.bugsnag.com,/,file,ActiveResources.java,JSON_Payload
REQ-1309,notify.bugsnag.com,/,lineNumber,43.0,JSON_Payload
REQ-1310,notify.bugsnag.com,/,method,java.lang.Thread.run,JSON_Payload
REQ-1310,notify.bugsnag.com,/,file,Thread.java,JSON_Payload
REQ-1310,notify.bugsnag.com,/,lineNumber,1572.0,JSON_Payload
REQ-1311,notify.bugsnag.com,/,method,jdk.internal.misc.Unsafe.park,JSON_Payload
REQ-1311,notify.bugsnag.com,/,file,Unsafe.java,JSON_Payload
REQ-1311,notify.bugsnag.com,/,lineNumber,-2.0,JSON_Payload
REQ-1312,notify.bugsnag.com,/,method,java.util.concurrent.locks.LockSupport.park,JSON_Payload
REQ-1312,notify.bugsnag.com,/,file,LockSupport.java,JSON_Payload
REQ-1312,notify.bugsnag.com,/,lineNumber,376.0,JSON_Payload
REQ-1313,notify.bugsnag.com,/,method,java.util.concurrent.locks.AbstractQueuedSynchronizer$ConditionNode.block,JSON_Payload
REQ-1313,notify.bugsnag.com,/,file,AbstractQueuedSynchronizer.java,JSON_Payload
REQ-1313,notify.bugsnag.com,/,lineNumber,520.0,JSON_Payload
REQ-1314,notify.bugsnag.com,/,method,java.util.concurrent.ForkJoinPool.unmanagedBlock,JSON_Payload
REQ-1314,notify.bugsnag.com,/,file,ForkJoinPool.java,JSON_Payload
REQ-1314,notify.bugsnag.com,/,lineNumber,3797.0,JSON_Payload
REQ-1315,notify.bugsnag.com,/,method,java.util.concurrent.ForkJoinPool.managedBlock,JSON_Payload
REQ-1315,notify.bugsnag.com,/,file,ForkJoinPool.java,JSON_Payload
REQ-1315,notify.bugsnag.com,/,lineNumber,3738.0,JSON_Payload
REQ-1316,notify.bugsnag.com,/,method,java.util.concurrent.locks.AbstractQueuedSynchronizer$ConditionObject.await,JSON_Payload
REQ-1316,notify.bugsnag.com,/,file,AbstractQueuedSynchronizer.java,JSON_Payload
REQ-1316,notify.bugsnag.com,/,lineNumber,1752.0,JSON_Payload
REQ-1317,notify.bugsnag.com,/,method,java.util.concurrent.LinkedBlockingQueue.take,JSON_Payload
REQ-1317,notify.bugsnag.com,/,file,LinkedBlockingQueue.java,JSON_Payload
REQ-1317,notify.bugsnag.com,/,lineNumber,435.0,JSON_Payload
REQ-1318,notify.bugsnag.com,/,method,java.util.concurrent.ThreadPoolExecutor.getTask,JSON_Payload
REQ-1318,notify.bugsnag.com,/,file,ThreadPoolExecutor.java,JSON_Payload
REQ-1318,notify.bugsnag.com,/,lineNumber,1026.0,JSON_Payload
REQ-1319,notify.bugsnag.com,/,method,java.util.concurrent.ThreadPoolExecutor.runWorker,JSON_Payload
REQ-1319,notify.bugsnag.com,/,file,ThreadPoolExecutor.java,JSON_Payload
REQ-1319,notify.bugsnag.com,/,lineNumber,1086.0,JSON_Payload
REQ-1320,notify.bugsnag.com,/,method,java.util.concurrent.ThreadPoolExecutor$Worker.run,JSON_Payload
REQ-1320,notify.bugsnag.com,/,file,ThreadPoolExecutor.java,JSON_Payload
REQ-1320,notify.bugsnag.com,/,lineNumber,624.0,JSON_Payload
REQ-1321,notify.bugsnag.com,/,method,java.lang.Thread.run,JSON_Payload
REQ-1321,notify.bugsnag.com,/,file,Thread.java,JSON_Payload
REQ-1321,notify.bugsnag.com,/,lineNumber,1572.0,JSON_Payload
REQ-1322,notify.bugsnag.com,/,method,jdk.internal.misc.Unsafe.park,JSON_Payload
REQ-1322,notify.bugsnag.com,/,file,Unsafe.java,JSON_Payload
REQ-1322,notify.bugsnag.com,/,lineNumber,-2.0,JSON_Payload
REQ-1323,notify.bugsnag.com,/,method,java.util.concurrent.locks.LockSupport.park,JSON_Payload
REQ-1323,notify.bugsnag.com,/,file,LockSupport.java,JSON_Payload
REQ-1323,notify.bugsnag.com,/,lineNumber,376.0,JSON_Payload
REQ-1324,notify.bugsnag.com,/,method,java.util.concurrent.locks.AbstractQueuedSynchronizer$ConditionNode.block,JSON_Payload
REQ-1324,notify.bugsnag.com,/,file,AbstractQueuedSynchronizer.java,JSON_Payload
REQ-1324,notify.bugsnag.com,/,lineNumber,520.0,JSON_Payload
REQ-1325,notify.bugsnag.com,/,method,java.util.concurrent.ForkJoinPool.unmanagedBlock,JSON_Payload
REQ-1325,notify.bugsnag.com,/,file,ForkJoinPool.java,JSON_Payload
REQ-1325,notify.bugsnag.com,/,lineNumber,3797.0,JSON_Payload
REQ-1326,notify.bugsnag.com,/,method,java.util.concurrent.ForkJoinPool.managedBlock,JSON_Payload
REQ-1326,notify.bugsnag.com,/,file,ForkJoinPool.java,JSON_Payload
REQ-1326,notify.bugsnag.com,/,lineNumber,3738.0,JSON_Payload
REQ-1327,notify.bugsnag.com,/,method,java.util.concurrent.locks.AbstractQueuedSynchronizer$ConditionObject.await,JSON_Payload
REQ-1327,notify.bugsnag.com,/,file,AbstractQueuedSynchronizer.java,JSON_Payload
REQ-1327,notify.bugsnag.com,/,lineNumber,1752.0,JSON_Payload
REQ-1328,notify.bugsnag.com,/,method,java.util.concurrent.LinkedBlockingQueue.take,JSON_Payload
REQ-1328,notify.bugsnag.com,/,file,LinkedBlockingQueue.java,JSON_Payload
REQ-1328,notify.bugsnag.com,/,lineNumber,435.0,JSON_Payload
REQ-1329,notify.bugsnag.com,/,method,java.util.concurrent.ThreadPoolExecutor.getTask,JSON_Payload
REQ-1329,notify.bugsnag.com,/,file,ThreadPoolExecutor.java,JSON_Payload
REQ-1329,notify.bugsnag.com,/,lineNumber,1026.0,JSON_Payload
REQ-1330,notify.bugsnag.com,/,method,java.util.concurrent.ThreadPoolExecutor.runWorker,JSON_Payload
REQ-1330,notify.bugsnag.com,/,file,ThreadPoolExecutor.java,JSON_Payload
REQ-1330,notify.bugsnag.com,/,lineNumber,1086.0,JSON_Payload
REQ-1331,notify.bugsnag.com,/,method,java.util.concurrent.ThreadPoolExecutor$Worker.run,JSON_Payload
REQ-1331,notify.bugsnag.com,/,file,ThreadPoolExecutor.java,JSON_Payload
REQ-1331,notify.bugsnag.com,/,lineNumber,624.0,JSON_Payload
REQ-1332,notify.bugsnag.com,/,method,java.lang.Thread.run,JSON_Payload
REQ-1332,notify.bugsnag.com,/,file,Thread.java,JSON_Payload
REQ-1332,notify.bugsnag.com,/,lineNumber,1572.0,JSON_Payload
REQ-1333,notify.bugsnag.com,/,method,jdk.internal.misc.Unsafe.park,JSON_Payload
REQ-1333,notify.bugsnag.com,/,file,Unsafe.java,JSON_Payload
REQ-1333,notify.bugsnag.com,/,lineNumber,-2.0,JSON_Payload
REQ-1334,notify.bugsnag.com,/,method,java.util.concurrent.locks.LockSupport.park,JSON_Payload
REQ-1334,notify.bugsnag.com,/,file,LockSupport.java,JSON_Payload
REQ-1334,notify.bugsnag.com,/,lineNumber,376.0,JSON_Payload
REQ-1335,notify.bugsnag.com,/,method,java.util.concurrent.locks.AbstractQueuedSynchronizer$ConditionNode.block,JSON_Payload
REQ-1335,notify.bugsnag.com,/,file,AbstractQueuedSynchronizer.java,JSON_Payload
REQ-1335,notify.bugsnag.com,/,lineNumber,520.0,JSON_Payload
REQ-1336,notify.bugsnag.com,/,method,java.util.concurrent.ForkJoinPool.unmanagedBlock,JSON_Payload
REQ-1336,notify.bugsnag.com,/,file,ForkJoinPool.java,JSON_Payload
REQ-1336,notify.bugsnag.com,/,lineNumber,3797.0,JSON_Payload
REQ-1337,notify.bugsnag.com,/,method,java.util.concurrent.ForkJoinPool.managedBlock,JSON_Payload
REQ-1337,notify.bugsnag.com,/,file,ForkJoinPool.java,JSON_Payload
REQ-1337,notify.bugsnag.com,/,lineNumber,3738.0,JSON_Payload
REQ-1338,notify.bugsnag.com,/,method,java.util.concurrent.locks.AbstractQueuedSynchronizer$ConditionObject.await,JSON_Payload
REQ-1338,notify.bugsnag.com,/,file,AbstractQueuedSynchronizer.java,JSON_Payload
REQ-1338,notify.bugsnag.com,/,lineNumber,1752.0,JSON_Payload
REQ-1339,notify.bugsnag.com,/,method,java.util.concurrent.PriorityBlockingQueue.take,JSON_Payload
REQ-1339,notify.bugsnag.com,/,file,PriorityBlockingQueue.java,JSON_Payload
REQ-1339,notify.bugsnag.com,/,lineNumber,539.0,JSON_Payload
REQ-1340,notify.bugsnag.com,/,method,java.util.concurrent.ThreadPoolExecutor.getTask,JSON_Payload
REQ-1340,notify.bugsnag.com,/,file,ThreadPoolExecutor.java,JSON_Payload
REQ-1340,notify.bugsnag.com,/,lineNumber,1026.0,JSON_Payload
REQ-1341,notify.bugsnag.com,/,method,java.util.concurrent.ThreadPoolExecutor.runWorker,JSON_Payload
REQ-1341,notify.bugsnag.com,/,file,ThreadPoolExecutor.java,JSON_Payload
REQ-1341,notify.bugsnag.com,/,lineNumber,1086.0,JSON_Payload
REQ-1342,notify.bugsnag.com,/,method,java.util.concurrent.ThreadP oolExecutor$Worker.run,JSON_Payload
REQ-1342,notify.bugsnag.com,/,file,ThreadPoolExecutor.java,JSON_Payload
REQ-1342,notify.bugsnag.com,/,lineNumber,624.0,JSON_Payload
REQ-1343,notify.bugsnag.com,/,method,java.lang.Thread.run,JSON_Payload
REQ-1343,notify.bugsnag.com,/,file,Thread.java,JSON_Payload
REQ-1343,notify.bugsnag.com,/,lineNumber,1572.0,JSON_Payload
REQ-1344,notify.bugsnag.com,/,method,com.bumptech.glide.load.engine.executor.GlideExecutor$DefaultThreadFactory$1.run,JSON_Payload
REQ-1344,notify.bugsnag.com,/,file,GlideExecutor.java,JSON_Payload
REQ-1344,notify.bugsnag.com,/,lineNumber,393.0,JSON_Payload
REQ-1345,notify.bugsnag.com,/,method,jdk.internal.misc.Unsafe.park,JSON_Payload
REQ-1345,notify.bugsnag.com,/,file,Unsafe.java,JSON_Payload
REQ-1345,notify.bugsnag.com,/,lineNumber,-2.0,JSON_Payload
REQ-1346,notify.bugsnag.com,/,method,java.util.concurrent.locks.LockSupport.park,JSON_Payload
REQ-1346,notify.bugsnag.com,/,file,LockSupport.java,JSON_Payload
REQ-1346,notify.bugsnag.com,/,lineNumber,376.0,JSON_Payload
REQ-1347,notify.bugsnag.com,/,method,java.util.concurrent.locks.AbstractQueuedSynchronizer$ConditionNode.block,JSON_Payload
REQ-1347,notify.bugsnag.com,/,file,AbstractQueuedSynchronizer.java,JSON_Payload
REQ-1347,notify.bugsnag.com,/,lineNumber,520.0,JSON_Payload
REQ-1348,notify.bugsnag.com,/,method,java.util.concurrent.ForkJoinPool.unmanagedBlock,JSON_Payload
REQ-1348,notify.bugsnag.com,/,file,ForkJoinPool.java,JSON_Payload
REQ-1348,notify.bugsnag.com,/,lineNumber,3797.0,JSON_Payload
REQ-1349,notify.bugsnag.com,/,method,java.util.concurrent.ForkJoinPool.managedBlock,JSON_Payload
REQ-1349,notify.bugsnag.com,/,file,ForkJoinPool.java,JSON_Payload
REQ-1349,notify.bugsnag.com,/,lineNumber,3738.0,JSON_Payload
REQ-1350,notify.bugsnag.com,/,method,java.util.concurrent.locks.AbstractQueuedSynchronizer$ConditionObject.await,JSON_Payload
REQ-1350,notify.bugsnag.com,/,file,AbstractQueuedSynchronizer.java,JSON_Payload
REQ-1350,notify.bugsnag.com,/,lineNumber,1752.0,JSON_Payload
REQ-1351,notify.bugsnag.com,/,method,java.util.concurrent.LinkedBlockingQueue.take,JSON_Payload
REQ-1351,notify.bugsnag.com,/,file,LinkedBlockingQueue.java,JSON_Payload
REQ-1351,notify.bugsnag.com,/,lineNumber,435.0,JSON_Payload
REQ-1352,notify.bugsnag.com,/,method,java.util.concurrent.ThreadPoolExecutor.getTask,JSON_Payload
REQ-1352,notify.bugsnag.com,/,file,ThreadPoolExecutor.java,JSON_Payload
REQ-1352,notify.bugsnag.com,/,lineNumber,1026.0,JSON_Payload
REQ-1353,notify.bugsnag.com,/,method,java.util.concurrent.ThreadPoolExecutor.runWorker,JSON_Payload
REQ-1353,notify.bugsnag.com,/,file,ThreadPoolExecutor.java,JSON_Payload
REQ-1353,notify.bugsnag.com,/,lineNumber,1086.0,JSON_Payload
REQ-1354,notify.bugsnag.com,/,method,java.util.concurrent.ThreadPoolExecutor$Worker.run,JSON_Payload
REQ-1354,notify.bugsnag.com,/,file,ThreadPoolExecutor.java,JSON_Payload
REQ-1354,notify.bugsnag.com,/,lineNumber,624.0,JSON_Payload
REQ-1355,notify.bugsnag.com,/,method,java.lang.Thread.run,JSON_Payload
REQ-1355,notify.bugsnag.com,/,file,Thread.java,JSON_Payload
REQ-1355,notify.bugsnag.com,/,lineNumber,1572.0,JSON_Payload
REQ-1356,notify.bugsnag.com,/,method,jdk.internal.misc.Unsafe.park,JSON_Payload
REQ-1356,notify.bugsnag.com,/,file,Unsafe.java,JSON_Payload
REQ-1356,notify.bugsnag.com,/,lineNumber,-2.0,JSON_Payload
REQ-1357,notify.bugsnag.com,/,method,java.util.concurrent.locks.LockSupport.park,JSON_Payload
REQ-1357,notify.bugsnag.com,/,file,LockSupport.java,JSON_Payload
REQ-1357,notify.bugsnag.com,/,lineNumber,376.0,JSON_Payload
REQ-1358,notify.bugsnag.com,/,method,java.util.concurrent.locks.AbstractQueuedSynchronizer$ConditionNode.block,JSON_Payload
REQ-1358,notify.bugsnag.com,/,file,AbstractQueuedSynchronizer.java,JSON_Payload
REQ-1358,notify.bugsnag.com,/,lineNumber,520.0,JSON_Payload
REQ-1359,notify.bugsnag.com,/,method,java.util.concurrent.ForkJoinPool.unmanagedBlock,JSON_Payload
REQ-1359,notify.bugsnag.com,/,file,ForkJoinPool.java,JSON_Payload
REQ-1359,notify.bugsnag.com,/,lineNumber,3797.0,JSON_Payload
REQ-1360,notify.bugsnag.com,/,method,java.util.concurrent.ForkJoinPool.managedBlock,JSON_Payload
REQ-1360,notify.bugsnag.com,/,file,ForkJoinPool.java,JSON_Payload
REQ-1360,notify.bugsnag.com,/,lineNumber,3738.0,JSON_Payload
REQ-1361,notify.bugsnag.com,/,method,java.util.concurrent.locks.AbstractQueuedSynchronizer$ConditionObject.await,JSON_Payload
REQ-1361,notify.bugsnag.com,/,file,AbstractQueuedSynchronizer.java,JSON_Payload
REQ-1361,notify.bugsnag.com,/,lineNumber,1752.0,JSON_Payload
REQ-1362,notify.bugsnag.com,/,method,java.util.concurrent.PriorityBlockingQueue.take,JSON_Payload
REQ-1362,notify.bugsnag.com,/,file,PriorityBlockingQueue.java,JSON_Payload
REQ-1362,notify.bugsnag.com,/,lineNumber,539.0,JSON_Payload
REQ-1363,notify.bugsnag.com,/,method,java.util.concurrent.ThreadPoolExecutor.getTask,JSON_Payload
REQ-1363,notify.bugsnag.com,/,file,ThreadPoolExecutor.java,JSON_Payload
REQ-1363,notify.bugsnag.com,/,lineNumber,1026.0,JSON_Payload
REQ-1364,notify.bugsnag.com,/,method,java.util.concurrent.ThreadPoolExecutor.runWorker,JSON_Payload
REQ-1364,notify.bugsnag.com,/,file,ThreadPoolExecutor.java,JSON_Payload
REQ-1364,notify.bugsnag.com,/,lineNumber,1086.0,JSON_Payload
REQ-1365,notify.bugsnag.com,/,method,java.util.concurrent.ThreadPoolExecutor$Worker.run,JSON_Payload
REQ-1365,notify.bugsnag.com,/,file,ThreadPoolExecutor.java,JSON_Payload
REQ-1365,notify.bugsnag.com,/,lineNumber,624.0,JSON_Payload
REQ-1366,notify.bugsnag.com,/,method,java.lang.Thread.run,JSON_Payload
REQ-1366,notify.bugsnag.com,/,file,Thread.java,JSON_Payload
REQ-1366,notify.bugsnag.com,/,lineNumber,1572.0,JSON_Payload
REQ-1367,notify.bugsnag.com,/,method,com.bumptech.glide.load.engine.executor.GlideExecutor$DefaultThreadFactory$1.run,JSON_Payload
REQ-1367,notify.bugsnag.com,/,file,GlideExecutor.java,JSON_Payload
REQ-1367,notify.bugsnag.com,/,lineNumber,393.0,JSON_Payload
REQ-1368,notify.bugsnag.com,/,method,jdk.internal.misc.Unsafe.park,JSON_Payload
REQ-1368,notify.bugsnag.com,/,file,Unsafe.java,JSON_Payload
REQ-1368,notify.bugsnag.com,/,lineNumber,-2.0,JSON_Payload
REQ-1369,notify.bugsnag.com,/,method,java.util.concurrent.locks.LockSupport.park,JSON_Payload
REQ-1369,notify.bugsnag.com,/,file,LockSupport.java,JSON_Payload
REQ-1369,notify.bugsnag.com,/,lineNumber,376.0,JSON_Payload
REQ-1370,notify.bugsnag.com,/,method,java.util.concurrent.locks.AbstractQueuedSynchronizer$ConditionNode.block,JSON_Payload
REQ-1370,notify.bugsnag.com,/,file,AbstractQueuedSynchronizer.java,JSON_Payload
REQ-1370,notify.bugsnag.com,/,lineNumber,520.0,JSON_Payload
REQ-1371,notify.bugsnag.com,/,method,java.util.concurrent.ForkJoinPool.unmanagedBlock,JSON_Payload
REQ-1371,notify.bugsnag.com,/,file,ForkJoinPool.java,JSON_Payload
REQ-1371,notify.bugsnag.com,/,lineNumber,3797.0,JSON_Payload
REQ-1372,notify.bugsnag.com,/,method,java.util.concurrent.ForkJoinPool.managedBlock,JSON_Payload
REQ-1372,notify.bugsnag.com,/,file,ForkJoinPool.java,JSON_Payload
REQ-1372,notify.bugsnag.com,/,lineNumber,3738.0,JSON_Payload
REQ-1373,notify.bugsnag.com,/,method,java.util.concurrent.locks.AbstractQueuedSynchronizer$ConditionObject.await,JSON_Payload
REQ-1373,notify.bugsnag.com,/,file,AbstractQueuedSynchronizer.java,JSON_Payload
REQ-1373,notify.bugsnag.com,/,lineNumber,1752.0,JSON_Payload
REQ-1374,notify.bugsnag.com,/,method,java.util.concurrent.PriorityBlockingQueue.take,JSON_Payload
REQ-1374,notify.bugsnag.com,/,file,PriorityBlockingQueue.java,JSON_Payload
REQ-1374,notify.bugsnag.com,/,lineNumber,539.0,JSON_Payload
REQ-1375,notify.bugsnag.com,/,method,java.util.concurrent.ThreadPoolExecutor.getTask,JSON_Payload
REQ-1375,notify.bugsnag.com,/,file,ThreadPoolExecutor.java,JSON_Payload
REQ-1375,notify.bugsnag.com,/,lineNumber,1026.0,JSON_Payload
REQ-1376,notify.bugsnag.com,/,method,java.util.concurrent.ThreadPoolExecutor.runWorker,JSON_Payload
REQ-1376,notify.bugsnag.com,/,file,ThreadPoolExecutor.java,JSON_Payload
REQ-1376,notify.bugsnag.com,/,lineNumber,1086.0,JSON_Payload
REQ-1377,notify.bugsnag.com,/,method,java.util.concurrent.ThreadPoolExecutor$Worker.run,JSON_Payload
REQ-1377,notify.bugsnag.com,/,file,ThreadPoolExecutor.java,JSON_Payload
REQ-1377,notify.bugsnag.com,/,lineNumber,624.0,JSON_Payload
REQ-1378,notify.bugsnag.com,/,method,java.lang.Thread.run,JSON_Payload
REQ-1378,notify.bugsnag.com,/,file,Thread.java,JSON_Payload
REQ-1378,notify.bugsnag.com,/,lineNumber,1572.0,JSON_Payload
REQ-1379,notify.bugsnag.com,/,method,com.bumptech.glide.load.engine.executor.GlideExecutor$DefaultThreadFactory$1.run,JSON_Payload
REQ-1379,notify.bugsnag.com,/,file,GlideExecutor.java,JSON_Payload
REQ-1379,notify.bugsnag.com,/,lineNumber,393.0,JSON_Payload
REQ-1380,notify.bugsnag.com,/,method,jdk.internal.misc.Unsafe.park,JSON_Payload
REQ-1380,notify.bugsnag.com,/,file,Unsafe.java,JSON_Payload
REQ-1380,notify.bugsnag.com,/,lineNumber,-2.0,JSON_Payload
REQ-1381,notify.bugsnag.com,/,method,java.util.concurrent.locks.LockSupport.parkNanos,JSON_Payload
REQ-1381,notify.bugsnag.com,/,file,LockSupport.java,JSON_Payload
REQ-1381,notify.bugsnag.com,/,lineNumber,417.0,JSON_Payload
REQ-1382,notify.bugsnag.com,/,method,java.util.concurrent.LinkedTransferQueue$DualNode.await,JSON_Payload
REQ-1382,notify.bugsnag.com,/,file,LinkedTransferQueue.java,JSON_Payload
REQ-1382,notify.bugsnag.com,/,lineNumber,452.0,JSON_Payload
REQ-1383,notify.bugsnag.com,/,method,java.util.concurrent.SynchronousQueue$Transferer.xferLifo,JSON_Payload
REQ-1383,notify.bugsnag.com,/,file,SynchronousQueue.java,JSON_Payload
REQ-1383,notify.bugsnag.com,/,lineNumber,194.0,JSON_Payload
REQ-1384,notify.bugsnag.com,/,method,java.util.concurrent.SynchronousQueue.xfer,JSON_Payload
REQ-1384,notify.bugsnag.com,/,file,SynchronousQueue.java,JSON_Payload
REQ-1384,notify.bugsnag.com,/,lineNumber,235.0,JSON_Payload
REQ-1385,notify.bugsnag.com,/,method,java.util.concurrent.SynchronousQueue.poll,JSON_Payload
REQ-1385,notify.bugsnag.com,/,file,SynchronousQueue.java,JSON_Payload
REQ-1385,notify.bugsnag.com,/,lineNumber,338.0,JSON_Payload
REQ-1386,notify.bugsnag.com,/,method,java.util.concurrent.ThreadPoolExecutor.getTask,JSON_Payload
REQ-1386,notify.bugsnag.com,/,file,ThreadPoolExecutor.java,JSON_Payload
REQ-1386,notify.bugsnag.com,/,lineNumber,1025.0,JSON_Payload
REQ-1387,notify.bugsnag.com,/,method,java.util.concurrent.ThreadPoolExecutor.runWorker,JSON_Payload
REQ-1387,notify.bugsnag.com,/,file,ThreadPoolExecutor.java,JSON_Payload
REQ-1387,notify.bugsnag.com,/,lineNumber,1086.0,JSON_Payload
REQ-1388,notify.bugsnag.com,/,method,java.util.concurrent.ThreadPoolExecutor$Worker.run,JSON_Payload
REQ-1388,notify.bugsnag.com,/,file,ThreadPoolExecutor.java,JSON_Payload
REQ-1388,notify.bugsnag.com,/,lineNumber,624.0,JSON_Payload
REQ-1389,notify.bugsnag.com,/,method,java.lang.Thread.run,JSON_Payload
REQ-1389,notify.bugsnag.com,/,file,Thread.java,JSON_Payload
REQ-1389,notify.bugsnag.com,/,lineNumber,1572.0,JSON_Payload
REQ-1390,notify.bugsnag.com,/,method,jdk.internal.misc.Unsafe.park,JSON_Payload
REQ-1390,notify.bugsnag.com,/,file,Unsafe.java,JSON_Payload
REQ-1390,notify.bugsnag.com,/,lineNumber,-2.0,JSON_Payload
REQ-1391,notify.bugsnag.com,/,method,java.util.concurrent.locks.LockSupport.parkNanos,JSON_Payload
REQ-1391,notify.bugsnag.com,/,file,LockSupport.java,JSON_Payload
REQ-1391,notify.bugsnag.com,/,lineNumber,417.0,JSON_Payload
REQ-1392,notify.bugsnag.com,/,method,java.util.concurrent.LinkedTransferQueue$DualNode.await,JSON_Payload
REQ-1392,notify.bugsnag.com,/,file,LinkedTransferQueue.java,JSON_Payload
REQ-1392,notify.bugsnag.com,/,lineNumber,452.0,JSON_Payload
REQ-1393,notify.bugsnag.com,/,method,java.util.concurrent.SynchronousQueue$Transferer.xferLifo,JSON_Payload
REQ-1393,notify.bugsnag.com,/,file,SynchronousQueue.java,JSON_Payload
REQ-1393,notify.bugsnag.com,/,lineNumber,194.0,JSON_Payload
REQ-1394,notify.bugsnag.com,/,method,java.util.concurrent.SynchronousQueue.xfer,JSON_Payload
REQ-1394,notify.bugsnag.com,/,file,SynchronousQueue.java,JSON_Payload
REQ-1394,notify.bugsnag.com,/,lineNumber,235.0,JSON_Payload
REQ-1395,notify.bugsnag.com,/,method,java.util.concurrent.SynchronousQueue.poll,JSON_Payload
REQ-1395,notify.bugsnag.com,/,file,SynchronousQueue.java,JSON_Payload
REQ-1395,notify.bugsnag.com,/,lineNumber,338.0,JSON_Payload
REQ-1396,notify.bugsnag.com,/,method,java.util.concurrent.ThreadPoolExecutor.getTask,JSON_Payload
REQ-1396,notify.bugsnag.com,/,file,ThreadPoolExecutor.java,JSON_Payload
REQ-1396,notify.bugsnag.com,/,lineNumber,1025.0,JSON_Payload
REQ-1397,notify.bugsnag.com,/,method,java.util.concurrent.ThreadPoolExecutor.runWorker,JSON_Payload
REQ-1397,notify.bugsnag.com,/,file,ThreadPoolExecutor.java,JSON_Payload
REQ-1397,notify.bugsnag.com,/,lineNumber,1086.0,JSON_Payload
REQ-1398,notify.bugsnag.com,/,method,java.util.concurrent.ThreadPoolExecutor$Worker.run,JSON_Payload
REQ-1398,notify.bugsnag.com,/,file,ThreadPoolExecutor.java,JSON_Payload
REQ-1398,notify.bugsnag.com,/,lineNumber,624.0,JSON_Payload
REQ-1399,notify.bugsnag.com,/,method,java.lang.Thread.run,JSON_Payload
REQ-1399,notify.bugsnag.com,/,file,Thread.java,JSON_Payload
REQ-1399,notify.bugsnag.com,/,lineNumber,1572.0,JSON_Payload
REQ-1400,notify.bugsnag.com,/,method,jdk.internal.misc.Unsafe.park,JSON_Payload
REQ-1400,notify.bugsnag.com,/,file,Unsafe.java,JSON_Payload
REQ-1400,notify.bugsnag.com,/,lineNumber,-2.0,JSON_Payload
REQ-1401,notify.bugsnag.com,/,method,java.util.concurrent.locks.LockSupport.park,JSON_Payload
REQ-1401,notify.bugsnag.com,/,file,LockSupport.java,JSON_Payload
REQ-1401,notify.bugsnag.com,/,lineNumber,376.0,JSON_Payload
REQ-1402,notify.bugsnag.com,/,method,java.util.concurrent.locks.AbstractQueuedSynchronizer$ConditionNode.block,JSON_Payload
REQ-1402,notify.bugsnag.com,/,file,AbstractQueuedSynchronizer.java,JSON_Payload
REQ-1402,notify.bugsnag.com,/,lineNumber,520.0,JSON_Payload
REQ-1403,notify.bugsnag.com,/,method,java.util.concurrent.ForkJoinPool.unmanagedBlock,JSON_Payload
REQ-1403,notify.bugsnag.com,/,file,ForkJoinPool.java,JSON_Payload
REQ-1403,notify.bugsnag.com,/,lineNumber,3797.0,JSON_Payload
REQ-1404,notify.bugsnag.com,/,method,java.util.concurrent.ForkJoinPool.managedBlock,JSON_Payload
REQ-1404,notify.bugsnag.com,/,file,ForkJoinPool.java,JSON_Payload
REQ-1404,notify.bugsnag.com,/,lineNumber,3738.0,JSON_Payload
REQ-1405,notify.bugsnag.com,/,method,java.util.concurrent.locks.AbstractQueuedSynchronizer$ConditionObject.await,JSON_Payload
REQ-1405,notify.bugsnag.com,/,file,AbstractQueuedSynchronizer.java,JSON_Payload
REQ-1405,notify.bugsnag.com,/,lineNumber,1752.0,JSON_Payload
REQ-1406,notify.bugsnag.com,/,method,java.util.concurrent.LinkedBlockingQueue.take,JSON_Payload
REQ-1406,notify.bugsnag.com,/,file,LinkedBlockingQueue.java,JSON_Payload
REQ-1406,notify.bugsnag.com,/,lineNumber,435.0,JSON_Payload
REQ-1407,notify.bugsnag.com,/,method,java.util.concurrent.ThreadPoolExecutor.getTask,JSON_Payload
REQ-1407,notify.bugsnag.com,/,file,ThreadPoolExecutor.java,JSON_Payload
REQ-1407,notify.bugsnag.com,/,lineNumber,1026.0,JSON_Payload
REQ-1408,notify.bugsnag.com,/,method,java.util.concurrent.ThreadPoolExecutor.runWorker,JSON_Payload
REQ-1408,notify.bugsnag.com,/,file,ThreadPoolExecutor.java,JSON_Payload
REQ-1408,notify.bugsnag.com,/,lineNumber,1086.0,JSON_Payload
REQ-1409,notify.bugsnag.com,/,method,java.util.concurrent.ThreadPoolExecutor$Worker.run,JSON_Payload
REQ-1409,notify.bugsnag.com,/,file,ThreadPoolExecutor.java,JSON_Payload
REQ-1409,notify.bugsnag.com,/,lineNumber,624.0,JSON_Payload
REQ-1410,notify.bugsnag.com,/,method,java.lang.Thread.ru n,JSON_Payload
REQ-1410,notify.bugsnag.com,/,file,Thread.java,JSON_Payload
REQ-1410,notify.bugsnag.com,/,lineNumber,1572.0,JSON_Payload
REQ-1411,notify.bugsnag.com,/,method,jdk.internal.misc.Unsafe.park,JSON_Payload
REQ-1411,notify.bugsnag.com,/,file,Unsafe.java,JSON_Payload
REQ-1411,notify.bugsnag.com,/,lineNumber,-2.0,JSON_Payload
REQ-1412,notify.bugsnag.com,/,method,java.util.concurrent.locks.LockSupport.parkNanos,JSON_Payload
REQ-1412,notify.bugsnag.com,/,file,LockSupport.java,JSON_Payload
REQ-1412,notify.bugsnag.com,/,lineNumber,417.0,JSON_Payload
REQ-1413,notify.bugsnag.com,/,method,java.util.concurrent.LinkedTransferQueue$DualNode.await,JSON_Payload
REQ-1413,notify.bugsnag.com,/,file,LinkedTransferQueue.java,JSON_Payload
REQ-1413,notify.bugsnag.com,/,lineNumber,452.0,JSON_Payload
REQ-1414,notify.bugsnag.com,/,method,java.util.concurrent.SynchronousQueue$Transferer.xferLifo,JSON_Payload
REQ-1414,notify.bugsnag.com,/,file,SynchronousQueue.java,JSON_Payload
REQ-1414,notify.bugsnag.com,/,lineNumber,194.0,JSON_Payload
REQ-1415,notify.bugsnag.com,/,method,java.util.concurrent.SynchronousQueue.xfer,JSON_Payload
REQ-1415,notify.bugsnag.com,/,file,SynchronousQueue.java,JSON_Payload
REQ-1415,notify.bugsnag.com,/,lineNumber,235.0,JSON_Payload
REQ-1416,notify.bugsnag.com,/,method,java.util.concurrent.SynchronousQueue.poll,JSON_Payload
REQ-1416,notify.bugsnag.com,/,file,SynchronousQueue.java,JSON_Payload
REQ-1416,notify.bugsnag.com,/,lineNumber,338.0,JSON_Payload
REQ-1417,notify.bugsnag.com,/,method,java.util.concurrent.ThreadPoolExecutor.getTask,JSON_Payload
REQ-1417,notify.bugsnag.com,/,file,ThreadPoolExecutor.java,JSON_Payload
REQ-1417,notify.bugsnag.com,/,lineNumber,1025.0,JSON_Payload
REQ-1418,notify.bugsnag.com,/,method,java.util.concurrent.ThreadPoolExecutor.runWorker,JSON_Payload
REQ-1418,notify.bugsnag.com,/,file,ThreadPoolExecutor.java,JSON_Payload
REQ-1418,notify.bugsnag.com,/,lineNumber,1086.0,JSON_Payload
REQ-1419,notify.bugsnag.com,/,method,java.util.concurrent.ThreadPoolExecutor$Worker.run,JSON_Payload
REQ-1419,notify.bugsnag.com,/,file,ThreadPoolExecutor.java,JSON_Payload
REQ-1419,notify.bugsnag.com,/,lineNumber,624.0,JSON_Payload
REQ-1420,notify.bugsnag.com,/,method,java.lang.Thread.run,JSON_Payload
REQ-1420,notify.bugsnag.com,/,file,Thread.java,JSON_Payload
REQ-1420,notify.bugsnag.com,/,lineNumber,1572.0,JSON_Payload
REQ-1421,notify.bugsnag.com,/,method,jdk.internal.misc.Unsafe.park,JSON_Payload
REQ-1421,notify.bugsnag.com,/,file,Unsafe.java,JSON_Payload
REQ-1421,notify.bugsnag.com,/,lineNumber,-2.0,JSON_Payload
REQ-1422,notify.bugsnag.com,/,method,java.util.concurrent.locks.LockSupport.park,JSON_Payload
REQ-1422,notify.bugsnag.com,/,file,LockSupport.java,JSON_Payload
REQ-1422,notify.bugsnag.com,/,lineNumber,376.0,JSON_Payload
REQ-1423,notify.bugsnag.com,/,method,java.util.concurrent.locks.AbstractQueuedSynchronizer$ConditionNode.block,JSON_Payload
REQ-1423,notify.bugsnag.com,/,file,AbstractQueuedSynchronizer.java,JSON_Payload
REQ-1423,notify.bugsnag.com,/,lineNumber,520.0,JSON_Payload
REQ-1424,notify.bugsnag.com,/,method,java.util.concurrent.ForkJoinPool.unmanagedBlock,JSON_Payload
REQ-1424,notify.bugsnag.com,/,file,ForkJoinPool.java,JSON_Payload
REQ-1424,notify.bugsnag.com,/,lineNumber,3797.0,JSON_Payload
REQ-1425,notify.bugsnag.com,/,method,java.util.concurrent.ForkJoinPool.managedBlock,JSON_Payload
REQ-1425,notify.bugsnag.com,/,file,ForkJoinPool.java,JSON_Payload
REQ-1425,notify.bugsnag.com,/,lineNumber,3738.0,JSON_Payload
REQ-1426,notify.bugsnag.com,/,method,java.util.concurrent.locks.AbstractQueuedSynchronizer$ConditionObject.await,JSON_Payload
REQ-1426,notify.bugsnag.com,/,file,AbstractQueuedSynchronizer.java,JSON_Payload
REQ-1426,notify.bugsnag.com,/,lineNumber,1752.0,JSON_Payload
REQ-1427,notify.bugsnag.com,/,method,java.util.concurrent.PriorityBlockingQueue.take,JSON_Payload
REQ-1427,notify.bugsnag.com,/,file,PriorityBlockingQueue.java,JSON_Payload
REQ-1427,notify.bugsnag.com,/,lineNumber,539.0,JSON_Payload
REQ-1428,notify.bugsnag.com,/,method,java.util.concurrent.ThreadPoolExecutor.getTask,JSON_Payload
REQ-1428,notify.bugsnag.com,/,file,ThreadPoolExecutor.java,JSON_Payload
REQ-1428,notify.bugsnag.com,/,lineNumber,1026.0,JSON_Payload
REQ-1429,notify.bugsnag.com,/,method,java.util.concurrent.ThreadPoolExecutor.runWorker,JSON_Payload
REQ-1429,notify.bugsnag.com,/,file,ThreadPoolExecutor.java,JSON_Payload
REQ-1429,notify.bugsnag.com,/,lineNumber,1086.0,JSON_Payload
REQ-1430,notify.bugsnag.com,/,method,java.util.concurrent.ThreadPoolExecutor$Worker.run,JSON_Payload
REQ-1430,notify.bugsnag.com,/,file,ThreadPoolExecutor.java,JSON_Payload
REQ-1430,notify.bugsnag.com,/,lineNumber,624.0,JSON_Payload
REQ-1431,notify.bugsnag.com,/,method,java.lang.Thread.run,JSON_Payload
REQ-1431,notify.bugsnag.com,/,file,Thread.java,JSON_Payload
REQ-1431,notify.bugsnag.com,/,lineNumber,1572.0,JSON_Payload
REQ-1432,notify.bugsnag.com,/,method,com.bumptech.glide.load.engine.executor.GlideExecutor$DefaultThreadFactory$1.run,JSON_Payload
REQ-1432,notify.bugsnag.com,/,file,GlideExecutor.java,JSON_Payload
REQ-1432,notify.bugsnag.com,/,lineNumber,393.0,JSON_Payload
REQ-1433,notify.bugsnag.com,/,method,jdk.internal.misc.Unsafe.park,JSON_Payload
REQ-1433,notify.bugsnag.com,/,file,Unsafe.java,JSON_Payload
REQ-1433,notify.bugsnag.com,/,lineNumber,-2.0,JSON_Payload
REQ-1434,notify.bugsnag.com,/,method,java.util.concurrent.locks.LockSupport.park,JSON_Payload
REQ-1434,notify.bugsnag.com,/,file,LockSupport.java,JSON_Payload
REQ-1434,notify.bugsnag.com,/,lineNumber,376.0,JSON_Payload
REQ-1435,notify.bugsnag.com,/,method,java.util.concurrent.locks.AbstractQueuedSynchronizer$ConditionNode.block,JSON_Payload
REQ-1435,notify.bugsnag.com,/,file,AbstractQueuedSynchronizer.java,JSON_Payload
REQ-1435,notify.bugsnag.com,/,lineNumber,520.0,JSON_Payload
REQ-1436,notify.bugsnag.com,/,method,java.util.concurrent.ForkJoinPool.unmanagedBlock,JSON_Payload
REQ-1436,notify.bugsnag.com,/,file,ForkJoinPool.java,JSON_Payload
REQ-1436,notify.bugsnag.com,/,lineNumber,3797.0,JSON_Payload
REQ-1437,notify.bugsnag.com,/,method,java.util.concurrent.ForkJoinPool.managedBlock,JSON_Payload
REQ-1437,notify.bugsnag.com,/,file,ForkJoinPool.java,JSON_Payload
REQ-1437,notify.bugsnag.com,/,lineNumber,3738.0,JSON_Payload
REQ-1438,notify.bugsnag.com,/,method,java.util.concurrent.locks.AbstractQueuedSynchronizer$ConditionObject.await,JSON_Payload
REQ-1438,notify.bugsnag.com,/,file,AbstractQueuedSynchronizer.java,JSON_Payload
REQ-1438,notify.bugsnag.com,/,lineNumber,1752.0,JSON_Payload
REQ-1439,notify.bugsnag.com,/,method,java.util.concurrent.PriorityBlockingQueue.take,JSON_Payload
REQ-1439,notify.bugsnag.com,/,file,PriorityBlockingQueue.java,JSON_Payload
REQ-1439,notify.bugsnag.com,/,lineNumber,539.0,JSON_Payload
REQ-1440,notify.bugsnag.com,/,method,java.util.concurrent.ThreadPoolExecutor.getTask,JSON_Payload
REQ-1440,notify.bugsnag.com,/,file,ThreadPoolExecutor.java,JSON_Payload
REQ-1440,notify.bugsnag.com,/,lineNumber,1026.0,JSON_Payload
REQ-1441,notify.bugsnag.com,/,method,java.util.concurrent.ThreadPoolExecutor.runWorker,JSON_Payload
REQ-1441,notify.bugsnag.com,/,file,ThreadPoolExecutor.java,JSON_Payload
REQ-1441,notify.bugsnag.com,/,lineNumber,1086.0,JSON_Payload
REQ-1442,notify.bugsnag.com,/,method,java.util.concurrent.ThreadPoolExecutor$Worker.run,JSON_Payload
REQ-1442,notify.bugsnag.com,/,file,ThreadPoolExecutor.java,JSON_Payload
REQ-1442,notify.bugsnag.com,/,lineNumber,624.0,JSON_Payload
REQ-1443,notify.bugsnag.com,/,method,java.lang.Thread.run,JSON_Payload
REQ-1443,notify.bugsnag.com,/,file,Thread.java,JSON_Payload
REQ-1443,notify.bugsnag.com,/,lineNumber,1572.0,JSON_Payload
REQ-1444,notify.bugsnag.com,/,method,com.bumptech.glide.load.engine.executor.GlideExecutor$DefaultThreadFactory$1.run,JSON_Payload
REQ-1444,notify.bugsnag.com,/,file,GlideExecutor.java,JSON_Payload
REQ-1444,notify.bugsnag.com,/,lineNumber,393.0,JSON_Payload
REQ-1445,notify.bugsnag.com,/,method,jdk.internal.misc.Unsafe.park,JSON_Payload
REQ-1445,notify.bugsnag.com,/,file,Unsafe.java,JSON_Payload
REQ-1445,notify.bugsnag.com,/,lineNumber,-2.0,JSON_Payload
REQ-1446,notify.bugsnag.com,/,method,java.util.concurrent.locks.LockSupport.park,JSON_Payload
REQ-1446,notify.bugsnag.com,/,file,LockSupport.java,JSON_Payload
REQ-1446,notify.bugsnag.com,/,lineNumber,376.0,JSON_Payload
REQ-1447,notify.bugsnag.com,/,method,java.util.concurrent.locks.AbstractQueuedSynchronizer$ConditionNode.block,JSON_Payload
REQ-1447,notify.bugsnag.com,/,file,AbstractQueuedSynchronizer.java,JSON_Payload
REQ-1447,notify.bugsnag.com,/,lineNumber,520.0,JSON_Payload
REQ-1448,notify.bugsnag.com,/,method,java.util.concurrent.ForkJoinPool.unmanagedBlock,JSON_Payload
REQ-1448,notify.bugsnag.com,/,file,ForkJoinPool.java,JSON_Payload
REQ-1448,notify.bugsnag.com,/,lineNumber,3797.0,JSON_Payload
REQ-1449,notify.bugsnag.com,/,method,java.util.concurrent.ForkJoinPool.managedBlock,JSON_Payload
REQ-1449,notify.bugsnag.com,/,file,ForkJoinPool.java,JSON_Payload
REQ-1449,notify.bugsnag.com,/,lineNumber,3738.0,JSON_Payload
REQ-1450,notify.bugsnag.com,/,method,java.util.concurrent.locks.AbstractQueuedSynchronizer$ConditionObject.await,JSON_Payload
REQ-1450,notify.bugsnag.com,/,file,AbstractQueuedSynchronizer.java,JSON_Payload
REQ-1450,notify.bugsnag.com,/,lineNumber,1752.0,JSON_Payload
REQ-1451,notify.bugsnag.com,/,method,java.util.concurrent.LinkedBlockingQueue.take,JSON_Payload
REQ-1451,notify.bugsnag.com,/,file,LinkedBlockingQueue.java,JSON_Payload
REQ-1451,notify.bugsnag.com,/,lineNumber,435.0,JSON_Payload
REQ-1452,notify.bugsnag.com,/,method,java.util.concurrent.ThreadPoolExecutor.getTask,JSON_Payload
REQ-1452,notify.bugsnag.com,/,file,ThreadPoolExecutor.java,JSON_Payload
REQ-1452,notify.bugsnag.com,/,lineNumber,1026.0,JSON_Payload
REQ-1453,notify.bugsnag.com,/,method,java.util.concurrent.ThreadPoolExecutor.runWorker,JSON_Payload
REQ-1453,notify.bugsnag.com,/,file,ThreadPoolExecutor.java,JSON_Payload
REQ-1453,notify.bugsnag.com,/,lineNumber,1086.0,JSON_Payload
REQ-1454,notify.bugsnag.com,/,method,java.util.concurrent.ThreadPoolExecutor$Worker.run,JSON_Payload
REQ-1454,notify.bugsnag.com,/,file,ThreadPoolExecutor.java,JSON_Payload
REQ-1454,notify.bugsnag.com,/,lineNumber,624.0,JSON_Payload
REQ-1455,notify.bugsnag.com,/,method,java.lang.Thread.run,JSON_Payload
REQ-1455,notify.bugsnag.com,/,file,Thread.java,JSON_Payload
REQ-1455,notify.bugsnag.com,/,lineNumber,1572.0,JSON_Payload
REQ-1456,notify.bugsnag.com,/,method,android.os.MessageQueue.nativePollOnce,JSON_Payload
REQ-1456,notify.bugsnag.com,/,file,MessageQueue.java,JSON_Payload
REQ-1456,notify.bugsnag.com,/,lineNumber,-2.0,JSON_Payload
REQ-1457,notify.bugsnag.com,/,method,android.os.MessageQueue.nextLegacy,JSON_Payload
REQ-1457,notify.bugsnag.com,/,file,MessageQueue.java,JSON_Payload
REQ-1457,notify.bugsnag.com,/,lineNumber,913.0,JSON_Payload
REQ-1458,notify.bugsnag.com,/,method,android.os.MessageQueue.next,JSON_Payload
REQ-1458,notify.bugsnag.com,/,file,MessageQueue.java,JSON_Payload
REQ-1458,notify.bugsnag.com,/,lineNumber,1025.0,JSON_Payload
REQ-1459,notify.bugsnag.com,/,method,android.os.Looper.loopOnce,JSON_Payload
REQ-1459,notify.bugsnag.com,/,file,Looper.java,JSON_Payload
REQ-1459,notify.bugsnag.com,/,lineNumber,196.0,JSON_Payload
REQ-1460,notify.bugsnag.com,/,method,android.os.Looper.loop,JSON_Payload
REQ-1460,notify.bugsnag.com,/,file,Looper.java,JSON_Payload
REQ-1460,notify.bugsnag.com,/,lineNumber,338.0,JSON_Payload
REQ-1461,notify.bugsnag.com,/,method,android.os.HandlerThread.run,JSON_Payload
REQ-1461,notify.bugsnag.com,/,file,HandlerThread.java,JSON_Payload
REQ-1461,notify.bugsnag.com,/,lineNumber,85.0,JSON_Payload
REQ-1462,notify.bugsnag.com,/,method,android.os.MessageQueue.nativePollOnce,JSON_Payload
REQ-1462,notify.bugsnag.com,/,file,MessageQueue.java,JSON_Payload
REQ-1462,notify.bugsnag.com,/,lineNumber,-2.0,JSON_Payload
REQ-1463,notify.bugsnag.com,/,method,android.os.MessageQueue.nextLegacy,JSON_Payload
REQ-1463,notify.bugsnag.com,/,file,MessageQueue.java,JSON_Payload
REQ-1463,notify.bugsnag.com,/,lineNumber,913.0,JSON_Payload
REQ-1464,notify.bugsnag.com,/,method,android.os.MessageQueue.next,JSON_Payload
REQ-1464,notify.bugsnag.com,/,file,MessageQueue.java,JSON_Payload
REQ-1464,notify.bugsnag.com,/,lineNumber,1025.0,JSON_Payload
REQ-1465,notify.bugsnag.com,/,method,android.os.Looper.loopOnce,JSON_Payload
REQ-1465,notify.bugsnag.com,/,file,Looper.java,JSON_Payload
REQ-1465,notify.bugsnag.com,/,lineNumber,196.0,JSON_Payload
REQ-1466,notify.bugsnag.com,/,method,android.os.Looper.loop,JSON_Payload
REQ-1466,notify.bugsnag.com,/,file,Looper.java,JSON_Payload
REQ-1466,notify.bugsnag.com,/,lineNumber,338.0,JSON_Payload
REQ-1467,notify.bugsnag.com,/,method,android.os.HandlerThread.run,JSON_Payload
REQ-1467,notify.bugsnag.com,/,file,HandlerThread.java,JSON_Payload
REQ-1467,notify.bugsnag.com,/,lineNumber,85.0,JSON_Payload
REQ-1468,notify.bugsnag.com,/,method,java.lang.Object.wait,JSON_Payload
REQ-1468,notify.bugsnag.com,/,file,Object.java,JSON_Payload
REQ-1468,notify.bugsnag.com,/,lineNumber,-2.0,JSON_Payload
REQ-1469,notify.bugsnag.com,/,method,java.lang.Object.wait,JSON_Payload
REQ-1469,notify.bugsnag.com,/,file,Object.java,JSON_Payload
REQ-1469,notify.bugsnag.com,/,lineNumber,405.0,JSON_Payload
REQ-1470,notify.bugsnag.com,/,method,java.lang.Object.wait,JSON_Payload
REQ-1470,notify.bugsnag.com,/,file,Object.java,JSON_Payload
REQ-1470,notify.bugsnag.com,/,lineNumber,543.0,JSON_Payload
REQ-1471,notify.bugsnag.com,/,method,com.google.android.exoplayer2.util.ConditionVariable.block,JSON_Payload
REQ-1471,notify.bugsnag.com,/,file,ConditionVariable.java,JSON_Payload
REQ-1471,notify.bugsnag.com,/,lineNumber,84.0,JSON_Payload
REQ-1472,notify.bugsnag.com,/,method,com.google.android.exoplayer2.source.ProgressiveMediaPeriod$ExtractingLoadable.load,JSON_Payload
REQ-1472,notify.bugsnag.com,/,file,ProgressiveMediaPeriod.java,JSON_Payload
REQ-1472,notify.bugsnag.com,/,lineNumber,1045.0,JSON_Payload
REQ-1473,notify.bugsnag.com,/,method,com.google.android.exoplayer2.upstream.Loader$LoadTask.run,JSON_Payload
REQ-1473,notify.bugsnag.com,/,file,Loader.java,JSON_Payload
REQ-1473,notify.bugsnag.com,/,lineNumber,417.0,JSON_Payload
REQ-1474,notify.bugsnag.com,/,method,java.util.concurrent.ThreadPoolExecutor.runWorker,JSON_Payload
REQ-1474,notify.bugsnag.com,/,file,ThreadPoolExecutor.java,JSON_Payload
REQ-1474,notify.bugsnag.com,/,lineNumber,1100.0,JSON_Payload
REQ-1475,notify.bugsnag.com,/,method,java.util.concurrent.ThreadPoolExecutor$Worker.run,JSON_Payload
REQ-1475,notify.bugsnag.com,/,file,ThreadPoolExecutor.java,JSON_Payload
REQ-1475,notify.bugsnag.com,/,lineNumber,624.0,JSON_Payload
REQ-1476,notify.bugsnag.com,/,method,java.lang.Thread.run,JSON_Payload
REQ-1476,notify.bugsnag.com,/,file,Thread.java,JSON_Payload
REQ-1476,notify.bugsnag.com,/,lineNumber,1572.0,JSON_Payload
REQ-1477,notify.bugsnag.com,/,method,jdk.internal.misc.Unsafe.park,JSON_Payload
REQ-1477,notify.bugsnag.com,/,file,Unsafe.java,JSON_Payload
REQ-1477,notify.bugsnag.com,/,lineNumber,-2.0,JSON_Payload
REQ-1478,notify.bugsnag.com,/,method,java.util.concurrent.locks.LockSupport.park,JSON_Payload
REQ-1478,notify.bugsnag.com,/,file,LockSupport.java,JSON_Payload
REQ-1478,notify.bugsnag.com,/,lineNumber,376.0,JSON_Payload
REQ-1479,notify.bugsnag.com,/,method,java.util.concurrent.LinkedTransferQueue$DualNode.await,JSON_Payload
REQ-1479,notify.bugsnag.com,/,file,LinkedTransferQueue.java,JSON_Payload
REQ-1479,notify.bugsnag.com,/,lineNumber,458.0,JSON_Payload
REQ-1480,notify.bugsnag.com,/,method,java.util.concurrent.Synchronou sQueue$Transferer.xferLifo,JSON_Payload
REQ-1480,notify.bugsnag.com,/,file,SynchronousQueue.java,JSON_Payload
REQ-1480,notify.bugsnag.com,/,lineNumber,194.0,JSON_Payload
REQ-1481,notify.bugsnag.com,/,method,java.util.concurrent.SynchronousQueue.xfer,JSON_Payload
REQ-1481,notify.bugsnag.com,/,file,SynchronousQueue.java,JSON_Payload
REQ-1481,notify.bugsnag.com,/,lineNumber,235.0,JSON_Payload
REQ-1482,notify.bugsnag.com,/,method,java.util.concurrent.SynchronousQueue.take,JSON_Payload
REQ-1482,notify.bugsnag.com,/,file,SynchronousQueue.java,JSON_Payload
REQ-1482,notify.bugsnag.com,/,lineNumber,318.0,JSON_Payload
REQ-1483,notify.bugsnag.com,/,method,java.util.concurrent.ThreadPoolExecutor.getTask,JSON_Payload
REQ-1483,notify.bugsnag.com,/,file,ThreadPoolExecutor.java,JSON_Payload
REQ-1483,notify.bugsnag.com,/,lineNumber,1026.0,JSON_Payload
REQ-1484,notify.bugsnag.com,/,method,java.util.concurrent.ThreadPoolExecutor.runWorker,JSON_Payload
REQ-1484,notify.bugsnag.com,/,file,ThreadPoolExecutor.java,JSON_Payload
REQ-1484,notify.bugsnag.com,/,lineNumber,1086.0,JSON_Payload
REQ-1485,notify.bugsnag.com,/,method,java.util.concurrent.ThreadPoolExecutor$Worker.run,JSON_Payload
REQ-1485,notify.bugsnag.com,/,file,ThreadPoolExecutor.java,JSON_Payload
REQ-1485,notify.bugsnag.com,/,lineNumber,624.0,JSON_Payload
REQ-1486,notify.bugsnag.com,/,method,java.lang.Thread.run,JSON_Payload
REQ-1486,notify.bugsnag.com,/,file,Thread.java,JSON_Payload
REQ-1486,notify.bugsnag.com,/,lineNumber,1572.0,JSON_Payload
REQ-1487,notify.bugsnag.com,/,method,jdk.internal.misc.Unsafe.park,JSON_Payload
REQ-1487,notify.bugsnag.com,/,file,Unsafe.java,JSON_Payload
REQ-1487,notify.bugsnag.com,/,lineNumber,-2.0,JSON_Payload
REQ-1488,notify.bugsnag.com,/,method,java.util.concurrent.locks.LockSupport.parkNanos,JSON_Payload
REQ-1488,notify.bugsnag.com,/,file,LockSupport.java,JSON_Payload
REQ-1488,notify.bugsnag.com,/,lineNumber,417.0,JSON_Payload
REQ-1489,notify.bugsnag.com,/,method,java.util.concurrent.LinkedTransferQueue$DualNode.await,JSON_Payload
REQ-1489,notify.bugsnag.com,/,file,LinkedTransferQueue.java,JSON_Payload
REQ-1489,notify.bugsnag.com,/,lineNumber,452.0,JSON_Payload
REQ-1490,notify.bugsnag.com,/,method,java.util.concurrent.SynchronousQueue$Transferer.xferLifo,JSON_Payload
REQ-1490,notify.bugsnag.com,/,file,SynchronousQueue.java,JSON_Payload
REQ-1490,notify.bugsnag.com,/,lineNumber,194.0,JSON_Payload
REQ-1491,notify.bugsnag.com,/,method,java.util.concurrent.SynchronousQueue.xfer,JSON_Payload
REQ-1491,notify.bugsnag.com,/,file,SynchronousQueue.java,JSON_Payload
REQ-1491,notify.bugsnag.com,/,lineNumber,235.0,JSON_Payload
REQ-1492,notify.bugsnag.com,/,method,java.util.concurrent.SynchronousQueue.poll,JSON_Payload
REQ-1492,notify.bugsnag.com,/,file,SynchronousQueue.java,JSON_Payload
REQ-1492,notify.bugsnag.com,/,lineNumber,338.0,JSON_Payload
REQ-1493,notify.bugsnag.com,/,method,java.util.concurrent.ThreadPoolExecutor.getTask,JSON_Payload
REQ-1493,notify.bugsnag.com,/,file,ThreadPoolExecutor.java,JSON_Payload
REQ-1493,notify.bugsnag.com,/,lineNumber,1025.0,JSON_Payload
REQ-1494,notify.bugsnag.com,/,method,java.util.concurrent.ThreadPoolExecutor.runWorker,JSON_Payload
REQ-1494,notify.bugsnag.com,/,file,ThreadPoolExecutor.java,JSON_Payload
REQ-1494,notify.bugsnag.com,/,lineNumber,1086.0,JSON_Payload
REQ-1495,notify.bugsnag.com,/,method,java.util.concurrent.ThreadPoolExecutor$Worker.run,JSON_Payload
REQ-1495,notify.bugsnag.com,/,file,ThreadPoolExecutor.java,JSON_Payload
REQ-1495,notify.bugsnag.com,/,lineNumber,624.0,JSON_Payload
REQ-1496,notify.bugsnag.com,/,method,java.lang.Thread.run,JSON_Payload
REQ-1496,notify.bugsnag.com,/,file,Thread.java,JSON_Payload
REQ-1496,notify.bugsnag.com,/,lineNumber,1572.0,JSON_Payload
REQ-1497,notify.bugsnag.com,/,method,jdk.internal.misc.Unsafe.park,JSON_Payload
REQ-1497,notify.bugsnag.com,/,file,Unsafe.java,JSON_Payload
REQ-1497,notify.bugsnag.com,/,lineNumber,-2.0,JSON_Payload
REQ-1498,notify.bugsnag.com,/,method,java.util.concurrent.locks.LockSupport.parkNanos,JSON_Payload
REQ-1498,notify.bugsnag.com,/,file,LockSupport.java,JSON_Payload
REQ-1498,notify.bugsnag.com,/,lineNumber,417.0,JSON_Payload
REQ-1499,notify.bugsnag.com,/,method,java.util.concurrent.LinkedTransferQueue$DualNode.await,JSON_Payload
REQ-1499,notify.bugsnag.com,/,file,LinkedTransferQueue.java,JSON_Payload
REQ-1499,notify.bugsnag.com,/,lineNumber,452.0,JSON_Payload
REQ-1500,notify.bugsnag.com,/,method,java.util.concurrent.SynchronousQueue$Transferer.xferLifo,JSON_Payload
REQ-1500,notify.bugsnag.com,/,file,SynchronousQueue.java,JSON_Payload
REQ-1500,notify.bugsnag.com,/,lineNumber,194.0,JSON_Payload
REQ-1501,notify.bugsnag.com,/,method,java.util.concurrent.SynchronousQueue.xfer,JSON_Payload
REQ-1501,notify.bugsnag.com,/,file,SynchronousQueue.java,JSON_Payload
REQ-1501,notify.bugsnag.com,/,lineNumber,235.0,JSON_Payload
REQ-1502,notify.bugsnag.com,/,method,java.util.concurrent.SynchronousQueue.poll,JSON_Payload
REQ-1502,notify.bugsnag.com,/,file,SynchronousQueue.java,JSON_Payload
REQ-1502,notify.bugsnag.com,/,lineNumber,338.0,JSON_Payload
REQ-1503,notify.bugsnag.com,/,method,java.util.concurrent.ThreadPoolExecutor.getTask,JSON_Payload
REQ-1503,notify.bugsnag.com,/,file,ThreadPoolExecutor.java,JSON_Payload
REQ-1503,notify.bugsnag.com,/,lineNumber,1025.0,JSON_Payload
REQ-1504,notify.bugsnag.com,/,method,java.util.concurrent.ThreadPoolExecutor.runWorker,JSON_Payload
REQ-1504,notify.bugsnag.com,/,file,ThreadPoolExecutor.java,JSON_Payload
REQ-1504,notify.bugsnag.com,/,lineNumber,1086.0,JSON_Payload
REQ-1505,notify.bugsnag.com,/,method,java.util.concurrent.ThreadPoolExecutor$Worker.run,JSON_Payload
REQ-1505,notify.bugsnag.com,/,file,ThreadPoolExecutor.java,JSON_Payload
REQ-1505,notify.bugsnag.com,/,lineNumber,624.0,JSON_Payload
REQ-1506,notify.bugsnag.com,/,method,java.lang.Thread.run,JSON_Payload
REQ-1506,notify.bugsnag.com,/,file,Thread.java,JSON_Payload
REQ-1506,notify.bugsnag.com,/,lineNumber,1572.0,JSON_Payload
REQ-1507,notify.bugsnag.com,/,method,jdk.internal.misc.Unsafe.park,JSON_Payload
REQ-1507,notify.bugsnag.com,/,file,Unsafe.java,JSON_Payload
REQ-1507,notify.bugsnag.com,/,lineNumber,-2.0,JSON_Payload
REQ-1508,notify.bugsnag.com,/,method,java.util.concurrent.locks.LockSupport.parkNanos,JSON_Payload
REQ-1508,notify.bugsnag.com,/,file,LockSupport.java,JSON_Payload
REQ-1508,notify.bugsnag.com,/,lineNumber,417.0,JSON_Payload
REQ-1509,notify.bugsnag.com,/,method,java.util.concurrent.LinkedTransferQueue$DualNode.await,JSON_Payload
REQ-1509,notify.bugsnag.com,/,file,LinkedTransferQueue.java,JSON_Payload
REQ-1509,notify.bugsnag.com,/,lineNumber,452.0,JSON_Payload
REQ-1510,notify.bugsnag.com,/,method,java.util.concurrent.SynchronousQueue$Transferer.xferLifo,JSON_Payload
REQ-1510,notify.bugsnag.com,/,file,SynchronousQueue.java,JSON_Payload
REQ-1510,notify.bugsnag.com,/,lineNumber,194.0,JSON_Payload
REQ-1511,notify.bugsnag.com,/,method,java.util.concurrent.SynchronousQueue.xfer,JSON_Payload
REQ-1511,notify.bugsnag.com,/,file,SynchronousQueue.java,JSON_Payload
REQ-1511,notify.bugsnag.com,/,lineNumber,235.0,JSON_Payload
REQ-1512,notify.bugsnag.com,/,method,java.util.concurrent.SynchronousQueue.poll,JSON_Payload
REQ-1512,notify.bugsnag.com,/,file,SynchronousQueue.java,JSON_Payload
REQ-1512,notify.bugsnag.com,/,lineNumber,338.0,JSON_Payload
REQ-1513,notify.bugsnag.com,/,method,java.util.concurrent.ThreadPoolExecutor.getTask,JSON_Payload
REQ-1513,notify.bugsnag.com,/,file,ThreadPoolExecutor.java,JSON_Payload
REQ-1513,notify.bugsnag.com,/,lineNumber,1025.0,JSON_Payload
REQ-1514,notify.bugsnag.com,/,method,java.util.concurrent.ThreadPoolExecutor.runWorker,JSON_Payload
REQ-1514,notify.bugsnag.com,/,file,ThreadPoolExecutor.java,JSON_Payload
REQ-1514,notify.bugsnag.com,/,lineNumber,1086.0,JSON_Payload
REQ-1515,notify.bugsnag.com,/,method,java.util.concurrent.ThreadPoolExecutor$Worker.run,JSON_Payload
REQ-1515,notify.bugsnag.com,/,file,ThreadPoolExecutor.java,JSON_Payload
REQ-1515,notify.bugsnag.com,/,lineNumber,624.0,JSON_Payload
REQ-1516,notify.bugsnag.com,/,method,java.lang.Thread.run,JSON_Payload
REQ-1516,notify.bugsnag.com,/,file,Thread.java,JSON_Payload
REQ-1516,notify.bugsnag.com,/,lineNumber,1572.0,JSON_Payload
REQ-1517,notify.bugsnag.com,/,method,jdk.internal.misc.Unsafe.park,JSON_Payload
REQ-1517,notify.bugsnag.com,/,file,Unsafe.java,JSON_Payload
REQ-1517,notify.bugsnag.com,/,lineNumber,-2.0,JSON_Payload
REQ-1518,notify.bugsnag.com,/,method,java.util.concurrent.locks.LockSupport.parkNanos,JSON_Payload
REQ-1518,notify.bugsnag.com,/,file,LockSupport.java,JSON_Payload
REQ-1518,notify.bugsnag.com,/,lineNumber,417.0,JSON_Payload
REQ-1519,notify.bugsnag.com,/,method,java.util.concurrent.LinkedTransferQueue$DualNode.await,JSON_Payload
REQ-1519,notify.bugsnag.com,/,file,LinkedTransferQueue.java,JSON_Payload
REQ-1519,notify.bugsnag.com,/,lineNumber,452.0,JSON_Payload
REQ-1520,notify.bugsnag.com,/,method,java.util.concurrent.SynchronousQueue$Transferer.xferLifo,JSON_Payload
REQ-1520,notify.bugsnag.com,/,file,SynchronousQueue.java,JSON_Payload
REQ-1520,notify.bugsnag.com,/,lineNumber,194.0,JSON_Payload
REQ-1521,notify.bugsnag.com,/,method,java.util.concurrent.SynchronousQueue.xfer,JSON_Payload
REQ-1521,notify.bugsnag.com,/,file,SynchronousQueue.java,JSON_Payload
REQ-1521,notify.bugsnag.com,/,lineNumber,235.0,JSON_Payload
REQ-1522,notify.bugsnag.com,/,method,java.util.concurrent.SynchronousQueue.poll,JSON_Payload
REQ-1522,notify.bugsnag.com,/,file,SynchronousQueue.java,JSON_Payload
REQ-1522,notify.bugsnag.com,/,lineNumber,338.0,JSON_Payload
REQ-1523,notify.bugsnag.com,/,method,java.util.concurrent.ThreadPoolExecutor.getTask,JSON_Payload
REQ-1523,notify.bugsnag.com,/,file,ThreadPoolExecutor.java,JSON_Payload
REQ-1523,notify.bugsnag.com,/,lineNumber,1025.0,JSON_Payload
REQ-1524,notify.bugsnag.com,/,method,java.util.concurrent.ThreadPoolExecutor.runWorker,JSON_Payload
REQ-1524,notify.bugsnag.com,/,file,ThreadPoolExecutor.java,JSON_Payload
REQ-1524,notify.bugsnag.com,/,lineNumber,1086.0,JSON_Payload
REQ-1525,notify.bugsnag.com,/,method,java.util.concurrent.ThreadPoolExecutor$Worker.run,JSON_Payload
REQ-1525,notify.bugsnag.com,/,file,ThreadPoolExecutor.java,JSON_Payload
REQ-1525,notify.bugsnag.com,/,lineNumber,624.0,JSON_Payload
REQ-1526,notify.bugsnag.com,/,method,java.lang.Thread.run,JSON_Payload
REQ-1526,notify.bugsnag.com,/,file,Thread.java,JSON_Payload
REQ-1526,notify.bugsnag.com,/,lineNumber,1572.0,JSON_Payload
REQ-1527,notify.bugsnag.com,/,method,jdk.internal.misc.Unsafe.park,JSON_Payload
REQ-1527,notify.bugsnag.com,/,file,Unsafe.java,JSON_Payload
REQ-1527,notify.bugsnag.com,/,lineNumber,-2.0,JSON_Payload
REQ-1528,notify.bugsnag.com,/,method,java.util.concurrent.locks.LockSupport.parkNanos,JSON_Payload
REQ-1528,notify.bugsnag.com,/,file,LockSupport.java,JSON_Payload
REQ-1528,notify.bugsnag.com,/,lineNumber,417.0,JSON_Payload
REQ-1529,notify.bugsnag.com,/,method,java.util.concurrent.LinkedTransferQueue$DualNode.await,JSON_Payload
REQ-1529,notify.bugsnag.com,/,file,LinkedTransferQueue.java,JSON_Payload
REQ-1529,notify.bugsnag.com,/,lineNumber,452.0,JSON_Payload
REQ-1530,notify.bugsnag.com,/,method,java.util.concurrent.SynchronousQueue$Transferer.xferLifo,JSON_Payload
REQ-1530,notify.bugsnag.com,/,file,SynchronousQueue.java,JSON_Payload
REQ-1530,notify.bugsnag.com,/,lineNumber,194.0,JSON_Payload
REQ-1531,notify.bugsnag.com,/,method,java.util.concurrent.SynchronousQueue.xfer,JSON_Payload
REQ-1531,notify.bugsnag.com,/,file,SynchronousQueue.java,JSON_Payload
REQ-1531,notify.bugsnag.com,/,lineNumber,235.0,JSON_Payload
REQ-1532,notify.bugsnag.com,/,method,java.util.concurrent.SynchronousQueue.poll,JSON_Payload
REQ-1532,notify.bugsnag.com,/,file,SynchronousQueue.java,JSON_Payload
REQ-1532,notify.bugsnag.com,/,lineNumber,338.0,JSON_Payload
REQ-1533,notify.bugsnag.com,/,method,java.util.concurrent.ThreadPoolExecutor.getTask,JSON_Payload
REQ-1533,notify.bugsnag.com,/,file,ThreadPoolExecutor.java,JSON_Payload
REQ-1533,notify.bugsnag.com,/,lineNumber,1025.0,JSON_Payload
REQ-1534,notify.bugsnag.com,/,method,java.util.concurrent.ThreadPoolExecutor.runWorker,JSON_Payload
REQ-1534,notify.bugsnag.com,/,file,ThreadPoolExecutor.java,JSON_Payload
REQ-1534,notify.bugsnag.com,/,lineNumber,1086.0,JSON_Payload
REQ-1535,notify.bugsnag.com,/,method,java.util.concurrent.ThreadPoolExecutor$Worker.run,JSON_Payload
REQ-1535,notify.bugsnag.com,/,file,ThreadPoolExecutor.java,JSON_Payload
REQ-1535,notify.bugsnag.com,/,lineNumber,624.0,JSON_Payload
REQ-1536,notify.bugsnag.com,/,method,java.lang.Thread.run,JSON_Payload
REQ-1536,notify.bugsnag.com,/,file,Thread.java,JSON_Payload
REQ-1536,notify.bugsnag.com,/,lineNumber,1572.0,JSON_Payload
REQ-1537,notify.bugsnag.com,/,method,jdk.internal.misc.Unsafe.park,JSON_Payload
REQ-1537,notify.bugsnag.com,/,file,Unsafe.java,JSON_Payload
REQ-1537,notify.bugsnag.com,/,lineNumber,-2.0,JSON_Payload
REQ-1538,notify.bugsnag.com,/,method,java.util.concurrent.locks.LockSupport.parkNanos,JSON_Payload
REQ-1538,notify.bugsnag.com,/,file,LockSupport.java,JSON_Payload
REQ-1538,notify.bugsnag.com,/,lineNumber,417.0,JSON_Payload
REQ-1539,notify.bugsnag.com,/,method,java.util.concurrent.LinkedTransferQueue$DualNode.await,JSON_Payload
REQ-1539,notify.bugsnag.com,/,file,LinkedTransferQueue.java,JSON_Payload
REQ-1539,notify.bugsnag.com,/,lineNumber,452.0,JSON_Payload
REQ-1540,notify.bugsnag.com,/,method,java.util.concurrent.SynchronousQueue$Transferer.xferLifo,JSON_Payload
REQ-1540,notify.bugsnag.com,/,file,SynchronousQueue.java,JSON_Payload
REQ-1540,notify.bugsnag.com,/,lineNumber,194.0,JSON_Payload
REQ-1541,notify.bugsnag.com,/,method,java.util.concurrent.SynchronousQueue.xfer,JSON_Payload
REQ-1541,notify.bugsnag.com,/,file,SynchronousQueue.java,JSON_Payload
REQ-1541,notify.bugsnag.com,/,lineNumber,235.0,JSON_Payload
REQ-1542,notify.bugsnag.com,/,method,java.util.concurrent.SynchronousQueue.poll,JSON_Payload
REQ-1542,notify.bugsnag.com,/,file,SynchronousQueue.java,JSON_Payload
REQ-1542,notify.bugsnag.com,/,lineNumber,338.0,JSON_Payload
REQ-1543,notify.bugsnag.com,/,method,java.util.concurrent.ThreadPoolExecutor.getTask,JSON_Payload
REQ-1543,notify.bugsnag.com,/,file,ThreadPoolExecutor.java,JSON_Payload
REQ-1543,notify.bugsnag.com,/,lineNumber,1025.0,JSON_Payload
REQ-1544,notify.bugsnag.com,/,method,java.util.concurrent.ThreadPoolExecutor.runWorker,JSON_Payload
REQ-1544,notify.bugsnag.com,/,file,ThreadPoolExecutor.java,JSON_Payload
REQ-1544,notify.bugsnag.com,/,lineNumber,1086.0,JSON_Payload
REQ-1545,notify.bugsnag.com,/,method,java.util.concurrent.ThreadPoolExecutor$Worker.run,JSON_Payload
REQ-1545,notify.bugsnag.com,/,file,ThreadPoolExecutor.java,JSON_Payload
REQ-1545,notify.bugsnag.com,/,lineNumber,624.0,JSON_Payload
REQ-1546,notify.bugsnag.com,/,method,java.lang.Thread.run,JSON_Payload
REQ-1546,notify.bugsnag.com,/,file,Thread.java,JSON_Payload
REQ-1546,notify.bugsnag.com,/,lineNumber,1572.0,JSON_Payload
REQ-1547,notify.bugsnag.com,/,method,jdk.internal.misc.Unsafe.park,JSON_Payload
REQ-1547,notify.bugsnag.com,/,file,Unsafe.java,JSON_Payload
REQ-1547,notify.bugsnag.com,/,lineNumber,-2.0,JSON_Payload
REQ-1548,notify.bugsnag.com,/,method,java.util.concurrent.locks.LockSupport.parkNanos,JSON_Payload
REQ-1548,notify.bugsnag.com,/,file,LockSupport.java,JSON_Payload
REQ-1548,notify.bugsnag.com,/,lineNumber,417.0,JSON_Payload
REQ-1549,notify.bugsnag.com,/,method,java.util.concurrent.LinkedTransferQueue$DualNode.await,JSON_Payload
REQ-1549,notify.bugsnag.com,/,file,LinkedTransferQueue.java,JSON_Payload
REQ-1549,notify.bugsnag.com,/,lineNumber,452.0,JSON_Payload
REQ-1550,notify.bugsnag.com,/,method,java.util.concurrent.SynchronousQueue$Transferer.xferLifo,JSON_Payload
REQ-1550,notify.bugsnag.com,/,file,SynchronousQueue.java,JSON_Payload
REQ-1550,notify.bugsnag.com,/,lineNumb er,194.0,JSON_Payload
REQ-1551,notify.bugsnag.com,/,method,java.util.concurrent.SynchronousQueue.xfer,JSON_Payload
REQ-1551,notify.bugsnag.com,/,file,SynchronousQueue.java,JSON_Payload
REQ-1551,notify.bugsnag.com,/,lineNumber,235.0,JSON_Payload
REQ-1552,notify.bugsnag.com,/,method,java.util.concurrent.SynchronousQueue.poll,JSON_Payload
REQ-1552,notify.bugsnag.com,/,file,SynchronousQueue.java,JSON_Payload
REQ-1552,notify.bugsnag.com,/,lineNumber,338.0,JSON_Payload
REQ-1553,notify.bugsnag.com,/,method,java.util.concurrent.ThreadPoolExecutor.getTask,JSON_Payload
REQ-1553,notify.bugsnag.com,/,file,ThreadPoolExecutor.java,JSON_Payload
REQ-1553,notify.bugsnag.com,/,lineNumber,1025.0,JSON_Payload
REQ-1554,notify.bugsnag.com,/,method,java.util.concurrent.ThreadPoolExecutor.runWorker,JSON_Payload
REQ-1554,notify.bugsnag.com,/,file,ThreadPoolExecutor.java,JSON_Payload
REQ-1554,notify.bugsnag.com,/,lineNumber,1086.0,JSON_Payload
REQ-1555,notify.bugsnag.com,/,method,java.util.concurrent.ThreadPoolExecutor$Worker.run,JSON_Payload
REQ-1555,notify.bugsnag.com,/,file,ThreadPoolExecutor.java,JSON_Payload
REQ-1555,notify.bugsnag.com,/,lineNumber,624.0,JSON_Payload
REQ-1556,notify.bugsnag.com,/,method,java.lang.Thread.run,JSON_Payload
REQ-1556,notify.bugsnag.com,/,file,Thread.java,JSON_Payload
REQ-1556,notify.bugsnag.com,/,lineNumber,1572.0,JSON_Payload
REQ-1557,notify.bugsnag.com,/,method,jdk.internal.misc.Unsafe.park,JSON_Payload
REQ-1557,notify.bugsnag.com,/,file,Unsafe.java,JSON_Payload
REQ-1557,notify.bugsnag.com,/,lineNumber,-2.0,JSON_Payload
REQ-1558,notify.bugsnag.com,/,method,java.util.concurrent.locks.LockSupport.park,JSON_Payload
REQ-1558,notify.bugsnag.com,/,file,LockSupport.java,JSON_Payload
REQ-1558,notify.bugsnag.com,/,lineNumber,376.0,JSON_Payload
REQ-1559,notify.bugsnag.com,/,method,java.util.concurrent.locks.AbstractQueuedSynchronizer$ConditionNode.block,JSON_Payload
REQ-1559,notify.bugsnag.com,/,file,AbstractQueuedSynchronizer.java,JSON_Payload
REQ-1559,notify.bugsnag.com,/,lineNumber,520.0,JSON_Payload
REQ-1560,notify.bugsnag.com,/,method,java.util.concurrent.ForkJoinPool.unmanagedBlock,JSON_Payload
REQ-1560,notify.bugsnag.com,/,file,ForkJoinPool.java,JSON_Payload
REQ-1560,notify.bugsnag.com,/,lineNumber,3797.0,JSON_Payload
REQ-1561,notify.bugsnag.com,/,method,java.util.concurrent.ForkJoinPool.managedBlock,JSON_Payload
REQ-1561,notify.bugsnag.com,/,file,ForkJoinPool.java,JSON_Payload
REQ-1561,notify.bugsnag.com,/,lineNumber,3738.0,JSON_Payload
REQ-1562,notify.bugsnag.com,/,method,java.util.concurrent.locks.AbstractQueuedSynchronizer$ConditionObject.await,JSON_Payload
REQ-1562,notify.bugsnag.com,/,file,AbstractQueuedSynchronizer.java,JSON_Payload
REQ-1562,notify.bugsnag.com,/,lineNumber,1752.0,JSON_Payload
REQ-1563,notify.bugsnag.com,/,method,java.util.concurrent.LinkedBlockingQueue.take,JSON_Payload
REQ-1563,notify.bugsnag.com,/,file,LinkedBlockingQueue.java,JSON_Payload
REQ-1563,notify.bugsnag.com,/,lineNumber,435.0,JSON_Payload
REQ-1564,notify.bugsnag.com,/,method,java.util.concurrent.ThreadPoolExecutor.getTask,JSON_Payload
REQ-1564,notify.bugsnag.com,/,file,ThreadPoolExecutor.java,JSON_Payload
REQ-1564,notify.bugsnag.com,/,lineNumber,1026.0,JSON_Payload
REQ-1565,notify.bugsnag.com,/,method,java.util.concurrent.ThreadPoolExecutor.runWorker,JSON_Payload
REQ-1565,notify.bugsnag.com,/,file,ThreadPoolExecutor.java,JSON_Payload
REQ-1565,notify.bugsnag.com,/,lineNumber,1086.0,JSON_Payload
REQ-1566,notify.bugsnag.com,/,method,java.util.concurrent.ThreadPoolExecutor$Worker.run,JSON_Payload
REQ-1566,notify.bugsnag.com,/,file,ThreadPoolExecutor.java,JSON_Payload
REQ-1566,notify.bugsnag.com,/,lineNumber,624.0,JSON_Payload
REQ-1567,notify.bugsnag.com,/,method,com.facebook.imagepipeline.core.PriorityThreadFactory.newThread$lambda$0,JSON_Payload
REQ-1567,notify.bugsnag.com,/,file,PriorityThreadFactory.kt,JSON_Payload
REQ-1567,notify.bugsnag.com,/,lineNumber,37.0,JSON_Payload
REQ-1568,notify.bugsnag.com,/,method,com.facebook.imagepipeline.core.PriorityThreadFactory.$r8$lambda$gKxQU1bghuEskyM4mT5eRzkaG54,JSON_Payload
REQ-1568,notify.bugsnag.com,/,file,PriorityThreadFactory.kt,JSON_Payload
REQ-1568,notify.bugsnag.com,/,lineNumber,0.0,JSON_Payload
REQ-1569,notify.bugsnag.com,/,method,com.facebook.imagepipeline.core.PriorityThreadFactory$$ExternalSyntheticLambda0.run,JSON_Payload
REQ-1569,notify.bugsnag.com,/,file,R8$$SyntheticClass,JSON_Payload
REQ-1569,notify.bugsnag.com,/,lineNumber,0.0,JSON_Payload
REQ-1570,notify.bugsnag.com,/,method,java.lang.Thread.run,JSON_Payload
REQ-1570,notify.bugsnag.com,/,file,Thread.java,JSON_Payload
REQ-1570,notify.bugsnag.com,/,lineNumber,1572.0,JSON_Payload
REQ-1571,notify.bugsnag.com,/,method,jdk.internal.misc.Unsafe.park,JSON_Payload
REQ-1571,notify.bugsnag.com,/,file,Unsafe.java,JSON_Payload
REQ-1571,notify.bugsnag.com,/,lineNumber,-2.0,JSON_Payload
REQ-1572,notify.bugsnag.com,/,method,java.util.concurrent.locks.LockSupport.park,JSON_Payload
REQ-1572,notify.bugsnag.com,/,file,LockSupport.java,JSON_Payload
REQ-1572,notify.bugsnag.com,/,lineNumber,376.0,JSON_Payload
REQ-1573,notify.bugsnag.com,/,method,java.util.concurrent.locks.AbstractQueuedSynchronizer$ConditionNode.block,JSON_Payload
REQ-1573,notify.bugsnag.com,/,file,AbstractQueuedSynchronizer.java,JSON_Payload
REQ-1573,notify.bugsnag.com,/,lineNumber,520.0,JSON_Payload
REQ-1574,notify.bugsnag.com,/,method,java.util.concurrent.ForkJoinPool.unmanagedBlock,JSON_Payload
REQ-1574,notify.bugsnag.com,/,file,ForkJoinPool.java,JSON_Payload
REQ-1574,notify.bugsnag.com,/,lineNumber,3797.0,JSON_Payload
REQ-1575,notify.bugsnag.com,/,method,java.util.concurrent.ForkJoinPool.managedBlock,JSON_Payload
REQ-1575,notify.bugsnag.com,/,file,ForkJoinPool.java,JSON_Payload
REQ-1575,notify.bugsnag.com,/,lineNumber,3738.0,JSON_Payload
REQ-1576,notify.bugsnag.com,/,method,java.util.concurrent.locks.AbstractQueuedSynchronizer$ConditionObject.await,JSON_Payload
REQ-1576,notify.bugsnag.com,/,file,AbstractQueuedSynchronizer.java,JSON_Payload
REQ-1576,notify.bugsnag.com,/,lineNumber,1752.0,JSON_Payload
REQ-1577,notify.bugsnag.com,/,method,java.util.concurrent.LinkedBlockingQueue.take,JSON_Payload
REQ-1577,notify.bugsnag.com,/,file,LinkedBlockingQueue.java,JSON_Payload
REQ-1577,notify.bugsnag.com,/,lineNumber,435.0,JSON_Payload
REQ-1578,notify.bugsnag.com,/,method,java.util.concurrent.ThreadPoolExecutor.getTask,JSON_Payload
REQ-1578,notify.bugsnag.com,/,file,ThreadPoolExecutor.java,JSON_Payload
REQ-1578,notify.bugsnag.com,/,lineNumber,1026.0,JSON_Payload
REQ-1579,notify.bugsnag.com,/,method,java.util.concurrent.ThreadPoolExecutor.runWorker,JSON_Payload
REQ-1579,notify.bugsnag.com,/,file,ThreadPoolExecutor.java,JSON_Payload
REQ-1579,notify.bugsnag.com,/,lineNumber,1086.0,JSON_Payload
REQ-1580,notify.bugsnag.com,/,method,java.util.concurrent.ThreadPoolExecutor$Worker.run,JSON_Payload
REQ-1580,notify.bugsnag.com,/,file,ThreadPoolExecutor.java,JSON_Payload
REQ-1580,notify.bugsnag.com,/,lineNumber,624.0,JSON_Payload
REQ-1581,notify.bugsnag.com,/,method,com.facebook.imagepipeline.core.PriorityThreadFactory.newThread$lambda$0,JSON_Payload
REQ-1581,notify.bugsnag.com,/,file,PriorityThreadFactory.kt,JSON_Payload
REQ-1581,notify.bugsnag.com,/,lineNumber,37.0,JSON_Payload
REQ-1582,notify.bugsnag.com,/,method,com.facebook.imagepipeline.core.PriorityThreadFactory.$r8$lambda$gKxQU1bghuEskyM4mT5eRzkaG54,JSON_Payload
REQ-1582,notify.bugsnag.com,/,file,PriorityThreadFactory.kt,JSON_Payload
REQ-1582,notify.bugsnag.com,/,lineNumber,0.0,JSON_Payload
REQ-1583,notify.bugsnag.com,/,method,com.facebook.imagepipeline.core.PriorityThreadFactory$$ExternalSyntheticLambda0.run,JSON_Payload
REQ-1583,notify.bugsnag.com,/,file,R8$$SyntheticClass,JSON_Payload
REQ-1583,notify.bugsnag.com,/,lineNumber,0.0,JSON_Payload
REQ-1584,notify.bugsnag.com,/,method,java.lang.Thread.run,JSON_Payload
REQ-1584,notify.bugsnag.com,/,file,Thread.java,JSON_Payload
REQ-1584,notify.bugsnag.com,/,lineNumber,1572.0,JSON_Payload
REQ-1585,api2.branch.io,/v2/event/custom,$canonical_identifier,cf-app,JSON_Payload
REQ-1585,api2.branch.io,/v2/event/custom,$publicly_indexable,True,JSON_Payload
REQ-1585,api2.branch.io,/v2/event/custom,$locally_indexable,True,JSON_Payload
REQ-1585,api2.branch.io,/v2/event/custom,$creation_timestamp,1787569333027,JSON_Payload
REQ-1586,a.nel.cloudflare.com,/report/v4,url,https://a.nel.cloudflare.com/report/v4?s=InU%2Bsm5t2h40G5ibhVjJJ%2FJNxKYrqHzKc3XYN0Kh4iCtz1QUj125gpBa4F3G1gt9%2BjG0pHIriJFHlM1kNXA08i7EdOsNhFCc3d%2FgdfP8HlAG%2FqNz2sio2E7UTFbne68%2BAMbnylZola7TpukP2YZhJg%3D%3D,JSON_Payload
REQ-1587,hook.curefit.co,Binary analytics event stream (path not exposed),_id,d0191105-e74d-4c3a-9854-d7f92fe12fa4-4f0aa102-e95a-4abd-bb64-43e59142b912,JSON_Payload
REQ-1587,hook.curefit.co,Binary analytics event stream (path not exposed),eventId,d0191105-e74d-4c3a-9854-d7f92fe12fa4-4f0aa102-e95a-4abd-bb64-43e59142b912,JSON_Payload
REQ-1587,hook.curefit.co,Binary analytics event stream (path not exposed),userId,108206863,JSON_Payload
REQ-1587,hook.curefit.co,Binary analytics event stream (path not exposed),eventName,navigation_change,JSON_Payload
REQ-1587,hook.curefit.co,Binary analytics event stream (path not exposed),eventParams_dateTime,1787569395973,JSON_Payload
REQ-1587,hook.curefit.co,Binary analytics event stream (path not exposed),eventParams_topageId,videoplayer,JSON_Payload
REQ-1587,hook.curefit.co,Binary analytics event stream (path not exposed),eventParams_fromPageName,cultdiypack,JSON_Payload
REQ-1587,hook.curefit.co,Binary analytics event stream (path not exposed),eventParams_vertical,FITNESSHUB,JSON_Payload
REQ-1587,hook.curefit.co,Binary analytics event stream (path not exposed),eventParams_cityId,Gurgaon,JSON_Payload
REQ-1587,hook.curefit.co,Binary analytics event stream (path not exposed),eventParams_sessionId,37bf15e3-82a2-b829-e798-1f08d47f282b,JSON_Payload
REQ-1587,hook.curefit.co,Binary analytics event stream (path not exposed),eventParams_eventType,navigation_change,JSON_Payload
REQ-1587,hook.curefit.co,Binary analytics event stream (path not exposed),eventParams_fromproductId,DIYPACK002,JSON_Payload
REQ-1587,hook.curefit.co,Binary analytics event stream (path not exposed),eventParams_platform,APP,JSON_Payload
REQ-1587,hook.curefit.co,Binary analytics event stream (path not exposed),eventParams_advertiserId,9013994955fb2f93,JSON_Payload
REQ-1587,hook.curefit.co,Binary analytics event stream (path not exposed),eventParams_toPageName,videoplayer,JSON_Payload
REQ-1587,hook.curefit.co,Binary analytics event stream (path not exposed),eventParams_cityName,Delhi NCR,JSON_Payload
REQ-1587,hook.curefit.co,Binary analytics event stream (path not exposed),eventParams_frompageId,cultdiypack,JSON_Payload
REQ-1587,hook.curefit.co,Binary analytics event stream (path not exposed),eventParams_isLoggedIn,False,JSON_Payload
REQ-1587,hook.curefit.co,Binary analytics event stream (path not exposed),eventParams_online,True,JSON_Payload
REQ-1587,hook.curefit.co,Binary analytics event stream (path not exposed),createdAt,1787569396913,JSON_Payload
REQ-1587,hook.curefit.co,Binary analytics event stream (path not exposed),sessionId,973fc4f4-6ae0-4b16-959a-a702c9bc8076-95d386c1-17e9-4792-b6f6-1244a9f6caf4,JSON_Payload
REQ-1588,hook.curefit.co,Binary analytics event stream (path not exposed),_id,df1c58fe-99e5-4d0c-a517-9401900f219b-73b26ca8-46a4-4611-96b7-bb51873b283f,JSON_Payload
REQ-1588,hook.curefit.co,Binary analytics event stream (path not exposed),eventId,df1c58fe-99e5-4d0c-a517-9401900f219b-73b26ca8-46a4-4611-96b7-bb51873b283f,JSON_Payload
REQ-1588,hook.curefit.co,Binary analytics event stream (path not exposed),userId,108206863,JSON_Payload
REQ-1588,hook.curefit.co,Binary analytics event stream (path not exposed),eventName,video_start,JSON_Payload
REQ-1588,hook.curefit.co,Binary analytics event stream (path not exposed),eventParams_dateTime,1787569395970,JSON_Payload
REQ-1588,hook.curefit.co,Binary analytics event stream (path not exposed),eventParams_pageType,videoplayer,JSON_Payload
REQ-1588,hook.curefit.co,Binary analytics event stream (path not exposed),eventParams_cityName,Delhi NCR,JSON_Payload
REQ-1588,hook.curefit.co,Binary analytics event stream (path not exposed),eventParams_isLoggedIn,False,JSON_Payload
REQ-1588,hook.curefit.co,Binary analytics event stream (path not exposed),eventParams_online,True,JSON_Payload
REQ-1588,hook.curefit.co,Binary analytics event stream (path not exposed),eventParams_vertical,FITNESSHUB,JSON_Payload
REQ-1588,hook.curefit.co,Binary analytics event stream (path not exposed),eventParams_cityId,Gurgaon,JSON_Payload
REQ-1588,hook.curefit.co,Binary analytics event stream (path not exposed),eventParams_sessionId,37bf15e3-82a2-b829-e798-1f08d47f282b,JSON_Payload
REQ-1588,hook.curefit.co,Binary analytics event stream (path not exposed),eventParams_pageId,4c86700f-e681-40e5-927a-56c227731f9a,JSON_Payload
REQ-1588,hook.curefit.co,Binary analytics event stream (path not exposed),eventParams_platform,APP,JSON_Payload
REQ-1588,hook.curefit.co,Binary analytics event stream (path not exposed),eventParams_advertiserId,9013994955fb2f93,JSON_Payload
REQ-1588,hook.curefit.co,Binary analytics event stream (path not exposed),createdAt,1787569396120,JSON_Payload
REQ-1588,hook.curefit.co,Binary analytics event stream (path not exposed),sessionId,973fc4f4-6ae0-4b16-959a-a702c9bc8076-95d386c1-17e9-4792-b6f6-1244a9f6caf4,JSON_Payload
REQ-1589,hook.curefit.co,Binary analytics event stream (path not exposed),_id,87386e0b-b747-404d-bbd9-b2c7259e6eda-b14fc894-badf-4dcb-80c3-29876fbfcec0,JSON_Payload
REQ-1589,hook.curefit.co,Binary analytics event stream (path not exposed),eventId,87386e0b-b747-404d-bbd9-b2c7259e6eda-b14fc894-badf-4dcb-80c3-29876fbfcec0,JSON_Payload
REQ-1589,hook.curefit.co,Binary analytics event stream (path not exposed),userId,108206863,JSON_Payload
REQ-1589,hook.curefit.co,Binary analytics event stream (path not exposed),eventName,page_click,JSON_Payload
REQ-1589,hook.curefit.co,Binary analytics event stream (path not exposed),eventParams_actionText,triple_dot,JSON_Payload
REQ-1589,hook.curefit.co,Binary analytics event stream (path not exposed),eventParams_slotType,PACK_INTRO,JSON_Payload
REQ-1589,hook.curefit.co,Binary analytics event stream (path not exposed),eventParams_vertical,FITNESSHUB,JSON_Payload
REQ-1589,hook.curefit.co,Binary analytics event stream (path not exposed),eventParams_cityId,Gurgaon,JSON_Payload
REQ-1589,hook.curefit.co,Binary analytics event stream (path not exposed),eventParams_sessionId,37bf15e3-82a2-b829-e798-1f08d47f282b,JSON_Payload
REQ-1589,hook.curefit.co,Binary analytics event stream (path not exposed),eventParams_eventType,click,JSON_Payload
REQ-1589,hook.curefit.co,Binary analytics event stream (path not exposed),eventParams_pageId,cultdiypack,JSON_Payload
REQ-1589,hook.curefit.co,Binary analytics event stream (path not exposed),eventParams_productKey,cultdiypack:DIYPACK002,JSON_Payload
REQ-1589,hook.curefit.co,Binary analytics event stream (path not exposed),eventParams_platform,APP,JSON_Payload
REQ-1589,hook.curefit.co,Binary analytics event stream (path not exposed),eventParams_advertiserId,9013994955fb2f93,JSON_Payload
REQ-1589,hook.curefit.co,Binary analytics event stream (path not exposed),eventParams_pageType,cultdiypack,JSON_Payload
REQ-1589,hook.curefit.co,Binary analytics event stream (path not exposed),eventParams_cityName,Delhi NCR,JSON_Payload
REQ-1589,hook.curefit.co,Binary analytics event stream (path not exposed),eventParams_isLoggedIn,False,JSON_Payload
REQ-1589,hook.curefit.co,Binary analytics event stream (path not exposed),eventParams_online,True,JSON_Payload
REQ-1589,hook.curefit.co,Binary analytics event stream (path not exposed),eventParams_style,CTA,JSON_Payload
REQ-1589,hook.curefit.co,Binary analytics event stream (path not exposed),createdAt,1787569395855,JSON_Payload
REQ-1589,hook.curefit.co,Binary analytics event stream (path not exposed),sessionId,973fc4f4-6ae0-4b16-959a-a702c9bc8076-95d386c1-17e9-4792-b6f6-1244a9f6caf4,JSON_Payload
REQ-1590,hook.curefit.co,Binary analytics event stream (path not exposed),_id,1ec46cc8-1995-4113-9d61-06f3040354f1-7b39661c-d2aa-46e5-be7f-55800e1c8d64,JSON_Payload
REQ-1590,hook.curefit.co,Binary analytics event stream (path not exposed),eventId,1ec46cc8-1995-4113-9d61-06f3040354f1-7b39661c-d2aa-46e5-be7f-55800e1c8d64,JSON_Payload
REQ-1590,hook.curefit.co,Binary analytics event stream (path not exposed),userId,108206863,JSON_Payload
REQ-1590,hook.curefit.co,Binary analytics event stream (path not exposed),eventName,content_impression,JSON_Payload
REQ-1590,hook.curefit.co,Binary analytics event stream (path not exposed),eventParams_widgetName,Fitstart HP Explore Cultpass - Elite,JSON_Payload
REQ-1590,hook.curefit.co,Binary analytics event stream (path not exposed),eventParams_scrollTrigger,auto,JSON_Payload
REQ-1590,hook.curefit.co,Binary analytics event stream (path not exposed),eventParams_isSampledWidgetImpressionRequired,False,JSON_Payload
REQ-1590,hook.curefit.co,Binary analytics event stream (path not exposed),eventParams_widgetId,e74974c2-5037-4b4c-9bf9-c63cb8edbbd7qw,JSON_Payload
REQ-1590,hook.curefit.co,Binary analytics event stream (path not exposed),eventParams_contentId,tugl8cmmpg,JSON_Payload
REQ-1590,hook.curefit.co,Binary analytics event stream (path not exposed),eventParams_cityId,Gurgaon,JSON_Payload
REQ-1590,hook.curefit.co,Binary analytics event stream (path not exposed),eventParams_sessionId,37bf15e3-82a2-b829-e798-1f08d47f282b,JSON_Payload
REQ-1590,hook.curefit.co,Binary analytics event stream (path not exposed),eventParams_platform,APP,JSON_Payload
REQ-1590,hook.curefit.co,Binary analytics event stream (path not exposed),eventParams_widgetType,BANNER_CAROUSEL_WIDGET,JSON_Payload
REQ-1590,hook.curefit.co,Binary analytics event stream (path not exposed),eventParams_advertiserId,9013994955fb2f93,JSON_Payload
REQ-1590,hook.curefit.co,Binary analytics event stream (path not exposed),eventParams_contentUrl,/image/vm/aaf6ed07-fe42-4a34-ab94-890e876c4a25.png,JSON_Payload
REQ-1590,hook.curefit.co,Binary analytics event stream (path not exposed),eventParams_cityName,Delhi NCR,JSON_Payload
REQ-1590,hook.curefit.co,Binary analytics event stream (path not exposed),eventParams_dedupeId,l6cmsqztci,JSON_Payload
REQ-1590,hook.curefit.co,Binary analytics event stream (path not exposed),eventParams_isWidgetImpressionRequired,True,JSON_Payload
REQ-1590,hook.curefit.co,Binary analytics event stream (path not exposed),eventParams_online,True,JSON_Payload
REQ-1590,hook.curefit.co,Binary analytics event stream (path not exposed),eventParams_isLoggedIn,False,JSON_Payload
REQ-1590,hook.curefit.co,Binary analytics event stream (path not exposed),eventParams_position,0,JSON_Payload
REQ-1590,hook.curefit.co,Binary analytics event stream (path not exposed),createdAt,1787569369270,JSON_Payload
REQ-1590,hook.curefit.co,Binary analytics event stream (path not exposed),sessionId,973fc4f4-6ae0-4b16-959a-a702c9bc8076-95d386c1-17e9-4792-b6f6-1244a9f6caf4,JSON_Payload
REQ-1591,hook.curefit.co,Binary analytics event stream (path not exposed),_id,a8168b60-794a-44af-8bdf-59c17d74e89a-2def9ac1-b18a-4836-badc-60b6b28269ca,JSON_Payload
REQ-1591,hook.curefit.co,Binary analytics event stream (path not exposed),eventId,a8168b60-794a-44af-8bdf-59c17d74e89a-2def9ac1-b18a-4836-badc-60b6b28269ca,JSON_Payload
REQ-1591,hook.curefit.co,Binary analytics event stream (path not exposed),userId,108206863,JSON_Payload
REQ-1591,hook.curefit.co,Binary analytics event stream (path not exposed),eventName,widget_impression,JSON_Payload
REQ-1591,hook.curefit.co,Binary analytics event stream (path not exposed),eventParams_widgetName,Fitstart HP Explore Cultpass - Elite,JSON_Payload
REQ-1591,hook.curefit.co,Binary analytics event stream (path not exposed),eventParams_isSampledWidgetImpressionRequired,False,JSON_Payload
REQ-1591,hook.curefit.co,Binary analytics event stream (path not exposed),eventParams_widgetId,e74974c2-5037-4b4c-9bf9-c63cb8edbbd7qw,JSON_Payload
REQ-1591,hook.curefit.co,Binary analytics event stream (path not exposed),eventParams_sessionId,37bf15e3-82a2-b829-e798-1f08d47f282b,JSON_Payload
REQ-1591,hook.curefit.co,Binary analytics event stream (path not exposed),eventParams_cityId,Gurgaon,JSON_Payload
REQ-1591,hook.curefit.co,Binary analytics event stream (path not exposed),eventParams_eventType,view,JSON_Payload
REQ-1591,hook.curefit.co,Binary analytics event stream (path not exposed),eventParams_platform,APP,JSON_Payload
REQ-1591,hook.curefit.co,Binary analytics event stream (path not exposed),eventParams_widgetType,BANNER_CAROUSEL_WIDGET,JSON_Payload
REQ-1591,hook.curefit.co,Binary analytics event stream (path not exposed),eventParams_advertiserId,9013994955fb2f93,JSON_Payload
REQ-1591,hook.curefit.co,Binary analytics event stream (path not exposed),eventParams_cityName,Delhi NCR,JSON_Payload
REQ-1591,hook.curefit.co,Binary analytics event stream (path not exposed),eventParams_isWidgetImpressionRequired,True,JSON_Payload
REQ-1591,hook.curefit.co,Binary analytics event stream (path not exposed),eventParams_isLoggedIn,False,JSON_Payload
REQ-1591,hook.curefit.co,Binary analytics event stream (path not exposed),eventParams_online,True,JSON_Payload
REQ-1591,hook.curefit.co,Binary analytics event stream (path not exposed),createdAt,1787569369264,JSON_Payload
REQ-1591,hook.curefit.co,Binary analytics event stream (path not exposed),sessionId,973fc4f4-6ae0-4b16-959a-a702c9bc8076-95d386c1-17e9-4792-b6f6-1244a9f6caf4,JSON_Payload
REQ-1592,hook.curefit.co,Binary analytics event stream (path not exposed),_id,9751cab3-c185-4cd6-aa2d-e4f46a8c18ff-83876d7c-203c-4a1a-9825-a9ba55539159,JSON_Payload
REQ-1592,hook.curefit.co,Binary analytics event stream (path not exposed),eventId,9751cab3-c185-4cd6-aa2d-e4f46a8c18ff-83876d7c-203c-4a1a-9825-a9ba55539159,JSON_Payload
REQ-1592,hook.curefit.co,Binary analytics event stream (path not exposed),userId,108206863,JSON_Payload
REQ-1592,hook.curefit.co,Binary analytics event stream (path not exposed),eventName,widget_impression,JSON_Payload
REQ-1592,hook.curefit.co,Binary analytics event stream (path not exposed),eventParams_widgetName,"HP DOD 3 Grid [Elite, Pro & Play/Home] - 1",JSON_Payload
REQ-1592,hook.curefit.co,Binary analytics event stream (path not exposed),eventParams_isSampledWidgetImpressionRequired,False,JSON_Payload
REQ-1592,hook.curefit.co,Binary analytics event stream (path not exposed),eventParams_widgetId,fee75b26-9f50-4bb3-9598-ae195f8dd3b6Androidhpfitness1,JSON_Payload
REQ-1592,hook.curefit.co,Binary analytics event stream (path not exposed),eventParams_sessionId,37bf15e3-82a2-b829-e798-1f08d47f282b,JSON_Payload
REQ-1592,hook.curefit.co,Binary analytics event stream (path not exposed),eventParams_cityId,Gurgaon,JSON_Payload
REQ-1592,hook.curefit.co,Binary analytics event stream (path not exposed),eventParams_eventType,view,JSON_Payload
REQ-1592,hook.curefit.co,Binary analytics event stream (path not exposed),eventParams_platform,APP,JSON_Payload
REQ-1592,hook.curefit.co,Binary analytics event stream (path not exposed),eventParams_widgetType,MERCHANTRY_WIDGET,JSON_Payload
REQ-1592,hook.curefit.co,Binary analytics event stream (path not exposed),eventParams_advertiserId,9013994955fb2f93,JSON_Payload
REQ-1592,hook.curefit.co,Binary analytics event stream (path not exposed),eventParams_cityName,Delhi NCR,JSON_Payload
REQ-1592,hook.curefit.co,Binary analytics event stream (path not exposed),eventParams_isWidgetImpressionRequired,True,JSON_Payload
REQ-1592,hook.curefit.co,Binary analytics event stream (path not exposed),eventParams_isLoggedIn,False,JSON_Payload
REQ-1592,hook.curefit.co,Binary analytics event stream (path not exposed),eventParams_online,True,JSON_Payload
REQ-1592,hook.curefit.co,Binary analytics event stream (path not exposed),createdAt,1787569369262,JSON_Payload
REQ-1592,hook.curefit.co,Binary analytics event stream (path not exposed),sessionId,973fc4f4-6ae0-4b16-959a-a702c9bc8076-95d386c1-17e9-4792-b6f6-1244a9f6caf4,JSON_Payload
REQ-1593,a.nel.cloudflare.com,/report/v4,url,https://a.nel.cloudflare.com/report/v4?s=nRGuIW6C8%2BfYWZpBO4zn6GqwCEV1u2ccKBL7%2BUg58%2Fj9aW3w4wK8To7YVCldmDp0hd%2B0colNYQrxbX7Dx3aVl3OVtTOKh4Jfip79hhYWOC5vk%2BlUxnWsx9xspNXYEXy%2BjvhWQWIU6Pl%2F5%2BCprz1MFQ%3D%3D,JSON_Payload
REQ-1594,a.nel.cloudflare.com,/report/v4,url,https://a.nel.cloudflare.com/report/v4?s=SMMcKapTHAf9kLE%2BdaBFxFnOxJrXYPwbwR3M%2Be%2FcyvNwcAIox%2FJ%2BtkgxLJfC0Ho3EGpoJv7qjRoJKYn%2BIsw%2Ffg2GSJbebgYDF1DKQU9WU4WQ9FYtghC2bCr6%2FR8uXwQ%2F3YFPXb2pda6cWrnfe1EpEg%3D%3D,JSON_Payload
REQ-1595,a.nel.cloudflare.com,/report/v4,url,https://a.nel.cloudflare.com/report/v4?s=WREQGv3oEJe6rkxklUdFyp8jG%2B%2BsISNNs3PIAmJSqv%2FpFrV5fT6k0A5ty7OzugAP3QsazvWTWrSmZCNdZgmuPmeBaRaCYje01s1INeSib1xd5c%2FQepPADXOlqfBaT7x0jefyAE%2FWnyIEkUQd0%2FB1UQ%3D%3D,JSON_Payload
REQ-1596,api2.branch.io,/v2/event/custom,$canonical_identifier,cf-app,JSON_Payload
REQ-1596,api2.branch.io,/v2/event/custom,$publicly_indexable,True,JSON_Payload
REQ-1596,api2.branch.io,/v2/event/custom,$locally_indexable,True,JSON_Payload
REQ-1596,api2.branch.io,/v2/event/custom,$creation_timestamp,1787569333027,JSON_Payload
REQ-1597,hook.curefit.co,Binary analytics event stream (path not exposed),_id,748966fb-1bab-49d3-a65c-50818adff24b-a1a95810-6dd1-448a-943b-caeecba59fec,JSON_Payload
REQ-1597,hook.curefit.co,Binary analytics event stream (path not exposed),eventId,748966fb-1bab-49d3-a65c-50818adff24b-a1a95810-6dd1-448a-943b-caeecba59fec,JSON_Payload
REQ-1597,hook.curefit.co,Binary analytics event stream (path not exposed),userId,108206863,JSON_Payload
REQ-1597,hook.curefit.co,Binary analytics event stream (path not exposed),eventName,navigation_change,JSON_Payload
REQ-1597,hook.curefit.co,Binary analytics event stream (path not exposed),eventParams_dateTime,1787569407252,JSON_Payload
REQ-1597,hook.curefit.co,Binary analytics event stream (path not exposed),eventParams_topageId,cultdiypack,JSON_Payload
REQ-1597,hook.curefit.co,Binary analytics event stream (path not exposed),eventParams_toproductId,DIYPACK002,JSON_Payload
REQ-1597,hook.curefit.co,Binary analytics event stream (path not exposed),eventParams_fromPageName,videoplayer,JSON_Payload
REQ-1597,hook.curefit.co,Binary analytics event stream (path not exposed),eventParams_vertical,FITNESSHUB,JSON_Payload
REQ-1597,hook.curefit.co,Binary analytics event stream (path not exposed),eventParams_cityId,Gurgaon,JSON_Payload
REQ-1597,hook.curefit.co,Binary analytics event stream (path not exposed),eventParams_sessionId,37bf15e3-82a2-b829-e798-1f08d47f282b,JSON_Payload
REQ-1597,hook.curefit.co,Binary analytics event stream (path not exposed),eventParams_eventType,navigation_change,JSON_Payload
REQ-1597,hook.curefit.co,Binary analytics event stream (path not exposed),eventParams_platform,APP,JSON_Payload
REQ-1597,hook.curefit.co,Binary analytics event stream (path not exposed),eventParams_advertiserId,9013994955fb2f93,JSON_Payload
REQ-1597,hook.curefit.co,Binary analytics event stream (path not exposed),eventParams_toPageName,cultdiypack,JSON_Payload
REQ-1597,hook.curefit.co,Binary analytics event stream (path not exposed),eventParams_cityName,Delhi NCR,JSON_Payload
REQ-1597,hook.curefit.co,Binary analytics event stream (path not exposed),eventParams_frompageId,videoplayer,JSON_Payload
REQ-1597,hook.curefit.co,Binary analytics event stream (path not exposed),eventParams_isLoggedIn,False,JSON_Payload
REQ-1597,hook.curefit.co,Binary analytics event stream (path not exposed),eventParams_online,True,JSON_Payload
REQ-1597,hook.curefit.co,Binary analytics event stream (path not exposed),createdAt,1787569408058,JSON_Payload
REQ-1597,hook.curefit.co,Binary analytics event stream (path not exposed),sessionId,973fc4f4-6ae0-4b16-959a-a702c9bc8076-95d386c1-17e9-4792-b6f6-1244a9f6caf4,JSON_Payload
REQ-1598,hook.curefit.co,Binary analytics event stream (path not exposed),_id,7f8ea6b6-7ad5-4537-8d07-7b5960aabc2e-f89fcf92-283a-48ea-baa1-209d77f39f63,JSON_Payload
REQ-1598,hook.curefit.co,Binary analytics event stream (path not exposed),eventId,7f8ea6b6-7ad5-4537-8d07-7b5960aabc2e-f89fcf92-283a-48ea-baa1-209d77f39f63,JSON_Payload
REQ-1598,hook.curefit.co,Binary analytics event stream (path not exposed),userId,108206863,JSON_Payload
REQ-1598,hook.curefit.co,Binary analytics event stream (path not exposed),eventName,media_played,JSON_Payload
REQ-1598,hook.curefit.co,Binary analytics event stream (path not exposed),eventParams_cityName,Delhi NCR,JSON_Payload
REQ-1598,hook.curefit.co,Binary analytics event stream (path not exposed),eventParams_length,11364,JSON_Payload
REQ-1598,hook.curefit.co,Binary analytics event stream (path not exposed),eventParams_contentId,4c86700f-e681-40e5-927a-56c227731f9a,JSON_Payload
REQ-1598,hook.curefit.co,Binary analytics event stream (path not exposed),eventParams_isLoggedIn,False,JSON_Payload
REQ-1598,hook.curefit.co,Binary analytics event stream (path not exposed),eventParams_online,True,JSON_Payload
REQ-1598,hook.curefit.co,Binary analytics event stream (path not exposed),eventParams_vertical,FITNESSHUB,JSON_Payload
REQ-1598,hook.curefit.co,Binary analytics event stream (path not exposed),eventParams_cityId,Gurgaon,JSON_Payload
REQ-1598,hook.curefit.co,Binary analytics event stream (path not exposed),eventParams_sessionId,37bf15e3-82a2-b829-e798-1f08d47f282b,JSON_Payload
REQ-1598,hook.curefit.co,Binary analytics event stream (path not exposed),eventParams_platform,APP,JSON_Payload
REQ-1598,hook.curefit.co,Binary analytics event stream (path not exposed),eventParams_advertiserId,9013994955fb2f93,JSON_Payload
REQ-1598,hook.curefit.co,Binary analytics event stream (path not exposed),createdAt,1787569408037,JSON_Payload
REQ-1598,hook.curefit.co,Binary analytics event stream (path not exposed),sessionId,973fc4f4-6ae0-4b16-959a-a702c9bc8076-95d386c1-17e9-4792-b6f6-1244a9f6caf4,JSON_Payload
REQ-1599,hook.curefit.co,Binary analytics event stream (path not exposed),_id,ea789cfa-74e1-4125-a0cb-1c609e7c279b-7cb6a1ac-5994-4985-8758-b916c496daec,JSON_Payload
REQ-1599,hook.curefit.co,Binary analytics event stream (path not exposed),eventId,ea789cfa-74e1-4125-a0cb-1c609e7c279b-7cb6a1ac-5994-4985-8758-b916c496daec,JSON_Payload
REQ-1599,hook.curefit.co,Binary analytics event stream (path not exposed),userId,108206863,JSON_Payload
REQ-1599,hook.curefit.co,Binary analytics event stream (path not exposed),eventName,button_click_event,JSON_Payload
REQ-1599,hook.curefit.co,Binary analytics event stream (path not exposed),eventParams_actionType,TOGGLE_PLAY_PAUSE,JSON_Payload
REQ-1599,hook.curefit.co,Binary analytics event stream (path not exposed),eventParams_pageType,videoplayer,JSON_Payload
REQ-1599,hook.curefit.co,Binary analytics event stream (path not exposed),eventParams_cityName,Delhi NCR,JSON_Payload
REQ-1599,hook.curefit.co,Binary analytics event stream (path not exposed),eventParams_isLoggedIn,False,JSON_Payload
REQ-1599,hook.curefit.co,Binary analytics event stream (path not exposed),eventParams_online,True,JSON_Payload
REQ-1599,hook.curefit.co,Binary analytics event stream (path not exposed),eventParams_vertical,FITNESSHUB,JSON_Payload
REQ-1599,hook.curefit.co,Binary analytics event stream (path not exposed),eventParams_cityId,Gurgaon,JSON_Payload
REQ-1599,hook.curefit.co,Binary analytics event stream (path not exposed),eventParams_sessionId,37bf15e3-82a2-b829-e798-1f08d47f282b,JSON_Payload
REQ-1599,hook.curefit.co,Binary analytics event stream (path not exposed),eventParams_source,VIDEOPLAYER,JSON_Payload
REQ-1599,hook.curefit.co,Binary analytics event stream (path not exposed),eventParams_value,PAUSED,JSON_Payload
REQ-1599,hook.curefit.co,Binary analytics event stream (path not exposed),eventParams_platform,APP,JSON_Payload
REQ-1599,hook.curefit.co,Binary analytics event stream (path not exposed),eventParams_advertiserId,9013994955fb2f93,JSON_Payload
REQ-1599,hook.curefit.co,Binary analytics event stream (path not exposed),createdAt,1787569406156,JSON_Payload
REQ-1599,hook.curefit.co,Binary analytics event stream (path not exposed),sessionId,973fc4f4-6ae0-4b16-959a-a702c9bc8076-95d386c1-17e9-4792-b6f6-1244a9f6caf4,JSON_Payload
REQ-1600,hook.curefit.co,Binary analytics event stream (path not exposed),_id,92c76dde-bd20-4eef-ac54-dd5b4fa96341-6b5875ca-2a7a-4110-b25b-a82483c82084,JSON_Payload
REQ-1600,hook.curefit.co,Binary analytics event stream (path not exposed),eventId,92c76dde-bd20-4eef-ac54-dd5b4fa96341-6b5875ca-2a7a-4110-b25b-a82483c82084,JSON_Payload
REQ-1600,hook.curefit.co,Binary analytics event stream (path not exposed),userId,108206863,JSON_Payload
REQ-1600,hook.curefit.co,Binary analytics event stream (path not exposed),eventName,button_click_event,JSON_Payload
REQ-1600,hook.curefit.co,Binary analytics event stream (path not exposed),eventParams_actionType,TOGGLE_PLAY_PAUSE,JSON_Payload
REQ-1600,hook.curefit.co,Binary analytics event stream (path not exposed),eventParams_pageType,videoplayer,JSON_Payload
REQ-1600,hook.curefit.co,Binary analytics event stream (path not exposed),eventParams_cityName,Delhi NCR,JSON_Payload
REQ-1600,hook.curefit.co,Binary analytics event stream (path not exposed),eventParams_isLoggedIn,False,JSON_Payload
REQ-1600,hook.curefit.co,Binary analytics event stream (path not exposed),eventParams_online,True,JSON_Payload
REQ-1600,hook.curefit.co,Binary analytics event stream (path not exposed),eventParams_vertical,FITNESSHUB,JSON_Payload
REQ-1600,hook.curefit.co,Binary analytics event stream (path not exposed),eventParams_cityId,Gurgaon,JSON_Payload
REQ-1600,hook.curefit.co,Binary analytics event stream (path not exposed),eventParams_sessionId,37bf15e3-82a2-b829-e798-1f08d47f282b,JSON_Payload
REQ-1600,hook.curefit.co,Binary analytics event stream (path not exposed),eventParams_source,VIDEOPLAYER,JSON_Payload
REQ-1600,hook.curefit.co,Binary analytics event stream (path not exposed),eventParams_value,PLAYED,JSON_Payload
REQ-1600,hook.curefit.co,Binary analytics event stream (path not exposed),eventParams_platform,APP,JSON_Payload
REQ-1600,hook.curefit.co,Binary analytics event stream (path not exposed),eventParams_advertiserId,9013994955fb2f93,JSON_Payload
REQ-1600,hook.curefit.co,Binary analytics event stream (path not exposed),createdAt,1787569405443,JSON_Payload
REQ-1600,hook.curefit.co,Binary analytics event stream (path not exposed),sessionId,973fc4f4-6ae0-4b16-959a-a702c9bc8076-95d386c1-17e9-4792-b6f6-1244a9f6caf4,JSON_Payload
REQ-1601,hook.curefit.co,Binary analytics event stream (path not exposed),_id,42ca0081-14aa-4165-a9f1-9f786830516d-570244f3-188d-4c0b-ad42-719031fe5d37,JSON_Payload
REQ-1601,hook.curefit.co,Binary analytics event stream (path not exposed),eventId,42ca0081-14aa-4165-a9f1-9f786830516d-570244f3-188d-4c0b-ad42-719031fe5d37,JSON_Payload
REQ-1601,hook.curefit.co,Binary analytics event stream (path not exposed),userId,108206863,JSON_Payload
REQ-1601,hook.curefit.co,Binary analytics event stream (path not exposed),eventName,button_click_event,JSON_Payload
REQ-1601,hook.curefit.co,Binary analytics event stream (path not exposed),eventParams_actionType,TOGGLE_PLAY_PAUSE,JSON_Payload
REQ-1601,hook.curefit.co,Binary analytics event stream (path not exposed),eventParams_pageType,videoplayer,JSON_Payload
REQ-1601,hook.curefit.co,Binary analytics event stream (path not exposed),eventParams_cityName,Delhi NCR,JSON_Payload
REQ-1601,hook.curefit.co,Binary analytics event stream (path not exposed),eventParams_isLoggedIn,False,JSON_Payload
REQ-1601,hook.curefit.co,Binary analytics event stream (path not exposed),eventParams_online,True,JSON_Payload
REQ-1601,hook.curefit.co,Binary analytics event stream (path not exposed),eventParams_vertical,FITNESSHUB,JSON_Payload
REQ-1601,hook.curefit.co,Binary analytics event stream (path not exposed),eventParams_cityId,Gurgaon,JSON_Payload
REQ-1601,hook.curefit.co,Binary analytics event stream (path not exposed),eventParams_sessionId,37bf15e3-82a2-b829-e798-1f08d47f282b,JSON_Payload
REQ-1601,hook.curefit.co,Binary analytics event stream (path not exposed),eventParams_source,VIDEOPLAYER,JSON_Payload
REQ-1601,hook.curefit.co,Binary analytics event stream (path not exposed),eventParams_value,PAUSED,JSON_Payload
REQ-1601,hook.curefit.co,Binary analytics event stream (path not exposed),eventParams_platform,APP,JSON_Payload
REQ-1601,hook.curefit.co,Binary analytics event stream (path not exposed),eventParams_advertiserId,9013994955fb2f93,JSON_Payload
REQ-1601,hook.curefit.co,Binary analytics event stream (path not exposed),createdAt,1787569405142,JSON_Payload
REQ-1601,hook.curefit.co,Binary analytics event stream (path not exposed),sessionId,973fc4f4-6ae0-4b16-959a-a702c9bc8076-95d386c1-17e9-4792-b6f6-1244a9f6caf4,JSON_Payload
REQ-1602,hook.curefit.co,Binary analytics event stream (path not exposed),_id,697189a0-c9a0-4b5b-910c-19668b24efe9-de07097f-cb55-4e63-b7ea-1516740d9690,JSON_Payload
REQ-1602,hook.curefit.co,Binary analytics event stream (path not exposed),eventId,697189a0-c9a0-4b5b-910c-19668b24efe9-de07097f-cb55-4e63-b7ea-1516740d9690,JSON_Payload
REQ-1602,hook.curefit.co,Binary analytics event stream (path not exposed),userId,108206863,JSON_Payload
REQ-1602,hook.curefit.co,Binary analytics event stream (path not exposed),eventName,overlay_close,JSON_Payload
REQ-1602,hook.curefit.co,Binary analytics event stream (path not exposed),eventParams_dateTime,1787569403554,JSON_Payload
REQ-1602,hook.curefit.co,Binary analytics event stream (path not exposed),eventParams_vertical,FITNESSHUB,JSON_Payload
REQ-1602,hook.curefit.co,Binary analytics event stream (path not exposed),eventParams_cityId,Gurgaon,JSON_Payload
REQ-1602,hook.curefit.co,Binary analytics event stream (path not exposed),eventParams_sessionId,37bf15e3-82a2-b829-e798-1f08d47f282b,JSON_Payload
REQ-1602,hook.curefit.co,Binary analytics event stream (path not exposed),eventParams_eventType,view,JSON_Payload
REQ-1602,hook.curefit.co,Binary analytics event stream (path not exposed),eventParams_type,Videoplayer seek tooltip,JSON_Payload
REQ-1602,hook.curefit.co,Binary analytics event stream (path not exposed),eventParams_platform,APP,JSON_Payload
REQ-1602,hook.curefit.co,Binary analytics event stream (path not exposed),eventParams_advertiserId,9013994955fb2f93,JSON_Payload
REQ-1602,hook.curefit.co,Binary analytics event stream (path not exposed),eventParams_pageType,videoplayer,JSON_Payload
REQ-1602,hook.curefit.co,Binary analytics event stream (path not exposed),eventParams_cityName,Delhi NCR,JSON_Payload
REQ-1602,hook.curefit.co,Binary analytics event stream (path not exposed),eventParams_isLoggedIn,False,JSON_Payload
REQ-1602,hook.curefit.co,Binary analytics event stream (path not exposed),eventParams_online,True,JSON_Payload
REQ-1602,hook.curefit.co,Binary analytics event stream (path not exposed),eventParams_style,TOOLTIP,JSON_Payload
REQ-1602,hook.curefit.co,Binary analytics event stream (path not exposed),createdAt,1787569403577,JSON_Payload
REQ-1602,hook.curefit.co,Binary analytics event stream (path not exposed),sessionId,973fc4f4-6ae0-4b16-959a-a702c9bc8076-95d386c1-17e9-4792-b6f6-1244a9f6caf4,JSON_Payload
REQ-1603,hook.curefit.co,Binary analytics event stream (path not exposed),_id,5f96cbb8-0ef4-4815-aeb5-9af16a2a0dab-7347ced0-d33a-491c-88f7-3ed0dde8d5fa,JSON_Payload
REQ-1603,hook.curefit.co,Binary analytics event stream (path not exposed),eventId,5f96cbb8-0ef4-4815-aeb5-9af16a2a0dab-7347ced0-d33a-491c-88f7-3ed0dde8d5fa,JSON_Payload
REQ-1603,hook.curefit.co,Binary analytics event stream (path not exposed),userId,108206863,JSON_Payload
REQ-1603,hook.curefit.co,Binary analytics event stream (path not exposed),eventName,button_click_event,JSON_Payload
REQ-1603,hook.curefit.co,Binary analytics event stream (path not exposed),eventParams_vertical,FITNESSHUB,JSON_Payload
REQ-1603,hook.curefit.co,Binary analytics event stream (path not exposed),eventParams_cityId,Gurgaon,JSON_Payload
REQ-1603,hook.curefit.co,Binary analytics event stream (path not exposed),eventParams_sessionId,37bf15e3-82a2-b829-e798-1f08d47f282b,JSON_Payload
REQ-1603,hook.curefit.co,Binary analytics event stream (path not exposed),eventParams_source,VIDEOPLAYER,JSON_Payload
REQ-1603,hook.curefit.co,Binary analytics event stream (path not exposed),eventParams_title,FORWARD,JSON_Payload
REQ-1603,hook.curefit.co,Binary analytics event stream (path not exposed),eventParams_platform,APP,JSON_Payload
REQ-1603,hook.curefit.co,Binary analytics event stream (path not exposed),eventParams_advertiserId,9013994955fb2f93,JSON_Payload
REQ-1603,hook.curefit.co,Binary analytics event stream (path not exposed),eventParams_actionType,VIDEO_SEEK,JSON_Payload
REQ-1603,hook.curefit.co,Binary analytics event stream (path not exposed),eventParams_pageType,videoplayer,JSON_Payload
REQ-1603,hook.curefit.co,Binary analytics event stream (path not exposed),eventParams_cityName,Delhi NCR,JSON_Payload
REQ-1603,hook.curefit.co,Binary analytics event stream (path not exposed),eventParams_isLoggedIn,False,JSON_Payload
REQ-1603,hook.curefit.co,Binary analytics event stream (path not exposed),eventParams_online,True,JSON_Payload
REQ-1603,hook.curefit.co,Binary analytics event stream (path not exposed),eventParams_value,16,JSON_Payload
REQ-1603,hook.curefit.co,Binary analytics event stream (path not exposed),createdAt,1787569403576,JSON_Payload
REQ-1603,hook.curefit.co,Binary analytics event stream (path not exposed),sessionId,973fc4f4-6ae0-4b16-959a-a702c9bc8076-95d386c1-17e9-4792-b6f6-1244a9f6caf4,JSON_Payload
REQ-1604,hook.curefit.co,Binary analytics event stream (path not exposed),_id,364ad17d-c333-4126-8a27-67633df36f58-d16606d3-1aaa-4ddd-9a4c-40dd47fc1e9e,JSON_Payload
REQ-1604,hook.curefit.co,Binary analytics event stream (path not exposed),eventId,364ad17d-c333-4126-8a27-67633df36f58-d16606d3-1aaa-4ddd-9a4c-40dd47fc1e9e,JSON_Payload
REQ-1604,hook.curefit.co,Binary analytics event stream (path not exposed),userId,108206863,JSON_Payload
REQ-1604,hook.curefit.co,Binary analytics event stream (path not exposed),eventName,overlay_view,JSON_Payload
REQ-1604,hook.curefit.co,Binary analytics event stream (path not exposed),eventParams_dateTime,1787569403360,JSON_Payload
REQ-1604,hook.curefit.co,Binary analytics event stream (path not exposed),eventParams_vertical,FITNESSHUB,JSON_Payload
REQ-1604,hook.curefit.co,Binary analytics event stream (path not exposed),eventParams_cityId,Gurgaon,JSON_Payload
REQ-1604,hook.curefit.co,Binary analytics event stream (path not exposed),eventParams_sessionId,37bf15e3-82a2-b829-e798-1f08d47f282b,JSON_Payload
REQ-1604,hook.curefit.co,Binary analytics event stream (path not exposed),eventParams_eventType,view,JSON_Payload
REQ-1604,hook.curefit.co,Binary analytics event stream (path not exposed),eventParams_type,Videoplayer seek tooltip,JSON_Payload
REQ-1604,hook.curefit.co,Binary analytics event stream (path not exposed),eventParams_platform,APP,JSON_Payload
REQ-1604,hook.curefit.co,Binary analytics event stream (path not exposed),eventParams_advertiserId,9013994955fb2f93,JSON_Payload
REQ-1604,hook.curefit.co,Binary analytics event stream (path not exposed),eventParams_pageType,videoplayer,JSON_Payload
REQ-1604,hook.curefit.co,Binary analytics event stream (path not exposed),eventParams_cityName,Delhi NCR,JSON_Payload
REQ-1604,hook.curefit.co,Binary analytics event stream (path not exposed),eventParams_isLoggedIn,False,JSON_Payload
REQ-1604,hook.curefit.co,Binary analytics event stream (path not exposed),eventParams_online,True,JSON_Payload
REQ-1604,hook.curefit.co,Binary analytics event stream (path not exposed),eventParams_style,TOOLTIP,JSON_Payload
REQ-1604,hook.curefit.co,Binary analytics event stream (path not exposed),createdAt,1787569403380,JSON_Payload
REQ-1604,hook.curefit.co,Binary analytics event stream (path not exposed),sessionId,973fc4f4-6ae0-4b16-959a-a702c9bc8076-95d386c1-17e9-4792-b6f6-1244a9f6caf4,JSON_Payload
REQ-1605,hook.curefit.co,Binary analytics event stream (path not exposed),_id,ed053171-1171-4e55-af4e-2f3fc1580761-a0d77b5b-91be-4b37-ae66-6b09a9045c7c,JSON_Payload
REQ-1605,hook.curefit.co,Binary analytics event stream (path not exposed),eventId,ed053171-1171-4e55-af4e-2f3fc1580761-a0d77b5b-91be-4b37-ae66-6b09a9045c7c,JSON_Payload
REQ-1605,hook.curefit.co,Binary analytics event stream (path not exposed),userId,108206863,JSON_Payload
REQ-1605,hook.curefit.co,Binary analytics event stream (path not exposed),eventName,app_foreground,JSON_Payload
REQ-1605,hook.curefit.co,Binary analytics event stream (path not exposed),eventParams_toState,resumed,JSON_Payload
REQ-1605,hook.curefit.co,Binary analytics event stream (path not exposed),eventParams_fromState,inactive,JSON_Payload
REQ-1605,hook.curefit.co,Binary analytics event stream (path not exposed),eventParams_framework,flutter,JSON_Payload
REQ-1605,hook.curefit.co,Binary analytics event stream (path not exposed),eventParams_cityName,Delhi NCR,JSON_Payload
REQ-1605,hook.curefit.co,Binary analytics event stream (path not exposed),eventParams_isLoggedIn,False,JSON_Payload
REQ-1605,hook.curefit.co,Binary analytics event stream (path not exposed),eventParams_online,True,JSON_Payload
REQ-1605,hook.curefit.co,Binary analytics event stream (path not exposed),eventParams_vertical,FITNESSHUB,JSON_Payload
REQ-1605,hook.curefit.co,Binary analytics event stream (path not exposed),eventParams_cityId,Gurgaon,JSON_Payload
REQ-1605,hook.curefit.co,Binary analytics event stream (path not exposed),eventParams_sessionId,37bf15e3-82a2-b829-e798-1f08d47f282b,JSON_Payload
REQ-1605,hook.curefit.co,Binary analytics event stream (path not exposed),eventParams_eventType,app_lifecycle,JSON_Payload
REQ-1605,hook.curefit.co,Binary analytics event stream (path not exposed),eventParams_platform,APP,JSON_Payload
REQ-1605,hook.curefit.co,Binary analytics event stream (path not exposed),eventParams_advertiserId,9013994955fb2f93,JSON_Payload
REQ-1605,hook.curefit.co,Binary analytics event stream (path not exposed),createdAt,1787569412319,JSON_Payload
REQ-1605,hook.curefit.co,Binary analytics event stream (path not exposed),sessionId,973fc4f4-6ae0-4b16-959a-a702c9bc8076-95d386c1-17e9-4792-b6f6-1244a9f6caf4,JSON_Payload
REQ-1606,hook.curefit.co,Binary analytics event stream (path not exposed),_id,3530f3cc-85d1-4a59-a45f-a8207d4aa6ec-77a64a74-0e0e-4198-b4b1-e92a342851ad,JSON_Payload
REQ-1606,hook.curefit.co,Binary analytics event stream (path not exposed),eventId,3530f3cc-85d1-4a59-a45f-a8207d4aa6ec-77a64a74-0e0e-4198-b4b1-e92a342851ad,JSON_Payload
REQ-1606,hook.curefit.co,Binary analytics event stream (path not exposed),userId,108206863,JSON_Payload
REQ-1606,hook.curefit.co,Binary analytics event stream (path not exposed),eventName,navigation_change,JSON_Payload
REQ-1606,hook.curefit.co,Binary analytics event stream (path not exposed),eventParams_dateTime,1787569411771,JSON_Payload
REQ-1606,hook.curefit.co,Binary analytics event stream (path not exposed),eventParams_topageId,fitnesshubclp,JSON_Payload
REQ-1606,hook.curefit.co,Binary analytics event stream (path not exposed),eventParams_fromPageName,listpage,JSON_Payload
REQ-1606,hook.curefit.co,Binary analytics event stream (path not exposed),eventParams_vertical,FITNESSHUB,JSON_Payload
REQ-1606,hook.curefit.co,Binary analytics event stream (path not exposed),eventParams_cityId,Gurgaon,JSON_Payload
REQ-1606,hook.curefit.co,Binary analytics event stream (path not exposed),eventParams_sessionId,37bf15e3-82a2-b829-e798-1f08d47f282b,JSON_Payload
REQ-1606,hook.curefit.co,Binary analytics event stream (path not exposed),eventParams_eventType,navigation_change,JSON_Payload
REQ-1606,hook.curefit.co,Binary analytics event stream (path not exposed),eventParams_platform,APP,JSON_Payload
REQ-1606,hook.curefit.co,Binary analytics event stream (path not exposed),eventParams_advertiserId,9013994955fb2f93,JSON_Payload
REQ-1606,hook.curefit.co,Binary analytics event stream (path not exposed),eventParams_toPageName,fitnesshubclp,JSON_Payload
REQ-1606,hook.curefit.co,Binary analytics event stream (path not exposed),eventParams_cityName,Delhi NCR,JSON_Payload
REQ-1606,hook.curefit.co,Binary analytics event stream (path not exposed),eventParams_frompageId,fitness_search_choose_category,JSON_Payload
REQ-1606,hook.curefit.co,Binary analytics event stream (path not exposed),eventParams_isLoggedIn,False,JSON_Payload
REQ-1606,hook.curefit.co,Binary analytics event stream (path not exposed),eventParams_online,True,JSON_Payload
REQ-1606,hook.curefit.co,Binary analytics event stream (path not exposed),createdAt,1787569411805,JSON_Payload
REQ-1606,hook.curefit.co,Binary analytics event stream (path not exposed),sessionId,973fc4f4-6ae0-4b16-959a-a702c9bc8076-95d386c1-17e9-4792-b6f6-1244a9f6caf4,JSON_Payload
REQ-1607,hook.curefit.co,Binary analytics event stream (path not exposed),_id,2ec8240d-f8b8-4cc8-a182-a31b3920f71b-ca4ff9ca-eaeb-4754-a248-887acfb04a8b,JSON_Payload
REQ-1607,hook.curefit.co,Binary analytics event stream (path not exposed),eventId,2ec8240d-f8b8-4cc8-a182-a31b3920f71b-ca4ff9ca-eaeb-4754-a248-887acfb04a8b,JSON_Payload
REQ-1607,hook.curefit.co,Binary analytics event stream (path not exposed),userId,108206863,JSON_Payload
REQ-1607,hook.curefit.co,Binary analytics event stream (path not exposed),eventName,page_view,JSON_Payload
REQ-1607,hook.curefit.co,Binary analytics event stream (path not exposed),eventParams_dateTime,1787569411039,JSON_Payload
REQ-1607,hook.curefit.co,Binary analytics event stream (path not exposed),eventParams_vertical,FITNESSHUB,JSON_Payload
REQ-1607,hook.curefit.co,Binary analytics event stream (path not exposed),eventParams_cityId,Gurgaon,JSON_Payload
REQ-1607,hook.curefit.co,Binary analytics event stream (path not exposed),eventParams_sessionId,37bf15e3-82a2-b829-e798-1f08d47f282b,JSON_Payload
REQ-1607,hook.curefit.co,Binary analytics event stream (path not exposed),eventParams_eventType,view,JSON_Payload
REQ-1607,hook.curefit.co,Binary analytics event stream (path not exposed),eventParams_pageId,fitness_search_choose_category,JSON_Payload
REQ-1607,hook.curefit.co,Binary analytics event stream (path not exposed),eventParams_pageName,Search for,JSON_Payload
REQ-1607,hook.curefit.co,Binary analytics event stream (path not exposed),eventParams_platform,APP,JSON_Payload
REQ-1607,hook.curefit.co,Binary analytics event stream (path not exposed),eventParams_advertiserId,9013994955fb2f93,JSON_Payload
REQ-1607,hook.curefit.co,Binary analytics event stream (path not exposed),eventParams_pageType,listpage,JSON_Payload
REQ-1607,hook.curefit.co,Binary analytics event stream (path not exposed),eventParams_cityName,Delhi NCR,JSON_Payload
REQ-1607,hook.curefit.co,Binary analytics event stream (path not exposed),eventParams_isLoggedIn,False,JSON_Payload
REQ-1607,hook.curefit.co,Binary analytics event stream (path not exposed),eventParams_online,True,JSON_Payload
REQ-1607,hook.curefit.co,Binary analytics event stream (path not exposed),createdAt,1787569411058,JSON_Payload
REQ-1607,hook.curefit.co,Binary analytics event stream (path not exposed),sessionId,973fc4f4-6ae0-4b16-959a-a702c9bc8076-95d386c1-17e9-4792-b6f6-1244a9f6caf4,JSON_Payload
REQ-1608,hook.curefit.co,Binary analytics event stream (path not exposed),_id,898c459f-935d-4f41-99bd-cfab51c13a03-0da4bed4-9c9b-4220-8618-cb23b6e82e39,JSON_Payload
REQ-1608,hook.curefit.co,Binary analytics event stream (path not exposed),eventId,898c459f-935d-4f41-99bd-cfab51c13a03-0da4bed4-9c9b-4220-8618-cb23b6e82e39,JSON_Payload
REQ-1608,hook.curefit.co,Binary analytics event stream (path not exposed),userId,108206863,JSON_Payload
REQ-1608,hook.curefit.co,Binary analytics event stream (path not exposed),eventName,navigation_change,JSON_Payload
REQ-1608,hook.curefit.co,Binary analytics event stream (path not exposed),eventParams_dateTime,1787569410575,JSON_Payload
REQ-1608,hook.curefit.co,Binary analytics event stream (path not exposed),eventParams_topageId,fitness_search_choose_category,JSON_Payload
REQ-1608,hook.curefit.co,Binary analytics event stream (path not exposed),eventParams_fromPageName,livesearchpage,JSON_Payload
REQ-1608,hook.curefit.co,Binary analytics event stream (path not exposed),eventParams_vertical,FITNESSHUB,JSON_Payload
REQ-1608,hook.curefit.co,Binary analytics event stream (path not exposed),eventParams_cityId,Gurgaon,JSON_Payload
REQ-1608,hook.curefit.co,Binary analytics event stream (path not exposed),eventParams_sessionId,37bf15e3-82a2-b829-e798-1f08d47f282b,JSON_Payload
REQ-1608,hook.curefit.co,Binary analytics event stream (path not exposed),eventParams_eventType,navigation_change,JSON_Payload
REQ-1608,hook.curefit.co,Binary analytics event stream (path not exposed),eventParams_platform,APP,JSON_Payload
REQ-1608,hook.curefit.co,Binary analytics event stream (path not exposed),eventParams_advertiserId,9013994955fb2f93,JSON_Payload
REQ-1608,hook.curefit.co,Binary analytics event stream (path not exposed),eventParams_toPageName,listpage,JSON_Payload
REQ-1608,hook.curefit.co,Binary analytics event stream (path not exposed),eventParams_cityName,Delhi NCR,JSON_Payload
REQ-1608,hook.curefit.co,Binary analytics event stream (path not exposed),eventParams_frompageId,livesearchpage,JSON_Payload
REQ-1608,hook.curefit.co,Binary analytics event stream (path not exposed),eventParams_isLoggedIn,False,JSON_Payload
REQ-1608,hook.curefit.co,Binary analytics event stream (path not exposed),eventParams_online,True,JSON_Payload
REQ-1608,hook.curefit.co,Binary analytics event stream (path not exposed),createdAt,1787569410601,JSON_Payload
REQ-1608,hook.curefit.co,Binary analytics event stream (path not exposed),sessionId,973fc4f4-6ae0-4b16-959a-a702c9bc8076-95d386c1-17e9-4792-b6f6-1244a9f6caf4,JSON_Payload
REQ-1609,hook.curefit.co,Binary analytics event stream (path not exposed),_id,e9ee988c-1912-499d-947d-656b99432d5a-3619266d-3eb9-485e-9bd1-b9fc345f4104,JSON_Payload
REQ-1609,hook.curefit.co,Binary analytics event stream (path not exposed),eventId,e9ee988c-1912-499d-947d-656b99432d5a-3619266d-3eb9-485e-9bd1-b9fc345f4104,JSON_Payload
REQ-1609,hook.curefit.co,Binary analytics event stream (path not exposed),userId,108206863,JSON_Payload
REQ-1609,hook.curefit.co,Binary analytics event stream (path not exposed),eventName,navigation_change,JSON_Payload
REQ-1609,hook.curefit.co,Binary analytics event stream (path not exposed),eventParams_dateTime,1787569409229,JSON_Payload
REQ-1609,hook.curefit.co,Binary analytics event stream (path not exposed),eventParams_topageId,livesearchpage,JSON_Payload
REQ-1609,hook.curefit.co,Binary analytics event stream (path not exposed),eventParams_fromPageName,cultdiypack,JSON_Payload
REQ-1609,hook.curefit.co,Binary analytics event stream (path not exposed),eventParams_vertical,FITNESSHUB,JSON_Payload
REQ-1609,hook.curefit.co,Binary analytics event stream (path not exposed),eventParams_cityId,Gurgaon,JSON_Payload
REQ-1609,hook.curefit.co,Binary analytics event stream (path not exposed),eventParams_sessionId,37bf15e3-82a2-b829-e798-1f08d47f282b,JSON_Payload
REQ-1609,hook.curefit.co,Binary analytics event stream (path not exposed),eventParams_eventType,navigation_change,JSON_Payload
REQ-1609,hook.curefit.co,Binary analytics event stream (path not exposed),eventParams_source,BANNER_GRID_WIDGET,JSON_Payload
REQ-1609,hook.curefit.co,Binary analytics event stream (path not exposed),eventParams_fromproductId,DIYPACK002,JSON_Payload
REQ-1609,hook.curefit.co,Binary analytics event stream (path not exposed),eventParams_platform,APP,JSON_Payload
REQ-1609,hook.curefit.co,Binary analytics event stream (path not exposed),eventParams_advertiserId,9013994955fb2f93,JSON_Payload
REQ-1609,hook.curefit.co,Binary analytics event stream (path not exposed),eventParams_toPageName,livesearchpage,JSON_Payload
REQ-1609,hook.curefit.co,Binary analytics event stream (path not exposed),eventParams_cityName,Delhi NCR,JSON_Payload
REQ-1609,hook.curefit.co,Binary analytics event stream (path not exposed),eventParams_frompageId,cultdiypack,JSON_Payload
REQ-1609,hook.curefit.co,Binary analytics event stream (path not exposed),eventParams_isLoggedIn,False,JSON_Payload
REQ-1609,hook.curefit.co,Binary analytics event stream (path not exposed),eventParams_online,True,JSON_Payload
REQ-1609,hook.curefit.co,Binary analytics event stream (path not exposed),createdAt,1787569409241,JSON_Payload
REQ-1609,hook.curefit.co,Binary analytics event stream (path not exposed),sessionId,973fc4f4-6ae0-4b16-959a-a702c9bc8076-95d386c1-17e9-4792-b6f6-1244a9f6caf4,JSON_Payload
REQ-1610,a.nel.cloudflare.com,/report/v4,url,https://a.nel.cloudflare.com/report/v4?s=z7FuBz%2FyAAOfWfLwPoP8dOmpsynQLHm7aSFnOBNeZ3v%2BYwHXRajkP6Pxz4bOU8FBioTbtOXLLz2%2FMDR%2FK4D22BLpnw0okTWsuu5th%2FSoWeIRIvcPL5q64u%2FWTppo1AuhsfxKOP8T5UxkeJmOaYBDqg%3D%3D,JSON_Payload
REQ-1611,hook.curefit.co,Binary analytics event stream (path not exposed),_id,2285748c-7204-4f66-b5b6-e8eb3e760c18-6d9a6c3e-f564-4269-8c21-5e9d874d5b39,JSON_Payload
REQ-1611,hook.curefit.co,Binary analytics event stream (path not exposed),eventId,2285748c-7204-4f66-b5b6-e8eb3e760c18-6d9a6c3e-f564-4269-8c21-5e9d874d5b39,JSON_Payload
REQ-1611,hook.curefit.co,Binary analytics event stream (path not exposed),userId,108206863,JSON_Payload
REQ-1611,hook.curefit.co,Binary analytics event stream (path not exposed),eventName,page_view,JSON_Payload
REQ-1611,hook.curefit.co,Binary analytics event stream (path not exposed),eventParams_dateTime,1787569417083,JSON_Payload
REQ-1611,hook.curefit.co,Binary analytics event stream (path not exposed),eventParams_selectedSku,PLAY_CITY_SPORT,JSON_Payload
REQ-1611,hook.curefit.co,Binary analytics event stream (path not exposed),eventParams_sessionId,37bf15e3-82a2-b829-e798-1f08d47f282b,JSON_Payload
REQ-1611,hook.curefit.co,Binary analytics event stream (path not exposed),eventParams_cityId,Gurgaon,JSON_Payload
REQ-1611,hook.curefit.co,Binary analytics event stream (path not exposed),eventParams_eventType,view,JSON_Payload
REQ-1611,hook.curefit.co,Binary analytics event stream (path not exposed),eventParams_pageId,fitso_sport_pack_comparison,JSON_Payload
REQ-1611,hook.curefit.co,Binary analytics event stream (path not exposed),eventParams_pageName,fitso_sport_pack_comparison,JSON_Payload
REQ-1611,hook.curefit.co,Binary analytics event stream (path not exposed),eventParams_pageFrom,,JSON_Payload
REQ-1611,hook.curefit.co,Binary analytics event stream (path not exposed),eventParams_centerType,PLAY,JSON_Payload
REQ-1611,hook.curefit.co,Binary analytics event stream (path not exposed),eventParams_platform,APP,JSON_Payload
REQ-1611,hook.curefit.co,Binary analytics event stream (path not exposed),eventParams_advertiserId,9013994955fb2f93,JSON_Payload
REQ-1611,hook.curefit.co,Binary analytics event stream (path not exposed),eventParams_cityName,Delhi NCR,JSON_Payload
REQ-1611,hook.curefit.co,Binary analytics event stream (path not exposed),eventParams_isLoggedIn,False,JSON_Payload
REQ-1611,hook.curefit.co,Binary analytics event stream (path not exposed),eventParams_online,True,JSON_Payload
REQ-1611,hook.curefit.co,Binary analytics event stream (path not exposed),eventParams_workoutId,350,JSON_Payload
REQ-1611,hook.curefit.co,Binary analytics event stream (path not exposed),createdAt,1787569417087,JSON_Payload
REQ-1611,hook.curefit.co,Binary analytics event stream (path not exposed),sessionId,973fc4f4-6ae0-4b16-959a-a702c9bc8076-95d386c1-17e9-4792-b6f6-1244a9f6caf4,JSON_Payload
REQ-1612,hook.curefit.co,Binary analytics event stream (path not exposed),_id,07c09896-b5c6-4828-95c8-a5bcd2ef7332-58d18a19-fee0-434a-99f0-225e092c13cd,JSON_Payload
REQ-1612,hook.curefit.co,Binary analytics event stream (path not exposed),eventId,07c09896-b5c6-4828-95c8-a5bcd2ef7332-58d18a19-fee0-434a-99f0-225e092c13cd,JSON_Payload
REQ-1612,hook.curefit.co,Binary analytics event stream (path not exposed),userId,108206863,JSON_Payload
REQ-1612,hook.curefit.co,Binary analytics event stream (path not exposed),eventName,widget_click,JSON_Payload
REQ-1612,hook.curefit.co,Binary analytics event stream (path not exposed),eventParams_widgetName,cultpass cards for city level sports pack,JSON_Payload
REQ-1612,hook.curefit.co,Binary analytics event stream (path not exposed),eventParams_isSampledWidgetImpressionRequired,False,JSON_Payload
REQ-1612,hook.curefit.co,Binary analytics event stream (path not exposed),eventParams_widgetId,daad7f17-92d2-40de-a0d1-d915ccd3d94c,JSON_Payload
REQ-1612,hook.curefit.co,Binary analytics event stream (path not exposed),eventParams_widgetPosition,4,JSON_Payload
REQ-1612,hook.curefit.co,Binary analytics event stream (path not exposed),eventParams_cityId,Gurgaon,JSON_Payload
REQ-1612,hook.curefit.co,Binary analytics event stream (path not exposed),eventParams_sessionId,37bf15e3-82a2-b829-e798-1f08d47f282b,JSON_Payload
REQ-1612,hook.curefit.co,Binary analytics event stream (path not exposed),eventParams_eventType,click,JSON_Payload
REQ-1612,hook.curefit.co,Binary analytics event stream (path not exposed),eventParams_pageId,CultPassFitsoSKU,JSON_Payload
REQ-1612,hook.curefit.co,Binary analytics event stream (path not exposed),eventParams_type,play,JSON_Payload
REQ-1612,hook.curefit.co,Binary analytics event stream (path not exposed),eventParams_pageName,cultpass PLAY,JSON_Payload
REQ-1612,hook.curefit.co,Binary analytics event stream (path not exposed),eventParams_platform,APP,JSON_Payload
REQ-1612,hook.curefit.co,Binary analytics event stream (path not exposed),eventParams_widgetType,SKU_COMPARISON_WIDGET_V2,JSON_Payload
REQ-1612,hook.curefit.co,Binary analytics event stream (path not exposed),eventParams_advertiserId,9013994955fb2f93,JSON_Payload
REQ-1612,hook.curefit.co,Binary analytics event stream (path not exposed),eventParams_cityName,Delhi NCR,JSON_Payload
REQ-1612,hook.curefit.co,Binary analytics event stream (path not exposed),eventParams_isWidgetImpressionRequired,True,JSON_Payload
REQ-1612,hook.curefit.co,Binary analytics event stream (path not exposed),eventParams_online,True,JSON_Payload
REQ-1612,hook.curefit.co,Binary analytics event stream (path not exposed),eventParams_isLoggedIn,False,JSON_Payload
REQ-1612,hook.curefit.co,Binary analytics event stream (path not exposed),createdAt,1787569417086,JSON_Payload
REQ-1612,hook.curefit.co,Binary analytics event stream (path not exposed),sessionId,973fc4f4-6ae0-4b16-959a-a702c9bc8076-95d386c1-17e9-4792-b6f6-1244a9f6caf4,JSON_Payload
REQ-1613,hook.curefit.co,Binary analytics event stream (path not exposed),_id,e9978a11-8d96-4e13-ab3e-89eb3937ad76-4c44b9a0-ccfc-4745-99b5-b3267ea704c1,JSON_Payload
REQ-1613,hook.curefit.co,Binary analytics event stream (path not exposed),eventId,e9978a11-8d96-4e13-ab3e-89eb3937ad76-4c44b9a0-ccfc-4745-99b5-b3267ea704c1,JSON_Payload
REQ-1613,hook.curefit.co,Binary analytics event stream (path not exposed),userId,108206863,JSON_Payload
REQ-1613,hook.curefit.co,Binary analytics event stream (path not exposed),eventName,widget_impression,JSON_Payload
REQ-1613,hook.curefit.co,Binary analytics event stream (path not exposed),eventParams_widgetName,cultpass cards for city level sports pack,JSON_Payload
REQ-1613,hook.curefit.co,Binary analytics event stream (path not exposed),eventParams_isSampledWidgetImpressionRequired,False,JSON_Payload
REQ-1613,hook.curefit.co,Binary analytics event stream (path not exposed),eventParams_widgetId,daad7f17-92d2-40de-a0d1-d915ccd3d94c,JSON_Payload
REQ-1613,hook.curefit.co,Binary analytics event stream (path not exposed),eventParams_widgetPosition,4,JSON_Payload
REQ-1613,hook.curefit.co,Binary analytics event stream (path not exposed),eventParams_sessionId,37bf15e3-82a2-b829-e798-1f08d47f282b,JSON_Payload
REQ-1613,hook.curefit.co,Binary analytics event stream (path not exposed),eventParams_eventType,view,JSON_Payload
REQ-1613,hook.curefit.co,Binary analytics event stream (path not exposed),eventParams_cityId,Gurgaon,JSON_Payload
REQ-1613,hook.curefit.co,Binary analytics event stream (path not exposed),eventParams_pageId,CultPassFitsoSKU,JSON_Payload
REQ-1613,hook.curefit.co,Binary analytics event stream (path not exposed),eventParams_pageName,cultpass PLAY,JSON_Payload
REQ-1613,hook.curefit.co,Binary analytics event stream (path not exposed),eventParams_platform,APP,JSON_Payload
REQ-1613,hook.curefit.co,Binary analytics event stream (path not exposed),eventParams_widgetType,SKU_COMPARISON_WIDGET_V2,JSON_Payload
REQ-1613,hook.curefit.co,Binary analytics event stream (path not exposed),eventParams_advertiserId,9013994955fb2f93,JSON_Payload
REQ-1613,hook.curefit.co,Binary analytics event stream (path not exposed),eventParams_cityName,Delhi NCR,JSON_Payload
REQ-1613,hook.curefit.co,Binary analytics event stream (path not exposed),eventParams_isWidgetImpressionRequired,True,JSON_Payload
REQ-1613,hook.curefit.co,Binary analytics event stream (path not exposed),eventParams_online,True,JSON_Payload
REQ-1613,hook.curefit.co,Binary analytics event stream (path not exposed),eventParams_isLoggedIn,False,JSON_Payload
REQ-1613,hook.curefit.co,Binary analytics event stream (path not exposed),createdAt,1787569415465,JSON_Payload
REQ-1613,hook.curefit.co,Binary analytics event stream (path not exposed),sessionId,973fc4f4-6ae0-4b16-959a-a702c9bc8076-95d386c1-17e9-4792-b6f6-1244a9f6caf4,JSON_Payload
REQ-1614,hook.curefit.co,Binary analytics event stream (path not exposed),_id,5aeccaa2-0f0b-4ac3-a34b-60ab47d3d684-a5f9dd50-3bcb-4562-afe5-f8ebea925e52,JSON_Payload
REQ-1614,hook.curefit.co,Binary analytics event stream (path not exposed),eventId,5aeccaa2-0f0b-4ac3-a34b-60ab47d3d684-a5f9dd50-3bcb-4562-afe5-f8ebea925e52,JSON_Payload
REQ-1614,hook.curefit.co,Binary analytics event stream (path not exposed),userId,108206863,JSON_Payload
REQ-1614,hook.curefit.co,Binary analytics event stream (path not exposed),eventName,widget_impression,JSON_Payload
REQ-1614,hook.curefit.co,Binary analytics event stream (path not exposed),eventParams_widgetName,cultpass cards for city level PLAY pack,JSON_Payload
REQ-1614,hook.curefit.co,Binary analytics event stream (path not exposed),eventParams_isSampledWidgetImpressionRequired,False,JSON_Payload
REQ-1614,hook.curefit.co,Binary analytics event stream (path not exposed),eventParams_widgetId,efe9e5bf-1390-4542-aed3-fdb0013660c7,JSON_Payload
REQ-1614,hook.curefit.co,Binary analytics event stream (path not exposed),eventParams_widgetPosition,3,JSON_Payload
REQ-1614,hook.curefit.co,Binary analytics event stream (path not exposed),eventParams_sessionId,37bf15e3-82a2-b829-e798-1f08d47f282b,JSON_Payload
REQ-1614,hook.curefit.co,Binary analytics event stream (path not exposed),eventParams_eventType,view,JSON_Payload
REQ-1614,hook.curefit.co,Binary analytics event stream (path not exposed),eventParams_cityId,Gurgaon,JSON_Payload
REQ-1614,hook.curefit.co,Binary analytics event stream (path not exposed),eventParams_pageId,CultPassFitsoSKU,JSON_Payload
REQ-1614,hook.curefit.co,Binary analytics event stream (path not exposed),eventParams_pageName,cultpass PLAY,JSON_Payload
REQ-1614,hook.curefit.co,Binary analytics event stream (path not exposed),eventParams_platform,APP,JSON_Payload
REQ-1614,hook.curefit.co,Binary analytics event stream (path not exposed),eventParams_widgetType,SKU_COMPARISON_WIDGET_V2,JSON_Payload
REQ-1614,hook.curefit.co,Binary analytics event stream (path not exposed),eventParams_advertiserId,9013994955fb2f93,JSON_Payload
REQ-1614,hook.curefit.co,Binary analytics event stream (path not exposed),eventParams_cityName,Delhi NCR,JSON_Payload
REQ-1614,hook.curefit.co,Binary analytics event stream (path not exposed),eventParams_isWidgetImpressionRequired,True,JSON_Payload
REQ-1614,hook.curefit.co,Binary analytics event stream (path not exposed),eventParams_online,True,JSON_Payload
REQ-1614,hook.curefit.co,Binary analytics event stream (path not exposed),eventParams_isLoggedIn,False,JSON_Payload
REQ-1614,hook.curefit.co,Binary analytics event stream (path not exposed),createdAt,1787569415438,JSON_Payload
REQ-1614,hook.curefit.co,Binary analytics event stream (path not exposed),sessionId,973fc4f4-6ae0-4b16-959a-a702c9bc8076-95d386c1-17e9-4792-b6f6-1244a9f6caf4,JSON_Payload
REQ-1615,hook.curefit.co,Binary analytics event stream (path not exposed),_id,faaf7ff4-1eda-4a08-ad01-321106e6f5d6-a4a758d4-35c0-40ff-816a-fb4343e4b265,JSON_Payload
REQ-1615,hook.curefit.co,Binary analytics event stream (path not exposed),eventId,faaf7ff4-1eda-4a08-ad01-321106e6f5d6-a4a758d4-35c0-40ff-816a-fb4343e4b265,JSON_Payload
REQ-1615,hook.curefit.co,Binary analytics event stream (path not exposed),userId,108206863,JSON_Payload
REQ-1615,hook.curefit.co,Binary analytics event stream (path not exposed),eventName,content_impression,JSON_Payload
REQ-1615,hook.curefit.co,Binary analytics event stream (path not exposed),eventParams_widgetName,Non Member Telesale Call - Play,JSON_Payload
REQ-1615,hook.curefit.co,Binary analytics event stream (path not exposed),eventParams_scrollTrigger,auto,JSON_Payload
REQ-1615,hook.curefit.co,Binary analytics event stream (path not exposed),eventParams_isSampledWidgetImpressionRequired,False,JSON_Payload
REQ-1615,hook.curefit.co,Binary analytics event stream (path not exposed),eventParams_widgetId,53064119-7438-4ea6-a72e-c37b1b925182,JSON_Payload
REQ-1615,hook.curefit.co,Binary analytics event stream (path not exposed),eventParams_contentId,40mccsxlgd,JSON_Payload
REQ-1615,hook.curefit.co,Binary analytics event stream (path not exposed),eventParams_widgetPosition,2,JSON_Payload
REQ-1615,hook.curefit.co,Binary analytics event stream (path not exposed),eventParams_cityId,Gurgaon,JSON_Payload
REQ-1615,hook.curefit.co,Binary analytics event stream (path not exposed),eventParams_sessionId,37bf15e3-82a2-b829-e798-1f08d47f282b,JSON_Payload
REQ-1615,hook.curefit.co,Binary analytics event stream (path not exposed),eventParams_pageId,CultPassFitsoSKU,JSON_Payload
REQ-1615,hook.curefit.co,Binary analytics event stream (path not exposed),eventParams_pageName,cultpass PLAY,JSON_Payload
REQ-1615,hook.curefit.co,Binary analytics event stream (path not exposed),eventParams_platform,APP,JSON_Payload
REQ-1615,hook.curefit.co,Binary analytics event stream (path not exposed),eventParams_widgetType,MERCHANTRY_WIDGET,JSON_Payload
REQ-1615,hook.curefit.co,Binary analytics event stream (path not exposed),eventParams_advertiserId,9013994955fb2f93,JSON_Payload
REQ-1615,hook.curefit.co,Binary analytics event stream (path not exposed),eventParams_contentUrl,/image/vm/79e0c8ba-70b0-4dd5-bfa8-d99782bbe70d.gif,JSON_Payload
REQ-1615,hook.curefit.co,Binary analytics event stream (path not exposed),eventParams_cityName,Delhi NCR,JSON_Payload
REQ-1615,hook.curefit.co,Binary analytics event stream (path not exposed),eventParams_dedupeId,ubttj87ooy,JSON_Payload
REQ-1615,hook.curefit.co,Binary analytics event stream (path not exposed),eventParams_isWidgetImpressionRequired,True,JSON_Payload
REQ-1615,hook.curefit.co,Binary analytics event stream (path not exposed),eventParams_isLoggedIn,False,JSON_Payload
REQ-1615,hook.curefit.co,Binary analytics event stream (path not exposed),eventParams_online,True,JSON_Payload
REQ-1615,hook.curefit.co,Binary analytics event stream (path not exposed),eventParams_position,0,JSON_Payload
REQ-1615,hook.curefit.co,Binary analytics event stream (path not exposed),createdAt,1787569414946,JSON_Payload
REQ-1615,hook.curefit.co,Binary analytics event stream (path not exposed),sessionId,973fc4f4-6ae0-4b16-959a-a702c9bc8076-95d386c1-17e9-4792-b6f6-1244a9f6caf4,JSON_Payload
REQ-1616,hook.curefit.co,Binary analytics event stream (path not exposed),_id,8457ee2f-6562-437d-8e00-57ec2d3979b4-c7ca2486-429e-4ba0-8019-6916d2bb930c,JSON_Payload
REQ-1616,hook.curefit.co,Binary analytics event stream (path not exposed),eventId,8457ee2f-6562-437d-8e00-57ec2d3979b4-c7ca2486-429e-4ba0-8019-6916d2bb930c,JSON_Payload
REQ-1616,hook.curefit.co,Binary analytics event stream (path not exposed),userId,108206863,JSON_Payload
REQ-1616,hook.curefit.co,Binary analytics event stream (path not exposed),eventName,content_impression,JSON_Payload
REQ-1616,hook.curefit.co,Binary analytics event stream (path not exposed),eventParams_widgetName,SLP Quick NAVs Play - Non Member,JSON_Payload
REQ-1616,hook.curefit.co,Binary analytics event stream (path not exposed),eventParams_scrollTrigger,auto,JSON_Payload
REQ-1616,hook.curefit.co,Binary analytics event stream (path not exposed),eventParams_isSampledWidgetImpressionRequired,False,JSON_Payload
REQ-1616,hook.curefit.co,Binary analytics event stream (path not exposed),eventParams_widgetId,a33a48bc-81ae-4760-8e87-e8d97fe8f8d4HPSPORTS_nm,JSON_Payload
REQ-1616,hook.curefit.co,Binary analytics event stream (path not exposed),eventParams_contentId,12742dra93j,JSON_Payload
REQ-1616,hook.curefit.co,Binary analytics event stream (path not exposed),eventParams_widgetPosition,1,JSON_Payload
REQ-1616,hook.curefit.co,Binary analytics event stream (path not exposed),eventParams_cityId,Gurgaon,JSON_Payload
REQ-1616,hook.curefit.co,Binary analytics event stream (path not exposed),eventParams_sessionId,37bf15e3-82a2-b829-e798-1f08d47f282b,JSON_Payload
REQ-1616,hook.curefit.co,Binary analytics event stream (path not exposed),eventParams_pageId,CultPassFitsoSKU,JSON_Payload
REQ-1616,hook.curefit.co,Binary analytics event stream (path not exposed),eventParams_pageName,cultpass PLAY,JSON_Payload
REQ-1616,hook.curefit.co,Binary analytics event stream (path not exposed),eventParams_platform,APP,JSON_Payload
REQ-1616,hook.curefit.co,Binary analytics event stream (path not exposed),eventParams_widgetType,BANNER_CAROUSEL_WIDGET,JSON_Payload
REQ-1616,hook.curefit.co,Binary analytics event stream (path not exposed),eventParams_advertiserId,9013994955fb2f93,JSON_Payload
REQ-1616,hook.curefit.co,Binary analytics event stream (path not exposed),eventParams_contentUrl,/image/vm/5d8eb488-ede7-49ee-9b6a-3b4456c84bf3.png,JSON_Payload
REQ-1616,hook.curefit.co,Binary analytics event stream (path not exposed),eventParams_cityName,Delhi NCR,JSON_Payload
REQ-1616,hook.curefit.co,Binary analytics event stream (path not exposed),eventParams_dedupeId,qmmaozam4d,JSON_Payload
REQ-1616,hook.curefit.co,Binary analytics event stream (path not exposed),eventParams_isWidgetImpressionRequired,True,JSON_Payload
REQ-1616,hook.curefit.co,Binary analytics event stream (path not exposed),eventParams_isLoggedIn,False,JSON_Payload
REQ-1616,hook.curefit.co,Binary analytics event stream (path not exposed),eventParams_online,True,JSON_Payload
REQ-1616,hook.curefit.co,Binary analytics event stream (path not exposed),eventParams_position,0,JSON_Payload
REQ-1616,hook.curefit.co,Binary analytics event stream (path not exposed),createdAt,1787569414943,JSON_Payload
REQ-1616,hook.curefit.co,Binary analytics event stream (path not exposed),sessionId,973fc4f4-6ae0-4b16-959a-a702c9bc8076-95d386c1-17e9-4792-b6f6-1244a9f6caf4,JSON_Payload
REQ-1617,hook.curefit.co,Binary analytics event stream (path not exposed),_id,d49c5ecd-884a-41ac-a9c3-d0d6c2b717b1-242367fb-c285-47ed-bd96-49d84c7fc25b,JSON_Payload
REQ-1617,hook.curefit.co,Binary analytics event stream (path not exposed),eventId,d49c5ecd-884a-41ac-a9c3-d0d6c2b717b1-242367fb-c285-47ed-bd96-49d84c7fc25b,JSON_Payload
REQ-1617,hook.curefit.co,Binary analytics event stream (path not exposed),userId,108206863,JSON_Payload
REQ-1617,hook.curefit.co,Binary analytics event stream (path not exposed),eventName,content_impression,JSON_Payload
REQ-1617,hook.curefit.co,Binary analytics event stream (path not exposed),eventParams_widgetName,PLAY Sport Level CLP - 375x550,JSON_Payload
REQ-1617,hook.curefit.co,Binary analytics event stream (path not exposed),eventParams_scrollTrigger,auto,JSON_Payload
REQ-1617,hook.curefit.co,Binary analytics event stream (path not exposed),eventParams_isSampledWidgetImpressionRequired,False,JSON_Payload
REQ-1617,hook.curefit.co,Binary analytics event stream (path not exposed),eventParams_widgetId,22c9bfbf-caa1-4f03-b71a-6da1fb932a69newaBLR550,JSON_Payload
REQ-1617,hook.curefit.co,Binary analytics event stream (path not exposed),eventParams_contentId,1ykx1jk9khk,JSON_Payload
REQ-1617,hook.curefit.co,Binary analytics event stream (path not exposed),eventParams_widgetPosition,0,JSON_Payload
REQ-1617,hook.curefit.co,Binary analytics event stream (path not exposed),eventParams_cityId,Gurgaon,JSON_Payload
REQ-1617,hook.curefit.co,Binary analytics event stream (path not exposed),eventParams_sessionId,37bf15e3-82a2-b829-e798-1f08d47f282b,JSON_Payload
REQ-1617,hook.curefit.co,Binary analytics event stream (path not exposed),eventParams_pageId,CultPassFitsoSKU,JSON_Payload
REQ-1617,hook.curefit.co,Binary analytics event stream (path not exposed),eventParams_pageName,cultpass PLAY,JSON_Payload
REQ-1617,hook.curefit.co,Binary analytics event stream (path not exposed),eventParams_platform,APP,JSON_Payload
REQ-1617,hook.curefit.co,Binary analytics event stream (path not exposed),eventParams_widgetType,MERCHANTRY_WIDGET,JSON_Payload
REQ-1617,hook.curefit.co,Binary analytics event stream (path not exposed),eventParams_advertiserId,9013994955fb2f93,JSON_Payload
REQ-1617,hook.curefit.co,Binary analytics event stream (path not exposed),eventParams_cityName,Delhi NCR,JSON_Payload
REQ-1617,hook.curefit.co,Binary analytics event stream (path not exposed),eventParams_dedupeId,emlm6g4jev,JSON_Payload
REQ-1617,hook.curefit.co,Binary analytics event stream (path not exposed),eventParams_isWidgetImpressionRequired,True,JSON_Payload
REQ-1617,hook.curefit.co,Binary analytics event stream (path not exposed),eventParams_isLoggedIn,False,JSON_Payload
REQ-1617,hook.curefit.co,Binary analytics event stream (path not exposed),eventParams_online,True,JSON_Payload
REQ-1617,hook.curefit.co,Binary analytics event stream (path not exposed),eventParams_position,0,JSON_Payload
REQ-1617,hook.curefit.co,Binary analytics event stream (path not exposed),createdAt,1787569414939,JSON_Payload
REQ-1617,hook.curefit.co,Binary analytics event stream (path not exposed),sessionId,973fc4f4-6ae0-4b16-959a-a702c9bc8076-95d386c1-17e9-4792-b6f6-1244a9f6caf4,JSON_Payload
REQ-1618,hook.curefit.co,Binary analytics event stream (path not exposed),_id,021e7b62-7136-4e75-ac4e-bd38a3f48792-ed781019-8d26-447e-8be2-28fa203f04b8,JSON_Payload
REQ-1618,hook.curefit.co,Binary analytics event stream (path not exposed),eventId,021e7b62-7136-4e75-ac4e-bd38a3f48792-ed781019-8d26-447e-8be2-28fa203f04b8,JSON_Payload
REQ-1618,hook.curefit.co,Binary analytics event stream (path not exposed),userId,108206863,JSON_Payload
REQ-1618,hook.curefit.co,Binary analytics event stream (path not exposed),eventName,widget_impression,JSON_Payload
REQ-1618,hook.curefit.co,Binary analytics event stream (path not exposed),eventParams_widgetName,Non Member Telesale Call - Play,JSON_Payload
REQ-1618,hook.curefit.co,Binary analytics event stream (path not exposed),eventParams_isSampledWidgetImpressionRequired,False,JSON_Payload
REQ-1618,hook.curefit.co,Binary analytics event stream (path not exposed),eventParams_widgetId,53064119-7438-4ea6-a72e-c37b1b925182,JSON_Payload
REQ-1618,hook.curefit.co,Binary analytics event stream (path not exposed),eventParams_widgetPosition,2,JSON_Payload
REQ-1618,hook.curefit.co,Binary analytics event stream (path not exposed),eventParams_sessionId,37bf15e3-82a2-b829-e798-1f08d47f282b,JSON_Payload
REQ-1618,hook.curefit.co,Binary analytics event stream (path not exposed),eventParams_eventType,view,JSON_Payload
REQ-1618,hook.curefit.co,Binary analytics event stream (path not exposed),eventParams_cityId,Gurgaon,JSON_Payload
REQ-1618,hook.curefit.co,Binary analytics event stream (path not exposed),eventParams_pageId,CultPassFitsoSKU,JSON_Payload
REQ-1618,hook.curefit.co,Binary analytics event stream (path not exposed),eventParams_pageName,cultpass PLAY,JSON_Payload
REQ-1618,hook.curefit.co,Binary analytics event stream (path not exposed),eventParams_platform,APP,JSON_Payload
REQ-1618,hook.curefit.co,Binary analytics event stream (path not exposed),eventParams_widgetType,MERCHANTRY_WIDGET,JSON_Payload
REQ-1618,hook.curefit.co,Binary analytics event stream (path not exposed),eventParams_advertiserId,9013994955fb2f93,JSON_Payload
REQ-1618,hook.curefit.co,Binary analytics event stream (path not exposed),eventParams_cityName,Delhi NCR,JSON_Payload
REQ-1618,hook.curefit.co,Binary analytics event stream (path not exposed),eventParams_isWidgetImpressionRequired,True,JSON_Payload
REQ-1618,hook.curefit.co,Binary analytics event stream (path not exposed),eventParams_online,True,JSON_Payload
REQ-1618,hook.curefit.co,Binary analytics event stream (path not exposed),eventParams_isLoggedIn,False,JSON_Payload
REQ-1618,hook.curefit.co,Binary analytics event stream (path not exposed),createdAt,1787569414921,JSON_Payload
REQ-1618,hook.curefit.co,Binary analytics event stream (path not exposed),sessionId,973fc4f4-6ae0-4b16-959a-a702c9bc8076-95d386c1-17e9-4792-b6f6-1244a9f6caf4,JSON_Payload
REQ-1619,hook.curefit.co,Binary analytics event stream (path not exposed),_id,0de6128f-153a-4192-8c05-b63772da3215-2147045a-00d0-4443-9ebd-185dc5413cc4,JSON_Payload
REQ-1619,hook.curefit.co,Binary analytics event stream (path not exposed),eventId,0de6128f-153a-4192-8c05-b63772da3215-2147045a-00d0-4443-9ebd-185dc5413cc4,JSON_Payload
REQ-1619,hook.curefit.co,Binary analytics event stream (path not exposed),userId,108206863,JSON_Payload
REQ-1619,hook.curefit.co,Binary analytics event stream (path not exposed),eventName,widget_impression,JSON_Payload
REQ-1619,hook.curefit.co,Binary analytics event stream (path not exposed),eventParams_widgetName,SLP Quick NAVs Play - Non Member,JSON_Payload
REQ-1619,hook.curefit.co,Binary analytics event stream (path not exposed),eventParams_isSampledWidgetImpressionRequired,False,JSON_Payload
REQ-1619,hook.curefit.co,Binary analytics event stream (path not exposed),eventParams_widgetId,a33a48bc-81ae-4760-8e87-e8d97fe8f8d4HPSPORTS_nm,JSON_Payload
REQ-1619,hook.curefit.co,Binary analytics event stream (path not exposed),eventParams_widgetPosition,1,JSON_Payload
REQ-1619,hook.curefit.co,Binary analytics event stream (path not exposed),eventParams_sessionId,37bf15e3-82a2-b829-e798-1f08d47f282b,JSON_Payload
REQ-1619,hook.curefit.co,Binary analytics event stream (path not exposed),eventParams_eventType,view,JSON_Payload
REQ-1619,hook.curefit.co,Binary analytics event stream (path not exposed),eventParams_cityId,Gurgaon,JSON_Payload
REQ-1619,hook.curefit.co,Binary analytics event stream (path not exposed),eventParams_pageId,CultPassFitsoSKU,JSON_Payload
REQ-1619,hook.curefit.co,Binary analytics event stream (path not exposed),eventParams_pageName,cultpass PLAY,JSON_Payload
REQ-1619,hook.curefit.co,Binary analytics event stream (path not exposed),eventParams_platform,APP,JSON_Payload
REQ-1619,hook.curefit.co,Binary analytics event stream (path not exposed),eventParams_widgetType,BANNER_CAROUSEL_WIDGET,JSON_Payload
REQ-1619,hook.curefit.co,Binary analytics event stream (path not exposed),eventParams_advertiserId,9013994955fb2f93,JSON_Payload
REQ-1619,hook.curefit.co,Binary analytics event stream (path not exposed),eventParams_cityName,Delhi NCR,JSON_Payload
REQ-1619,hook.curefit.co,Binary analytics event stream (path not exposed),eventParams_isWidgetImpressionRequired,True,JSON_Payload
REQ-1619,hook.curefit.co,Binary analytics event stream (path not exposed),eventParams_online,True,JSON_Payload
REQ-1619,hook.curefit.co,Binary analytics event stream (path not exposed),eventParams_isLoggedIn,False,JSON_Payload
REQ-1619,hook.curefit.co,Binary analytics event stream (path not exposed),createdAt,1787569414920,JSON_Payload
REQ-1619,hook.curefit.co,Binary analytics event stream (path not exposed),sessionId,973fc4f4-6ae0-4b16-959a-a702c9bc8076-95d386c1-17e9-4792-b6f6-1244a9f6caf4,JSON_Payload
REQ-1620,hook.curefit.co,Binary analytics event stream (path not exposed),_id,ca1b38be-9624-45f0-9855-ae30a3f6ee2f-c4a05187-ccf6-42a4-82de-f76b4e2862a1,JSON_Payload
REQ-1620,hook.curefit.co,Binary analytics event stream (path not exposed),eventId,ca1b38be-9624-45f0-9855-ae30a3f6ee2f-c4a05187-ccf6-42a4-82de-f76b4e2862a1,JSON_Payload
REQ-1620,hook.curefit.co,Binary analytics event stream (path not exposed),userId,108206863,JSON_Payload
REQ-1620,hook.curefit.co,Binary analytics event stream (path not exposed),eventName,widget_impression,JSON_Payload
REQ-1620,hook.curefit.co,Binary analytics event stream (path not exposed),eventParams_widgetName,PLAY Sport Level CLP - 375x550,JSON_Payload
REQ-1620,hook.curefit.co,Binary analytics event stream (path not exposed),eventParams_isSampledWidgetImpressionRequired,False,JSON_Payload
REQ-1620,hook.curefit.co,Binary analytics event stream (path not exposed),eventParams_widgetId,22c9bfbf-caa1 -4f03-b71a-6da1fb932a69newaBLR550,JSON_Payload
REQ-1620,hook.curefit.co,Binary analytics event stream (path not exposed),eventParams_widgetPosition,0,JSON_Payload
REQ-1620,hook.curefit.co,Binary analytics event stream (path not exposed),eventParams_sessionId,37bf15e3-82a2-b829-e798-1f08d47f282b,JSON_Payload
REQ-1620,hook.curefit.co,Binary analytics event stream (path not exposed),eventParams_eventType,view,JSON_Payload
REQ-1620,hook.curefit.co,Binary analytics event stream (path not exposed),eventParams_cityId,Gurgaon,JSON_Payload
REQ-1620,hook.curefit.co,Binary analytics event stream (path not exposed),eventParams_pageId,CultPassFitsoSKU,JSON_Payload
REQ-1620,hook.curefit.co,Binary analytics event stream (path not exposed),eventParams_pageName,cultpass PLAY,JSON_Payload
REQ-1620,hook.curefit.co,Binary analytics event stream (path not exposed),eventParams_platform,APP,JSON_Payload
REQ-1620,hook.curefit.co,Binary analytics event stream (path not exposed),eventParams_widgetType,MERCHANTRY_WIDGET,JSON_Payload
REQ-1620,hook.curefit.co,Binary analytics event stream (path not exposed),eventParams_advertiserId,9013994955fb2f93,JSON_Payload
REQ-1620,hook.curefit.co,Binary analytics event stream (path not exposed),eventParams_cityName,Delhi NCR,JSON_Payload
REQ-1620,hook.curefit.co,Binary analytics event stream (path not exposed),eventParams_isWidgetImpressionRequired,True,JSON_Payload
REQ-1620,hook.curefit.co,Binary analytics event stream (path not exposed),eventParams_online,True,JSON_Payload
REQ-1620,hook.curefit.co,Binary analytics event stream (path not exposed),eventParams_isLoggedIn,False,JSON_Payload
REQ-1620,hook.curefit.co,Binary analytics event stream (path not exposed),createdAt,1787569414919,JSON_Payload
REQ-1620,hook.curefit.co,Binary analytics event stream (path not exposed),sessionId,973fc4f4-6ae0-4b16-959a-a702c9bc8076-95d386c1-17e9-4792-b6f6-1244a9f6caf4,JSON_Payload
REQ-1621,www.cult.fit,Binary API request (path not exposed),option_productId,PLAYPACKNEW38697,JSON_Payload
REQ-1621,www.cult.fit,Binary API request (path not exposed),option_workoutId,350,JSON_Payload
REQ-1621,www.cult.fit,Binary API request (path not exposed),option_source,APP,JSON_Payload
REQ-1621,www.cult.fit,Binary API request (path not exposed),productId,PLAYPACKNEW38697,JSON_Payload
REQ-1621,www.cult.fit,Binary API request (path not exposed),quantity,1,JSON_Payload
REQ-1622,hook.curefit.co,Binary analytics event stream (path not exposed),_id,c9f99936-d870-4db2-b181-19deb724b47e-e35566bc-a463-4462-87bc-b124682a4aab,JSON_Payload
REQ-1622,hook.curefit.co,Binary analytics event stream (path not exposed),eventId,c9f99936-d870-4db2-b181-19deb724b47e-e35566bc-a463-4462-87bc-b124682a4aab,JSON_Payload
REQ-1622,hook.curefit.co,Binary analytics event stream (path not exposed),userId,108206863,JSON_Payload
REQ-1622,hook.curefit.co,Binary analytics event stream (path not exposed),eventName,navigation_change,JSON_Payload
REQ-1622,hook.curefit.co,Binary analytics event stream (path not exposed),eventParams_dateTime,1787569422393,JSON_Payload
REQ-1622,hook.curefit.co,Binary analytics event stream (path not exposed),eventParams_cityName,Delhi NCR,JSON_Payload
REQ-1622,hook.curefit.co,Binary analytics event stream (path not exposed),eventParams_topageId,fitso_sport_pack_comparison,JSON_Payload
REQ-1622,hook.curefit.co,Binary analytics event stream (path not exposed),eventParams_frompageId,checkout_v2,JSON_Payload
REQ-1622,hook.curefit.co,Binary analytics event stream (path not exposed),eventParams_isLoggedIn,False,JSON_Payload
REQ-1622,hook.curefit.co,Binary analytics event stream (path not exposed),eventParams_online,True,JSON_Payload
REQ-1622,hook.curefit.co,Binary analytics event stream (path not exposed),eventParams_cityId,Gurgaon,JSON_Payload
REQ-1622,hook.curefit.co,Binary analytics event stream (path not exposed),eventParams_sessionId,37bf15e3-82a2-b829-e798-1f08d47f282b,JSON_Payload
REQ-1622,hook.curefit.co,Binary analytics event stream (path not exposed),eventParams_eventType,navigation_change,JSON_Payload
REQ-1622,hook.curefit.co,Binary analytics event stream (path not exposed),eventParams_platform,APP,JSON_Payload
REQ-1622,hook.curefit.co,Binary analytics event stream (path not exposed),eventParams_advertiserId,9013994955fb2f93,JSON_Payload
REQ-1622,hook.curefit.co,Binary analytics event stream (path not exposed),createdAt,1787569422438,JSON_Payload
REQ-1622,hook.curefit.co,Binary analytics event stream (path not exposed),sessionId,973fc4f4-6ae0-4b16-959a-a702c9bc8076-95d386c1-17e9-4792-b6f6-1244a9f6caf4,JSON_Payload
REQ-1623,hook.curefit.co,Binary analytics event stream (path not exposed),_id,11f98223-c2cd-4bda-8b3a-69582b07b1b1-2e4d3272-fc9e-4c3b-999a-050800cb75ae,JSON_Payload
REQ-1623,hook.curefit.co,Binary analytics event stream (path not exposed),eventId,11f98223-c2cd-4bda-8b3a-69582b07b1b1-2e4d3272-fc9e-4c3b-999a-050800cb75ae,JSON_Payload
REQ-1623,hook.curefit.co,Binary analytics event stream (path not exposed),userId,108206863,JSON_Payload
REQ-1623,hook.curefit.co,Binary analytics event stream (path not exposed),eventName,content_impression,JSON_Payload
REQ-1623,hook.curefit.co,Binary analytics event stream (path not exposed),eventParams_widgetName,Play Pack Page Banner_play,JSON_Payload
REQ-1623,hook.curefit.co,Binary analytics event stream (path not exposed),eventParams_scrollTrigger,auto,JSON_Payload
REQ-1623,hook.curefit.co,Binary analytics event stream (path not exposed),eventParams_isSampledWidgetImpressionRequired,False,JSON_Payload
REQ-1623,hook.curefit.co,Binary analytics event stream (path not exposed),eventParams_widgetId,e462e6a0-b264-4866-ae77-aa12c685b072_play,JSON_Payload
REQ-1623,hook.curefit.co,Binary analytics event stream (path not exposed),eventParams_contentId,vmqjbw4fm2i,JSON_Payload
REQ-1623,hook.curefit.co,Binary analytics event stream (path not exposed),eventParams_widgetPosition,3,JSON_Payload
REQ-1623,hook.curefit.co,Binary analytics event stream (path not exposed),eventParams_cityId,Gurgaon,JSON_Payload
REQ-1623,hook.curefit.co,Binary analytics event stream (path not exposed),eventParams_sessionId,37bf15e3-82a2-b829-e798-1f08d47f282b,JSON_Payload
REQ-1623,hook.curefit.co,Binary analytics event stream (path not exposed),eventParams_platform,APP,JSON_Payload
REQ-1623,hook.curefit.co,Binary analytics event stream (path not exposed),eventParams_widgetType,BANNER_CAROUSEL_WIDGET,JSON_Payload
REQ-1623,hook.curefit.co,Binary analytics event stream (path not exposed),eventParams_advertiserId,9013994955fb2f93,JSON_Payload
REQ-1623,hook.curefit.co,Binary analytics event stream (path not exposed),eventParams_contentUrl,/image/vm/1cecd93e-06dc-4d87-a804-3088492e1d6a.png,JSON_Payload
REQ-1623,hook.curefit.co,Binary analytics event stream (path not exposed),eventParams_cityName,Delhi NCR,JSON_Payload
REQ-1623,hook.curefit.co,Binary analytics event stream (path not exposed),eventParams_isWidgetImpressionRequired,True,JSON_Payload
REQ-1623,hook.curefit.co,Binary analytics event stream (path not exposed),eventParams_dedupeId,sbcfzemuuh,JSON_Payload
REQ-1623,hook.curefit.co,Binary analytics event stream (path not exposed),eventParams_online,True,JSON_Payload
REQ-1623,hook.curefit.co,Binary analytics event stream (path not exposed),eventParams_isLoggedIn,False,JSON_Payload
REQ-1623,hook.curefit.co,Binary analytics event stream (path not exposed),eventParams_position,0,JSON_Payload
REQ-1623,hook.curefit.co,Binary analytics event stream (path not exposed),createdAt,1787569422266,JSON_Payload
REQ-1623,hook.curefit.co,Binary analytics event stream (path not exposed),sessionId,973fc4f4-6ae0-4b16-959a-a702c9bc8076-95d386c1-17e9-4792-b6f6-1244a9f6caf4,JSON_Payload
REQ-1624,hook.curefit.co,Binary analytics event stream (path not exposed),_id,7c7b5287-850e-4694-942d-1ba42baa555a-d4ae1ee8-4db4-49b7-b4db-4041b4c82d60,JSON_Payload
REQ-1624,hook.curefit.co,Binary analytics event stream (path not exposed),eventId,7c7b5287-850e-4694-942d-1ba42baa555a-d4ae1ee8-4db4-49b7-b4db-4041b4c82d60,JSON_Payload
REQ-1624,hook.curefit.co,Binary analytics event stream (path not exposed),userId,108206863,JSON_Payload
REQ-1624,hook.curefit.co,Binary analytics event stream (path not exposed),eventName,widget_impression,JSON_Payload
REQ-1624,hook.curefit.co,Binary analytics event stream (path not exposed),eventParams_widgetName,OFFER_ADDONS_WIDGET,JSON_Payload
REQ-1624,hook.curefit.co,Binary analytics event stream (path not exposed),eventParams_isSampledWidgetImpressionRequired,False,JSON_Payload
REQ-1624,hook.curefit.co,Binary analytics event stream (path not exposed),eventParams_widgetId,OFFER_ADDONS_WIDGET,JSON_Payload
REQ-1624,hook.curefit.co,Binary analytics event stream (path not exposed),eventParams_widgetPosition,5,JSON_Payload
REQ-1624,hook.curefit.co,Binary analytics event stream (path not exposed),eventParams_cityId,Gurgaon,JSON_Payload
REQ-1624,hook.curefit.co,Binary analytics event stream (path not exposed),eventParams_sessionId,37bf15e3-82a2-b829-e798-1f08d47f282b,JSON_Payload
REQ-1624,hook.curefit.co,Binary analytics event stream (path not exposed),eventParams_eventType,view,JSON_Payload
REQ-1624,hook.curefit.co,Binary analytics event stream (path not exposed),eventParams_platform,APP,JSON_Payload
REQ-1624,hook.curefit.co,Binary analytics event stream (path not exposed),eventParams_widgetType,OFFER_ADDONS_WIDGET,JSON_Payload
REQ-1624,hook.curefit.co,Binary analytics event stream (path not exposed),eventParams_advertiserId,9013994955fb2f93,JSON_Payload
REQ-1624,hook.curefit.co,Binary analytics event stream (path not exposed),eventParams_cityName,Delhi NCR,JSON_Payload
REQ-1624,hook.curefit.co,Binary analytics event stream (path not exposed),eventParams_isWidgetImpressionRequired,True,JSON_Payload
REQ-1624,hook.curefit.co,Binary analytics event stream (path not exposed),eventParams_online,True,JSON_Payload
REQ-1624,hook.curefit.co,Binary analytics event stream (path not exposed),eventParams_isLoggedIn,False,JSON_Payload
REQ-1624,hook.curefit.co,Binary analytics event stream (path not exposed),createdAt,1787569422251,JSON_Payload
REQ-1624,hook.curefit.co,Binary analytics event stream (path not exposed),sessionId,973fc4f4-6ae0-4b16-959a-a702c9bc8076-95d386c1-17e9-4792-b6f6-1244a9f6caf4,JSON_Payload
REQ-1625,hook.curefit.co,Binary analytics event stream (path not exposed),_id,4b2371fb-ed07-49b1-a81d-395f2451ca5c-c8f19e95-7569-4f55-abc3-b0b3834e4eca,JSON_Payload
REQ-1625,hook.curefit.co,Binary analytics event stream (path not exposed),eventId,4b2371fb-ed07-49b1-a81d-395f2451ca5c-c8f19e95-7569-4f55-abc3-b0b3834e4eca,JSON_Payload
REQ-1625,hook.curefit.co,Binary analytics event stream (path not exposed),userId,108206863,JSON_Payload
REQ-1625,hook.curefit.co,Binary analytics event stream (path not exposed),eventName,widget_impression,JSON_Payload
REQ-1625,hook.curefit.co,Binary analytics event stream (path not exposed),eventParams_widgetName,NO_COST_EMI_WIDGET,JSON_Payload
REQ-1625,hook.curefit.co,Binary analytics event stream (path not exposed),eventParams_isSampledWidgetImpressionRequired,False,JSON_Payload
REQ-1625,hook.curefit.co,Binary analytics event stream (path not exposed),eventParams_widgetId,NO_COST_EMI_WIDGET,JSON_Payload
REQ-1625,hook.curefit.co,Binary analytics event stream (path not exposed),eventParams_widgetPosition,4,JSON_Payload
REQ-1625,hook.curefit.co,Binary analytics event stream (path not exposed),eventParams_cityId,Gurgaon,JSON_Payload
REQ-1625,hook.curefit.co,Binary analytics event stream (path not exposed),eventParams_sessionId,37bf15e3-82a2-b829-e798-1f08d47f282b,JSON_Payload
REQ-1625,hook.curefit.co,Binary analytics event stream (path not exposed),eventParams_eventType,view,JSON_Payload
REQ-1625,hook.curefit.co,Binary analytics event stream (path not exposed),eventParams_platform,APP,JSON_Payload
REQ-1625,hook.curefit.co,Binary analytics event stream (path not exposed),eventParams_widgetType,NO_COST_EMI_WIDGET,JSON_Payload
REQ-1625,hook.curefit.co,Binary analytics event stream (path not exposed),eventParams_advertiserId,9013994955fb2f93,JSON_Payload
REQ-1625,hook.curefit.co,Binary analytics event stream (path not exposed),eventParams_cityName,Delhi NCR,JSON_Payload
REQ-1625,hook.curefit.co,Binary analytics event stream (path not exposed),eventParams_isWidgetImpressionRequired,True,JSON_Payload
REQ-1625,hook.curefit.co,Binary analytics event stream (path not exposed),eventParams_online,True,JSON_Payload
REQ-1625,hook.curefit.co,Binary analytics event stream (path not exposed),eventParams_isLoggedIn,False,JSON_Payload
REQ-1625,hook.curefit.co,Binary analytics event stream (path not exposed),createdAt,1787569422250,JSON_Payload
REQ-1625,hook.curefit.co,Binary analytics event stream (path not exposed),sessionId,973fc4f4-6ae0-4b16-959a-a702c9bc8076-95d386c1-17e9-4792-b6f6-1244a9f6caf4,JSON_Payload
REQ-1626,hook.curefit.co,Binary analytics event stream (path not exposed),_id,74618138-b762-4a38-b808-e1c33c6cd3f5-4e29caa8-ccca-435a-8426-a65ff85fdf87,JSON_Payload
REQ-1626,hook.curefit.co,Binary analytics event stream (path not exposed),eventId,74618138-b762-4a38-b808-e1c33c6cd3f5-4e29caa8-ccca-435a-8426-a65ff85fdf87,JSON_Payload
REQ-1626,hook.curefit.co,Binary analytics event stream (path not exposed),userId,108206863,JSON_Payload
REQ-1626,hook.curefit.co,Binary analytics event stream (path not exposed),eventName,widget_impression,JSON_Payload
REQ-1626,hook.curefit.co,Binary analytics event stream (path not exposed),eventParams_widgetName,Play Pack Page Banner_play,JSON_Payload
REQ-1626,hook.curefit.co,Binary analytics event stream (path not exposed),eventParams_isSampledWidgetImpressionRequired,False,JSON_Payload
REQ-1626,hook.curefit.co,Binary analytics event stream (path not exposed),eventParams_widgetId,e462e6a0-b264-4866-ae77-aa12c685b072_play,JSON_Payload
REQ-1626,hook.curefit.co,Binary analytics event stream (path not exposed),eventParams_widgetPosition,3,JSON_Payload
REQ-1626,hook.curefit.co,Binary analytics event stream (path not exposed),eventParams_cityId,Gurgaon,JSON_Payload
REQ-1626,hook.curefit.co,Binary analytics event stream (path not exposed),eventParams_sessionId,37bf15e3-82a2-b829-e798-1f08d47f282b,JSON_Payload
REQ-1626,hook.curefit.co,Binary analytics event stream (path not exposed),eventParams_eventType,view,JSON_Payload
REQ-1626,hook.curefit.co,Binary analytics event stream (path not exposed),eventParams_platform,APP,JSON_Payload
REQ-1626,hook.curefit.co,Binary analytics event stream (path not exposed),eventParams_widgetType,BANNER_CAROUSEL_WIDGET,JSON_Payload
REQ-1626,hook.curefit.co,Binary analytics event stream (path not exposed),eventParams_advertiserId,9013994955fb2f93,JSON_Payload
REQ-1626,hook.curefit.co,Binary analytics event stream (path not exposed),eventParams_cityName,Delhi NCR,JSON_Payload
REQ-1626,hook.curefit.co,Binary analytics event stream (path not exposed),eventParams_isWidgetImpressionRequired,True,JSON_Payload
REQ-1626,hook.curefit.co,Binary analytics event stream (path not exposed),eventParams_online,True,JSON_Payload
REQ-1626,hook.curefit.co,Binary analytics event stream (path not exposed),eventParams_isLoggedIn,False,JSON_Payload
REQ-1626,hook.curefit.co,Binary analytics event stream (path not exposed),createdAt,1787569422249,JSON_Payload
REQ-1626,hook.curefit.co,Binary analytics event stream (path not exposed),sessionId,973fc4f4-6ae0-4b16-959a-a702c9bc8076-95d386c1-17e9-4792-b6f6-1244a9f6caf4,JSON_Payload
REQ-1627,hook.curefit.co,Binary analytics event stream (path not exposed),_id,5997db24-7bdd-4009-994f-cbd603fb8e71-db9d806b-3742-4ba7-b233-d5ce13e99d21,JSON_Payload
REQ-1627,hook.curefit.co,Binary analytics event stream (path not exposed),eventId,5997db24-7bdd-4009-994f-cbd603fb8e71-db9d806b-3742-4ba7-b233-d5ce13e99d21,JSON_Payload
REQ-1627,hook.curefit.co,Binary analytics event stream (path not exposed),userId,108206863,JSON_Payload
REQ-1627,hook.curefit.co,Binary analytics event stream (path not exposed),eventName,widget_impression,JSON_Payload
REQ-1627,hook.curefit.co,Binary analytics event stream (path not exposed),eventParams_widgetName,PAYMENT_DETAILS_WIDGET,JSON_Payload
REQ-1627,hook.curefit.co,Binary analytics event stream (path not exposed),eventParams_isSampledWidgetImpressionRequired,False,JSON_Payload
REQ-1627,hook.curefit.co,Binary analytics event stream (path not exposed),eventParams_widgetId,PAYMENT_DETAILS_WIDGET,JSON_Payload
REQ-1627,hook.curefit.co,Binary analytics event stream (path not exposed),eventParams_widgetPosition,0,JSON_Payload
REQ-1627,hook.curefit.co,Binary analytics event stream (path not exposed),eventParams_cityId,Gurgaon,JSON_Payload
REQ-1627,hook.curefit.co,Binary analytics event stream (path not exposed),eventParams_sessionId,37bf15e3-82a2-b829-e798-1f08d47f282b,JSON_Payload
REQ-1627,hook.curefit.co,Binary analytics event stream (path not exposed),eventParams_eventType,view,JSON_Payload
REQ-1627,hook.curefit.co,Binary analytics event stream (path not exposed),eventParams_platform,APP,JSON_Payload
REQ-1627,hook.curefit.co,Binary analytics event stream (path not exposed),eventParams_widgetType,PAYMENT_DETAILS_WIDGET,JSON_Payload
REQ-1627,hook.curefit.co,Binary analytics event stream (path not exposed),eventParams_advertiserId,9013994955fb2f93,JSON_Payload
REQ-1627,hook.curefit.co,Binary analytics event stream (path not exposed),eventParams_cityName,Delhi NCR,JSON_Payload
REQ-1627,hook.curefit.co,Binary analytics event stream (path not exposed),eventParams_isWidgetImpressionRequired,True,JSON_Payload
REQ-1627,hook.curefit.co,Binary analytics event stream (path not exposed),eventParams_online,True,JSON_Payload
REQ-1627,hook.curefit.co,Binary analytics event stream (path not exposed),eventParams_isLoggedIn,False,JSON_Payload
REQ-1627,hook.curefit.co,Binary analytics event stream (path not exposed),createdAt,1787569422246,JSON_Payload
REQ-1627,hook.curefit.co,Binary analytics event stream (path not exposed),sessionId,973fc4f4-6ae0-4b16-959a-a702c9bc8076-95d386c1-17e9-4792-b6f6-1244a9f6caf4,JSON_Payload
REQ-1628,hook.curefit.co,Binary analytics event stream (path not exposed),_id,d7edb10b-26e7-48ec-8a5e-b4824fc48299-95045ec1-7ad6-4d43-9f0f-6b7019a0534b,JSON_Payload
REQ-1628,hook.curefit.co,Binary analytics event stream (path not exposed),eventId,d7edb10b-26e7-48ec-8a5e-b4824fc48299-95045ec1-7ad6-4d43-9f0f-6b7019a0534b,JSON_Payload
REQ-1628,hook.curefit.co,Binary analytics event stream (path not exposed),userId,108206863,JSON_Payload
REQ-1628,hook.curefit.co,Binary analytics event stream (path not exposed),eventName,button_click,JSON_Payload
REQ-1628,hook.curefit.co,Binary analytics event stream (path not exposed),eventParams_dateTime,1787569421561,JSON_Payload
REQ-1628,hook.curefit.co,Binary analytics event stream (path not exposed),eventParams_showCollapse,True,JSON_Payload
REQ-1628,hook.curefit.co,Binary analytics event stream (path not exposed),eventParams_isCollapsed,True,JSON_Payload
REQ-1628,hook.curefit.co,Binary analytics event stream (path not exposed),eventParams_widget,PAYMENT_DETAILS_WIDGET,JSON_Payload
REQ-1628,hook.curefit.co,Binary analytics event stream (path not exposed),eventParams_cityName,Delhi NCR,JSON_Payload
REQ-1628,hook.curefit.co,Binary analytics event stream (path not exposed),eventParams_isLoggedIn,False,JSON_Payload
REQ-1628,hook.curefit.co,Binary analytics event stream (path not exposed),eventParams_online,True,JSON_Payload
REQ-1628,hook.curefit.co,Binary analytics event stream (path not exposed),eventParams_cityId,Gurgaon,JSON_Payload
REQ-1628,hook.curefit.co,Binary analytics event stream (path not exposed),eventParams_eventType,button_click,JSON_Payload
REQ-1628,hook.curefit.co,Binary analytics event stream (path not exposed),eventParams_sessionId,37bf15e3-82a2-b829-e798-1f08d47f282b,JSON_Payload
REQ-1628,hook.curefit.co,Binary analytics event stream (path not exposed),eventParams_platform,APP,JSON_Payload
REQ-1628,hook.curefit.co,Binary analytics event stream (path not exposed),eventParams_advertiserId,9013994955fb2f93,JSON_Payload
REQ-1628,hook.curefit.co,Binary analytics event stream (path not exposed),createdAt,1787569421633,JSON_Payload
REQ-1628,hook.curefit.co,Binary analytics event stream (path not exposed),sessionId,973fc4f4-6ae0-4b16-959a-a702c9bc8076-95d386c1-17e9-4792-b6f6-1244a9f6caf4,JSON_Payload
REQ-1629,hook.curefit.co,Binary analytics event stream (path not exposed),_id,6b83e9ec-7916-4039-ab4e-5cbd129043e6-56730b96-383a-469e-834a-5655e15e8f27,JSON_Payload
REQ-1629,hook.curefit.co,Binary analytics event stream (path not exposed),eventId,6b83e9ec-7916-4039-ab4e-5cbd129043e6-56730b96-383a-469e-834a-5655e15e8f27,JSON_Payload
REQ-1629,hook.curefit.co,Binary analytics event stream (path not exposed),userId,108206863,JSON_Payload
REQ-1629,hook.curefit.co,Binary analytics event stream (path not exposed),eventName,widget_impression,JSON_Payload
REQ-1629,hook.curefit.co,Binary analytics event stream (path not exposed),eventParams_showCollapse,True,JSON_Payload
REQ-1629,hook.curefit.co,Binary analytics event stream (path not exposed),eventParams_cityName,Delhi NCR,JSON_Payload
REQ-1629,hook.curefit.co,Binary analytics event stream (path not exposed),eventParams_productId,"cultpass
Badminton",JSON_Payload
REQ-1629,hook.curefit.co,Binary analytics event stream (path not exposed),eventParams_isLoggedIn,False,JSON_Payload
REQ-1629,hook.curefit.co,Binary analytics event stream (path not exposed),eventParams_online,True,JSON_Payload
REQ-1629,hook.curefit.co,Binary analytics event stream (path not exposed),eventParams_cityId,Gurgaon,JSON_Payload
REQ-1629,hook.curefit.co,Binary analytics event stream (path not exposed),eventParams_sessionId,37bf15e3-82a2-b829-e798-1f08d47f282b,JSON_Payload
REQ-1629,hook.curefit.co,Binary analytics event stream (path not exposed),eventParams_eventType,view,JSON_Payload
REQ-1629,hook.curefit.co,Binary analytics event stream (path not exposed),eventParams_platform,APP,JSON_Payload
REQ-1629,hook.curefit.co,Binary analytics event stream (path not exposed),eventParams_widgetType,payment_details_widget,JSON_Payload
REQ-1629,hook.curefit.co,Binary analytics event stream (path not exposed),eventParams_advertiserId,9013994955fb2f93,JSON_Payload
REQ-1629,hook.curefit.co,Binary analytics event stream (path not exposed),createdAt,1787569421632,JSON_Payload
REQ-1629,hook.curefit.co,Binary analytics event stream (path not exposed),sessionId,973fc4f4-6ae0-4b16-959a-a702c9bc8076-95d386c1-17e9-4792-b6f6-1244a9f6caf4,JSON_Payload
REQ-1630,hook.curefit.co,Binary analytics event stream (path not exposed),_id,af424934-1b4f-41ae-8f4a-f445f0c763f3-836707a4-025b-4249-a285-df7f7ec3ecd1,JSON_Payload
REQ-1630,hook.curefit.co,Binary analytics event stream (path not exposed),eventId,af424934-1b4f-41ae-8f4a-f445f0c763f3-836707a4-025b-4249-a285-df7f7ec3ecd1,JSON_Payload
REQ-1630,hook.curefit.co,Binary analytics event stream (path not exposed),userId,108206863,JSON_Payload
REQ-1630,hook.curefit.co,Binary analytics event stream (path not exposed),eventName,page_view,JSON_Payload
REQ-1630,hook.curefit.co,Binary analytics event stream (path not exposed),eventParams_dateTime,1787569420848,JSON_Payload
REQ-1630,hook.curefit.co,Binary analytics event stream (path not exposed),eventParams_productId,PLAYPACKNEW38697,JSON_Payload
REQ-1630,hook.curefit.co,Binary analytics event stream (path not exposed),eventParams_selectedSku,PLAY CITY SPORT,JSON_Payload
REQ-1630,hook.curefit.co,Binary analytics event stream (path not exposed),eventParams_heroMeta_subTitle,MONTHS,JSON_Payload
REQ-1630,hook.curefit.co,Binary analytics event stream (path not exposed),eventParams_heroMeta_title,12,JSON_Payload
REQ-1630,hook.curefit.co,Binary analytics event stream (path not exposed),eventParams_heroMeta_hexColor,#fc55da,JSON_Payload
REQ-1630,hook.curefit.co,Binary analytics event stream (path not exposed),eventParams_cityId,Gurgaon,JSON_Payload
REQ-1630,hook.curefit.co,Binary analytics event stream (path not exposed),eventParams_sessionId,37bf15e3-82a2-b829-e798-1f08d47f282b,JSON_Payload
REQ-1630,hook.curefit.co,Binary analytics event stream (path not exposed),eventParams_eventType,view,JSON_Payload
REQ-1630,hook.curefit.co,Binary analytics event stream (path not exposed),eventParams_pageId,checkout_v2,JSON_Payload
REQ-1630,hook.curefit.co,Binary analytics event stream (path not exposed),eventParams_pageName,checkout_v2,JSON_Payload
REQ-1630,hook.curefit.co,Binary analytics event stream (path not exposed),eventParams_pageFrom,fitso_sport_pack_comparison,JSON_Payload
REQ-1630,hook.curefit.co,Binary analytics event stream (path not exposed),eventParams_platform,APP,JSON_Payload
REQ-1630,hook.curefit.co,Binary analytics event stream (path not exposed),eventParams_advertiserId,9013994955fb2f93,JSON_Payload
REQ-1630,hook.curefit.co,Binary analytics event stream (path not exposed),eventParams_cityName,Delhi NCR,JSON_Payload
REQ-1630,hook.curefit.co,Binary analytics event stream (path not exposed),eventParams_isLoggedIn,False,JSON_Payload
REQ-1630,hook.curefit.co,Binary analytics event stream (path not exposed),eventParams_online,True,JSON_Payload
REQ-1630,hook.curefit.co,Binary analytics event stream (path not exposed),eventParams_workoutId,350,JSON_Payload
REQ-1630,hook.curefit.co,Binary analytics event stream (path not exposed),eventParams_productType,PLAY_SPORT,JSON_Payload
REQ-1630,hook.curefit.co,Binary analytics event stream (path not exposed),createdAt,1787569420886,JSON_Payload
REQ-1630,hook.curefit.co,Binary analytics event stream (path not exposed),sessionId,973fc4f4-6ae0-4b16-959a-a702c9bc8076-95d386c1-17e9-4792-b6f6-1244a9f6caf4,JSON_Payload
REQ-1631,hook.curefit.co,Binary analytics event stream (path not exposed),_id,38718c56-6c12-4be8-965b-1b9335c3f1cc-31e6f84b-4d8e-4b47-b11f-c65813909209,JSON_Payload
REQ-1631,hook.curefit.co,Binary analytics event stream (path not exposed),eventId,38718c56-6c12-4be8-965b-1b9335c3f1cc-31e6f84b-4d8e-4b47-b11f-c65813909209,JSON_Payload
REQ-1631,hook.curefit.co,Binary analytics event stream (path not exposed),userId,108206863,JSON_Payload
REQ-1631,hook.curefit.co,Binary analytics event stream (path not exposed),eventName,navigation_change,JSON_Payload
REQ-1631,hook.curefit.co,Binary analytics event stream (path not exposed),eventParams_dateTime,1787569420848,JSON_Payload
REQ-1631,hook.curefit.co,Binary analytics event stream (path not exposed),eventParams_cityName,Delhi NCR,JSON_Payload
REQ-1631,hook.curefit.co,Binary analytics event stream (path not exposed),eventParams_topageId,checkout_v2,JSON_Payload
REQ-1631,hook.curefit.co,Binary analytics event stream (path not exposed),eventParams_frompageId,fitso_sport_pack_comparison,JSON_Payload
REQ-1631,hook.curefit.co,Binary analytics event stream (path not exposed),eventParams_isLoggedIn,False,JSON_Payload
REQ-1631,hook.curefit.co,Binary analytics event stream (path not exposed),eventParams_online,True,JSON_Payload
REQ-1631,hook.curefit.co,Binary analytics event stream (path not exposed),eventParams_cityId,Gurgaon,JSON_Payload
REQ-1631,hook.curefit.co,Binary analytics event stream (path not exposed),eventParams_sessionId,37bf15e3-82a2-b829-e798-1f08d47f282b,JSON_Payload
REQ-1631,hook.curefit.co,Binary analytics event stream (path not exposed),eventParams_eventType,navigation_change,JSON_Payload
REQ-1631,hook.curefit.co,Binary analytics event stream (path not exposed),eventParams_platform,APP,JSON_Payload
REQ-1631,hook.curefit.co,Binary analytics event stream (path not exposed),eventParams_advertiserId,9013994955fb2f93,JSON_Payload
REQ-1631,hook.curefit.co,Binary analytics event stream (path not exposed),createdAt,1787569420884,JSON_Payload
REQ-1631,hook.curefit.co,Binary analytics event stream (path not exposed),sessionId,973fc4f4-6ae0-4b16-959a-a702c9bc8076-95d386c1-17e9-4792-b6f6-1244a9f6caf4,JSON_Payload
REQ-1632,hook.curefit.co,Binary analytics event stream (path not exposed),_id,0fc3602f-f87d-4615-8c43-77164e65df38-30fa982f-bd8e-4a3b-bcfc-463377afd7a6,JSON_Payload
REQ-1632,hook.curefit.co,Binary analytics event stream (path not exposed),eventId,0fc3602f-f87d-4615-8c43-77164e65df38-30fa982f-bd8e-4a3b-bcfc-463377afd7a6,JSON_Payload
REQ-1632,hook.curefit.co,Binary analytics event stream (path not exposed),userId,108206863,JSON_Payload
REQ-1632,hook.curefit.co,Binary analytics event stream (path not exposed),eventName,app_background,JSON_Payload
REQ-1632,hook.curefit.co,Binary analytics event stream (path not exposed),eventParams_toState,hidden,JSON_Payload
REQ-1632,hook.curefit.co,Binary analytics event stream (path not exposed),eventParams_fromState,inactive,JSON_Payload
REQ-1632,hook.curefit.co,Binary analytics event stream (path not exposed),eventParams_framework,flutter,JSON_Payload
REQ-1632,hook.curefit.co,Binary analytics event stream (path not exposed),eventParams_cityName,Delhi NCR,JSON_Payload
REQ-1632,hook.curefit.co,Binary analytics event stream (path not exposed),eventParams_isLoggedIn,False,JSON_Payload
REQ-1632,hook.curefit.co,Binary analytics event stream (path not exposed),eventParams_online,True,JSON_Payload
REQ-1632,hook.curefit.co,Binary analytics event stream (path not exposed),eventParams_cityId,Gurgaon,JSON_Payload
REQ-1632,hook.curefit.co,Binary analytics event stream (path not exposed),eventParams_sessionId,37bf15e3-82a2-b829-e798-1f08d47f282b,JSON_Payload
REQ-1632,hook.curefit.co,Binary analytics event stream (path not exposed),eventParams_eventType,app_lifecycle,JSON_Payload
REQ-1632,hook.curefit.co,Binary analytics event stream (path not exposed),eventParams_platform,APP,JSON_Payload
REQ-1632,hook.curefit.co,Binary analytics event stream (path not exposed),eventParams_advertiserId,9013994955fb2f93,JSON_Payload
REQ-1632,hook.curefit.co,Binary analytics event stream (path not exposed),createdAt,1787569424252,JSON_Payload
REQ-1632,hook.curefit.co,Binary analytics event stream (path not exposed),sessionId,973fc4f4-6ae0-4b16-959a-a702c9bc8076-95d386c1-17e9-4792-b6f6-1244a9f6caf4,JSON_Payload
REQ-1633,hook.curefit.co,Binary analytics event stream (path not exposed),_id,fc81e204-c882-4432-b5ec-118c7b673f50-a2f29cad-f131-4a1f-9205-041a3c9811be,JSON_Payload
REQ-1633,hook.curefit.co,Binary analytics event stream (path not exposed),eventId,fc81e204-c882-4432-b5ec-118c7b673f50-a2f29cad-f131-4a1f-9205-041a3c9811be,JSON_Payload
REQ-1633,hook.curefit.co,Binary analytics event stream (path not exposed),userId,108206863,JSON_Payload
REQ-1633,hook.curefit.co,Binary analytics event stream (path not exposed),eventName,page_view,JSON_Payload
REQ-1633,hook.curefit.co,Binary analytics event stream (path not exposed),eventParams_dateTime,1787569423726,JSON_Payload
REQ-1633,hook.curefit.co,Binary analytics event stream (path not exposed),eventParams_cityId,Gurgaon,JSON_Payload
REQ-1633,hook.curefit.co,Binary analytics event stream (path not exposed),eventParams_sessionId,37bf15e3-82a2-b829-e798-1f08d47f282b,JSON_Payload
REQ-1633,hook.curefit.co,Binary analytics event stream (path not exposed),eventParams_eventType,view,JSON_Payload
REQ-1633,hook.curefit.co,Binary analytics event stream (path not exposed),eventParams_pageId,CultPassFitsoSKU,JSON_Payload
REQ-1633,hook.curefit.co,Binary analytics event stream (path not exposed),eventParams_pageName,cultpass PLAY,JSON_Payload
REQ-1633,hook.curefit.co,Binary analytics event stream (path not exposed),eventParams_pageFrom,playclp,JSON_Payload
REQ-1633,hook.curefit.co,Binary analytics event stream (path not exposed),eventParams_platform,APP,JSON_Payload
REQ-1633,hook.curefit.co,Binary analytics event stream (path not exposed),eventParams_tabRouteName,sportshub,JSON_Payload
REQ-1633,hook.curefit.co,Binary analytics event stream (path not exposed),eventParams_advertiserId,9013994955fb2f93,JSON_Payload
REQ-1633,hook.curefit.co,Binary analytics event stream (path not exposed),eventParams_pageType,listpage,JSON_Payload
REQ-1633,hook.curefit.co,Binary analytics event stream (path not exposed),eventParams_cityName,Delhi NCR,JSON_Payload
REQ-1633,hook.curefit.co,Binary analytics event stream (path not exposed),eventParams_pageSegmentId,699e3018-c55f-4df9-b3b6-e4d5674fefab,JSON_Payload
REQ-1633,hook.curefit.co,Binary analytics event stream (path not exposed),eventParams_isLoggedIn,False,JSON_Payload
REQ-1633,hook.curefit.co,Binary analytics event stream (path not exposed),eventParams_online,True,JSON_Payload
REQ-1633,hook.curefit.co,Binary analytics event stream (path not exposed),eventParams_pageSegmentName,play Sports Level Launch,JSON_Payload
REQ-1633,hook.curefit.co,Binary analytics event stream (path not exposed),createdAt,1787569423988,JSON_Payload
REQ-1633,hook.curefit.co,Binary analytics event stream (path not exposed),sessionId,973fc4f4-6ae0-4b16-959a-a702c9bc8076-95d386c1-17e9-4792-b6f6-1244a9f6caf4,JSON_Payload
REQ-1634,hook.curefit.co,Binary analytics event stream (path not exposed),_id,c9bcc2f6-e3e9-44e9-94f6-6dec246bee66-f6988ae2-ad0e-48ff-8006-54fa73109bd8,JSON_Payload
REQ-1634,hook.curefit.co,Binary analytics event stream (path not exposed),eventId,c9bcc2f6-e3e9-44e9-94f6-6dec246bee66-f6988ae2-ad0e-48ff-8006-54fa73109bd8,JSON_Payload
REQ-1634,hook.curefit.co,Binary analytics event stream (path not exposed),userId,108206863,JSON_Payload
REQ-1634,hook.curefit.co,Binary analytics event stream (path not exposed),eventName,navigation_change,JSON_Payload
REQ-1634,hook.curefit.co,Binary analytics event stream (path not exposed),eventParams_dateTime,1787569423550,JSON_Payload
REQ-1634,hook.curefit.co,Binary analytics event stream (path not exposed),eventParams_topageId,webview,JSON_Payload
REQ-1634,hook.curefit.co,Binary analytics event stream (path not exposed),eventParams_fromPageName,playclp,JSON_Payload
REQ-1634,hook.curefit.co,Binary analytics event stream (path not exposed),eventParams_cityId,Gurgaon,JSON_Payload
REQ-1634,hook.curefit.co,Binary analytics event stream (path not exposed),eventParams_sessionId,37bf15e3-82a2-b829-e798-1f08d47f282b,JSON_Payload
REQ-1634,hook.curefit.co,Binary analytics event stream (path not exposed),eventParams_eventType,navigation_change,JSON_Payload
REQ-1634,hook.curefit.co,Binary analytics event stream (path not exposed),eventParams_platform,APP,JSON_Payload
REQ-1634,hook.curefit.co,Binary analytics event stream (path not exposed),eventParams_advertiserId,9013994955fb2f93,JSON_Payload
REQ-1634,hook.curefit.co,Binary analytics event stream (path not exposed),eventParams_toPageName,webview,JSON_Payload
REQ-1634,hook.curefit.co,Binary analytics event stream (path not exposed),eventParams_cityName,Delhi NCR,JSON_Payload
REQ-1634,hook.curefit.co,Binary analytics event stream (path not exposed),eventParams_frompageId,playclp,JSON_Payload
REQ-1634,hook.curefit.co,Binary analytics event stream (path not exposed),eventParams_isLoggedIn,False,JSON_Payload
REQ-1634,hook.curefit.co,Binary analytics event stream (path not exposed),eventParams_online,True,JSON_Payload
REQ-1634,hook.curefit.co,Binary analytics event stream (path not exposed),createdAt,1787569423759,JSON_Payload
REQ-1634,hook.curefit.co,Binary analytics event stream (path not exposed),sessionId,973fc4f4-6ae0-4b16-959a-a702c9bc8076-95d386c1-17e9-4792-b6f6-1244a9f6caf4,JSON_Payload
REQ-1635,hook.curefit.co,Binary analytics event stream (path not exposed),_id,296788a4-7fd1-4766-9b0c-b27751a2fe95-50221c6c-de42-4195-a581-f39d3ee17042,JSON_Payload
REQ-1635,hook.curefit.co,Binary analytics event stream (path not exposed),eventId,296788a4-7fd1-4766-9b0c-b27751a2fe95-50221c6c-de42-4195-a581-f39d3ee17042,JSON_Payload
REQ-1635,hook.curefit.co,Binary analytics event stream (path not exposed),userId,108206863,JSON_Payload
REQ-1635,hook.curefit.co,Binary analytics event stream (path not exposed),eventName,page_view,JSON_Payload
REQ-1635,hook.curefit.co,Binary analytics event stream (path not exposed),eventParams_dateTime,1787569423550,JSON_Payload
REQ-1635,hook.curefit.co,Binary analytics event stream (path not exposed),eventParams_sessionId,37bf15e3-82a2-b829-e798-1f08d47f282b,JSON_Payload
REQ-1635,hook.curefit.co,Binary analytics event stream (path not exposed),eventParams_cityId,Gurgaon,JSON_Payload
REQ-1635,hook.curefit.co,Binary analytics event stream (path not exposed),eventParams_eventType,page_view,JSON_Payload
REQ-1635,hook.curefit.co,Binary analytics event stream (path not exposed),eventParams_pageId,webview,JSON_Payload
REQ-1635,hook.curefit.co,Binary analytics event stream (path not exposed),eventParams_pageName,Web View,JSON_Payload
REQ-1635,hook.curefit.co,Binary analytics event stream (path not exposed),eventParams_platform,APP,JSON_Payload
REQ-1635,hook.curefit.co,Binary analytics event stream (path not exposed),eventParams_url,https://cultstore.com?isApp=true&isLoggedIn=false,JSON_Payload
REQ-1635,hook.curefit.co,Binary analytics event stream (path not exposed),eventParams_advertiserId,9013994955fb2f93,JSON_Payload
REQ-1635,hook.curefit.co,Binary analytics event stream (path not exposed),eventParams_pageType,webview,JSON_Payload
REQ-1635,hook.curefit.co,Binary analytics event stream (path not exposed),eventParams_cityName,Delhi NCR,JSON_Payload
REQ-1635,hook.curefit.co,Binary analytics event stream (path not exposed),eventParams_isLoggedIn,False,JSON_Payload
REQ-1635,hook.curefit.co,Binary analytics event stream (path not exposed),eventParams_online,True,JSON_Payload
REQ-1635,hook.curefit.co,Binary analytics event stream (path not exposed),createdAt,1787569423747,JSON_Payload
REQ-1635,hook.curefit.co,Binary analytics event stream (path not exposed),sessionId,973fc4f4-6ae0-4b16-959a-a702c9bc8076-95d386c1-17e9-4792-b6f6-1244a9f6caf4,JSON_Payload
REQ-1636,hook.curefit.co,Binary analytics event stream (path not exposed),_id,b689db34-904c-48b0-96ba-070ba4725faa-ad70c8d3-4c1c-4b92-aa06-b53098cc3b67,JSON_Payload
REQ-1636,hook.curefit.co,Binary analytics event stream (path not exposed),eventId,b689db34-904c-48b0-96ba-070ba4725faa-ad70c8d3-4c1c-4b92-aa06-b53098cc3b67,JSON_Payload
REQ-1636,hook.curefit.co,Binary analytics event stream (path not exposed),userId,108206863,JSON_Payload
REQ-1636,hook.curefit.co,Binary analytics event stream (path not exposed),eventName,bottom_tab_clicked,JSON_Payload
REQ-1636,hook.curefit.co,Binary analytics event stream (path not exposed),eventParams_cityName,Delhi NCR,JSON_Payload
REQ-1636,hook.curefit.co,Binary analytics event stream (path not exposed),eventParams_isLoggedIn,False,JSON_Payload
REQ-1636,hook.curefit.co,Binary analytics event stream (path not exposed),eventParams_online,True,JSON_Payload
REQ-1636,hook.curefit.co,Binary analytics event stream (path not exposed),eventParams_vertical,STORE,JSON_Payload
REQ-1636,hook.curefit.co,Binary analytics event stream (path not exposed),eventParams_cityId,Gurgaon,JSON_Payload
REQ-1636,hook.curefit.co,Binary analytics event stream (path not exposed),eventParams_sessionId,37bf15e3-82a2-b829-e798-1f08d47f282b,JSON_Payload
REQ-1636,hook.curefit.co,Binary analytics event stream (path not exposed),eventParams_platform,APP,JSON_Payload
REQ-1636,hook.curefit.co,Binary analytics event stream (path not exposed),eventParams_advertiserId,9013994955fb2f93,JSON_Payload
REQ-1636,hook.curefit.co,Binary analytics event stream (path not exposed),createdAt,1787569423526,JSON_Payload
REQ-1636,hook.curefit.co,Binary analytics event stream (path not exposed),sessionId,973fc4f4-6ae0-4b16-959a-a702c9bc8076-95d386c1-17e9-4792-b6f6-1244a9f6caf4,JSON_Payload
REQ-1637,hook.curefit.co,Binary analytics event stream (path not exposed),_id,f56878da-2c1c-4eab-9cc5-4bde709232e9-f2f1e1bc-4b7f-4d8d-8fc6-6eda89453fd4,JSON_Payload
REQ-1637,hook.curefit.co,Binary analytics event stream (path not exposed),eventId,f56878da-2c1c-4eab-9cc5-4bde709232e9-f2f1e1bc-4b7f-4d8d-8fc6-6eda89453fd4,JSON_Payload
REQ-1637,hook.curefit.co,Binary analytics event stream (path not exposed),userId,108206863,JSON_Payload
REQ-1637,hook.curefit.co,Binary analytics event stream (path not exposed),eventName,widget_click,JSON_Payload
REQ-1637,hook.curefit.co,Binary analytics event stream (path not exposed),eventParams_widgetName,Sports specific packs city level,JSON_Payload
REQ-1637,hook.curefit.co,Binary analytics event stream (path not exposed),eventParams_isSampledWidgetImpressionRequired,False,JSON_Payload
REQ-1637,hook.curefit.co,Binary analytics event stream (path not exposed),eventParams_widgetId,def7072a-7daa-4117-ad16-e77fe0b7f0bc,JSON_Payload
REQ-1637,hook.curefit.co,Binary analytics event stream (path not exposed),eventParams_sessionId,37bf15e3-82a2-b829-e798-1f08d47f282b,JSON_Payload
REQ-1637,hook.curefit.co,Binary analytics event stream (path not exposed),eventParams_cityId,Gurgaon,JSON_Payload
REQ-1637,hook.curefit.co,Binary analytics event stream (path not exposed),eventParams_eventType,click,JSON_Payload
REQ-1637,hook.curefit.co,Binary analytics event stream (path not exposed),eventParams_type,12_months,JSON_Payload
REQ-1637,hook.curefit.co,Binary analytics event stream (path not exposed),eventParams_platform,APP,JSON_Payload
REQ-1637,hook.curefit.co,Binary analytics event stream (path not exposed),eventParams_widgetType,FITNESS_PACK_BROWSE_WIDGET,JSON_Payload
REQ-1637,hook.curefit.co,Binary analytics event stream (path not exposed),eventParams_advertiserId,9013994955fb2f93,JSON_Payload
REQ-1637,hook.curefit.co,Binary analytics event stream (path not exposed),eventParams_cityName,Delhi NCR,JSON_Payload
REQ-1637,hook.curefit.co,Binary analytics event stream (path not exposed),eventParams_isWidgetImpressionRequired,False,JSON_Payload
REQ-1637,hook.curefit.co,Binary analytics event stream (path not exposed),eventParams_isLoggedIn,False,JSON_Payload
REQ-1637,hook.curefit.co,Binary analytics event stream (path not exposed),eventParams_online,True,JSON_Payload
REQ-1637,hook.curefit.co,Binary analytics event stream (path not exposed),createdAt,1787569420884,JSON_Payload
REQ-1637,hook.curefit.co,Binary analytics event stream (path not exposed),sessionId,973fc4f4-6ae0-4b16-959a-a702c9bc8076-95d386c1-17e9-4792-b6f6-1244a9f6caf4,JSON_Payload
REQ-1638,hook.curefit.co,Binary analytics event stream (path not exposed),_id,468ce3a1-1ed3-42ef-9192-95c93f83c92e-cf41bbbb-f2b7-4336-8162-a35ab6d9d532,JSON_Payload
REQ-1638,hook.curefit.co,Binary analytics event stream (path not exposed),eventId,468ce3a1-1ed3-42ef-9192-95c93f83c92e-cf41bbbb-f2b7-4336-8162-a35ab6d9d532,JSON_Payload
REQ-1638,hook.curefit.co,Binary analytics event stream (path not exposed),userId,108206863,JSON_Payload
REQ-1638,hook.curefit.co,Binary analytics event stream (path not exposed),eventName,page_view,JSON_Payload
REQ-1638,hook.curefit.co,Binary analytics event stream (path not exposed),eventParams_dateTime,1787569418696,JSON_Payload
REQ-1638,hook.curefit.co,Binary analytics event stream (path not exposed),eventParams_selectedSku,PLAY_CITY_SPORT,JSON_Payload
REQ-1638,hook.curefit.co,Binary analytics event stream (path not exposed),eventParams_sessionId,37bf15e3-82a2-b829-e798-1f08d47f282b,JSON_Payload
REQ-1638,hook.curefit.co,Binary analytics event stream (path not exposed),eventParams_cityId,Gurgaon,JSON_Payload
REQ-1638,hook.curefit.co,Binary analytics event stream (path not exposed),eventParams_eventType,view,JSON_Payload
REQ-1638,hook.curefit.co,Binary analytics event stream (path not exposed),eventParams_pageId,fl_pack_comparison,JSON_Payload
REQ-1638,hook.curefit.co,Binary analytics event stream (path not exposed),eventParams_centerType,PLAY,JSON_Payload
REQ-1638,hook.curefit.co,Binary analytics event stream (path not exposed),eventParams_pageName,fl_pack_comparison,JSON_Payload
REQ-1638,hook.curefit.co,Binary analytics event stream (path not exposed),eventParams_platform,APP,JSON_Payload
REQ-1638,hook.curefit.co,Binary analytics event stream (path not exposed),eventParams_advertiserId,9013994955fb2f93,JSON_Payload
REQ-1638,hook.curefit.co,Binary analytics event stream (path not exposed),eventParams_cityName,Delhi NCR,JSON_Payload
REQ-1638,hook.curefit.co,Binary analytics event stream (path not exposed),eventParams_isLoggedIn,False,JSON_Payload
REQ-1638,hook.curefit.co,Binary analytics event stream (path not exposed),eventParams_online,True,JSON_Payload
REQ-1638,hook.curefit.co,Binary analytics event stream (path not exposed),eventParams_workoutId,350,JSON_Payload
REQ-1638,hook.curefit.co,Binary analytics event stream (path not exposed),createdAt,1787569418805,JSON_Payload
REQ-1638,hook.curefit.co,Binary analytics event stream (path not exposed),sessionId,973fc4f4-6ae0-4b16-959a-a702c9bc8076-95d386c1-17e9-4792-b6f6-1244a9f6caf4,JSON_Payload
REQ-1639,hook.curefit.co,Binary analytics event stream (path not exposed),_id,2f5604a2-d8ec-4e39-ace0-5b57ab240ced-3cdd7b01-519c-4c90-925e-73d2dbfbec64,JSON_Payload
REQ-1639,hook.curefit.co,Binary analytics event stream (path not exposed),eventId,2f5604a2-d8ec-4e39-ace0-5b57ab240ced-3cdd7b01-519c-4c90-925e-73d2dbfbec64,JSON_Payload
REQ-1639,hook.curefit.co,Binary analytics event stream (path not exposed),userId,108206863,JSON_Payload
REQ-1639,hook.curefit.co,Binary analytics event stream (path not exposed),eventName,page_view,JSON_Payload
REQ-1639,hook.curefit.co,Binary analytics event stream (path not exposed),eventParams_dateTime,1787569414587,JSON_Payload
REQ-1639,hook.curefit.co,Binary analytics event stream (path not exposed),eventParams_cityId,Gurgaon,JSON_Payload
REQ-1639,hook.curefit.co,Binary analytics event stream (path not exposed),eventParams_sessionId,37bf15e3-82a2-b829-e798-1f08d47f282b,JSON_Payload
REQ-1639,hook.curefit.co,Binary analytics event stream (path not exposed),eventParams_eventType,view,JSON_Payload
REQ-1639,hook.curefit.co,Binary analytics event stream (path not exposed),eventParams_pageId,CultPassFitsoSKU,JSON_Payload
REQ-1639,hook.curefit.co,Binary analytics event stream (path not exposed),eventParams_pageName,cultpass PLAY,JSON_Payload
REQ-1639,hook.curefit.co,Binary analytics event stream (path not exposed),eventParams_platform,APP,JSON_Payload
REQ-1639,hook.curefit.co,Binary analytics event stream (path not exposed),eventParams_tabRouteName,sportshub,JSON_Payload
REQ-1639,hook.curefit.co,Binary analytics event stream (path not exposed),eventParams_advertiserId,9013994955fb2f93,JSON_Payload
REQ-1639,hook.curefit.co,Binary analytics event stream (path not exposed),eventParams_pageType,listpage,JSON_Payload
REQ-1639,hook.curefit.co,Binary analytics event stream (path not exposed),eventParams_cityName,Delhi NCR,JSON_Payload
REQ-1639,hook.curefit.co,Binary analytics event stream (path not exposed),eventParams_pageSegmentId,699e3018-c55f-4df9-b3b6-e4d5674fefab,JSON_Payload
REQ-1639,hook.curefit.co,Binary analytics event stream (path not exposed),eventParams_isLoggedIn,False,JSON_Payload
REQ-1639,hook.curefit.co,Binary analytics event stream (path not exposed),eventParams_online,True,JSON_Payload
REQ-1639,hook.curefit.co,Binary analytics event stream (path not exposed),eventParams_pageSegmentName,play Sports Level Launch,JSON_Payload
REQ-1639,hook.curefit.co,Binary analytics event stream (path not exposed),createdAt,1787569414659,JSON_Payload
REQ-1639,hook.curefit.co,Binary analytics event stream (path not exposed),sessionId,973fc4f4-6ae0-4b16-959a-a702c9bc8076-95d386c1-17e9-4792-b6f6-1244a9f6caf4,JSON_Payload
REQ-1640,hook.curefit.co,Binary analytics event stream (path not exposed),_id,8a15a26e-983f-4f52-8b85-93dfab25c597-19ec23ac-c272-4568-8aae-ec6bfac088fd,JSON_Payload
REQ-1640,hook.curefit.co,Binary analytics event stream (path not exposed),eventId,8a15a26e-983f-4f52-8b85-93dfab25c597-19ec23ac-c272-4568-8aae-ec6bfac088fd,JSON_Payload
REQ-1640,hook.curefit.co,Binary analytics event stream (path not exposed),userId,108206863,JSON_Payload
REQ-1640,hook.curefit.co,Binary analytics event stream (path not exposed),eventName,page_view,JSON_Payload
REQ-1640,hook.curefit.co,Binary analytics event stream (path not exposed),eventParams_dateTime,1787569414587,JSON_Payload
REQ-1640,hook.curefit.co,Binary analytics event stream (path not exposed),eventParams_cityId,Gurgaon,JSON_Payload
REQ-1640,hook.curefit.co,Binary analytics event stream (path not exposed),eventParams_sessionId,37bf15e3-82a2-b829-e798-1f08d47f282b,JSON_Payload
REQ-1640,hook.curefit.co,Binary analytics event stream (path not exposed),eventParams_eventType,view,JSON_Payload
REQ-1640,hook.curefit.co,Binary analytics event stream (path not exposed),eventParams_pageId,CultPassFitsoSKU,JSON_Payload
REQ-1640,hook.curefit.co,Binary analytics event stream (path not exposed),eventParams_pageName,cultpass PLAY,JSON_Payload
REQ-1640,hook.curefit.co,Binary analytics event stream (path not exposed),eventParams_pageFrom,fitnesshubclp,JSON_Payload
REQ-1640,hook.curefit.co,Binary analytics event stream (path not exposed),eventParams_platform,APP,JSON_Payload
REQ-1640,hook.curefit.co,Binary analytics event stream (path not exposed),eventParams_tabRouteName,sportshub,JSON_Payload
REQ-1640,hook.curefit.co,Binary analytics event stream (path not exposed),eventParams_advertiserId,9013994955fb2f93,JSON_Payload
REQ-1640,hook.curefit.co,Binary analytics event stream (path not exposed),eventParams_pageType,listpage,JSON_Payload
REQ-1640,hook.curefit.co,Binary analytics event stream (path not exposed),eventParams_cityName,Delhi NCR,JSON_Payload
REQ-1640,hook.curefit.co,Binary analytics event stream (path not exposed),eventParams_pageSegmentId,699e3018-c55f-4df9-b3b6-e4d5674fefab,JSON_Payload
REQ-1640,hook.curefit.co,Binary analytics event stream (path not exposed),eventParams_isLoggedIn,False,JSON_Payload
REQ-1640,hook.curefit.co,Binary analytics event stream (path not exposed),eventParams_online,True,JSON_Payload
REQ-1640,hook.curefit.co,Binary analytics event stream (path not exposed),eventParams_pageSegmentName,play Sports Level Launch,JSON_Payload
REQ-1640,hook.curefit.co,Binary analytics event stream (path not exposed),createdAt,1787569414658,JSON_Payload
REQ-1640,hook.curefit.co,Binary analytics event stream (path not exposed),sessionId,973fc4f4-6ae0-4b16-959a-a702c9bc8076-95d386c1-17e9-4792-b6f6-1244a9f6caf4,JSON_Payload
REQ-1641,hook.curefit.co,Binary analytics event stream (path not exposed),_id,3c8df52b-8edd-4ec8-b634-332297ad646c-b6a2d00b-2ca2-434b-a0cb-4ab0589329a8,JSON_Payload
REQ-1641,hook.curefit.co,Binary analytics event stream (path not exposed),eventId,3c8df52b-8edd-4ec8-b634-332297ad646c-b6a2d00b-2ca2-434b-a0cb-4ab0589329a8,JSON_Payload
REQ-1641,hook.curefit.co,Binary analytics event stream (path not exposed),userId,108206863,JSON_Payload
REQ-1641,hook.curefit.co,Binary analytics event stream (path not exposed),eventName,page_view,JSON_Payload
REQ-1641,hook.curefit.co,Binary analytics event stream (path not exposed),eventParams_dateTime,1787569414587,JSON_Payload
REQ-1641,hook.curefit.co,Binary analytics event stream (path not exposed),eventParams_sessionId,37bf15e3-82a2-b829-e798-1f08d47f282b,JSON_Payload
REQ-1641,hook.curefit.co,Binary analytics event stream (path not exposed),eventParams_cityId,Gurgaon,JSON_Payload
REQ-1641,hook.curefit.co,Binary analytics event stream (path not exposed),eventParams_eventType,view,JSON_Payload
REQ-1641,hook.curefit.co,Binary analytics event stream (path not exposed),eventParams_pageId,fitnesshub_nux,JSON_Payload
REQ-1641,hook.curefit.co,Binary analytics event stream (path not exposed),eventParams_pageName, Nux fitness page,JSON_Payload
REQ-1641,hook.curefit.co,Binary analytics event stream (path not exposed),eventParams_pageFrom,fitnesshubclp,JSON_Payload
REQ-1641,hook.curefit.co,Binary analytics event stream (path not exposed),eventParams_platform,APP,JSON_Payload
REQ-1641,hook.curefit.co,Binary analytics event stream (path not exposed),eventParams_tabRouteName,fitnesshubclp,JSON_Payload
REQ-1641,hook.curefit.co,Binary analytics event stream (path not exposed),eventParams_advertiserId,9013994955fb2f93,JSON_Payload
REQ-1641,hook.curefit.co,Binary analytics event stream (path not exposed),eventParams_pageType,listpage,JSON_Payload
REQ-1641,hook.curefit.co,Binary analytics event stream (path not exposed),eventParams_cityName,Delhi NCR,JSON_Payload
REQ-1641,hook.curefit.co,Binary analytics event stream (path not exposed),eventParams_isLoggedIn,False,JSON_Payload
REQ-1641,hook.curefit.co,Binary analytics event stream (path not exposed),eventParams_online,True,JSON_Payload
REQ-1641,hook.curefit.co,Binary analytics event stream (path not exposed),createdAt,1787569414657,JSON_Payload
REQ-1641,hook.curefit.co,Binary analytics event stream (path not exposed),sessionId,973fc4f4-6ae0-4b16-959a-a702c9bc8076-95d386c1-17e9-4792-b6f6-1244a9f6caf4,JSON_Payload
REQ-1642,a.nel.cloudflare.com,/report/v4,url,https://a.nel.cloudflare.com/report/v4?s=fn00LuUOr15zaPmmSGGNBImvoRCsNXMwIVzxJ1uGczipi0XTAeoYpmXUvEf5O0ULxKhaeu%2B1ychrTclO0aliP%2BWYNxKxHopnm7n7QvzGhlOspBN%2FW%2F7CEpO294ipBs%2B7EDRmoUg1Oe%2B86xgxfm%2FM5g%3D%3D,JSON_Payload
REQ-1643,hook.curefit.co,Binary analytics event stream (path not exposed),_id,5644db7c-85f1-4ff2-a5e1-b9d41257305f-c65da266-6c3e-483a-b6be-adaad67e7219,JSON_Payload
REQ-1643,hook.curefit.co,Binary analytics event stream (path not exposed),eventId,5644db7c-85f1-4ff2-a5e1-b9d41257305f-c65da266-6c3e-483a-b6be-adaad67e7219,JSON_Payload
REQ-1643,hook.curefit.co,Binary analytics event stream (path not exposed),userId,108206863,JSON_Payload
REQ-1643,hook.curefit.co,Binary analytics event stream (path not exposed),eventName,page_view,JSON_Payload
REQ-1643,hook.curefit.co,Binary analytics event stream (path not exposed),eventParams_dateTime,1787569432049,JSON_Payload
REQ-1643,hook.curefit.co,Binary analytics event stream (path not exposed),eventParams_sessionId,37bf15e3-82a2-b829-e798-1f08d47f282b,JSON_Payload
REQ-1643,hook.curefit.co,Binary analytics event stream (path not exposed),eventParams_cityId,Gurgaon,JSON_Payload
REQ-1643,hook.curefit.co,Binary analytics event stream (path not exposed),eventParams_eventType,view,JSON_Payload
REQ-1643,hook.curefit.co,Binary analytics event stream (path not exposed),eventParams_pageId,hometab,JSON_Payload
REQ-1643,hook.curefit.co,Binary analytics event stream (path not exposed),eventParams_pageName,Home,JSON_Payload
REQ-1643,hook.curefit.co,Binary analytics event stream (path not exposed),eventParams_pageFrom,tf_weight_loss_tab,JSON_Payload
REQ-1643,hook.curefit.co,Binary analytics event stream (path not exposed),eventParams_platform,APP,JSON_Payload
REQ-1643,hook.curefit.co,Binary analytics event stream (path not exposed),eventParams_tabRouteName,hometab,JSON_Payload
REQ-1643,hook.curefit.co,Binary analytics event stream (path not exposed),eventParams_advertiserId,9013994955fb2f93,JSON_Payload
REQ-1643,hook.curefit.co,Binary analytics event stream (path not exposed),eventParams_pageType,listpage,JSON_Payload
REQ-1643,hook.curefit.co,Binary analytics event stream (path not exposed),eventParams_cityName,Delhi NCR,JSON_Payload
REQ-1643,hook.curefit.co,Binary analytics event stream (path not exposed),eventParams_isLoggedIn,False,JSON_Payload
REQ-1643,hook.curefit.co,Binary analytics event stream (path not exposed),eventParams_online,True,JSON_Payload
REQ-1643,hook.curefit.co,Binary analytics event stream (path not exposed),createdAt,1787569432063,JSON_Payload
REQ-1643,hook.curefit.co,Binary analytics event stream (path not exposed),sessionId,973fc4f4-6ae0-4b16-959a-a702c9bc8076-95d386c1-17e9-4792-b6f6-1244a9f6caf4,JSON_Payload
REQ-1644,hook.curefit.co,Binary analytics event stream (path not exposed),_id,30b2ab2c-9157-4c51-82a6-170a01a4b2bd-26e3bc68-06fa-4e1f-a065-967b8f72d95d,JSON_Payload
REQ-1644,hook.curefit.co,Binary analytics event stream (path not exposed),eventId,30b2ab2c-9157-4c51-82a6-170a01a4b2bd-26e3bc68-06fa-4e1f-a065-967b8f72d95d,JSON_Payload
REQ-1644,hook.curefit.co,Binary analytics event stream (path not exposed),userId,108206863,JSON_Payload
REQ-1644,hook.curefit.co,Binary analytics event stream (path not exposed),eventName,navigation_change,JSON_Payload
REQ-1644,hook.curefit.co,Binary analytics event stream (path not exposed),eventParams_dateTime,1787569432048,JSON_Payload
REQ-1644,hook.curefit.co,Binary analytics event stream (path not exposed),eventParams_topageId,hometab,JSON_Payload
REQ-1644,hook.curefit.co,Binary analytics event stream (path not exposed),eventParams_fromPageName,tf_weight_loss_tab,JSON_Payload
REQ-1644,hook.curefit.co,Binary analytics event stream (path not exposed),eventParams_cityId,Gurgaon,JSON_Payload
REQ-1644,hook.curefit.co,Binary analytics event stream (path not exposed),eventParams_sessionId,37bf15e3-82a2-b829-e798-1f08d47f282b,JSON_Payload
REQ-1644,hook.curefit.co,Binary analytics event stream (path not exposed),eventParams_source,bottom_nav,JSON_Payload
REQ-1644,hook.curefit.co,Binary analytics event stream (path not exposed),eventParams_eventType,navigation_change,JSON_Payload
REQ-1644,hook.curefit.co,Binary analytics event stream (path not exposed),eventParams_platform,APP,JSON_Payload
REQ-1644,hook.curefit.co,Binary analytics event stream (path not exposed),eventParams_advertiserId,9013994955fb2f93,JSON_Payload
REQ-1644,hook.curefit.co,Binary analytics event stream (path not exposed),eventParams_toPageName,hometab,JSON_Payload
REQ-1644,hook.curefit.co,Binary analytics event stream (path not exposed),eventParams_cityName,Delhi NCR,JSON_Payload
REQ-1644,hook.curefit.co,Binary analytics event stream (path not exposed),eventParams_frompageId,tf_weight_loss_tab,JSON_Payload
REQ-1644,hook.curefit.co,Binary analytics event stream (path not exposed),eventParams_isLoggedIn,False,JSON_Payload
REQ-1644,hook.curefit.co,Binary analytics event stream (path not exposed),eventParams_online,True,JSON_Payload
REQ-1644,hook.curefit.co,Binary analytics event stream (path not exposed),createdAt,1787569432061,JSON_Payload
REQ-1644,hook.curefit.co,Binary analytics event stream (path not exposed),sessionId,973fc4f4-6ae0-4b16-959a-a702c9bc8076-95d386c1-17e9-4792-b6f6-1244a9f6caf4,JSON_Payload
REQ-1645,hook.curefit.co,Binary analytics event stream (path not exposed),_id,a7d3946a-64c4-497e-8bf4-a093d75b0279-cd4aa314-dd58-4b12-818b-18e648b39b96,JSON_Payload
REQ-1645,hook.curefit.co,Binary analytics event stream (path not exposed),eventId,a7d3946a-64c4-497e-8bf4-a093d75b0279-cd4aa314-dd58-4b12-818b-18e648b39b96,JSON_Payload
REQ-1645,hook.curefit.co,Binary analytics event stream (path not exposed),userId,108206863,JSON_Payload
REQ-1645,hook.curefit.co,Binary analytics event stream (path not exposed),eventName,bottom_tab_clicked,JSON_Payload
REQ-1645,hook.curefit.co,Binary analytics event stream (path not exposed),eventParams_cityName,Delhi NCR,JSON_Payload
REQ-1645,hook.curefit.co,Binary analytics event stream (path not exposed),eventParams_isLoggedIn,False,JSON_Payload
REQ-1645,hook.curefit.co,Binary analytics event stream (path not exposed),eventParams_online,True,JSON_Payload
REQ-1645,hook.curefit.co,Binary analytics event stream (path not exposed),eventParams_vertical,PLAN,JSON_Payload
REQ-1645,hook.curefit.co,Binary analytics event stream (path not exposed),eventParams_cityId,Gurgaon,JSON_Payload
REQ-1645,hook.curefit.co,Binary analytics event stream (path not exposed),eventParams_sessionId,37bf15e3-82a2-b829-e798-1f08d47f282b,JSON_Payload
REQ-1645,hook.curefit.co,Binary analytics event stream (path not exposed),eventParams_platform,APP,JSON_Payload
REQ-1645,hook.curefit.co,Binary analytics event stream (path not exposed),eventParams_advertiserId,9013994955fb2f93,JSON_Payload
REQ-1645,hook.curefit.co,Binary analytics event stream (path not exposed),createdAt,1787569431796,JSON_Payload
REQ-1645,hook.curefit.co,Binary analytics event stream (path not exposed),sessionId,973fc4f4-6ae0-4b16-959a-a702c9bc8076-95d386c1-17e9-4792-b6f6-1244a9f6caf4,JSON_Payload
REQ-1646,hook.curefit.co,Binary analytics event stream (path not exposed),_id,43147f12-4de1-4865-825f-b1a8a978be06-29dfe114-7d58-4c51-99a7-6748a1cfcc0e,JSON_Payload
REQ-1646,hook.curefit.co,Binary analytics event stream (path not exposed),eventId,43147f12-4de1-4865-825f-b1a8a978be06-29dfe114-7d58-4c51-99a7-6748a1cfcc0e,JSON_Payload
REQ-1646,hook.curefit.co,Binary analytics event stream (path not exposed),userId,108206863,JSON_Payload
REQ-1646,hook.curefit.co,Binary analytics event stream (path not exposed),eventName,content_impression,JSON_Payload
REQ-1646,hook.curefit.co,Binary analytics event stream (path not exposed),eventParams_widgetName,Transform (Plus) 1st What you get Widget,JSON_Payload
REQ-1646,hook.curefit.co,Binary analytics event stream (path not exposed),eventParams_scrollTrigger,auto,JSON_Payload
REQ-1646,hook.curefit.co,Binary analytics event stream (path not exposed),eventParams_isSampledWidgetImpressionRequired,False,JSON_Payload
REQ-1646,hook.curefit.co,Binary analytics event stream (path not exposed),eventParams_widgetId,f4247242-e342-4ce7-884a-0fdf4a102b6b,JSON_Payload
REQ-1646,hook.curefit.co,Binary analytics event stream (path not exposed),eventParams_contentId,jqp0ezbpfa,JSON_Payload
REQ-1646,hook.curefit.co,Binary analytics event stream (path not exposed),eventParams_widgetPosition,1,JSON_Payload
REQ-1646,hook.curefit.co,Binary analytics event stream (path not exposed),eventParams_cityId,Gurgaon,JSON_Payload
REQ-1646,hook.curefit.co,Binary analytics event stream (path not exposed),eventParams_sessionId,37bf15e3-82a2-b829-e798-1f08d47f282b,JSON_Payload
REQ-1646,hook.curefit.co,Binary analytics event stream (path not exposed),eventParams_pageId,transform_and_plus,JSON_Payload
REQ-1646,hook.curefit.co,Binary analytics event stream (path not exposed),eventParams_pageName,Transform and Plus Combined,JSON_Payload
REQ-1646,hook.curefit.co,Binary analytics event stream (path not exposed),eventParams_platform,APP,JSON_Payload
REQ-1646,hook.curefit.co,Binary analytics event stream (path not exposed),eventParams_widgetType,BANNER_CAROUSEL_WIDGET,JSON_Payload
REQ-1646,hook.curefit.co,Binary analytics event stream (path not exposed),eventParams_advertiserId,9013994955fb2f93,JSON_Payload
REQ-1646,hook.curefit.co,Binary analytics event stream (path not exposed),eventParams_contentUrl,/image/vm/faab0bbb-b368-4210-a902-50b0d356c205.png,JSON_Payload
REQ-1646,hook.curefit.co,Binary analytics event stream (path not exposed),eventParams_cityName,Delhi NCR,JSON_Payload
REQ-1646,hook.curefit.co,Binary analytics event stream (path not exposed),eventParams_dedupeId,8i1b9kyhvq,JSON_Payload
REQ-1646,hook.curefit.co,Binary analytics event stream (path not exposed),eventParams_isWidgetImpressionRequired,True,JSON_Payload
REQ-1646,hook.curefit.co,Binary analytics event stream (path not exposed),eventParams_isLoggedIn,False,JSON_Payload
REQ-1646,hook.curefit.co,Binary analytics event stream (path not exposed),eventParams_online,True,JSON_Payload
REQ-1646,hook.curefit.co,Binary analytics event stream (path not exposed),eventParams_position,0,JSON_Payload
REQ-1646,hook.curefit.co,Binary analytics event stream (path not exposed),createdAt,1787569431176,JSON_Payload
REQ-1646,hook.curefit.co,Binary analytics event stream (path not exposed),sessionId,973fc4f4-6ae0-4b16-959a-a702c9bc8076-95d386c1-17e9-4792-b6f6-1244a9f6caf4,JSON_Payload
REQ-1647,hook.curefit.co,Binary analytics event stream (path not exposed),_id,a6e74a0a-bdc9-465e-bedf-7cc28d1478fe-9bb51d97-4205-4be5-8413-78b7dbdc98b5,JSON_Payload
REQ-1647,hook.curefit.co,Binary analytics event stream (path not exposed),eventId,a6e74a0a-bdc9-465e-bedf-7cc28d1478fe-9bb51d97-4205-4be5-8413-78b7dbdc98b5,JSON_Payload
REQ-1647,hook.curefit.co,Binary analytics event stream (path not exposed),userId,108206863,JSON_Payload
REQ-1647,hook.curefit.co,Binary analytics event stream (path not exposed),eventName,content_impression,JSON_Payload
REQ-1647,hook.curefit.co,Binary analytics event stream (path not exposed),eventParams_widgetName,Transform (Plus) Header Video WIdget,JSON_Payload
REQ-1647,hook.curefit.co,Binary analytics event stream (path not exposed),eventParams_scrollTrigger,auto,JSON_Payload
REQ-1647,hook.curefit.co,Binary analytics event stream (path not exposed),eventParams_isSampledWidgetImpressionRequired,False,JSON_Payload
REQ-1647,hook.curefit.co,Binary analytics event stream (path not exposed),eventParams_widgetId,0fef95bc-05b8-43db-bbfc-73b8b76c552c_video,JSON_Payload
REQ-1647,hook.curefit.co,Binary analytics event stream (path not exposed),eventParams_contentId,pfyu0spzzc,JSON_Payload
REQ-1647,hook.curefit.co,Binary analytics event stream (path not exposed),eventParams_widgetPosition,0,JSON_Payload
REQ-1647,hook.curefit.co,Binary analytics event stream (path not exposed),eventParams_cityId,Gurgaon,JSON_Payload
REQ-1647,hook.curefit.co,Binary analytics event stream (path not exposed),eventParams_sessionId,37bf15e3-82a2-b829-e798-1f08d47f282b,JSON_Payload
REQ-1647,hook.curefit.co,Binary analytics event stream (path not exposed),eventParams_pageId,transform_and_plus,JSON_Payload
REQ-1647,hook.curefit.co,Binary analytics event stream (path not exposed),eventParams_pageName,Transform and Plus Combined,JSON_Payload
REQ-1647,hook.curefit.co,Binary analytics event stream (path not exposed),eventParams_platform,APP,JSON_Payload
REQ-1647,hook.curefit.co,Binary analytics event stream (path not exposed),eventParams_widgetType,MERCHANTRY_WIDGET,JSON_Payload
REQ-1647,hook.curefit.co,Binary analytics event stream (path not exposed),eventParams_advertiserId,9013994955fb2f93,JSON_Payload
REQ-1647,hook.curefit.co,Binary analytics event stream (path not exposed),eventParams_cityName,Delhi NCR,JSON_Payload
REQ-1647,hook.curefit.co,Binary analytics event stream (path not exposed),eventParams_dedupeId,u74ssazrqr,JSON_Payload
REQ-1647,hook.curefit.co,Binary analytics event stream (path not exposed),eventParams_isWidgetImpressionRequired,True,JSON_Payload
REQ-1647,hook.curefit.co,Binary analytics event stream (path not exposed),eventParams_isLoggedIn,False,JSON_Payload
REQ-1647,hook.curefit.co,Binary analytics event stream (path not exposed),eventParams_online,True,JSON_Payload
REQ-1647,hook.curefit.co,Binary analytics event stream (path not exposed),eventParams_position,0,JSON_Payload
REQ-1647,hook.curefit.co,Binary analytics event stream (path not exposed),createdAt,1787569431174,JSON_Payload
REQ-1647,hook.curefit.co,Binary analytics event stream (path not exposed),sessionId,973fc4f4-6ae0-4b16-959a-a702c9bc8076-95d386c1-17e9-4792-b6f6-1244a9f6caf4,JSON_Payload
REQ-1648,hook.curefit.co,Binary analytics event stream (path not exposed),_id,74898767-aafc-4ba8-bad6-64e7ad9e2606-ef61b0f8-be54-4944-b4cf-e3fc11bdb038,JSON_Payload
REQ-1648,hook.curefit.co,Binary analytics event stream (path not exposed),eventId,74898767-aafc-4ba8-bad6-64e7ad9e2606-ef61b0f8-be54-4944-b4cf-e3fc11bdb038,JSON_Payload
REQ-1648,hook.curefit.co,Binary analytics event stream (path not exposed),userId,108206863,JSON_Payload
REQ-1648,hook.curefit.co,Binary analytics event stream (path not exposed),eventName,widget_impression,JSON_Payload
REQ-1648,hook.curefit.co,Binary analytics event stream (path not exposed),eventParams_widgetName,Transform (Plus) 1st What you get Widget,JSON_Payload
REQ-1648,hook.curefit.co,Binary analytics event stream (path not exposed),eventParams_isSampledWidgetImpressionRequired,False,JSON_Payload
REQ-1648,hook.curefit.co,Binary analytics event stream (path not exposed),eventParams_widgetId,f4247242-e342-4ce7-884a-0fdf4a102b6b,JSON_Payload
REQ-1648,hook.curefit.co,Binary analytics event stream (path not exposed),eventParams_widgetPosition,1,JSON_Payload
REQ-1648,hook.curefit.co,Binary analytics event stream (path not exposed),eventParams_sessionId,37bf15e3-82a2-b829-e798-1f08d47f282b,JSON_Payload
REQ-1648,hook.curefit.co,Binary analytics event stream (path not exposed),eventParams_eventType,view,JSON_Payload
REQ-1648,hook.curefit.co,Binary analytics event stream (path not exposed),eventParams_cityId,Gurgaon,JSON_Payload
REQ-1648,hook.curefit.co,Binary analytics event stream (path not exposed),eventParams_pageId,transform_and_plus,JSON_Payload
REQ-1648,hook.curefit.co,Binary analytics event stream (path not exposed),eventParams_pageName,Transform and Plus Combined,JSON_Payload
REQ-1648,hook.curefit.co,Binary analytics event stream (path not exposed),eventParams_platform,APP,JSON_Payload
REQ-1648,hook.curefit.co,Binary analytics event stream (path not exposed),eventParams_widgetType,BANNER_CAROUSEL_WIDGET,JSON_Payload
REQ-1648,hook.curefit.co,Binary analytics event stream (path not exposed),eventParams_advertiserId,9013994955fb2f93,JSON_Payload
REQ-1648,hook.curefit.co,Binary analytics event stream (path not exposed),eventParams_cityName,Delhi NCR,JSON_Payload
REQ-1648,hook.curefit.co,Binary analytics event stream (path not exposed),eventParams_isWidgetImpressionRequired,True,JSON_Payload
REQ-1648,hook.curefit.co,Binary analytics event stream (path not exposed),eventParams_online,True,JSON_Payload
REQ-1648,hook.curefit.co,Binary analytics event stream (path not exposed),eventParams_isLoggedIn,False,JSON_Payload
REQ-1648,hook.curefit.co,Binary analytics event stream (path not exposed),createdAt,1787569431152,JSON_Payload
REQ-1648,hook.curefit.co,Binary analytics event stream (path not exposed),sessionId,973fc4f4-6ae0-4b16-959a-a702c9bc8076-95d386c1-17e9-4792-b6f6-1244a9f6caf4,JSON_Payload
REQ-1649,hook.curefit.co,Binary analytics event stream (path not exposed),_id,e783428d-e899-4164-803f-723c95bee02c-3b58e667-821a-4812-b1ea-f2531654ac76,JSON_Payload
REQ-1649,hook.curefit.co,Binary analytics event stream (path not exposed),eventId,e783428d-e899-4164-803f-723c95bee02c-3b58e667-821a-4812-b1ea-f2531654ac76,JSON_Payload
REQ-1649,hook.curefit.co,Binary analytics event stream (path not exposed),userId,108206863,JSON_Payload
REQ-1649,hook.curefit.co,Binary analytics event stream (path not exposed),eventName,widget_impression,JSON_Payload
REQ-1649,hook.curefit.co,Binary analytics event stream (path not exposed),eventParams_widgetName,Transform (Plus) Header Video WIdget,JSON_Payload
REQ-1649,hook.curefit.co,Binary analytics event stream (path not exposed),eventParams_isSampledWidgetImpressionRequired,False,JSON_Payload
REQ-1649,hook.curefit.co,Binary analytics event stream (path not exposed),eventParams_widgetId,0fef95bc-05b8-43db-bbfc-73b8b76c552c_video,JSON_Payload
REQ-1649,hook.curefit.co,Binary analytics event stream (path not exposed),eventParams_widgetPosition,0,JSON_Payload
REQ-1649,hook.curefit.co,Binary analytics event stream (path not exposed),eventParams_sessionId,37bf15e3-82a2-b829-e798-1f08d47f282b,JSON_Payload
REQ-1649,hook.curefit.co,Binary analytics event stream (path not exposed),eventParams_eventType,view,JSON_Payload
REQ-1649,hook.curefit.co,Binary analytics event stream (path not exposed),eventParams_cityId,Gurgaon,JSON_Payload
REQ-1649,hook.curefit.co,Binary analytics event stream (path not exposed),eventParams_pageId,transform_and_plus,JSON_Payload
REQ-1649,hook.curefit.co,Binary analytics event stream (path not exposed),eventParams_pageName,Transform and Plus Combined,JSON_Payload
REQ-1649,hook.curefit.co,Binary analytics event stream (path not exposed),eventParams_platform,APP,JSON_Payload
REQ-1649,hook.curefit.co,Binary analytics event stream (path not exposed),eventParams_widgetType,MERCHANTRY_WIDGET,JSON_Payload
REQ-1649,hook.curefit.co,Binary analytics event stream (path not exposed),eventParams_advertiserId,9013994955fb2f93,JSON_Payload
REQ-1649,hook.curefit.co,Binary analytics event stream (path not exposed),eventParams_cityName,Delhi NCR,JSON_Payload
REQ-1649,hook.curefit.co,Binary analytics event stream (path not exposed),eventParams_isWidgetImpressionRequired,True,JSON_Payload
REQ-1649,hook.curefit.co,Binary analytics event stream (path not exposed),eventParams_online,True,JSON_Payload
REQ-1649,hook.curefit.co,Binary analytics event stream (path not exposed),eventParams_isLoggedIn,False,JSON_Payload
REQ-1649,hook.curefit.co,Binary analytics event stream (path not exposed),createdAt,1787569431147,JSON_Payload
REQ-1649,hook.curefit.co,Binary analytics event stream (path not exposed),sessionId,973fc4f4-6ae0-4b16-959a-a702c9bc8076-95d386c1-17e9-4792-b6f6-1244a9f6caf4,JSON_Payload
REQ-1650,hook.curefit.co,Binary analytics event stream (path not exposed),_id,1db78a50-ceb7-4654-84b8-4223610ccb22-51906f3d-3a06-405b-9d73-e169492e7f1a,JSON_Payload
REQ-1650,hook.curefit.co,Binary analytics event stream (path not exposed),eventId,1db78a50-ceb7-4654-84b8-4223610ccb22-51906f3d-3a06-405b-9d73-e169492e7f1a,JSON_Payload
REQ-1650,hook.curefit.co,Binary analytics event stream (path not exposed),userId,108206863,JSON_Payload
REQ-1650,hook.curefit.co,Binary analytics event stream (path not exposed),eventName,navigation_change,JSON_Payload
REQ-1650,hook.curefit.co,Binary analytics event stream (path not exposed),eventParams_dateTime,1787569429481,JSON_Payload
REQ-1650,hook.curefit.co,Binary analytics event stream (path not exposed),eventParams_topageId,tf_weight_loss_tab,JSON_Payload
REQ-1650,hook.curefit.co,Binary analytics event stream (path not exposed),eventParams_fromPageName,playclp,JSON_Payload
REQ-1650,hook.curefit.co,Binary analytics event stream (path not exposed),eventParams_cityId,Gurgaon,JSON_Payload
REQ-1650,hook.curefit.co,Binary analytics event stream (path not exposed),eventParams_sessionId,37bf15e3-82a2-b829-e798-1f08d47f282b,JSON_Payload
REQ-1650,hook.curefit.co,Binary analytics event stream (path not exposed),eventParams_source,bottom_nav,JSON_Payload
REQ-1650,hook.curefit.co,Binary analytics event stream (path not exposed),eventParams_eventType,navigation_change,JSON_Payload
REQ-1650,hook.curefit.co,Binary analytics event stream (path not exposed),eventParams_platform,APP,JSON_Payload
REQ-1650,hook.curefit.co,Binary analytics event stream (path not exposed),eventParams_advertiserId,9013994955fb2f93,JSON_Payload
REQ-1650,hook.curefit.co,Binary analytics event stream (path not exposed),eventParams_toPageName,tf_weight_loss_tab,JSON_Payload
REQ-1650,hook.curefit.co,Binary analytics event stream (path not exposed),eventParams_cityName,Delhi NCR,JSON_Payload
REQ-1650,hook.curefit.co,Binary analytics event stream (path not exposed),eventParams_frompageId,CultPassFitsoSKU,JSON_Payload
REQ-1650,hook.curefit.co,Binary analytics event stream (path not exposed),eventParams_isLoggedIn,False,JSON_Payload
REQ-1650,hook.curefit.co,Binary analytics event stream (path not exposed),eventParams_online,True,JSON_Payload
REQ-1650,hook.curefit.co,Binary analytics event stream (path not exposed),createdAt,1787569429497,JSON_Payload
REQ-1650,hook.curefit.co,Binary analytics event stream (path not exposed),sessionId,973fc4f4-6ae0-4b16-959a-a702c9bc8076-95d386c1-17e9-4792-b6f6-1244a9f6caf4,JSON_Payload
REQ-1651,hook.curefit.co,Binary analytics event stream (path not exposed),_id,7286d7ab-e78a-4b30-8623-982e74485e48-798ec85e-4759-4a66-99f3-f400302b6dbe,JSON_Payload
REQ-1651,hook.curefit.co,Binary analytics event stream (path not exposed),eventId,7286d7ab-e78a-4b30-8623-982e74485e48-798ec85e-4759-4a66-99f3-f400302b6dbe,JSON_Payload
REQ-1651,hook.curefit.co,Binary analytics event stream (path not exposed),userId,108206863,JSON_Payload
REQ-1651,hook.curefit.co,Binary analytics event stream (path not exposed),eventName,bottom_tab_clicked,JSON_Payload
REQ-1651,hook.curefit.co,Binary analytics event stream (path not exposed),eventParams_cityName,Delhi NCR,JSON_Payload
REQ-1651,hook.curefit.co,Binary analytics event stream (path not exposed),eventParams_isLoggedIn,False,JSON_Payload
REQ-1651,hook.curefit.co,Binary analytics event stream (path not exposed),eventParams_online,True,JSON_Payload
REQ-1651,hook.curefit.co,Binary analytics event stream (path not exposed),eventParams_vertical,TRANSFORM,JSON_Payload
REQ-1651,hook.curefit.co,Binary analytics event stream (path not exposed),eventParams_cityId,Gurgaon,JSON_Payload
REQ-1651,hook.curefit.co,Binary analytics event stream (path not exposed),eventParams_sessionId,37bf15e3-82a2-b829-e798-1f08d47f282b,JSON_Payload
REQ-1651,hook.curefit.co,Binary analytics event stream (path not exposed),eventParams_platform,APP,JSON_Payload
REQ-1651,hook.curefit.co,Binary analytics event stream (path not exposed),eventParams_advertiserId,9013994955fb2f93,JSON_Payload
REQ-1651,hook.curefit.co,Binary analytics event stream (path not exposed),createdAt,1787569429222,JSON_Payload
REQ-1651,hook.curefit.co,Binary analytics event stream (path not exposed),sessionId,973fc4f4-6ae0-4b16-959a-a702c9bc8076-95d386c1-17e9-4792-b6f6-1244a9f6caf4,JSON_Payload
REQ-1652,hook.curefit.co,Binary analytics event stream (path not exposed),_id,5b89757d-b4e1-475d-99ab-cc4020ccdf5d-554b65fa-b20c-4f3c-aafe-a66f0da8d2af,JSON_Payload
REQ-1652,hook.curefit.co,Binary analytics event stream (path not exposed),eventId,5b89757d-b4e1-475d-99ab-cc4020ccdf5d-554b65fa-b20c-4f3c-aafe-a66f0da8d2af,JSON_Payload
REQ-1652,hook.curefit.co,Binary analytics event stream (path not exposed),userId,108206863,JSON_Payload
REQ-1652,hook.curefit.co,Binary analytics event stream (path not exposed),eventName,app_foreground,JSON_Payload
REQ-1652,hook.curefit.co,Binary analytics event stream (path not exposed),eventParams_toState,resumed,JSON_Payload
REQ-1652,hook.curefit.co,Binary analytics event stream (path not exposed),eventParams_fromState,inactive,JSON_Payload
REQ-1652,hook.curefit.co,Binary analytics event stream (path not exposed),eventParams_framework,flutter,JSON_Payload
REQ-1652,hook.curefit.co,Binary analytics event stream (path not exposed),eventParams_cityName,Delhi NCR,JSON_Payload
REQ-1652,hook.curefit.co,Binary analytics event stream (path not exposed),eventParams_isLoggedIn,False,JSON_Payload
REQ-1652,hook.curefit.co,Binary analytics event stream (path not exposed),eventParams_online,True,JSON_Payload
REQ-1652,hook.curefit.co,Binary analytics event stream (path not exposed),eventParams_cityId,Gurgaon,JSON_Payload
REQ-1652,hook.curefit.co,Binary analytics event stream (path not exposed),eventParams_sessionId,37bf15e3-82a2-b829-e798-1f08d47f282b,JSON_Payload
REQ-1652,hook.curefit.co,Binary analytics event stream (path not exposed),eventParams_eventType,app_lifecycle,JSON_Payload
REQ-1652,hook.curefit.co,Binary analytics event stream (path not exposed),eventParams_platform,APP,JSON_Payload
REQ-1652,hook.curefit.co,Binary analytics event stream (path not exposed),eventParams_advertiserId,9013994955fb2f93,JSON_Payload
REQ-1652,hook.curefit.co,Binary analytics event stream (path not exposed),createdAt,1787569429123,JSON_Payload
REQ-1652,hook.curefit.co,Binary analytics event stream (path not exposed),sessionId,973fc4f4-6ae0-4b16-959a-a702c9bc8076-95d386c1-17e9-4792-b6f6-1244a9f6caf4,JSON_Payload
REQ-1653,hook.curefit.co,Binary analytics event stream (path not exposed),_id,71d8deb9-a611-4767-bd63-db3d658ba649-29013b1f-e350-4072-9fa9-0d74bd215898,JSON_Payload
REQ-1653,hook.curefit.co,Binary analytics event stream (path not exposed),eventId,71d8deb9-a611-4767-bd63-db3d658ba649-29013b1f-e350-4072-9fa9-0d74bd215898,JSON_Payload
REQ-1653,hook.curefit.co,Binary analytics event stream (path not exposed),userId,108206863,JSON_Payload
REQ-1653,hook.curefit.co,Binary analytics event stream (path not exposed),eventName,location_access_updated,JSON_Payload
REQ-1653,hook.curefit.co,Binary analytics event stream (path not exposed),eventParams_cityName,Delhi NCR,JSON_Payload
REQ-1653,hook.curefit.co,Binary analytics event stream (path not exposed),eventParams_isLoggedIn,False,JSON_Payload
REQ-1653,hook.curefit.co,Binary analytics event stream (path not exposed),eventParams_online,True,JSON_Payload
REQ-1653,hook.curefit.co,Binary analytics event stream (path not exposed),eventParams_cityId,Gurgaon,JSON_Payload
REQ-1653,hook.curefit.co,Binary analytics event stream (path not exposed),eventParams_sessionId,37bf15e3-82a2-b829-e798-1f08d47f282b,JSON_Payload
REQ-1653,hook.curefit.co,Binary analytics event stream (path not exposed),eventParams_platform,APP,JSON_Payload
REQ-1653,hook.curefit.co,Binary analytics event stream (path not exposed),eventParams_status,whileInUse,JSON_Payload
REQ-1653,hook.curefit.co,Binary analytics event stream (path not exposed),eventParams_advertiserId,9013994955fb2f93,JSON_Payload
REQ-1653,hook.curefit.co,Binary analytics event stream (path not exposed),createdAt,1787569437185,JSON_Payload
REQ-1653,hook.curefit.co,Binary analytics event stream (path not exposed),sessionId,973fc4f4-6ae0-4b16-959a-a702c9bc8076-95d386c1-17e9-4792-b6f6-1244a9f6caf4,JSON_Payload
REQ-1654,hook.curefit.co,Binary analytics event stream (path not exposed),_id,590d3860-d462-4016-b6f6-1e599fe37257-80463390-2229-4108-b876-4a524f12346e,JSON_Payload
REQ-1654,hook.curefit.co,Binary analytics event stream (path not exposed),eventId,590d3860-d462-4016-b6f6-1e599fe37257-80463390-2229-4108-b876-4a524f12346e,JSON_Payload
REQ-1654,hook.curefit.co,Binary analytics event stream (path not exposed),userId,108206863,JSON_Payload
REQ-1654,hook.curefit.co,Binary analytics event stream (path not exposed),eventName,page_view,JSON_Payload
REQ-1654,hook.curefit.co,Binary analytics event stream (path not exposed),eventParams_dateTime,1787569437110,JSON_Payload
REQ-1654,hook.curefit.co,Binary analytics event stream (path not exposed),eventParams_sessionId,37bf15e3-82a2-b829-e798-1f08d47f282b,JSON_Payload
REQ-1654,hook.curefit.co,Binary analytics event stream (path not exposed),eventParams_eventType,view,JSON_Payload
REQ-1654,hook.curefit.co,Binary analytics event stream (path not exposed),eventParams_cityId,Gurgaon,JSON_Payload
REQ-1654,hook.curefit.co,Binary analytics event stream (path not exposed),eventParams_pageId,hometab,JSON_Payload
REQ-1654,hook.curefit.co,Binary analytics event stream (path not exposed),eventParams_pageName,hometab,JSON_Payload
REQ-1654,hook.curefit.co,Binary analytics event stream (path not exposed),eventParams_pageFrom,hometab,JSON_Payload
REQ-1654,hook.curefit.co,Binary analytics event stream (path not exposed),eventParams_platform,APP,JSON_Payload
REQ-1654,hook.curefit.co,Binary analytics event stream (path not exposed),eventParams_tabRouteName,hometab,JSON_Payload
REQ-1654,hook.curefit.co,Binary analytics event stream (path not exposed),eventParams_advertiserId,9013994955fb2f93,JSON_Payload
REQ-1654,hook.curefit.co,Binary analytics event stream (path not exposed),eventParams_cityName,Delhi NCR,JSON_Payload
REQ-1654,hook.curefit.co,Binary analytics event stream (path not exposed),eventParams_isLoggedIn,False,JSON_Payload
REQ-1654,hook.curefit.co,Binary analytics event stream (path not exposed),eventParams_online,True,JSON_Payload
REQ-1654,hook.curefit.co,Binary analytics event stream (path not exposed),createdAt,1787569437173,JSON_Payload
REQ-1654,hook.curefit.co,Binary analytics event stream (path not exposed),sessionId,973fc4f4-6ae0-4b16-959a-a702c9bc8076-95d386c1-17e9-4792-b6f6-1244a9f6caf4,JSON_Payload
REQ-1655,hook.curefit.co,Binary analytics event stream (path not exposed),_id,44260bec-44a6-41ce-ad0d-e9a0310ac0f8-10c24dfa-5064-4436-b9ef-235eb2b54b1c,JSON_Payload
REQ-1655,hook.curefit.co,Binary analytics event stream (path not exposed),eventId,44260bec-44a6-41ce-ad0d-e9a0310ac0f8-10c24dfa-5064-4436-b9ef-235eb2b54b1c,JSON_Payload
REQ-1655,hook.curefit.co,Binary analytics event stream (path not exposed),userId,108206863,JSON_Payload
REQ-1655,hook.curefit.co,Binary analytics event stream (path not exposed),eventName,page_view,JSON_Payload
REQ-1655,hook.curefit.co,Binary analytics event stream (path not exposed),eventParams_dateTime,1787569437109,JSON_Payload
REQ-1655,hook.curefit.co,Binary analytics event stream (path not exposed),eventParams_sessionId,37bf15e3-82a2-b829-e798-1f08d47f282b,JSON_Payload
REQ-1655,hook.curefit.co,Binary analytics event stream (path not exposed),eventParams_eventType,view,JSON_Payload
REQ-1655,hook.curefit.co,Binary analytics event stream (path not exposed),eventParams_cityId,Gurgaon,JSON_Payload
REQ-1655,hook.curefit.co,Binary analytics event stream (path not exposed),eventParams_pageId,hometab,JSON_Payload
REQ-1655,hook.curefit.co,Binary analytics event stream (path not exposed),eventParams_pageName,hometab,JSON_Payload
REQ-1655,hook.curefit.co,Binary analytics event stream (path not exposed),eventParams_pageFrom,hometab,JSON_Payload
REQ-1655,hook.curefit.co,Binary analytics event stream (path not exposed),eventParams_platform,APP,JSON_Payload
REQ-1655,hook.curefit.co,Binary analytics event stream (path not exposed),eventParams_tabRouteName,hometab,JSON_Payload
REQ-1655,hook.curefit.co,Binary analytics event stream (path not exposed),eventParams_advertiserId,9013994955fb2f93,JSON_Payload
REQ-1655,hook.curefit.co,Binary analytics event stream (path not exposed),eventParams_cityName,Delhi NCR,JSON_Payload
REQ-1655,hook.curefit.co,Binary analytics event stream (path not exposed),eventParams_isLoggedIn,False,JSON_Payload
REQ-1655,hook.curefit.co,Binary analytics event stream (path not exposed),eventParams_online,True,JSON_Payload
REQ-1655,hook.curefit.co,Binary analytics event stream (path not exposed),createdAt,1787569437172,JSON_Payload
REQ-1655,hook.curefit.co,Binary analytics event stream (path not exposed),sessionId,973fc4f4-6ae0-4b16-959a-a702c9bc8076-95d386c1-17e9-4792-b6f6-1244a9f6caf4,JSON_Payload
REQ-1656,hook.curefit.co,Binary analytics event stream (path not exposed),_id,0916caf0-7db2-4e93-b539-07170e8fe1ef-9ec89dd3-adec-44d0-93ac-242d507e79e4,JSON_Payload
REQ-1656,hook.curefit.co,Binary analytics event stream (path not exposed),eventId,0916caf0-7db2-4e93-b539-07170e8fe1ef-9ec89dd3-adec-44d0-93ac-242d507e79e4,JSON_Payload
REQ-1656,hook.curefit.co,Binary analytics event stream (path not exposed),userId,108206863,JSON_Payload
REQ-1656,hook.curefit.co,Binary analytics event stream (path not exposed),eventName,notification_permission,JSON_Payload
REQ-1656,hook.curefit.co,Binary analytics event stream (path not exposed),eventParams_dateTime,1787569437109,JSON_Payload
REQ-1656,hook.curefit.co,Binary analytics event stream (path not exposed),eventParams_cityName,Delhi NCR,JSON_Payload
REQ-1656,hook.curefit.co,Binary analytics event stream (path not exposed),eventParams_isLoggedIn,False,JSON_Payload
REQ-1656,hook.curefit.co,Binary analytics event stream (path not exposed),eventParams_online,True,JSON_Payload
REQ-1656,hook.curefit.co,Binary analytics event stream (path not exposed),eventParams_action,Notification permission granted,JSON_Payload
REQ-1656,hook.curefit.co,Binary analytics event stream (path not exposed),eventParams_cityId,Gurgaon,JSON_Payload
REQ-1656,hook.curefit.co,Binary analytics event stream (path not exposed),eventParams_sessionId,37bf15e3-82a2-b829-e798-1f08d47f282b,JSON_Payload
REQ-1656,hook.curefit.co,Binary analytics event stream (path not exposed),eventParams_platform,APP,JSON_Payload
REQ-1656,hook.curefit.co,Binary analytics event stream (path not exposed),eventParams_status,granted,JSON_Payload
REQ-1656,hook.curefit.co,Binary analytics event stream (path not exposed),eventParams_advertiserId,9013994955fb2f93,JSON_Payload
REQ-1656,hook.curefit.co,Binary analytics event stream (path not exposed),createdAt,1787569437172,JSON_Payload
REQ-1656,hook.curefit.co,Binary analytics event stream (path not exposed),sessionId,973fc4f4-6ae0-4b16-959a-a702c9bc8076-95d386c1-17e9-4792-b6f6-1244a9f6caf4,JSON_Payload
REQ-1657,hook.curefit.co,Binary analytics event stream (path not exposed),_id,11fff8f7-25bb-4956-88bb-25e131d9e495-ba79959a-6b7b-4828-ae66-32f779b05339,JSON_Payload
REQ-1657,hook.curefit.co,Binary analytics event stream (path not exposed),eventId,11fff8f7-25bb-4956-88bb-25e131d9e495-ba79959a-6b7b-4828-ae66-32f779b05339,JSON_Payload
REQ-1657,hook.curefit.co,Binary analytics event stream (path not exposed),userId,108206863,JSON_Payload
REQ-1657,hook.curefit.co,Binary analytics event stream (path not exposed),eventName,page_view,JSON_Payload
REQ-1657,hook.curefit.co,Binary analytics event stream (path not exposed),eventParams_dateTime,1787569437060,JSON_Payload
REQ-1657,hook.curefit.co,Binary analytics event stream (path not exposed),eventParams_sessionId,37bf15e3-82a2-b829-e798-1f08d47f282b,JSON_Payload
REQ-1657,hook.curefit.co,Binary analytics event stream (path not exposed),eventParams_eventType,view,JSON_Payload
REQ-1657,hook.curefit.co,Binary analytics event stream (path not exposed),eventParams_cityId,Gurgaon,JSON_Payload
REQ-1657,hook.curefit.co,Binary analytics event stream (path not exposed),eventParams_pageId,hometab,JSON_Payload
REQ-1657,hook.curefit.co,Binary analytics event stream (path not exposed),eventParams_pageName,hometab,JSON_Payload
REQ-1657,hook.curefit.co,Binary analytics event stream (path not exposed),eventParams_pageFrom,hometab,JSON_Payload
REQ-1657,hook.curefit.co,Binary analytics event stream (path not exposed),eventParams_platform,APP,JSON_Payload
REQ-1657,hook.curefit.co,Binary analytics event stream (path not exposed),eventParams_tabRouteName,hometab,JSON_Payload
REQ-1657,hook.curefit.co,Binary analytics event stream (path not exposed),eventParams_advertiserId,9013994955fb2f93,JSON_Payload
REQ-1657,hook.curefit.co,Binary analytics event stream (path not exposed),eventParams_cityName,Delhi NCR,JSON_Payload
REQ-1657,hook.curefit.co,Binary analytics event stream (path not exposed),eventParams_isLoggedIn,False,JSON_Payload
REQ-1657,hook.curefit.co,Binary analytics event stream (path not exposed),eventParams_online,True,JSON_Payload
REQ-1657,hook.curefit.co,Binary analytics event stream (path not exposed),createdAt,1787569437162,JSON_Payload
REQ-1657,hook.curefit.co,Binary analytics event stream (path not exposed),sessionId,973fc4f4-6ae0-4b16-959a-a702c9bc8076-95d386c1-17e9-4792-b6f6-1244a9f6caf4,JSON_Payload
REQ-1658,hook.curefit.co,Binary analytics event stream (path not exposed),_id,af302e66-1ba6-4671-ba44-55b868b86a17-8cb6d856-cfef-46aa-9d9d-3d581c87ae5b,JSON_Payload
REQ-1658,hook.curefit.co,Binary analytics event stream (path not exposed),eventId,af302e66-1ba6-4671-ba44-55b868b86a17-8cb6d856-cfef-46aa-9d9d-3d581c87ae5b,JSON_Payload
REQ-1658,hook.curefit.co,Binary analytics event stream (path not exposed),userId,108206863,JSON_Payload
REQ-1658,hook.curefit.co,Binary analytics event stream (path not exposed),eventName,page_view,JSON_Payload
REQ-1658,hook.curefit.co,Binary analytics event stream (path not exposed),eventParams_dateTime,1787569437053,JSON_Payload
REQ-1658,hook.curefit.co,Binary analytics event stream (path not exposed),eventParams_sessionId,37bf15e3-82a2-b829-e798-1f08d47f282b,JSON_Payload
REQ-1658,hook.curefit.co,Binary analytics event stream (path not exposed),eventParams_eventType,view,JSON_Payload
REQ-1658,hook.curefit.co,Binary analytics event stream (path not exposed),eventParams_cityId,Gurgaon,JSON_Payload
REQ-1658,hook.curefit.co,Binary analytics event stream (path not exposed),eventParams_pageId,hometab,JSON_Payload
REQ-1658,hook.curefit.co,Binary analytics event stream (path not exposed),eventParams_pageName,hometab,JSON_Payload
REQ-1658,hook.curefit.co,Binary analytics event stream (path not exposed),eventParams_pageFrom,hometab,JSON_Payload
REQ-1658,hook.curefit.co,Binary analytics event stream (path not exposed),eventParams_platform,APP,JSON_Payload
REQ-1658,hook.curefit.co,Binary analytics event stream (path not exposed),eventParams_tabRouteName,hometab,JSON_Payload
REQ-1658,hook.curefit.co,Binary analytics event stream (path not exposed),eventParams_advertiserId,9013994955fb2f93,JSON_Payload
REQ-1658,hook.curefit.co,Binary analytics event stream (path not exposed),eventParams_cityName,Delhi NCR,JSON_Payload
REQ-1658,hook.curefit.co,Binary analytics event stream (path not exposed),eventParams_isLoggedIn,False,JSON_Payload
REQ-1658,hook.curefit.co,Binary analytics event stream (path not exposed),eventParams_online,True,JSON_Payload
REQ-1658,hook.curefit.co,Binary analytics event stream (path not exposed),createdAt,1787569437161,JSON_Payload
REQ-1658,hook.curefit.co,Binary analytics event stream (path not exposed),sessionId,973fc4f4-6ae0-4b16-959a-a702c9bc8076-95d386c1-17e9-4792-b6f6-1244a9f6caf4,JSON_Payload
REQ-1659,hook.curefit.co,Binary analytics event stream (path not exposed),_id,f453b7bb-25d0-48fe-9bac-cd6c15684a83-acfbe9b4-59a0-4829-a3f6-3a5d50542860,JSON_Payload
REQ-1659,hook.curefit.co,Binary analytics event stream (path not exposed),eventId,f453b7bb-25d0-48fe-9bac-cd6c15684a83-acfbe9b4-59a0-4829-a3f6-3a5d50542860,JSON_Payload
REQ-1659,hook.curefit.co,Binary analytics event stream (path not exposed),userId,108206863,JSON_Payload
REQ-1659,hook.curefit.co,Binary analytics event stream (path not exposed),eventName,page_view,JSON_Payload
REQ-1659,hook.curefit.co,Binary analytics event stream (path not exposed),eventParams_dateTime,1787569437052,JSON_Payload
REQ-1659,hook.curefit.co,Binary analytics event stream (path not exposed),eventParams_sessionId,37bf15e3-82a2-b829-e798-1f08d47f282b,JSON_Payload
REQ-1659,hook.curefit.co,Binary analytics event stream (path not exposed),eventParams_eventType,view,JSON_Payload
REQ-1659,hook.curefit.co,Binary analytics event stream (path not exposed),eventParams_cityId,Gurgaon,JSON_Payload
REQ-1659,hook.curefit.co,Binary analytics event stream (path not exposed),eventParams_pageId,hometab,JSON_Payload
REQ-1659,hook.curefit.co,Binary analytics event stream (path not exposed),eventParams_pageName,hometab,JSON_Payload
REQ-1659,hook.curefit.co,Binary analytics event stream (path not exposed),eventParams_pageFrom,hometab,JSON_Payload
REQ-1659,hook.curefit.co,Binary analytics event stream (path not exposed),eventParams_platform,APP,JSON_Payload
REQ-1659,hook.curefit.co,Binary analytics event stream (path not exposed),eventParams_tabRouteName,hometab,JSON_Payload
REQ-1659,hook.curefit.co,Binary analytics event stream (path not exposed),eventParams_advertiserId,9013994955fb2f93,JSON_Payload
REQ-1659,hook.curefit.co,Binary analytics event stream (path not exposed),eventParams_cityName,Delhi NCR,JSON_Payload
REQ-1659,hook.curefit.co,Binary analytics event stream (path not exposed),eventParams_isLoggedIn,False,JSON_Payload
REQ-1659,hook.curefit.co,Binary analytics event stream (path not exposed),eventParams_online,True,JSON_Payload
REQ-1659,hook.curefit.co,Binary analytics event stream (path not exposed),createdAt,1787569437160,JSON_Payload
REQ-1659,hook.curefit.co,Binary analytics event stream (path not exposed),sessionId,973fc4f4-6ae0-4b16-959a-a702c9bc8076-95d386c1-17e9-4792-b6f6-1244a9f6caf4,JSON_Payload
REQ-1660,hook.curefit.co,Binary analytics event stream (path not exposed),_id,e41fea0f-9930-4601-8546-edd9ea0d416e-776a4059-6408-4cc1-bc97-32b513457e86,JSON_Payload
REQ-1660,hook.curefit.co,Binary analytics event stream (path not exposed),eventId,e41fea0f-9930-4601-8546-edd9ea0d416e-776a4059-6408-4cc1-bc97-32b513457e86,JSON_Payload
REQ-1660,hook.curefit.co,Binary analytics event stream (path not exposed),userId,108206863,JSON_Payload
REQ-1660,hook.curefit.co,Binary analytics event stream (path not exposed),eventName,page_view,JSON_Payload
REQ-1660,hook.curefit.co,Binary analytics event stream (path not exposed),eventParams_dateTime,1787569437029,JSON_Payload
REQ-1660,hook.curefit.co,Binary analytics event stream (path not exposed),eventParams_sessionId,37bf15e3-82a2-b829-e798-1f08d47f282b,JSON_Payload
REQ-1660,hook.curefit.co,Binary analytics event stream (path not exposed),eventParams_cityId,Gurgaon,JSON_Payload
REQ-1660,hook.curefit.co,Binary analytics event stream (path not exposed),eventParams_eventType,view,JSON_Payload
REQ-1660,hook.curefit.co,Binary analytics event stream (path not exposed),eventParams_pageId,hometab,JSON_Payload
REQ-1660,hook.curefit.co,Binary analytics event stream (path not exposed),eventParams_pageName,Home,JSON_Payload
REQ-1660,hook.curefit.co,Binary analytics event stream (path not exposed),eventParams_pageFrom,hometab,JSON_Payload
REQ-1660,hook.curefit.co,Binary analytics event stream (path not exposed),eventParams_platform,APP,JSON_Payload
REQ-1660,hook.curefit.co,Binary analytics event stream (path not exposed),eventParams_tabRouteName,hometab,JSON_Payload
REQ-1660,hook.curefit.co,Binary analytics event stream (path not exposed),eventParams_advertiserId,9013994955fb2f93,JSON_Payload
REQ-1660,hook.curefit.co,Binary analytics event stream (path not exposed),eventParams_pageType,listpage,JSON_Payload
REQ-1660,hook.curefit.co,Binary analytics event stream (path not exposed),eventParams_cityName,Delhi NCR,JSON_Payload
REQ-1660,hook.curefit.co,Binary analytics event stream (path not exposed),eventParams_isLoggedIn,False,JSON_Payload
REQ-1660,hook.curefit.co,Binary analytics event stream (path not exposed),eventParams_online,True,JSON_Payload
REQ-1660,hook.curefit.co,Binary analytics event stream (path not exposed),createdAt,1787569437130,JSON_Payload
REQ-1660,hook.curefit.co,Binary analytics event stream (path not exposed),sessionId,973fc4f4-6ae0-4b16-959a-a702c9bc8076-95d386c1-17e9-4792-b6f6-1244a9f6caf4,JSON_Payload
REQ-1661,hook.curefit.co,Binary analytics event stream (path not exposed),_id,41bd6ddb-0a10-4927-a85d-294ad6aff42d-c1b55685-b157-4eb9-9eb3-ae23d6c3e41a,JSON_Payload
REQ-1661,hook.curefit.co,Binary analytics event stream (path not exposed),eventId,41bd6ddb-0a10-4927-a85d-294ad6aff42d-c1b55685-b157-4eb9-9eb3-ae23d6c3e41a,JSON_Payload
REQ-1661,hook.curefit.co,Binary analytics event stream (path not exposed),userId,108206863,JSON_Payload
REQ-1661,hook.curefit.co,Binary analytics event stream (path not exposed),eventName,page_view,JSON_Payload
REQ-1661,hook.curefit.co,Binary analytics event stream (path not exposed),eventParams_dateTime,1787569437029,JSON_Payload
REQ-1661,hook.curefit.co,Binary analytics event stream (path not exposed),eventParams_sessionId,37bf15e3-82a2-b829-e798-1f08d47f282b,JSON_Payload
REQ-1661,hook.curefit.co,Binary analytics event stream (path not exposed),eventParams_cityId,Gurgaon,JSON_Payload
REQ-1661,hook.curefit.co,Binary analytics event stream (path not exposed),eventParams_eventType,view,JSON_Payload
REQ-1661,hook.curefit.co,Binary analytics event stream (path not exposed),eventParams_pageId,hometab,JSON_Payload
REQ-1661,hook.curefit.co,Binary analytics event stream (path not exposed),eventParams_pageName,Home,JSON_Payload
REQ-1661,hook.curefit.co,Binary analytics event stream (path not exposed),eventParams_pageFrom,hometab,JSON_Payload
REQ-1661,hook.curefit.co,Binary analytics event stream (path not exposed),eventParams_platform,APP,JSON_Payload
REQ-1661,hook.curefit.co,Binary analytics event stream (path not exposed),eventParams_tabRouteName,hometab,JSON_Payload
REQ-1661,hook.curefit.co,Binary analytics event stream (path not exposed),eventParams_advertiserId,9013994955fb2f93,JSON_Payload
REQ-1661,hook.curefit.co,Binary analytics event stream (path not exposed),eventParams_pageType,listpage,JSON_Payload
REQ-1661,hook.curefit.co,Binary analytics event stream (path not exposed),eventParams_cityName,Delhi NCR,JSON_Payload
REQ-1661,hook.curefit.co,Binary analytics event stream (path not exposed),eventParams_isLoggedIn,False,JSON_Payload
REQ-1661,hook.curefit.co,Binary analytics event stream (path not exposed),eventParams_online,True,JSON_Payload
REQ-1661,hook.curefit.co,Binary analytics event stream (path not exposed),createdAt,1787569437129,JSON_Payload
REQ-1661,hook.curefit.co,Binary analytics event stream (path not exposed),sessionId,973fc4f4-6ae0-4b16-959a-a702c9bc8076-95d386c1-17e9-4792-b6f6-1244a9f6caf4,JSON_Payload
REQ-1662,hook.curefit.co,Binary analytics event stream (path not exposed),_id,1cc30c2a-1de0-4151-98f3-003fef170059-440929a3-1a32-4707-8073-55560cbcdeb4,JSON_Payload
REQ-1662,hook.curefit.co,Binary analytics event stream (path not exposed),eventId,1cc30c2a-1de0-4151-98f3-003fef170059-440929a3-1a32-4707-8073-55560cbcdeb4,JSON_Payload
REQ-1662,hook.curefit.co,Binary analytics event stream (path not exposed),userId,108206863,JSON_Payload
REQ-1662,hook.curefit.co,Binary analytics event stream (path not exposed),eventName,onboarding_skip_tapped,JSON_Payload
REQ-1662,hook.curefit.co,Binary analytics event stream (path not exposed),eventParams_app_version,11.93,JSON_Payload
REQ-1662,hook.curefit.co,Binary analytics event stream (path not exposed),eventParams_cityName,Delhi NCR,JSON_Payload
REQ-1662,hook.curefit.co,Binary analytics event stream (path not exposed),eventParams_carousel_index_at_skip,0,JSON_Payload
REQ-1662,hook.curefit.co,Binary analytics event stream (path not exposed),eventParams_isLoggedIn,False,JSON_Payload
REQ-1662,hook.curefit.co,Binary analytics event stream (path not exposed),eventParams_online,True,JSON_Payload
REQ-1662,hook.curefit.co,Binary analytics event stream (path not exposed),eventParams_session_id,37bf15e3-82a2-b829-e798-1f08d47f282b,JSON_Payload
REQ-1662,hook.curefit.co,Binary analytics event stream (path not exposed),eventParams_cityId,Gurgaon,JSON_Payload
REQ-1662,hook.curefit.co,Binary analytics event stream (path not exposed),eventParams_sessionId,37bf15e3-82a2-b829-e798-1f08d47f282b,JSON_Payload
REQ-1662,hook.curefit.co,Binary analytics event stream (path not exposed),eventParams_platform,android,JSON_Payload
REQ-1662,hook.curefit.co,Binary analytics event stream (path not exposed),eventParams_is_first_launch,False,JSON_Payload
REQ-1662,hook.curefit.co,Binary analytics event stream (path not exposed),eventParams_timestamp,1787569436176,JSON_Payload
REQ-1662,hook.curefit.co,Binary analytics event stream (path not exposed),eventParams_advertiserId,9013994955fb2f93,JSON_Payload
REQ-1662,hook.curefit.co,Binary analytics event stream (path not exposed),createdAt,1787569436186,JSON_Payload
REQ-1662,hook.curefit.co,Binary analytics event stream (path not exposed),sessionId,973fc4f4-6ae0-4b16-959a-a702c9bc8076-95d386c1-17e9-4792-b6f6-1244a9f6caf4,JSON_Payload
